cohort,chain,i_iso,stage,entry_id,density,z,entry_lateval,early_window,late_window,candidate_source_sha256,config_sha256,freeze_sha256
historical,sheep,ARE,exp_woolgrease,ARE|exp_woolgrease,0.06629761035735213,1,127.9086,1998-2002,2008-2012,ee9bd4b03de3358a4b7747c65724cbb67e9b345c7a0bd93d96f868168385ddd6,9704b972d3c33904afcb818f87ccd461d988fd30910e9788031d4176df032cd0,3f504e0bc00e47e2d3674e97ef03bed09c060383c94ac723bd7c7c9e56fa4a85
historical,sheep,ARE,exp_woolyarn,ARE|exp_woolyarn,0.0794768182714768,0,0.0,1998-2002,2008-2012,ee9bd4b03de3358a4b7747c65724cbb67e9b345c7a0bd93d96f868168385ddd6,9704b972d3c33904afcb818f87ccd461d988fd30910e9788031d4176df032cd0,3f504e0bc00e47e2d3674e97ef03bed09c060383c94ac723bd7c7c9e56fa4a85
historical,sheep,AUT,exp_woolgrease,AUT|exp_woolgrease,0.2776585000847025,0,0.0,1998-2002,2008-2012,ee9bd4b03de3358a4b7747c65724cbb67e9b345c7a0bd93d96f868168385ddd6,9704b972d3c33904afcb818f87ccd461d988fd30910e9788031d4176df032cd0,3f504e0bc00e47e2d3674e97ef03bed09c060383c94ac723bd7c7c9e56fa4a85
historical,sheep,BFA,exp_meat,BFA|exp_meat,0.08670034925978495,0,0.0,1998-2002,2008-2012,ee9bd4b03de3358a4b7747c65724cbb67e9b345c7a0bd93d96f868168385ddd6,9704b972d3c33904afcb818f87ccd461d988fd30910e9788031d4176df032cd0,3f504e0bc00e47e2d3674e97ef03bed09c060383c94ac723bd7c7c9e56fa4a85
historical,sheep,BGR,exp_woolgrease,BGR|exp_woolgrease,0.18170915436370103,1,110.0756,1998-2002,2008-2012,ee9bd4b03de3358a4b7747c65724cbb67e9b345c7a0bd93d96f868168385ddd6,9704b972d3c33904afcb818f87ccd461d988fd30910e9788031d4176df032cd0,3f504e0bc00e47e2d3674e97ef03bed09c060383c94ac723bd7c7c9e56fa4a85
historical,sheep,BLR,exp_woolgrease,BLR|exp_woolgrease,0.14381831375371248,0,0.0,1998-2002,2008-2012,ee9bd4b03de3358a4b7747c65724cbb67e9b345c7a0bd93d96f868168385ddd6,9704b972d3c33904afcb818f87ccd461d988fd30910e9788031d4176df032cd0,3f504e0bc00e47e2d3674e97ef03bed09c060383c94ac723bd7c7c9e56fa4a85
historical,sheep,BLR,exp_wooltop,BLR|exp_wooltop,0.19456353503900398,1,4029.637,1998-2002,2008-2012,ee9bd4b03de3358a4b7747c65724cbb67e9b345c7a0bd93d96f868168385ddd6,9704b972d3c33904afcb818f87ccd461d988fd30910e9788031d4176df032cd0,3f504e0bc00e47e2d3674e97ef03bed09c060383c94ac723bd7c7c9e56fa4a85
historical,sheep,BOL,exp_woolgrease,BOL|exp_woolgrease,0.04214476668420554,0,0.0,1998-2002,2008-2012,ee9bd4b03de3358a4b7747c65724cbb67e9b345c7a0bd93d96f868168385ddd6,9704b972d3c33904afcb818f87ccd461d988fd30910e9788031d4176df032cd0,3f504e0bc00e47e2d3674e97ef03bed09c060383c94ac723bd7c7c9e56fa4a85
historical,sheep,BOL,exp_woolyarn,BOL|exp_woolyarn,0.05351128529309565,0,0.0,1998-2002,2008-2012,ee9bd4b03de3358a4b7747c65724cbb67e9b345c7a0bd93d96f868168385ddd6,9704b972d3c33904afcb818f87ccd461d988fd30910e9788031d4176df032cd0,3f504e0bc00e47e2d3674e97ef03bed09c060383c94ac723bd7c7c9e56fa4a85
historical,sheep,BRA,exp_woolgrease,BRA|exp_woolgrease,0.14642511039490655,1,2961.1258000000003,1998-2002,2008-2012,ee9bd4b03de3358a4b7747c65724cbb67e9b345c7a0bd93d96f868168385ddd6,9704b972d3c33904afcb818f87ccd461d988fd30910e9788031d4176df032cd0,3f504e0bc00e47e2d3674e97ef03bed09c060383c94ac723bd7c7c9e56fa4a85
historical,sheep,CAN,exp_woolgrease,CAN|exp_woolgrease,0.1658626152594332,0,0.0,1998-2002,2008-2012,ee9bd4b03de3358a4b7747c65724cbb67e9b345c7a0bd93d96f868168385ddd6,9704b972d3c33904afcb818f87ccd461d988fd30910e9788031d4176df032cd0,3f504e0bc00e47e2d3674e97ef03bed09c060383c94ac723bd7c7c9e56fa4a85
historical,sheep,CHE,exp_woolgrease,CHE|exp_woolgrease,0.2623055280083357,0,0.0,1998-2002,2008-2012,ee9bd4b03de3358a4b7747c65724cbb67e9b345c7a0bd93d96f868168385ddd6,9704b972d3c33904afcb818f87ccd461d988fd30910e9788031d4176df032cd0,3f504e0bc00e47e2d3674e97ef03bed09c060383c94ac723bd7c7c9e56fa4a85
historical,sheep,CHL,exp_woolgrease,CHL|exp_woolgrease,0.08374594903626585,1,522.9748,1998-2002,2008-2012,ee9bd4b03de3358a4b7747c65724cbb67e9b345c7a0bd93d96f868168385ddd6,9704b972d3c33904afcb818f87ccd461d988fd30910e9788031d4176df032cd0,3f504e0bc00e47e2d3674e97ef03bed09c060383c94ac723bd7c7c9e56fa4a85
historical,sheep,CHL,exp_woolyarn,CHL|exp_woolyarn,0.09301133521482109,1,172.6458,1998-2002,2008-2012,ee9bd4b03de3358a4b7747c65724cbb67e9b345c7a0bd93d96f868168385ddd6,9704b972d3c33904afcb818f87ccd461d988fd30910e9788031d4176df032cd0,3f504e0bc00e47e2d3674e97ef03bed09c060383c94ac723bd7c7c9e56fa4a85
historical,sheep,CZE,exp_woolgrease,CZE|exp_woolgrease,0.2663864143177471,1,4787.7688,1998-2002,2008-2012,ee9bd4b03de3358a4b7747c65724cbb67e9b345c7a0bd93d96f868168385ddd6,9704b972d3c33904afcb818f87ccd461d988fd30910e9788031d4176df032cd0,3f504e0bc00e47e2d3674e97ef03bed09c060383c94ac723bd7c7c9e56fa4a85
historical,sheep,DJI,exp_meat,DJI|exp_meat,0.07887561998207279,0,0.0,1998-2002,2008-2012,ee9bd4b03de3358a4b7747c65724cbb67e9b345c7a0bd93d96f868168385ddd6,9704b972d3c33904afcb818f87ccd461d988fd30910e9788031d4176df032cd0,3f504e0bc00e47e2d3674e97ef03bed09c060383c94ac723bd7c7c9e56fa4a85
historical,sheep,DNK,exp_woolgrease,DNK|exp_woolgrease,0.229573096931413,0,0.0,1998-2002,2008-2012,ee9bd4b03de3358a4b7747c65724cbb67e9b345c7a0bd93d96f868168385ddd6,9704b972d3c33904afcb818f87ccd461d988fd30910e9788031d4176df032cd0,3f504e0bc00e47e2d3674e97ef03bed09c060383c94ac723bd7c7c9e56fa4a85
historical,sheep,DNK,exp_wooltop,DNK|exp_wooltop,0.25338861067794205,1,167.207,1998-2002,2008-2012,ee9bd4b03de3358a4b7747c65724cbb67e9b345c7a0bd93d96f868168385ddd6,9704b972d3c33904afcb818f87ccd461d988fd30910e9788031d4176df032cd0,3f504e0bc00e47e2d3674e97ef03bed09c060383c94ac723bd7c7c9e56fa4a85
historical,sheep,ERI,exp_meat,ERI|exp_meat,0.06179617088458889,0,0.0,1998-2002,2008-2012,ee9bd4b03de3358a4b7747c65724cbb67e9b345c7a0bd93d96f868168385ddd6,9704b972d3c33904afcb818f87ccd461d988fd30910e9788031d4176df032cd0,3f504e0bc00e47e2d3674e97ef03bed09c060383c94ac723bd7c7c9e56fa4a85
historical,sheep,FIN,exp_woolgrease,FIN|exp_woolgrease,0.15060849239136923,0,0.0,1998-2002,2008-2012,ee9bd4b03de3358a4b7747c65724cbb67e9b345c7a0bd93d96f868168385ddd6,9704b972d3c33904afcb818f87ccd461d988fd30910e9788031d4176df032cd0,3f504e0bc00e47e2d3674e97ef03bed09c060383c94ac723bd7c7c9e56fa4a85
historical,sheep,FIN,exp_wooltop,FIN|exp_wooltop,0.1639315006202859,0,0.0,1998-2002,2008-2012,ee9bd4b03de3358a4b7747c65724cbb67e9b345c7a0bd93d96f868168385ddd6,9704b972d3c33904afcb818f87ccd461d988fd30910e9788031d4176df032cd0,3f504e0bc00e47e2d3674e97ef03bed09c060383c94ac723bd7c7c9e56fa4a85
historical,sheep,FLK,exp_woolgrease,FLK|exp_woolgrease,0.017041289273668575,0,0.0,1998-2002,2008-2012,ee9bd4b03de3358a4b7747c65724cbb67e9b345c7a0bd93d96f868168385ddd6,9704b972d3c33904afcb818f87ccd461d988fd30910e9788031d4176df032cd0,3f504e0bc00e47e2d3674e97ef03bed09c060383c94ac723bd7c7c9e56fa4a85
historical,sheep,FLK,exp_wooltop,FLK|exp_wooltop,0.017756494781104214,0,0.0,1998-2002,2008-2012,ee9bd4b03de3358a4b7747c65724cbb67e9b345c7a0bd93d96f868168385ddd6,9704b972d3c33904afcb818f87ccd461d988fd30910e9788031d4176df032cd0,3f504e0bc00e47e2d3674e97ef03bed09c060383c94ac723bd7c7c9e56fa4a85
historical,sheep,FLK,exp_woolyarn,FLK|exp_woolyarn,0.014950936392041607,0,0.0,1998-2002,2008-2012,ee9bd4b03de3358a4b7747c65724cbb67e9b345c7a0bd93d96f868168385ddd6,9704b972d3c33904afcb818f87ccd461d988fd30910e9788031d4176df032cd0,3f504e0bc00e47e2d3674e97ef03bed09c060383c94ac723bd7c7c9e56fa4a85
historical,sheep,GRC,exp_woolgrease,GRC|exp_woolgrease,0.16701670623247258,0,0.0,1998-2002,2008-2012,ee9bd4b03de3358a4b7747c65724cbb67e9b345c7a0bd93d96f868168385ddd6,9704b972d3c33904afcb818f87ccd461d988fd30910e9788031d4176df032cd0,3f504e0bc00e47e2d3674e97ef03bed09c060383c94ac723bd7c7c9e56fa4a85
historical,sheep,GRC,exp_wooltop,GRC|exp_wooltop,0.2307950739357425,0,0.0,1998-2002,2008-2012,ee9bd4b03de3358a4b7747c65724cbb67e9b345c7a0bd93d96f868168385ddd6,9704b972d3c33904afcb818f87ccd461d988fd30910e9788031d4176df032cd0,3f504e0bc00e47e2d3674e97ef03bed09c060383c94ac723bd7c7c9e56fa4a85
historical,sheep,HKG,exp_woolgrease,HKG|exp_woolgrease,0.2149945491307414,0,0.0,1998-2002,2008-2012,ee9bd4b03de3358a4b7747c65724cbb67e9b345c7a0bd93d96f868168385ddd6,9704b972d3c33904afcb818f87ccd461d988fd30910e9788031d4176df032cd0,3f504e0bc00e47e2d3674e97ef03bed09c060383c94ac723bd7c7c9e56fa4a85
historical,sheep,HUN,exp_woolgrease,HUN|exp_woolgrease,0.1884052577605654,0,0.0,1998-2002,2008-2012,ee9bd4b03de3358a4b7747c65724cbb67e9b345c7a0bd93d96f868168385ddd6,9704b972d3c33904afcb818f87ccd461d988fd30910e9788031d4176df032cd0,3f504e0bc00e47e2d3674e97ef03bed09c060383c94ac723bd7c7c9e56fa4a85
historical,sheep,IND,exp_woolgrease,IND|exp_woolgrease,0.2717751742993053,1,1735.0938,1998-2002,2008-2012,ee9bd4b03de3358a4b7747c65724cbb67e9b345c7a0bd93d96f868168385ddd6,9704b972d3c33904afcb818f87ccd461d988fd30910e9788031d4176df032cd0,3f504e0bc00e47e2d3674e97ef03bed09c060383c94ac723bd7c7c9e56fa4a85
historical,sheep,IRN,exp_woolgrease,IRN|exp_woolgrease,0.051387278216283874,0,0.0,1998-2002,2008-2012,ee9bd4b03de3358a4b7747c65724cbb67e9b345c7a0bd93d96f868168385ddd6,9704b972d3c33904afcb818f87ccd461d988fd30910e9788031d4176df032cd0,3f504e0bc00e47e2d3674e97ef03bed09c060383c94ac723bd7c7c9e56fa4a85
historical,sheep,IRN,exp_wooltop,IRN|exp_wooltop,0.07212978848791707,0,0.0,1998-2002,2008-2012,ee9bd4b03de3358a4b7747c65724cbb67e9b345c7a0bd93d96f868168385ddd6,9704b972d3c33904afcb818f87ccd461d988fd30910e9788031d4176df032cd0,3f504e0bc00e47e2d3674e97ef03bed09c060383c94ac723bd7c7c9e56fa4a85
historical,sheep,IRQ,exp_woolgrease,IRQ|exp_woolgrease,0.0014701339358328934,0,0.0,1998-2002,2008-2012,ee9bd4b03de3358a4b7747c65724cbb67e9b345c7a0bd93d96f868168385ddd6,9704b972d3c33904afcb818f87ccd461d988fd30910e9788031d4176df032cd0,3f504e0bc00e47e2d3674e97ef03bed09c060383c94ac723bd7c7c9e56fa4a85
historical,sheep,IRQ,exp_wooltop,IRQ|exp_wooltop,0.0017655723460099674,0,0.0,1998-2002,2008-2012,ee9bd4b03de3358a4b7747c65724cbb67e9b345c7a0bd93d96f868168385ddd6,9704b972d3c33904afcb818f87ccd461d988fd30910e9788031d4176df032cd0,3f504e0bc00e47e2d3674e97ef03bed09c060383c94ac723bd7c7c9e56fa4a85
historical,sheep,IRQ,exp_woolyarn,IRQ|exp_woolyarn,0.0011328475737032487,0,0.0,1998-2002,2008-2012,ee9bd4b03de3358a4b7747c65724cbb67e9b345c7a0bd93d96f868168385ddd6,9704b972d3c33904afcb818f87ccd461d988fd30910e9788031d4176df032cd0,3f504e0bc00e47e2d3674e97ef03bed09c060383c94ac723bd7c7c9e56fa4a85
historical,sheep,ISL,exp_woolgrease,ISL|exp_woolgrease,0.049011781181713114,0,0.0,1998-2002,2008-2012,ee9bd4b03de3358a4b7747c65724cbb67e9b345c7a0bd93d96f868168385ddd6,9704b972d3c33904afcb818f87ccd461d988fd30910e9788031d4176df032cd0,3f504e0bc00e47e2d3674e97ef03bed09c060383c94ac723bd7c7c9e56fa4a85
historical,sheep,ISL,exp_wooltop,ISL|exp_wooltop,0.05269005074855508,0,0.0,1998-2002,2008-2012,ee9bd4b03de3358a4b7747c65724cbb67e9b345c7a0bd93d96f868168385ddd6,9704b972d3c33904afcb818f87ccd461d988fd30910e9788031d4176df032cd0,3f504e0bc00e47e2d3674e97ef03bed09c060383c94ac723bd7c7c9e56fa4a85
historical,sheep,JOR,exp_woolgrease,JOR|exp_woolgrease,0.10002697296784213,0,0.0,1998-2002,2008-2012,ee9bd4b03de3358a4b7747c65724cbb67e9b345c7a0bd93d96f868168385ddd6,9704b972d3c33904afcb818f87ccd461d988fd30910e9788031d4176df032cd0,3f504e0bc00e47e2d3674e97ef03bed09c060383c94ac723bd7c7c9e56fa4a85
historical,sheep,JOR,exp_wooltop,JOR|exp_wooltop,0.1304139321738348,0,0.0,1998-2002,2008-2012,ee9bd4b03de3358a4b7747c65724cbb67e9b345c7a0bd93d96f868168385ddd6,9704b972d3c33904afcb818f87ccd461d988fd30910e9788031d4176df032cd0,3f504e0bc00e47e2d3674e97ef03bed09c060383c94ac723bd7c7c9e56fa4a85
historical,sheep,JOR,exp_woolyarn,JOR|exp_woolyarn,0.14067781899695803,0,0.0,1998-2002,2008-2012,ee9bd4b03de3358a4b7747c65724cbb67e9b345c7a0bd93d96f868168385ddd6,9704b972d3c33904afcb818f87ccd461d988fd30910e9788031d4176df032cd0,3f504e0bc00e47e2d3674e97ef03bed09c060383c94ac723bd7c7c9e56fa4a85
historical,sheep,KAZ,exp_meat,KAZ|exp_meat,0.06940750678882146,1,1652.5045999999998,1998-2002,2008-2012,ee9bd4b03de3358a4b7747c65724cbb67e9b345c7a0bd93d96f868168385ddd6,9704b972d3c33904afcb818f87ccd461d988fd30910e9788031d4176df032cd0,3f504e0bc00e47e2d3674e97ef03bed09c060383c94ac723bd7c7c9e56fa4a85
historical,sheep,KAZ,exp_woolgrease,KAZ|exp_woolgrease,0.04764060116068112,0,0.0,1998-2002,2008-2012,ee9bd4b03de3358a4b7747c65724cbb67e9b345c7a0bd93d96f868168385ddd6,9704b972d3c33904afcb818f87ccd461d988fd30910e9788031d4176df032cd0,3f504e0bc00e47e2d3674e97ef03bed09c060383c94ac723bd7c7c9e56fa4a85
historical,sheep,KAZ,exp_wooltop,KAZ|exp_wooltop,0.060438643764703995,1,13521.8392,1998-2002,2008-2012,ee9bd4b03de3358a4b7747c65724cbb67e9b345c7a0bd93d96f868168385ddd6,9704b972d3c33904afcb818f87ccd461d988fd30910e9788031d4176df032cd0,3f504e0bc00e47e2d3674e97ef03bed09c060383c94ac723bd7c7c9e56fa4a85
historical,sheep,KAZ,exp_woolyarn,KAZ|exp_woolyarn,0.0493958453091605,0,0.0,1998-2002,2008-2012,ee9bd4b03de3358a4b7747c65724cbb67e9b345c7a0bd93d96f868168385ddd6,9704b972d3c33904afcb818f87ccd461d988fd30910e9788031d4176df032cd0,3f504e0bc00e47e2d3674e97ef03bed09c060383c94ac723bd7c7c9e56fa4a85
historical,sheep,KEN,exp_woolgrease,KEN|exp_woolgrease,0.1115557578194766,0,0.0,1998-2002,2008-2012,ee9bd4b03de3358a4b7747c65724cbb67e9b345c7a0bd93d96f868168385ddd6,9704b972d3c33904afcb818f87ccd461d988fd30910e9788031d4176df032cd0,3f504e0bc00e47e2d3674e97ef03bed09c060383c94ac723bd7c7c9e56fa4a85
historical,sheep,KEN,exp_wooltop,KEN|exp_wooltop,0.14899125478418207,0,0.0,1998-2002,2008-2012,ee9bd4b03de3358a4b7747c65724cbb67e9b345c7a0bd93d96f868168385ddd6,9704b972d3c33904afcb818f87ccd461d988fd30910e9788031d4176df032cd0,3f504e0bc00e47e2d3674e97ef03bed09c060383c94ac723bd7c7c9e56fa4a85
historical,sheep,KEN,exp_woolyarn,KEN|exp_woolyarn,0.1437246039481176,0,0.0,1998-2002,2008-2012,ee9bd4b03de3358a4b7747c65724cbb67e9b345c7a0bd93d96f868168385ddd6,9704b972d3c33904afcb818f87ccd461d988fd30910e9788031d4176df032cd0,3f504e0bc00e47e2d3674e97ef03bed09c060383c94ac723bd7c7c9e56fa4a85
historical,sheep,KGZ,exp_woolgrease,KGZ|exp_woolgrease,0.07448444301879172,0,0.0,1998-2002,2008-2012,ee9bd4b03de3358a4b7747c65724cbb67e9b345c7a0bd93d96f868168385ddd6,9704b972d3c33904afcb818f87ccd461d988fd30910e9788031d4176df032cd0,3f504e0bc00e47e2d3674e97ef03bed09c060383c94ac723bd7c7c9e56fa4a85
historical,sheep,KOR,exp_woolgrease,KOR|exp_woolgrease,0.1898709116122016,0,0.0,1998-2002,2008-2012,ee9bd4b03de3358a4b7747c65724cbb67e9b345c7a0bd93d96f868168385ddd6,9704b972d3c33904afcb818f87ccd461d988fd30910e9788031d4176df032cd0,3f504e0bc00e47e2d3674e97ef03bed09c060383c94ac723bd7c7c9e56fa4a85
historical,sheep,KWT,exp_woolgrease,KWT|exp_woolgrease,0.010771633620968444,0,0.0,1998-2002,2008-2012,ee9bd4b03de3358a4b7747c65724cbb67e9b345c7a0bd93d96f868168385ddd6,9704b972d3c33904afcb818f87ccd461d988fd30910e9788031d4176df032cd0,3f504e0bc00e47e2d3674e97ef03bed09c060383c94ac723bd7c7c9e56fa4a85
historical,sheep,KWT,exp_wooltop,KWT|exp_wooltop,0.011678784177697271,0,0.0,1998-2002,2008-2012,ee9bd4b03de3358a4b7747c65724cbb67e9b345c7a0bd93d96f868168385ddd6,9704b972d3c33904afcb818f87ccd461d988fd30910e9788031d4176df032cd0,3f504e0bc00e47e2d3674e97ef03bed09c060383c94ac723bd7c7c9e56fa4a85
historical,sheep,KWT,exp_woolyarn,KWT|exp_woolyarn,0.011926923949680462,0,0.0,1998-2002,2008-2012,ee9bd4b03de3358a4b7747c65724cbb67e9b345c7a0bd93d96f868168385ddd6,9704b972d3c33904afcb818f87ccd461d988fd30910e9788031d4176df032cd0,3f504e0bc00e47e2d3674e97ef03bed09c060383c94ac723bd7c7c9e56fa4a85
historical,sheep,LBN,exp_woolgrease,LBN|exp_woolgrease,0.14886608893946748,0,0.0,1998-2002,2008-2012,ee9bd4b03de3358a4b7747c65724cbb67e9b345c7a0bd93d96f868168385ddd6,9704b972d3c33904afcb818f87ccd461d988fd30910e9788031d4176df032cd0,3f504e0bc00e47e2d3674e97ef03bed09c060383c94ac723bd7c7c9e56fa4a85
historical,sheep,LBN,exp_wooltop,LBN|exp_wooltop,0.20398859188137583,0,0.0,1998-2002,2008-2012,ee9bd4b03de3358a4b7747c65724cbb67e9b345c7a0bd93d96f868168385ddd6,9704b972d3c33904afcb818f87ccd461d988fd30910e9788031d4176df032cd0,3f504e0bc00e47e2d3674e97ef03bed09c060383c94ac723bd7c7c9e56fa4a85
historical,sheep,LBY,exp_woolgrease,LBY|exp_woolgrease,0.00874878688448602,0,0.0,1998-2002,2008-2012,ee9bd4b03de3358a4b7747c65724cbb67e9b345c7a0bd93d96f868168385ddd6,9704b972d3c33904afcb818f87ccd461d988fd30910e9788031d4176df032cd0,3f504e0bc00e47e2d3674e97ef03bed09c060383c94ac723bd7c7c9e56fa4a85
historical,sheep,LBY,exp_wooltop,LBY|exp_wooltop,0.010953704663462294,0,0.0,1998-2002,2008-2012,ee9bd4b03de3358a4b7747c65724cbb67e9b345c7a0bd93d96f868168385ddd6,9704b972d3c33904afcb818f87ccd461d988fd30910e9788031d4176df032cd0,3f504e0bc00e47e2d3674e97ef03bed09c060383c94ac723bd7c7c9e56fa4a85
historical,sheep,LBY,exp_woolyarn,LBY|exp_woolyarn,0.008610845242530269,0,0.0,1998-2002,2008-2012,ee9bd4b03de3358a4b7747c65724cbb67e9b345c7a0bd93d96f868168385ddd6,9704b972d3c33904afcb818f87ccd461d988fd30910e9788031d4176df032cd0,3f504e0bc00e47e2d3674e97ef03bed09c060383c94ac723bd7c7c9e56fa4a85
historical,sheep,LSO,exp_woolgrease,LSO|exp_woolgrease,0.025966563367837137,0,0.0,1998-2002,2008-2012,ee9bd4b03de3358a4b7747c65724cbb67e9b345c7a0bd93d96f868168385ddd6,9704b972d3c33904afcb818f87ccd461d988fd30910e9788031d4176df032cd0,3f504e0bc00e47e2d3674e97ef03bed09c060383c94ac723bd7c7c9e56fa4a85
historical,sheep,LSO,exp_wooltop,LSO|exp_wooltop,0.042230647173216826,1,108.72740000000002,1998-2002,2008-2012,ee9bd4b03de3358a4b7747c65724cbb67e9b345c7a0bd93d96f868168385ddd6,9704b972d3c33904afcb818f87ccd461d988fd30910e9788031d4176df032cd0,3f504e0bc00e47e2d3674e97ef03bed09c060383c94ac723bd7c7c9e56fa4a85
historical,sheep,LSO,exp_woolyarn,LSO|exp_woolyarn,0.05291443398864476,0,0.0,1998-2002,2008-2012,ee9bd4b03de3358a4b7747c65724cbb67e9b345c7a0bd93d96f868168385ddd6,9704b972d3c33904afcb818f87ccd461d988fd30910e9788031d4176df032cd0,3f504e0bc00e47e2d3674e97ef03bed09c060383c94ac723bd7c7c9e56fa4a85
historical,sheep,LUX,exp_woolyarn,LUX|exp_woolyarn,0.12654502911677,0,0.0,1998-2002,2008-2012,ee9bd4b03de3358a4b7747c65724cbb67e9b345c7a0bd93d96f868168385ddd6,9704b972d3c33904afcb818f87ccd461d988fd30910e9788031d4176df032cd0,3f504e0bc00e47e2d3674e97ef03bed09c060383c94ac723bd7c7c9e56fa4a85
historical,sheep,MAC,exp_woolgrease,MAC|exp_woolgrease,0.05504310239708594,0,0.0,1998-2002,2008-2012,ee9bd4b03de3358a4b7747c65724cbb67e9b345c7a0bd93d96f868168385ddd6,9704b972d3c33904afcb818f87ccd461d988fd30910e9788031d4176df032cd0,3f504e0bc00e47e2d3674e97ef03bed09c060383c94ac723bd7c7c9e56fa4a85
historical,sheep,MDA,exp_woolgrease,MDA|exp_woolgrease,0.09061334839472657,0,0.0,1998-2002,2008-2012,ee9bd4b03de3358a4b7747c65724cbb67e9b345c7a0bd93d96f868168385ddd6,9704b972d3c33904afcb818f87ccd461d988fd30910e9788031d4176df032cd0,3f504e0bc00e47e2d3674e97ef03bed09c060383c94ac723bd7c7c9e56fa4a85
historical,sheep,MDA,exp_wooltop,MDA|exp_wooltop,0.13588900176286337,0,0.0,1998-2002,2008-2012,ee9bd4b03de3358a4b7747c65724cbb67e9b345c7a0bd93d96f868168385ddd6,9704b972d3c33904afcb818f87ccd461d988fd30910e9788031d4176df032cd0,3f504e0bc00e47e2d3674e97ef03bed09c060383c94ac723bd7c7c9e56fa4a85
historical,sheep,MDA,exp_woolyarn,MDA|exp_woolyarn,0.15377081242606203,1,425.9810000000001,1998-2002,2008-2012,ee9bd4b03de3358a4b7747c65724cbb67e9b345c7a0bd93d96f868168385ddd6,9704b972d3c33904afcb818f87ccd461d988fd30910e9788031d4176df032cd0,3f504e0bc00e47e2d3674e97ef03bed09c060383c94ac723bd7c7c9e56fa4a85
historical,sheep,MEX,exp_wooltop,MEX|exp_wooltop,0.16321274684766313,0,0.0,1998-2002,2008-2012,ee9bd4b03de3358a4b7747c65724cbb67e9b345c7a0bd93d96f868168385ddd6,9704b972d3c33904afcb818f87ccd461d988fd30910e9788031d4176df032cd0,3f504e0bc00e47e2d3674e97ef03bed09c060383c94ac723bd7c7c9e56fa4a85
historical,sheep,MKD,exp_woolgrease,MKD|exp_woolgrease,0.1376017446007302,0,0.0,1998-2002,2008-2012,ee9bd4b03de3358a4b7747c65724cbb67e9b345c7a0bd93d96f868168385ddd6,9704b972d3c33904afcb818f87ccd461d988fd30910e9788031d4176df032cd0,3f504e0bc00e47e2d3674e97ef03bed09c060383c94ac723bd7c7c9e56fa4a85
historical,sheep,MKD,exp_wooltop,MKD|exp_wooltop,0.15805456631969725,0,0.0,1998-2002,2008-2012,ee9bd4b03de3358a4b7747c65724cbb67e9b345c7a0bd93d96f868168385ddd6,9704b972d3c33904afcb818f87ccd461d988fd30910e9788031d4176df032cd0,3f504e0bc00e47e2d3674e97ef03bed09c060383c94ac723bd7c7c9e56fa4a85
historical,sheep,MLI,exp_meat,MLI|exp_meat,0.04594862906806493,0,0.0,1998-2002,2008-2012,ee9bd4b03de3358a4b7747c65724cbb67e9b345c7a0bd93d96f868168385ddd6,9704b972d3c33904afcb818f87ccd461d988fd30910e9788031d4176df032cd0,3f504e0bc00e47e2d3674e97ef03bed09c060383c94ac723bd7c7c9e56fa4a85
historical,sheep,MNG,exp_woolgrease,MNG|exp_woolgrease,0.04470295048071447,0,0.0,1998-2002,2008-2012,ee9bd4b03de3358a4b7747c65724cbb67e9b345c7a0bd93d96f868168385ddd6,9704b972d3c33904afcb818f87ccd461d988fd30910e9788031d4176df032cd0,3f504e0bc00e47e2d3674e97ef03bed09c060383c94ac723bd7c7c9e56fa4a85
historical,sheep,MNG,exp_wooltop,MNG|exp_wooltop,0.0675237852234613,1,105.262,1998-2002,2008-2012,ee9bd4b03de3358a4b7747c65724cbb67e9b345c7a0bd93d96f868168385ddd6,9704b972d3c33904afcb818f87ccd461d988fd30910e9788031d4176df032cd0,3f504e0bc00e47e2d3674e97ef03bed09c060383c94ac723bd7c7c9e56fa4a85
historical,sheep,MNG,exp_woolyarn,MNG|exp_woolyarn,0.07995342997534642,0,0.0,1998-2002,2008-2012,ee9bd4b03de3358a4b7747c65724cbb67e9b345c7a0bd93d96f868168385ddd6,9704b972d3c33904afcb818f87ccd461d988fd30910e9788031d4176df032cd0,3f504e0bc00e47e2d3674e97ef03bed09c060383c94ac723bd7c7c9e56fa4a85
historical,sheep,MUS,exp_woolgrease,MUS|exp_woolgrease,0.070603113258829,0,0.0,1998-2002,2008-2012,ee9bd4b03de3358a4b7747c65724cbb67e9b345c7a0bd93d96f868168385ddd6,9704b972d3c33904afcb818f87ccd461d988fd30910e9788031d4176df032cd0,3f504e0bc00e47e2d3674e97ef03bed09c060383c94ac723bd7c7c9e56fa4a85
historical,sheep,MUS,exp_wooltop,MUS|exp_wooltop,0.10279563826293618,0,0.0,1998-2002,2008-2012,ee9bd4b03de3358a4b7747c65724cbb67e9b345c7a0bd93d96f868168385ddd6,9704b972d3c33904afcb818f87ccd461d988fd30910e9788031d4176df032cd0,3f504e0bc00e47e2d3674e97ef03bed09c060383c94ac723bd7c7c9e56fa4a85
historical,sheep,MYS,exp_woolgrease,MYS|exp_woolgrease,0.12770921931459178,0,0.0,1998-2002,2008-2012,ee9bd4b03de3358a4b7747c65724cbb67e9b345c7a0bd93d96f868168385ddd6,9704b972d3c33904afcb818f87ccd461d988fd30910e9788031d4176df032cd0,3f504e0bc00e47e2d3674e97ef03bed09c060383c94ac723bd7c7c9e56fa4a85
historical,sheep,NER,exp_meat,NER|exp_meat,0.0579144427270139,0,0.0,1998-2002,2008-2012,ee9bd4b03de3358a4b7747c65724cbb67e9b345c7a0bd93d96f868168385ddd6,9704b972d3c33904afcb818f87ccd461d988fd30910e9788031d4176df032cd0,3f504e0bc00e47e2d3674e97ef03bed09c060383c94ac723bd7c7c9e56fa4a85
historical,sheep,NGA,exp_woolgrease,NGA|exp_woolgrease,0.011221082009232908,0,0.0,1998-2002,2008-2012,ee9bd4b03de3358a4b7747c65724cbb67e9b345c7a0bd93d96f868168385ddd6,9704b972d3c33904afcb818f87ccd461d988fd30910e9788031d4176df032cd0,3f504e0bc00e47e2d3674e97ef03bed09c060383c94ac723bd7c7c9e56fa4a85
historical,sheep,NOR,exp_woolgrease,NOR|exp_woolgrease,0.08987972269447962,0,0.0,1998-2002,2008-2012,ee9bd4b03de3358a4b7747c65724cbb67e9b345c7a0bd93d96f868168385ddd6,9704b972d3c33904afcb818f87ccd461d988fd30910e9788031d4176df032cd0,3f504e0bc00e47e2d3674e97ef03bed09c060383c94ac723bd7c7c9e56fa4a85
historical,sheep,NOR,exp_wooltop,NOR|exp_wooltop,0.10006847875796446,0,0.0,1998-2002,2008-2012,ee9bd4b03de3358a4b7747c65724cbb67e9b345c7a0bd93d96f868168385ddd6,9704b972d3c33904afcb818f87ccd461d988fd30910e9788031d4176df032cd0,3f504e0bc00e47e2d3674e97ef03bed09c060383c94ac723bd7c7c9e56fa4a85
historical,sheep,PAK,exp_woolgrease,PAK|exp_woolgrease,0.06686793674952451,0,0.0,1998-2002,2008-2012,ee9bd4b03de3358a4b7747c65724cbb67e9b345c7a0bd93d96f868168385ddd6,9704b972d3c33904afcb818f87ccd461d988fd30910e9788031d4176df032cd0,3f504e0bc00e47e2d3674e97ef03bed09c060383c94ac723bd7c7c9e56fa4a85
historical,sheep,PAK,exp_wooltop,PAK|exp_wooltop,0.11734410259578651,0,0.0,1998-2002,2008-2012,ee9bd4b03de3358a4b7747c65724cbb67e9b345c7a0bd93d96f868168385ddd6,9704b972d3c33904afcb818f87ccd461d988fd30910e9788031d4176df032cd0,3f504e0bc00e47e2d3674e97ef03bed09c060383c94ac723bd7c7c9e56fa4a85
historical,sheep,PAK,exp_woolyarn,PAK|exp_woolyarn,0.15854571735297046,0,0.0,1998-2002,2008-2012,ee9bd4b03de3358a4b7747c65724cbb67e9b345c7a0bd93d96f868168385ddd6,9704b972d3c33904afcb818f87ccd461d988fd30910e9788031d4176df032cd0,3f504e0bc00e47e2d3674e97ef03bed09c060383c94ac723bd7c7c9e56fa4a85
historical,sheep,PER,exp_woolgrease,PER|exp_woolgrease,0.08237837479182647,0,0.0,1998-2002,2008-2012,ee9bd4b03de3358a4b7747c65724cbb67e9b345c7a0bd93d96f868168385ddd6,9704b972d3c33904afcb818f87ccd461d988fd30910e9788031d4176df032cd0,3f504e0bc00e47e2d3674e97ef03bed09c060383c94ac723bd7c7c9e56fa4a85
historical,sheep,POL,exp_woolgrease,POL|exp_woolgrease,0.22504608969842815,0,0.0,1998-2002,2008-2012,ee9bd4b03de3358a4b7747c65724cbb67e9b345c7a0bd93d96f868168385ddd6,9704b972d3c33904afcb818f87ccd461d988fd30910e9788031d4176df032cd0,3f504e0bc00e47e2d3674e97ef03bed09c060383c94ac723bd7c7c9e56fa4a85
historical,sheep,PRT,exp_woolgrease,PRT|exp_woolgrease,0.1600953070333443,0,0.0,1998-2002,2008-2012,ee9bd4b03de3358a4b7747c65724cbb67e9b345c7a0bd93d96f868168385ddd6,9704b972d3c33904afcb818f87ccd461d988fd30910e9788031d4176df032cd0,3f504e0bc00e47e2d3674e97ef03bed09c060383c94ac723bd7c7c9e56fa4a85
historical,sheep,QAT,exp_meat,QAT|exp_meat,0.017462600963015176,0,0.0,1998-2002,2008-2012,ee9bd4b03de3358a4b7747c65724cbb67e9b345c7a0bd93d96f868168385ddd6,9704b972d3c33904afcb818f87ccd461d988fd30910e9788031d4176df032cd0,3f504e0bc00e47e2d3674e97ef03bed09c060383c94ac723bd7c7c9e56fa4a85
historical,sheep,QAT,exp_woolgrease,QAT|exp_woolgrease,0.012165434621147126,0,0.0,1998-2002,2008-2012,ee9bd4b03de3358a4b7747c65724cbb67e9b345c7a0bd93d96f868168385ddd6,9704b972d3c33904afcb818f87ccd461d988fd30910e9788031d4176df032cd0,3f504e0bc00e47e2d3674e97ef03bed09c060383c94ac723bd7c7c9e56fa4a85
historical,sheep,QAT,exp_wooltop,QAT|exp_wooltop,0.014606268336783898,0,0.0,1998-2002,2008-2012,ee9bd4b03de3358a4b7747c65724cbb67e9b345c7a0bd93d96f868168385ddd6,9704b972d3c33904afcb818f87ccd461d988fd30910e9788031d4176df032cd0,3f504e0bc00e47e2d3674e97ef03bed09c060383c94ac723bd7c7c9e56fa4a85
historical,sheep,QAT,exp_woolyarn,QAT|exp_woolyarn,0.016045243383809794,0,0.0,1998-2002,2008-2012,ee9bd4b03de3358a4b7747c65724cbb67e9b345c7a0bd93d96f868168385ddd6,9704b972d3c33904afcb818f87ccd461d988fd30910e9788031d4176df032cd0,3f504e0bc00e47e2d3674e97ef03bed09c060383c94ac723bd7c7c9e56fa4a85
historical,sheep,ROU,exp_woolgrease,ROU|exp_woolgrease,0.1457689899985749,0,0.0,1998-2002,2008-2012,ee9bd4b03de3358a4b7747c65724cbb67e9b345c7a0bd93d96f868168385ddd6,9704b972d3c33904afcb818f87ccd461d988fd30910e9788031d4176df032cd0,3f504e0bc00e47e2d3674e97ef03bed09c060383c94ac723bd7c7c9e56fa4a85
historical,sheep,ROU,exp_wooltop,ROU|exp_wooltop,0.2213909597649158,1,3247.2152,1998-2002,2008-2012,ee9bd4b03de3358a4b7747c65724cbb67e9b345c7a0bd93d96f868168385ddd6,9704b972d3c33904afcb818f87ccd461d988fd30910e9788031d4176df032cd0,3f504e0bc00e47e2d3674e97ef03bed09c060383c94ac723bd7c7c9e56fa4a85
historical,sheep,RUS,exp_woolgrease,RUS|exp_woolgrease,0.12972978236683205,0,0.0,1998-2002,2008-2012,ee9bd4b03de3358a4b7747c65724cbb67e9b345c7a0bd93d96f868168385ddd6,9704b972d3c33904afcb818f87ccd461d988fd30910e9788031d4176df032cd0,3f504e0bc00e47e2d3674e97ef03bed09c060383c94ac723bd7c7c9e56fa4a85
historical,sheep,SAU,exp_woolgrease,SAU|exp_woolgrease,0.041715325798772906,0,0.0,1998-2002,2008-2012,ee9bd4b03de3358a4b7747c65724cbb67e9b345c7a0bd93d96f868168385ddd6,9704b972d3c33904afcb818f87ccd461d988fd30910e9788031d4176df032cd0,3f504e0bc00e47e2d3674e97ef03bed09c060383c94ac723bd7c7c9e56fa4a85
historical,sheep,SAU,exp_woolyarn,SAU|exp_woolyarn,0.03954969610145128,0,0.0,1998-2002,2008-2012,ee9bd4b03de3358a4b7747c65724cbb67e9b345c7a0bd93d96f868168385ddd6,9704b972d3c33904afcb818f87ccd461d988fd30910e9788031d4176df032cd0,3f504e0bc00e47e2d3674e97ef03bed09c060383c94ac723bd7c7c9e56fa4a85
historical,sheep,SVK,exp_woolgrease,SVK|exp_woolgrease,0.1642583317212469,0,0.0,1998-2002,2008-2012,ee9bd4b03de3358a4b7747c65724cbb67e9b345c7a0bd93d96f868168385ddd6,9704b972d3c33904afcb818f87ccd461d988fd30910e9788031d4176df032cd0,3f504e0bc00e47e2d3674e97ef03bed09c060383c94ac723bd7c7c9e56fa4a85
historical,sheep,SVK,exp_wooltop,SVK|exp_wooltop,0.21482382597392857,1,171.70940000000002,1998-2002,2008-2012,ee9bd4b03de3358a4b7747c65724cbb67e9b345c7a0bd93d96f868168385ddd6,9704b972d3c33904afcb818f87ccd461d988fd30910e9788031d4176df032cd0,3f504e0bc00e47e2d3674e97ef03bed09c060383c94ac723bd7c7c9e56fa4a85
historical,sheep,SYR,exp_meat,SYR|exp_meat,0.07697107267515638,0,0.0,1998-2002,2008-2012,ee9bd4b03de3358a4b7747c65724cbb67e9b345c7a0bd93d96f868168385ddd6,9704b972d3c33904afcb818f87ccd461d988fd30910e9788031d4176df032cd0,3f504e0bc00e47e2d3674e97ef03bed09c060383c94ac723bd7c7c9e56fa4a85
historical,sheep,SYR,exp_woolgrease,SYR|exp_woolgrease,0.04703329196569532,0,0.0,1998-2002,2008-2012,ee9bd4b03de3358a4b7747c65724cbb67e9b345c7a0bd93d96f868168385ddd6,9704b972d3c33904afcb818f87ccd461d988fd30910e9788031d4176df032cd0,3f504e0bc00e47e2d3674e97ef03bed09c060383c94ac723bd7c7c9e56fa4a85
historical,sheep,SYR,exp_wooltop,SYR|exp_wooltop,0.07965693283446264,0,0.0,1998-2002,2008-2012,ee9bd4b03de3358a4b7747c65724cbb67e9b345c7a0bd93d96f868168385ddd6,9704b972d3c33904afcb818f87ccd461d988fd30910e9788031d4176df032cd0,3f504e0bc00e47e2d3674e97ef03bed09c060383c94ac723bd7c7c9e56fa4a85
historical,sheep,THA,exp_woolgrease,THA|exp_woolgrease,0.1745315104066229,0,0.0,1998-2002,2008-2012,ee9bd4b03de3358a4b7747c65724cbb67e9b345c7a0bd93d96f868168385ddd6,9704b972d3c33904afcb818f87ccd461d988fd30910e9788031d4176df032cd0,3f504e0bc00e47e2d3674e97ef03bed09c060383c94ac723bd7c7c9e56fa4a85
historical,sheep,TJK,exp_woolgrease,TJK|exp_woolgrease,0.032060041289238804,0,0.0,1998-2002,2008-2012,ee9bd4b03de3358a4b7747c65724cbb67e9b345c7a0bd93d96f868168385ddd6,9704b972d3c33904afcb818f87ccd461d988fd30910e9788031d4176df032cd0,3f504e0bc00e47e2d3674e97ef03bed09c060383c94ac723bd7c7c9e56fa4a85
historical,sheep,TJK,exp_wooltop,TJK|exp_wooltop,0.05484498187361952,1,184.6814,1998-2002,2008-2012,ee9bd4b03de3358a4b7747c65724cbb67e9b345c7a0bd93d96f868168385ddd6,9704b972d3c33904afcb818f87ccd461d988fd30910e9788031d4176df032cd0,3f504e0bc00e47e2d3674e97ef03bed09c060383c94ac723bd7c7c9e56fa4a85
historical,sheep,TJK,exp_woolyarn,TJK|exp_woolyarn,0.06083367939914286,0,0.0,1998-2002,2008-2012,ee9bd4b03de3358a4b7747c65724cbb67e9b345c7a0bd93d96f868168385ddd6,9704b972d3c33904afcb818f87ccd461d988fd30910e9788031d4176df032cd0,3f504e0bc00e47e2d3674e97ef03bed09c060383c94ac723bd7c7c9e56fa4a85
historical,sheep,TKM,exp_woolgrease,TKM|exp_woolgrease,0.019598258000590542,0,0.0,1998-2002,2008-2012,ee9bd4b03de3358a4b7747c65724cbb67e9b345c7a0bd93d96f868168385ddd6,9704b972d3c33904afcb818f87ccd461d988fd30910e9788031d4176df032cd0,3f504e0bc00e47e2d3674e97ef03bed09c060383c94ac723bd7c7c9e56fa4a85
historical,sheep,TKM,exp_wooltop,TKM|exp_wooltop,0.028496340472337706,0,0.0,1998-2002,2008-2012,ee9bd4b03de3358a4b7747c65724cbb67e9b345c7a0bd93d96f868168385ddd6,9704b972d3c33904afcb818f87ccd461d988fd30910e9788031d4176df032cd0,3f504e0bc00e47e2d3674e97ef03bed09c060383c94ac723bd7c7c9e56fa4a85
historical,sheep,TKM,exp_woolyarn,TKM|exp_woolyarn,0.034518610050983195,0,0.0,1998-2002,2008-2012,ee9bd4b03de3358a4b7747c65724cbb67e9b345c7a0bd93d96f868168385ddd6,9704b972d3c33904afcb818f87ccd461d988fd30910e9788031d4176df032cd0,3f504e0bc00e47e2d3674e97ef03bed09c060383c94ac723bd7c7c9e56fa4a85
historical,sheep,TUR,exp_woolgrease,TUR|exp_woolgrease,0.18970728882252266,0,0.0,1998-2002,2008-2012,ee9bd4b03de3358a4b7747c65724cbb67e9b345c7a0bd93d96f868168385ddd6,9704b972d3c33904afcb818f87ccd461d988fd30910e9788031d4176df032cd0,3f504e0bc00e47e2d3674e97ef03bed09c060383c94ac723bd7c7c9e56fa4a85
historical,sheep,UKR,exp_woolgrease,UKR|exp_woolgrease,0.14744708975866547,0,0.0,1998-2002,2008-2012,ee9bd4b03de3358a4b7747c65724cbb67e9b345c7a0bd93d96f868168385ddd6,9704b972d3c33904afcb818f87ccd461d988fd30910e9788031d4176df032cd0,3f504e0bc00e47e2d3674e97ef03bed09c060383c94ac723bd7c7c9e56fa4a85
historical,sheep,UKR,exp_wooltop,UKR|exp_wooltop,0.187673035665317,0,0.0,1998-2002,2008-2012,ee9bd4b03de3358a4b7747c65724cbb67e9b345c7a0bd93d96f868168385ddd6,9704b972d3c33904afcb818f87ccd461d988fd30910e9788031d4176df032cd0,3f504e0bc00e47e2d3674e97ef03bed09c060383c94ac723bd7c7c9e56fa4a85
historical,sheep,UZB,exp_woolgrease,UZB|exp_woolgrease,0.04530676387729592,0,0.0,1998-2002,2008-2012,ee9bd4b03de3358a4b7747c65724cbb67e9b345c7a0bd93d96f868168385ddd6,9704b972d3c33904afcb818f87ccd461d988fd30910e9788031d4176df032cd0,3f504e0bc00e47e2d3674e97ef03bed09c060383c94ac723bd7c7c9e56fa4a85
historical,sheep,UZB,exp_wooltop,UZB|exp_wooltop,0.06616601277423684,1,140.54160000000002,1998-2002,2008-2012,ee9bd4b03de3358a4b7747c65724cbb67e9b345c7a0bd93d96f868168385ddd6,9704b972d3c33904afcb818f87ccd461d988fd30910e9788031d4176df032cd0,3f504e0bc00e47e2d3674e97ef03bed09c060383c94ac723bd7c7c9e56fa4a85
historical,sheep,UZB,exp_woolyarn,UZB|exp_woolyarn,0.06803697155750077,0,0.0,1998-2002,2008-2012,ee9bd4b03de3358a4b7747c65724cbb67e9b345c7a0bd93d96f868168385ddd6,9704b972d3c33904afcb818f87ccd461d988fd30910e9788031d4176df032cd0,3f504e0bc00e47e2d3674e97ef03bed09c060383c94ac723bd7c7c9e56fa4a85
historical,sheep,VNM,exp_woolgrease,VNM|exp_woolgrease,0.09171410201793515,0,0.0,1998-2002,2008-2012,ee9bd4b03de3358a4b7747c65724cbb67e9b345c7a0bd93d96f868168385ddd6,9704b972d3c33904afcb818f87ccd461d988fd30910e9788031d4176df032cd0,3f504e0bc00e47e2d3674e97ef03bed09c060383c94ac723bd7c7c9e56fa4a85
historical,sheep,VNM,exp_wooltop,VNM|exp_wooltop,0.15050002661397954,0,0.0,1998-2002,2008-2012,ee9bd4b03de3358a4b7747c65724cbb67e9b345c7a0bd93d96f868168385ddd6,9704b972d3c33904afcb818f87ccd461d988fd30910e9788031d4176df032cd0,3f504e0bc00e47e2d3674e97ef03bed09c060383c94ac723bd7c7c9e56fa4a85
historical,sheep,VNM,exp_woolyarn,VNM|exp_woolyarn,0.1979428812441072,1,3452.0678,1998-2002,2008-2012,ee9bd4b03de3358a4b7747c65724cbb67e9b345c7a0bd93d96f868168385ddd6,9704b972d3c33904afcb818f87ccd461d988fd30910e9788031d4176df032cd0,3f504e0bc00e47e2d3674e97ef03bed09c060383c94ac723bd7c7c9e56fa4a85
historical,sheep,YEM,exp_meat,YEM|exp_meat,0.02638696482583809,0,0.0,1998-2002,2008-2012,ee9bd4b03de3358a4b7747c65724cbb67e9b345c7a0bd93d96f868168385ddd6,9704b972d3c33904afcb818f87ccd461d988fd30910e9788031d4176df032cd0,3f504e0bc00e47e2d3674e97ef03bed09c060383c94ac723bd7c7c9e56fa4a85
historical,sheep,ZA1,exp_woolgrease,ZA1|exp_woolgrease,0.17634804608801719,0,0.0,1998-2002,2008-2012,ee9bd4b03de3358a4b7747c65724cbb67e9b345c7a0bd93d96f868168385ddd6,9704b972d3c33904afcb818f87ccd461d988fd30910e9788031d4176df032cd0,3f504e0bc00e47e2d3674e97ef03bed09c060383c94ac723bd7c7c9e56fa4a85
historical,sheep,ZWE,exp_woolgrease,ZWE|exp_woolgrease,0.08351755116962455,0,0.0,1998-2002,2008-2012,ee9bd4b03de3358a4b7747c65724cbb67e9b345c7a0bd93d96f868168385ddd6,9704b972d3c33904afcb818f87ccd461d988fd30910e9788031d4176df032cd0,3f504e0bc00e47e2d3674e97ef03bed09c060383c94ac723bd7c7c9e56fa4a85
historical,sheep,ZWE,exp_wooltop,ZWE|exp_wooltop,0.12674166533898573,0,0.0,1998-2002,2008-2012,ee9bd4b03de3358a4b7747c65724cbb67e9b345c7a0bd93d96f868168385ddd6,9704b972d3c33904afcb818f87ccd461d988fd30910e9788031d4176df032cd0,3f504e0bc00e47e2d3674e97ef03bed09c060383c94ac723bd7c7c9e56fa4a85
historical,sheep,ZWE,exp_woolyarn,ZWE|exp_woolyarn,0.11516845409305038,0,0.0,1998-2002,2008-2012,ee9bd4b03de3358a4b7747c65724cbb67e9b345c7a0bd93d96f868168385ddd6,9704b972d3c33904afcb818f87ccd461d988fd30910e9788031d4176df032cd0,3f504e0bc00e47e2d3674e97ef03bed09c060383c94ac723bd7c7c9e56fa4a85
historical,cotton,AFG,exp_cottonapparel_knit,AFG|exp_cottonapparel_knit,0.0691790539334121,0,0.0,1998-2002,2008-2012,5b9205cf38a28fe9094dc2a33d9942a79befcdf8d7150a77c88818bcb3a4eb5c,9704b972d3c33904afcb818f87ccd461d988fd30910e9788031d4176df032cd0,3f504e0bc00e47e2d3674e97ef03bed09c060383c94ac723bd7c7c9e56fa4a85
historical,cotton,AFG,exp_cottonapparel_woven,AFG|exp_cottonapparel_woven,0.0673418369961453,0,0.0,1998-2002,2008-2012,5b9205cf38a28fe9094dc2a33d9942a79befcdf8d7150a77c88818bcb3a4eb5c,9704b972d3c33904afcb818f87ccd461d988fd30910e9788031d4176df032cd0,3f504e0bc00e47e2d3674e97ef03bed09c060383c94ac723bd7c7c9e56fa4a85
historical,cotton,AFG,exp_cottonhomewares,AFG|exp_cottonhomewares,0.06635380560152568,0,0.0,1998-2002,2008-2012,5b9205cf38a28fe9094dc2a33d9942a79befcdf8d7150a77c88818bcb3a4eb5c,9704b972d3c33904afcb818f87ccd461d988fd30910e9788031d4176df032cd0,3f504e0bc00e47e2d3674e97ef03bed09c060383c94ac723bd7c7c9e56fa4a85
historical,cotton,AFG,exp_cottonknitfabric,AFG|exp_cottonknitfabric,0.06033810112897783,0,0.0,1998-2002,2008-2012,5b9205cf38a28fe9094dc2a33d9942a79befcdf8d7150a77c88818bcb3a4eb5c,9704b972d3c33904afcb818f87ccd461d988fd30910e9788031d4176df032cd0,3f504e0bc00e47e2d3674e97ef03bed09c060383c94ac723bd7c7c9e56fa4a85
historical,cotton,AFG,exp_cottonsewthread,AFG|exp_cottonsewthread,0.06554466124764584,0,0.0,1998-2002,2008-2012,5b9205cf38a28fe9094dc2a33d9942a79befcdf8d7150a77c88818bcb3a4eb5c,9704b972d3c33904afcb818f87ccd461d988fd30910e9788031d4176df032cd0,3f504e0bc00e47e2d3674e97ef03bed09c060383c94ac723bd7c7c9e56fa4a85
historical,cotton,AFG,exp_cottonyarn,AFG|exp_cottonyarn,0.06256666401605107,1,101.2902,1998-2002,2008-2012,5b9205cf38a28fe9094dc2a33d9942a79befcdf8d7150a77c88818bcb3a4eb5c,9704b972d3c33904afcb818f87ccd461d988fd30910e9788031d4176df032cd0,3f504e0bc00e47e2d3674e97ef03bed09c060383c94ac723bd7c7c9e56fa4a85
historical,cotton,ARE,exp_cottonknitfabric,ARE|exp_cottonknitfabric,0.08726959045722034,1,2518.0927999999994,1998-2002,2008-2012,5b9205cf38a28fe9094dc2a33d9942a79befcdf8d7150a77c88818bcb3a4eb5c,9704b972d3c33904afcb818f87ccd461d988fd30910e9788031d4176df032cd0,3f504e0bc00e47e2d3674e97ef03bed09c060383c94ac723bd7c7c9e56fa4a85
historical,cotton,ARE,exp_cottonsewthread,ARE|exp_cottonsewthread,0.11003288251144945,1,145.5988,1998-2002,2008-2012,5b9205cf38a28fe9094dc2a33d9942a79befcdf8d7150a77c88818bcb3a4eb5c,9704b972d3c33904afcb818f87ccd461d988fd30910e9788031d4176df032cd0,3f504e0bc00e47e2d3674e97ef03bed09c060383c94ac723bd7c7c9e56fa4a85
historical,cotton,ARG,exp_cottonsewthread,ARG|exp_cottonsewthread,0.13027139673552393,0,0.0,1998-2002,2008-2012,5b9205cf38a28fe9094dc2a33d9942a79befcdf8d7150a77c88818bcb3a4eb5c,9704b972d3c33904afcb818f87ccd461d988fd30910e9788031d4176df032cd0,3f504e0bc00e47e2d3674e97ef03bed09c060383c94ac723bd7c7c9e56fa4a85
historical,cotton,ARM,exp_cottonhomewares,ARM|exp_cottonhomewares,0.11165912895648493,0,0.0,1998-2002,2008-2012,5b9205cf38a28fe9094dc2a33d9942a79befcdf8d7150a77c88818bcb3a4eb5c,9704b972d3c33904afcb818f87ccd461d988fd30910e9788031d4176df032cd0,3f504e0bc00e47e2d3674e97ef03bed09c060383c94ac723bd7c7c9e56fa4a85
historical,cotton,ASM,exp_cottonapparel_knit,ASM|exp_cottonapparel_knit,0.05625360211853427,0,0.0,1998-2002,2008-2012,5b9205cf38a28fe9094dc2a33d9942a79befcdf8d7150a77c88818bcb3a4eb5c,9704b972d3c33904afcb818f87ccd461d988fd30910e9788031d4176df032cd0,3f504e0bc00e47e2d3674e97ef03bed09c060383c94ac723bd7c7c9e56fa4a85
historical,cotton,ASM,exp_cottonapparel_woven,ASM|exp_cottonapparel_woven,0.05460141693355377,0,0.0,1998-2002,2008-2012,5b9205cf38a28fe9094dc2a33d9942a79befcdf8d7150a77c88818bcb3a4eb5c,9704b972d3c33904afcb818f87ccd461d988fd30910e9788031d4176df032cd0,3f504e0bc00e47e2d3674e97ef03bed09c060383c94ac723bd7c7c9e56fa4a85
historical,cotton,ASM,exp_cottonfabric,ASM|exp_cottonfabric,0.05275029387970128,0,0.0,1998-2002,2008-2012,5b9205cf38a28fe9094dc2a33d9942a79befcdf8d7150a77c88818bcb3a4eb5c,9704b972d3c33904afcb818f87ccd461d988fd30910e9788031d4176df032cd0,3f504e0bc00e47e2d3674e97ef03bed09c060383c94ac723bd7c7c9e56fa4a85
historical,cotton,ASM,exp_cottonhomewares,ASM|exp_cottonhomewares,0.053762639338330094,0,0.0,1998-2002,2008-2012,5b9205cf38a28fe9094dc2a33d9942a79befcdf8d7150a77c88818bcb3a4eb5c,9704b972d3c33904afcb818f87ccd461d988fd30910e9788031d4176df032cd0,3f504e0bc00e47e2d3674e97ef03bed09c060383c94ac723bd7c7c9e56fa4a85
historical,cotton,ASM,exp_cottonknitfabric,ASM|exp_cottonknitfabric,0.05408175998665064,0,0.0,1998-2002,2008-2012,5b9205cf38a28fe9094dc2a33d9942a79befcdf8d7150a77c88818bcb3a4eb5c,9704b972d3c33904afcb818f87ccd461d988fd30910e9788031d4176df032cd0,3f504e0bc00e47e2d3674e97ef03bed09c060383c94ac723bd7c7c9e56fa4a85
historical,cotton,ASM,exp_cottonsewthread,ASM|exp_cottonsewthread,0.05893697744770802,0,0.0,1998-2002,2008-2012,5b9205cf38a28fe9094dc2a33d9942a79befcdf8d7150a77c88818bcb3a4eb5c,9704b972d3c33904afcb818f87ccd461d988fd30910e9788031d4176df032cd0,3f504e0bc00e47e2d3674e97ef03bed09c060383c94ac723bd7c7c9e56fa4a85
historical,cotton,ASM,exp_cottonyarn,ASM|exp_cottonyarn,0.0507403333189168,0,0.0,1998-2002,2008-2012,5b9205cf38a28fe9094dc2a33d9942a79befcdf8d7150a77c88818bcb3a4eb5c,9704b972d3c33904afcb818f87ccd461d988fd30910e9788031d4176df032cd0,3f504e0bc00e47e2d3674e97ef03bed09c060383c94ac723bd7c7c9e56fa4a85
historical,cotton,AUT,exp_cottonsewthread,AUT|exp_cottonsewthread,0.28306870536712114,0,0.0,1998-2002,2008-2012,5b9205cf38a28fe9094dc2a33d9942a79befcdf8d7150a77c88818bcb3a4eb5c,9704b972d3c33904afcb818f87ccd461d988fd30910e9788031d4176df032cd0,3f504e0bc00e47e2d3674e97ef03bed09c060383c94ac723bd7c7c9e56fa4a85
historical,cotton,AZE,exp_cottonhomewares,AZE|exp_cottonhomewares,0.047293983163461166,1,150.37259999999998,1998-2002,2008-2012,5b9205cf38a28fe9094dc2a33d9942a79befcdf8d7150a77c88818bcb3a4eb5c,9704b972d3c33904afcb818f87ccd461d988fd30910e9788031d4176df032cd0,3f504e0bc00e47e2d3674e97ef03bed09c060383c94ac723bd7c7c9e56fa4a85
historical,cotton,AZE,exp_cottonknitfabric,AZE|exp_cottonknitfabric,0.03747209607592966,0,0.0,1998-2002,2008-2012,5b9205cf38a28fe9094dc2a33d9942a79befcdf8d7150a77c88818bcb3a4eb5c,9704b972d3c33904afcb818f87ccd461d988fd30910e9788031d4176df032cd0,3f504e0bc00e47e2d3674e97ef03bed09c060383c94ac723bd7c7c9e56fa4a85
historical,cotton,AZE,exp_cottonsewthread,AZE|exp_cottonsewthread,0.04892904067277657,0,0.0,1998-2002,2008-2012,5b9205cf38a28fe9094dc2a33d9942a79befcdf8d7150a77c88818bcb3a4eb5c,9704b972d3c33904afcb818f87ccd461d988fd30910e9788031d4176df032cd0,3f504e0bc00e47e2d3674e97ef03bed09c060383c94ac723bd7c7c9e56fa4a85
historical,cotton,BDI,exp_cottonapparel_knit,BDI|exp_cottonapparel_knit,0.034338410161106295,0,0.0,1998-2002,2008-2012,5b9205cf38a28fe9094dc2a33d9942a79befcdf8d7150a77c88818bcb3a4eb5c,9704b972d3c33904afcb818f87ccd461d988fd30910e9788031d4176df032cd0,3f504e0bc00e47e2d3674e97ef03bed09c060383c94ac723bd7c7c9e56fa4a85
historical,cotton,BDI,exp_cottonapparel_woven,BDI|exp_cottonapparel_woven,0.03271961973928727,0,0.0,1998-2002,2008-2012,5b9205cf38a28fe9094dc2a33d9942a79befcdf8d7150a77c88818bcb3a4eb5c,9704b972d3c33904afcb818f87ccd461d988fd30910e9788031d4176df032cd0,3f504e0bc00e47e2d3674e97ef03bed09c060383c94ac723bd7c7c9e56fa4a85
historical,cotton,BDI,exp_cottonfabric,BDI|exp_cottonfabric,0.023852278758291556,0,0.0,1998-2002,2008-2012,5b9205cf38a28fe9094dc2a33d9942a79befcdf8d7150a77c88818bcb3a4eb5c,9704b972d3c33904afcb818f87ccd461d988fd30910e9788031d4176df032cd0,3f504e0bc00e47e2d3674e97ef03bed09c060383c94ac723bd7c7c9e56fa4a85
historical,cotton,BDI,exp_cottonhomewares,BDI|exp_cottonhomewares,0.029037501683533973,0,0.0,1998-2002,2008-2012,5b9205cf38a28fe9094dc2a33d9942a79befcdf8d7150a77c88818bcb3a4eb5c,9704b972d3c33904afcb818f87ccd461d988fd30910e9788031d4176df032cd0,3f504e0bc00e47e2d3674e97ef03bed09c060383c94ac723bd7c7c9e56fa4a85
historical,cotton,BDI,exp_cottonknitfabric,BDI|exp_cottonknitfabric,0.02465922555042898,0,0.0,1998-2002,2008-2012,5b9205cf38a28fe9094dc2a33d9942a79befcdf8d7150a77c88818bcb3a4eb5c,9704b972d3c33904afcb818f87ccd461d988fd30910e9788031d4176df032cd0,3f504e0bc00e47e2d3674e97ef03bed09c060383c94ac723bd7c7c9e56fa4a85
historical,cotton,BDI,exp_cottonsewthread,BDI|exp_cottonsewthread,0.03262873376852615,0,0.0,1998-2002,2008-2012,5b9205cf38a28fe9094dc2a33d9942a79befcdf8d7150a77c88818bcb3a4eb5c,9704b972d3c33904afcb818f87ccd461d988fd30910e9788031d4176df032cd0,3f504e0bc00e47e2d3674e97ef03bed09c060383c94ac723bd7c7c9e56fa4a85
historical,cotton,BDI,exp_cottonyarn,BDI|exp_cottonyarn,0.026372814681562422,0,0.0,1998-2002,2008-2012,5b9205cf38a28fe9094dc2a33d9942a79befcdf8d7150a77c88818bcb3a4eb5c,9704b972d3c33904afcb818f87ccd461d988fd30910e9788031d4176df032cd0,3f504e0bc00e47e2d3674e97ef03bed09c060383c94ac723bd7c7c9e56fa4a85
historical,cotton,BEN,exp_cottonapparel_knit,BEN|exp_cottonapparel_knit,0.0865673565061105,0,0.0,1998-2002,2008-2012,5b9205cf38a28fe9094dc2a33d9942a79befcdf8d7150a77c88818bcb3a4eb5c,9704b972d3c33904afcb818f87ccd461d988fd30910e9788031d4176df032cd0,3f504e0bc00e47e2d3674e97ef03bed09c060383c94ac723bd7c7c9e56fa4a85
historical,cotton,BEN,exp_cottonapparel_woven,BEN|exp_cottonapparel_woven,0.08273451451249443,0,0.0,1998-2002,2008-2012,5b9205cf38a28fe9094dc2a33d9942a79befcdf8d7150a77c88818bcb3a4eb5c,9704b972d3c33904afcb818f87ccd461d988fd30910e9788031d4176df032cd0,3f504e0bc00e47e2d3674e97ef03bed09c060383c94ac723bd7c7c9e56fa4a85
historical,cotton,BEN,exp_cottonhomewares,BEN|exp_cottonhomewares,0.07551925152717415,0,0.0,1998-2002,2008-2012,5b9205cf38a28fe9094dc2a33d9942a79befcdf8d7150a77c88818bcb3a4eb5c,9704b972d3c33904afcb818f87ccd461d988fd30910e9788031d4176df032cd0,3f504e0bc00e47e2d3674e97ef03bed09c060383c94ac723bd7c7c9e56fa4a85
historical,cotton,BEN,exp_cottonknitfabric,BEN|exp_cottonknitfabric,0.06953818377560811,0,0.0,1998-2002,2008-2012,5b9205cf38a28fe9094dc2a33d9942a79befcdf8d7150a77c88818bcb3a4eb5c,9704b972d3c33904afcb818f87ccd461d988fd30910e9788031d4176df032cd0,3f504e0bc00e47e2d3674e97ef03bed09c060383c94ac723bd7c7c9e56fa4a85
historical,cotton,BEN,exp_cottonsewthread,BEN|exp_cottonsewthread,0.09054051203679354,0,0.0,1998-2002,2008-2012,5b9205cf38a28fe9094dc2a33d9942a79befcdf8d7150a77c88818bcb3a4eb5c,9704b972d3c33904afcb818f87ccd461d988fd30910e9788031d4176df032cd0,3f504e0bc00e47e2d3674e97ef03bed09c060383c94ac723bd7c7c9e56fa4a85
historical,cotton,BFA,exp_cottonapparel_knit,BFA|exp_cottonapparel_knit,0.11230083488567466,0,0.0,1998-2002,2008-2012,5b9205cf38a28fe9094dc2a33d9942a79befcdf8d7150a77c88818bcb3a4eb5c,9704b972d3c33904afcb818f87ccd461d988fd30910e9788031d4176df032cd0,3f504e0bc00e47e2d3674e97ef03bed09c060383c94ac723bd7c7c9e56fa4a85
historical,cotton,BFA,exp_cottonapparel_woven,BFA|exp_cottonapparel_woven,0.11004258266352358,0,0.0,1998-2002,2008-2012,5b9205cf38a28fe9094dc2a33d9942a79befcdf8d7150a77c88818bcb3a4eb5c,9704b972d3c33904afcb818f87ccd461d988fd30910e9788031d4176df032cd0,3f504e0bc00e47e2d3674e97ef03bed09c060383c94ac723bd7c7c9e56fa4a85
historical,cotton,BFA,exp_cottonhomewares,BFA|exp_cottonhomewares,0.10104020269810007,0,0.0,1998-2002,2008-2012,5b9205cf38a28fe9094dc2a33d9942a79befcdf8d7150a77c88818bcb3a4eb5c,9704b972d3c33904afcb818f87ccd461d988fd30910e9788031d4176df032cd0,3f504e0bc00e47e2d3674e97ef03bed09c060383c94ac723bd7c7c9e56fa4a85
historical,cotton,BFA,exp_cottonknitfabric,BFA|exp_cottonknitfabric,0.08968423587457726,0,0.0,1998-2002,2008-2012,5b9205cf38a28fe9094dc2a33d9942a79befcdf8d7150a77c88818bcb3a4eb5c,9704b972d3c33904afcb818f87ccd461d988fd30910e9788031d4176df032cd0,3f504e0bc00e47e2d3674e97ef03bed09c060383c94ac723bd7c7c9e56fa4a85
historical,cotton,BFA,exp_cottonsewthread,BFA|exp_cottonsewthread,0.1133292809745815,0,0.0,1998-2002,2008-2012,5b9205cf38a28fe9094dc2a33d9942a79befcdf8d7150a77c88818bcb3a4eb5c,9704b972d3c33904afcb818f87ccd461d988fd30910e9788031d4176df032cd0,3f504e0bc00e47e2d3674e97ef03bed09c060383c94ac723bd7c7c9e56fa4a85
historical,cotton,BGD,exp_cottonsewthread,BGD|exp_cottonsewthread,0.16324480417935827,0,0.0,1998-2002,2008-2012,5b9205cf38a28fe9094dc2a33d9942a79befcdf8d7150a77c88818bcb3a4eb5c,9704b972d3c33904afcb818f87ccd461d988fd30910e9788031d4176df032cd0,3f504e0bc00e47e2d3674e97ef03bed09c060383c94ac723bd7c7c9e56fa4a85
historical,cotton,BHR,exp_cottonknitfabric,BHR|exp_cottonknitfabric,0.05625852776514466,0,0.0,1998-2002,2008-2012,5b9205cf38a28fe9094dc2a33d9942a79befcdf8d7150a77c88818bcb3a4eb5c,9704b972d3c33904afcb818f87ccd461d988fd30910e9788031d4176df032cd0,3f504e0bc00e47e2d3674e97ef03bed09c060383c94ac723bd7c7c9e56fa4a85
historical,cotton,BIH,exp_cottonknitfabric,BIH|exp_cottonknitfabric,0.15934484905899962,0,0.0,1998-2002,2008-2012,5b9205cf38a28fe9094dc2a33d9942a79befcdf8d7150a77c88818bcb3a4eb5c,9704b972d3c33904afcb818f87ccd461d988fd30910e9788031d4176df032cd0,3f504e0bc00e47e2d3674e97ef03bed09c060383c94ac723bd7c7c9e56fa4a85
historical,cotton,BIH,exp_cottonsewthread,BIH|exp_cottonsewthread,0.1888360273295265,0,0.0,1998-2002,2008-2012,5b9205cf38a28fe9094dc2a33d9942a79befcdf8d7150a77c88818bcb3a4eb5c,9704b972d3c33904afcb818f87ccd461d988fd30910e9788031d4176df032cd0,3f504e0bc00e47e2d3674e97ef03bed09c060383c94ac723bd7c7c9e56fa4a85
historical,cotton,BOL,exp_cottonfabric,BOL|exp_cottonfabric,0.053599909628119204,1,762.5040000000001,1998-2002,2008-2012,5b9205cf38a28fe9094dc2a33d9942a79befcdf8d7150a77c88818bcb3a4eb5c,9704b972d3c33904afcb818f87ccd461d988fd30910e9788031d4176df032cd0,3f504e0bc00e47e2d3674e97ef03bed09c060383c94ac723bd7c7c9e56fa4a85
historical,cotton,BOL,exp_cottonhomewares,BOL|exp_cottonhomewares,0.071806773892075,1,212.3006,1998-2002,2008-2012,5b9205cf38a28fe9094dc2a33d9942a79befcdf8d7150a77c88818bcb3a4eb5c,9704b972d3c33904afcb818f87ccd461d988fd30910e9788031d4176df032cd0,3f504e0bc00e47e2d3674e97ef03bed09c060383c94ac723bd7c7c9e56fa4a85
historical,cotton,BOL,exp_cottonknitfabric,BOL|exp_cottonknitfabric,0.05755126106048311,1,3205.8268,1998-2002,2008-2012,5b9205cf38a28fe9094dc2a33d9942a79befcdf8d7150a77c88818bcb3a4eb5c,9704b972d3c33904afcb818f87ccd461d988fd30910e9788031d4176df032cd0,3f504e0bc00e47e2d3674e97ef03bed09c060383c94ac723bd7c7c9e56fa4a85
historical,cotton,BOL,exp_cottonsewthread,BOL|exp_cottonsewthread,0.07678987482383524,1,860.7062,1998-2002,2008-2012,5b9205cf38a28fe9094dc2a33d9942a79befcdf8d7150a77c88818bcb3a4eb5c,9704b972d3c33904afcb818f87ccd461d988fd30910e9788031d4176df032cd0,3f504e0bc00e47e2d3674e97ef03bed09c060383c94ac723bd7c7c9e56fa4a85
historical,cotton,BRB,exp_cottonapparel_woven,BRB|exp_cottonapparel_woven,0.09943377353442989,1,491.655,1998-2002,2008-2012,5b9205cf38a28fe9094dc2a33d9942a79befcdf8d7150a77c88818bcb3a4eb5c,9704b972d3c33904afcb818f87ccd461d988fd30910e9788031d4176df032cd0,3f504e0bc00e47e2d3674e97ef03bed09c060383c94ac723bd7c7c9e56fa4a85
historical,cotton,BRB,exp_cottonfabric,BRB|exp_cottonfabric,0.07997859873788307,1,177.75619999999998,1998-2002,2008-2012,5b9205cf38a28fe9094dc2a33d9942a79befcdf8d7150a77c88818bcb3a4eb5c,9704b972d3c33904afcb818f87ccd461d988fd30910e9788031d4176df032cd0,3f504e0bc00e47e2d3674e97ef03bed09c060383c94ac723bd7c7c9e56fa4a85
historical,cotton,BRB,exp_cottonhomewares,BRB|exp_cottonhomewares,0.08911633919411173,0,0.0,1998-2002,2008-2012,5b9205cf38a28fe9094dc2a33d9942a79befcdf8d7150a77c88818bcb3a4eb5c,9704b972d3c33904afcb818f87ccd461d988fd30910e9788031d4176df032cd0,3f504e0bc00e47e2d3674e97ef03bed09c060383c94ac723bd7c7c9e56fa4a85
historical,cotton,BRB,exp_cottonknitfabric,BRB|exp_cottonknitfabric,0.08142673263557891,0,0.0,1998-2002,2008-2012,5b9205cf38a28fe9094dc2a33d9942a79befcdf8d7150a77c88818bcb3a4eb5c,9704b972d3c33904afcb818f87ccd461d988fd30910e9788031d4176df032cd0,3f504e0bc00e47e2d3674e97ef03bed09c060383c94ac723bd7c7c9e56fa4a85
historical,cotton,BRB,exp_cottonsewthread,BRB|exp_cottonsewthread,0.0962568325645237,0,0.0,1998-2002,2008-2012,5b9205cf38a28fe9094dc2a33d9942a79befcdf8d7150a77c88818bcb3a4eb5c,9704b972d3c33904afcb818f87ccd461d988fd30910e9788031d4176df032cd0,3f504e0bc00e47e2d3674e97ef03bed09c060383c94ac723bd7c7c9e56fa4a85
historical,cotton,BRB,exp_cottonyarn,BRB|exp_cottonyarn,0.07814086912148252,0,0.0,1998-2002,2008-2012,5b9205cf38a28fe9094dc2a33d9942a79befcdf8d7150a77c88818bcb3a4eb5c,9704b972d3c33904afcb818f87ccd461d988fd30910e9788031d4176df032cd0,3f504e0bc00e47e2d3674e97ef03bed09c060383c94ac723bd7c7c9e56fa4a85
historical,cotton,BRN,exp_cottonhomewares,BRN|exp_cottonhomewares,0.044039444961921026,0,0.0,1998-2002,2008-2012,5b9205cf38a28fe9094dc2a33d9942a79befcdf8d7150a77c88818bcb3a4eb5c,9704b972d3c33904afcb818f87ccd461d988fd30910e9788031d4176df032cd0,3f504e0bc00e47e2d3674e97ef03bed09c060383c94ac723bd7c7c9e56fa4a85
historical,cotton,BTN,exp_cottonapparel_knit,BTN|exp_cottonapparel_knit,0.05729371940345829,0,0.0,1998-2002,2008-2012,5b9205cf38a28fe9094dc2a33d9942a79befcdf8d7150a77c88818bcb3a4eb5c,9704b972d3c33904afcb818f87ccd461d988fd30910e9788031d4176df032cd0,3f504e0bc00e47e2d3674e97ef03bed09c060383c94ac723bd7c7c9e56fa4a85
historical,cotton,BTN,exp_cottonapparel_woven,BTN|exp_cottonapparel_woven,0.05684316213609939,0,0.0,1998-2002,2008-2012,5b9205cf38a28fe9094dc2a33d9942a79befcdf8d7150a77c88818bcb3a4eb5c,9704b972d3c33904afcb818f87ccd461d988fd30910e9788031d4176df032cd0,3f504e0bc00e47e2d3674e97ef03bed09c060383c94ac723bd7c7c9e56fa4a85
historical,cotton,BTN,exp_cottonfabric,BTN|exp_cottonfabric,0.04376709594238699,0,0.0,1998-2002,2008-2012,5b9205cf38a28fe9094dc2a33d9942a79befcdf8d7150a77c88818bcb3a4eb5c,9704b972d3c33904afcb818f87ccd461d988fd30910e9788031d4176df032cd0,3f504e0bc00e47e2d3674e97ef03bed09c060383c94ac723bd7c7c9e56fa4a85
historical,cotton,BTN,exp_cottonhomewares,BTN|exp_cottonhomewares,0.0561644046456418,0,0.0,1998-2002,2008-2012,5b9205cf38a28fe9094dc2a33d9942a79befcdf8d7150a77c88818bcb3a4eb5c,9704b972d3c33904afcb818f87ccd461d988fd30910e9788031d4176df032cd0,3f504e0bc00e47e2d3674e97ef03bed09c060383c94ac723bd7c7c9e56fa4a85
historical,cotton,BTN,exp_cottonknitfabric,BTN|exp_cottonknitfabric,0.04420716736262903,0,0.0,1998-2002,2008-2012,5b9205cf38a28fe9094dc2a33d9942a79befcdf8d7150a77c88818bcb3a4eb5c,9704b972d3c33904afcb818f87ccd461d988fd30910e9788031d4176df032cd0,3f504e0bc00e47e2d3674e97ef03bed09c060383c94ac723bd7c7c9e56fa4a85
historical,cotton,BTN,exp_cottonsewthread,BTN|exp_cottonsewthread,0.0524318313234442,0,0.0,1998-2002,2008-2012,5b9205cf38a28fe9094dc2a33d9942a79befcdf8d7150a77c88818bcb3a4eb5c,9704b972d3c33904afcb818f87ccd461d988fd30910e9788031d4176df032cd0,3f504e0bc00e47e2d3674e97ef03bed09c060383c94ac723bd7c7c9e56fa4a85
historical,cotton,BTN,exp_cottonyarn,BTN|exp_cottonyarn,0.04647699943904987,0,0.0,1998-2002,2008-2012,5b9205cf38a28fe9094dc2a33d9942a79befcdf8d7150a77c88818bcb3a4eb5c,9704b972d3c33904afcb818f87ccd461d988fd30910e9788031d4176df032cd0,3f504e0bc00e47e2d3674e97ef03bed09c060383c94ac723bd7c7c9e56fa4a85
historical,cotton,BWA,exp_cottonknitfabric,BWA|exp_cottonknitfabric,0.03197515398715124,0,0.0,1998-2002,2008-2012,5b9205cf38a28fe9094dc2a33d9942a79befcdf8d7150a77c88818bcb3a4eb5c,9704b972d3c33904afcb818f87ccd461d988fd30910e9788031d4176df032cd0,3f504e0bc00e47e2d3674e97ef03bed09c060383c94ac723bd7c7c9e56fa4a85
historical,cotton,BWA,exp_cottonsewthread,BWA|exp_cottonsewthread,0.04024890011242132,0,0.0,1998-2002,2008-2012,5b9205cf38a28fe9094dc2a33d9942a79befcdf8d7150a77c88818bcb3a4eb5c,9704b972d3c33904afcb818f87ccd461d988fd30910e9788031d4176df032cd0,3f504e0bc00e47e2d3674e97ef03bed09c060383c94ac723bd7c7c9e56fa4a85
historical,cotton,BWA,exp_cottonyarn,BWA|exp_cottonyarn,0.031583294844344946,0,0.0,1998-2002,2008-2012,5b9205cf38a28fe9094dc2a33d9942a79befcdf8d7150a77c88818bcb3a4eb5c,9704b972d3c33904afcb818f87ccd461d988fd30910e9788031d4176df032cd0,3f504e0bc00e47e2d3674e97ef03bed09c060383c94ac723bd7c7c9e56fa4a85
historical,cotton,CAF,exp_cottonapparel_knit,CAF|exp_cottonapparel_knit,0.026840495741350757,0,0.0,1998-2002,2008-2012,5b9205cf38a28fe9094dc2a33d9942a79befcdf8d7150a77c88818bcb3a4eb5c,9704b972d3c33904afcb818f87ccd461d988fd30910e9788031d4176df032cd0,3f504e0bc00e47e2d3674e97ef03bed09c060383c94ac723bd7c7c9e56fa4a85
historical,cotton,CAF,exp_cottonapparel_woven,CAF|exp_cottonapparel_woven,0.0256739058782655,0,0.0,1998-2002,2008-2012,5b9205cf38a28fe9094dc2a33d9942a79befcdf8d7150a77c88818bcb3a4eb5c,9704b972d3c33904afcb818f87ccd461d988fd30910e9788031d4176df032cd0,3f504e0bc00e47e2d3674e97ef03bed09c060383c94ac723bd7c7c9e56fa4a85
historical,cotton,CAF,exp_cottonfabric,CAF|exp_cottonfabric,0.02155137984331349,0,0.0,1998-2002,2008-2012,5b9205cf38a28fe9094dc2a33d9942a79befcdf8d7150a77c88818bcb3a4eb5c,9704b972d3c33904afcb818f87ccd461d988fd30910e9788031d4176df032cd0,3f504e0bc00e47e2d3674e97ef03bed09c060383c94ac723bd7c7c9e56fa4a85
historical,cotton,CAF,exp_cottonhomewares,CAF|exp_cottonhomewares,0.02251980330067896,0,0.0,1998-2002,2008-2012,5b9205cf38a28fe9094dc2a33d9942a79befcdf8d7150a77c88818bcb3a4eb5c,9704b972d3c33904afcb818f87ccd461d988fd30910e9788031d4176df032cd0,3f504e0bc00e47e2d3674e97ef03bed09c060383c94ac723bd7c7c9e56fa4a85
historical,cotton,CAF,exp_cottonknitfabric,CAF|exp_cottonknitfabric,0.020729195218357952,0,0.0,1998-2002,2008-2012,5b9205cf38a28fe9094dc2a33d9942a79befcdf8d7150a77c88818bcb3a4eb5c,9704b972d3c33904afcb818f87ccd461d988fd30910e9788031d4176df032cd0,3f504e0bc00e47e2d3674e97ef03bed09c060383c94ac723bd7c7c9e56fa4a85
historical,cotton,CAF,exp_cottonsewthread,CAF|exp_cottonsewthread,0.02752181423845179,0,0.0,1998-2002,2008-2012,5b9205cf38a28fe9094dc2a33d9942a79befcdf8d7150a77c88818bcb3a4eb5c,9704b972d3c33904afcb818f87ccd461d988fd30910e9788031d4176df032cd0,3f504e0bc00e47e2d3674e97ef03bed09c060383c94ac723bd7c7c9e56fa4a85
historical,cotton,CAF,exp_cottonyarn,CAF|exp_cottonyarn,0.022598652073899196,0,0.0,1998-2002,2008-2012,5b9205cf38a28fe9094dc2a33d9942a79befcdf8d7150a77c88818bcb3a4eb5c,9704b972d3c33904afcb818f87ccd461d988fd30910e9788031d4176df032cd0,3f504e0bc00e47e2d3674e97ef03bed09c060383c94ac723bd7c7c9e56fa4a85
historical,cotton,CHL,exp_cottonknitfabric,CHL|exp_cottonknitfabric,0.08365449596049836,0,0.0,1998-2002,2008-2012,5b9205cf38a28fe9094dc2a33d9942a79befcdf8d7150a77c88818bcb3a4eb5c,9704b972d3c33904afcb818f87ccd461d988fd30910e9788031d4176df032cd0,3f504e0bc00e47e2d3674e97ef03bed09c060383c94ac723bd7c7c9e56fa4a85
historical,cotton,CHL,exp_cottonsewthread,CHL|exp_cottonsewthread,0.10790697640991688,0,0.0,1998-2002,2008-2012,5b9205cf38a28fe9094dc2a33d9942a79befcdf8d7150a77c88818bcb3a4eb5c,9704b972d3c33904afcb818f87ccd461d988fd30910e9788031d4176df032cd0,3f504e0bc00e47e2d3674e97ef03bed09c060383c94ac723bd7c7c9e56fa4a85
historical,cotton,CIV,exp_cottonsewthread,CIV|exp_cottonsewthread,0.09042187805542812,0,0.0,1998-2002,2008-2012,5b9205cf38a28fe9094dc2a33d9942a79befcdf8d7150a77c88818bcb3a4eb5c,9704b972d3c33904afcb818f87ccd461d988fd30910e9788031d4176df032cd0,3f504e0bc00e47e2d3674e97ef03bed09c060383c94ac723bd7c7c9e56fa4a85
historical,cotton,CMR,exp_cottonapparel_knit,CMR|exp_cottonapparel_knit,0.03997808273670662,1,199.6778,1998-2002,2008-2012,5b9205cf38a28fe9094dc2a33d9942a79befcdf8d7150a77c88818bcb3a4eb5c,9704b972d3c33904afcb818f87ccd461d988fd30910e9788031d4176df032cd0,3f504e0bc00e47e2d3674e97ef03bed09c060383c94ac723bd7c7c9e56fa4a85
historical,cotton,CMR,exp_cottonknitfabric,CMR|exp_cottonknitfabric,0.024798372990426087,0,0.0,1998-2002,2008-2012,5b9205cf38a28fe9094dc2a33d9942a79befcdf8d7150a77c88818bcb3a4eb5c,9704b972d3c33904afcb818f87ccd461d988fd30910e9788031d4176df032cd0,3f504e0bc00e47e2d3674e97ef03bed09c060383c94ac723bd7c7c9e56fa4a85
historical,cotton,CMR,exp_cottonsewthread,CMR|exp_cottonsewthread,0.03627802706952144,0,0.0,1998-2002,2008-2012,5b9205cf38a28fe9094dc2a33d9942a79befcdf8d7150a77c88818bcb3a4eb5c,9704b972d3c33904afcb818f87ccd461d988fd30910e9788031d4176df032cd0,3f504e0bc00e47e2d3674e97ef03bed09c060383c94ac723bd7c7c9e56fa4a85
historical,cotton,CRI,exp_cottonsewthread,CRI|exp_cottonsewthread,0.13741128342996858,0,0.0,1998-2002,2008-2012,5b9205cf38a28fe9094dc2a33d9942a79befcdf8d7150a77c88818bcb3a4eb5c,9704b972d3c33904afcb818f87ccd461d988fd30910e9788031d4176df032cd0,3f504e0bc00e47e2d3674e97ef03bed09c060383c94ac723bd7c7c9e56fa4a85
historical,cotton,CUB,exp_cottonhomewares,CUB|exp_cottonhomewares,0.04165775510489658,0,0.0,1998-2002,2008-2012,5b9205cf38a28fe9094dc2a33d9942a79befcdf8d7150a77c88818bcb3a4eb5c,9704b972d3c33904afcb818f87ccd461d988fd30910e9788031d4176df032cd0,3f504e0bc00e47e2d3674e97ef03bed09c060383c94ac723bd7c7c9e56fa4a85
historical,cotton,CYP,exp_cottonknitfabric,CYP|exp_cottonknitfabric,0.18165930432445412,0,0.0,1998-2002,2008-2012,5b9205cf38a28fe9094dc2a33d9942a79befcdf8d7150a77c88818bcb3a4eb5c,9704b972d3c33904afcb818f87ccd461d988fd30910e9788031d4176df032cd0,3f504e0bc00e47e2d3674e97ef03bed09c060383c94ac723bd7c7c9e56fa4a85
historical,cotton,CZE,exp_cottonsewthread,CZE|exp_cottonsewthread,0.31445576626240884,1,998.3658,1998-2002,2008-2012,5b9205cf38a28fe9094dc2a33d9942a79befcdf8d7150a77c88818bcb3a4eb5c,9704b972d3c33904afcb818f87ccd461d988fd30910e9788031d4176df032cd0,3f504e0bc00e47e2d3674e97ef03bed09c060383c94ac723bd7c7c9e56fa4a85
historical,cotton,DZA,exp_cottonapparel_knit,DZA|exp_cottonapparel_knit,0.015911947466014008,1,114.3214,1998-2002,2008-2012,5b9205cf38a28fe9094dc2a33d9942a79befcdf8d7150a77c88818bcb3a4eb5c,9704b972d3c33904afcb818f87ccd461d988fd30910e9788031d4176df032cd0,3f504e0bc00e47e2d3674e97ef03bed09c060383c94ac723bd7c7c9e56fa4a85
historical,cotton,DZA,exp_cottonapparel_woven,DZA|exp_cottonapparel_woven,0.015722380935029732,1,143.18580000000003,1998-2002,2008-2012,5b9205cf38a28fe9094dc2a33d9942a79befcdf8d7150a77c88818bcb3a4eb5c,9704b972d3c33904afcb818f87ccd461d988fd30910e9788031d4176df032cd0,3f504e0bc00e47e2d3674e97ef03bed09c060383c94ac723bd7c7c9e56fa4a85
historical,cotton,DZA,exp_cottonhomewares,DZA|exp_cottonhomewares,0.014945536555790659,0,0.0,1998-2002,2008-2012,5b9205cf38a28fe9094dc2a33d9942a79befcdf8d7150a77c88818bcb3a4eb5c,9704b972d3c33904afcb818f87ccd461d988fd30910e9788031d4176df032cd0,3f504e0bc00e47e2d3674e97ef03bed09c060383c94ac723bd7c7c9e56fa4a85
historical,cotton,DZA,exp_cottonknitfabric,DZA|exp_cottonknitfabric,0.01123132236737758,0,0.0,1998-2002,2008-2012,5b9205cf38a28fe9094dc2a33d9942a79befcdf8d7150a77c88818bcb3a4eb5c,9704b972d3c33904afcb818f87ccd461d988fd30910e9788031d4176df032cd0,3f504e0bc00e47e2d3674e97ef03bed09c060383c94ac723bd7c7c9e56fa4a85
historical,cotton,DZA,exp_cottonsewthread,DZA|exp_cottonsewthread,0.015415388772429775,0,0.0,1998-2002,2008-2012,5b9205cf38a28fe9094dc2a33d9942a79befcdf8d7150a77c88818bcb3a4eb5c,9704b972d3c33904afcb818f87ccd461d988fd30910e9788031d4176df032cd0,3f504e0bc00e47e2d3674e97ef03bed09c060383c94ac723bd7c7c9e56fa4a85
historical,cotton,ECU,exp_cottonknitfabric,ECU|exp_cottonknitfabric,0.06984078403752167,1,1079.3134,1998-2002,2008-2012,5b9205cf38a28fe9094dc2a33d9942a79befcdf8d7150a77c88818bcb3a4eb5c,9704b972d3c33904afcb818f87ccd461d988fd30910e9788031d4176df032cd0,3f504e0bc00e47e2d3674e97ef03bed09c060383c94ac723bd7c7c9e56fa4a85
historical,cotton,EST,exp_cottonsewthread,EST|exp_cottonsewthread,0.23145814566213904,0,0.0,1998-2002,2008-2012,5b9205cf38a28fe9094dc2a33d9942a79befcdf8d7150a77c88818bcb3a4eb5c,9704b972d3c33904afcb818f87ccd461d988fd30910e9788031d4176df032cd0,3f504e0bc00e47e2d3674e97ef03bed09c060383c94ac723bd7c7c9e56fa4a85
historical,cotton,ETH,exp_cottonapparel_woven,ETH|exp_cottonapparel_woven,0.0657709798658506,1,1762.008,1998-2002,2008-2012,5b9205cf38a28fe9094dc2a33d9942a79befcdf8d7150a77c88818bcb3a4eb5c,9704b972d3c33904afcb818f87ccd461d988fd30910e9788031d4176df032cd0,3f504e0bc00e47e2d3674e97ef03bed09c060383c94ac723bd7c7c9e56fa4a85
historical,cotton,ETH,exp_cottonknitfabric,ETH|exp_cottonknitfabric,0.04798600453037087,1,2154.9288,1998-2002,2008-2012,5b9205cf38a28fe9094dc2a33d9942a79befcdf8d7150a77c88818bcb3a4eb5c,9704b972d3c33904afcb818f87ccd461d988fd30910e9788031d4176df032cd0,3f504e0bc00e47e2d3674e97ef03bed09c060383c94ac723bd7c7c9e56fa4a85
historical,cotton,ETH,exp_cottonsewthread,ETH|exp_cottonsewthread,0.0642143124232053,0,0.0,1998-2002,2008-2012,5b9205cf38a28fe9094dc2a33d9942a79befcdf8d7150a77c88818bcb3a4eb5c,9704b972d3c33904afcb818f87ccd461d988fd30910e9788031d4176df032cd0,3f504e0bc00e47e2d3674e97ef03bed09c060383c94ac723bd7c7c9e56fa4a85
historical,cotton,ETH,exp_cottonyarn,ETH|exp_cottonyarn,0.05140509605830207,1,9972.9,1998-2002,2008-2012,5b9205cf38a28fe9094dc2a33d9942a79befcdf8d7150a77c88818bcb3a4eb5c,9704b972d3c33904afcb818f87ccd461d988fd30910e9788031d4176df032cd0,3f504e0bc00e47e2d3674e97ef03bed09c060383c94ac723bd7c7c9e56fa4a85
historical,cotton,GEO,exp_cottonapparel_knit,GEO|exp_cottonapparel_knit,0.11021929471726415,1,3421.5552,1998-2002,2008-2012,5b9205cf38a28fe9094dc2a33d9942a79befcdf8d7150a77c88818bcb3a4eb5c,9704b972d3c33904afcb818f87ccd461d988fd30910e9788031d4176df032cd0,3f504e0bc00e47e2d3674e97ef03bed09c060383c94ac723bd7c7c9e56fa4a85
historical,cotton,GEO,exp_cottonapparel_woven,GEO|exp_cottonapparel_woven,0.11033239289643092,1,949.9028,1998-2002,2008-2012,5b9205cf38a28fe9094dc2a33d9942a79befcdf8d7150a77c88818bcb3a4eb5c,9704b972d3c33904afcb818f87ccd461d988fd30910e9788031d4176df032cd0,3f504e0bc00e47e2d3674e97ef03bed09c060383c94ac723bd7c7c9e56fa4a85
historical,cotton,GEO,exp_cottonfabric,GEO|exp_cottonfabric,0.08954542298760816,1,170.82,1998-2002,2008-2012,5b9205cf38a28fe9094dc2a33d9942a79befcdf8d7150a77c88818bcb3a4eb5c,9704b972d3c33904afcb818f87ccd461d988fd30910e9788031d4176df032cd0,3f504e0bc00e47e2d3674e97ef03bed09c060383c94ac723bd7c7c9e56fa4a85
historical,cotton,GEO,exp_cottonhomewares,GEO|exp_cottonhomewares,0.10692218849965154,0,0.0,1998-2002,2008-2012,5b9205cf38a28fe9094dc2a33d9942a79befcdf8d7150a77c88818bcb3a4eb5c,9704b972d3c33904afcb818f87ccd461d988fd30910e9788031d4176df032cd0,3f504e0bc00e47e2d3674e97ef03bed09c060383c94ac723bd7c7c9e56fa4a85
historical,cotton,GEO,exp_cottonknitfabric,GEO|exp_cottonknitfabric,0.09310023442955681,0,0.0,1998-2002,2008-2012,5b9205cf38a28fe9094dc2a33d9942a79befcdf8d7150a77c88818bcb3a4eb5c,9704b972d3c33904afcb818f87ccd461d988fd30910e9788031d4176df032cd0,3f504e0bc00e47e2d3674e97ef03bed09c060383c94ac723bd7c7c9e56fa4a85
historical,cotton,GEO,exp_cottonsewthread,GEO|exp_cottonsewthread,0.10989951259278623,0,0.0,1998-2002,2008-2012,5b9205cf38a28fe9094dc2a33d9942a79befcdf8d7150a77c88818bcb3a4eb5c,9704b972d3c33904afcb818f87ccd461d988fd30910e9788031d4176df032cd0,3f504e0bc00e47e2d3674e97ef03bed09c060383c94ac723bd7c7c9e56fa4a85
historical,cotton,GEO,exp_cottonyarn,GEO|exp_cottonyarn,0.09369164933159752,0,0.0,1998-2002,2008-2012,5b9205cf38a28fe9094dc2a33d9942a79befcdf8d7150a77c88818bcb3a4eb5c,9704b972d3c33904afcb818f87ccd461d988fd30910e9788031d4176df032cd0,3f504e0bc00e47e2d3674e97ef03bed09c060383c94ac723bd7c7c9e56fa4a85
historical,cotton,GHA,exp_cottonhomewares,GHA|exp_cottonhomewares,0.05968412261224383,0,0.0,1998-2002,2008-2012,5b9205cf38a28fe9094dc2a33d9942a79befcdf8d7150a77c88818bcb3a4eb5c,9704b972d3c33904afcb818f87ccd461d988fd30910e9788031d4176df032cd0,3f504e0bc00e47e2d3674e97ef03bed09c060383c94ac723bd7c7c9e56fa4a85
historical,cotton,GHA,exp_cottonknitfabric,GHA|exp_cottonknitfabric,0.04630200904289717,0,0.0,1998-2002,2008-2012,5b9205cf38a28fe9094dc2a33d9942a79befcdf8d7150a77c88818bcb3a4eb5c,9704b972d3c33904afcb818f87ccd461d988fd30910e9788031d4176df032cd0,3f504e0bc00e47e2d3674e97ef03bed09c060383c94ac723bd7c7c9e56fa4a85
historical,cotton,GHA,exp_cottonsewthread,GHA|exp_cottonsewthread,0.0665539118674559,1,305.3826,1998-2002,2008-2012,5b9205cf38a28fe9094dc2a33d9942a79befcdf8d7150a77c88818bcb3a4eb5c,9704b972d3c33904afcb818f87ccd461d988fd30910e9788031d4176df032cd0,3f504e0bc00e47e2d3674e97ef03bed09c060383c94ac723bd7c7c9e56fa4a85
historical,cotton,GHA,exp_cottonyarn,GHA|exp_cottonyarn,0.05214507027089298,0,0.0,1998-2002,2008-2012,5b9205cf38a28fe9094dc2a33d9942a79befcdf8d7150a77c88818bcb3a4eb5c,9704b972d3c33904afcb818f87ccd461d988fd30910e9788031d4176df032cd0,3f504e0bc00e47e2d3674e97ef03bed09c060383c94ac723bd7c7c9e56fa4a85
historical,cotton,GIN,exp_cottonapparel_knit,GIN|exp_cottonapparel_knit,0.028516930836269556,0,0.0,1998-2002,2008-2012,5b9205cf38a28fe9094dc2a33d9942a79befcdf8d7150a77c88818bcb3a4eb5c,9704b972d3c33904afcb818f87ccd461d988fd30910e9788031d4176df032cd0,3f504e0bc00e47e2d3674e97ef03bed09c060383c94ac723bd7c7c9e56fa4a85
historical,cotton,GIN,exp_cottonapparel_woven,GIN|exp_cottonapparel_woven,0.026285855117802598,0,0.0,1998-2002,2008-2012,5b9205cf38a28fe9094dc2a33d9942a79befcdf8d7150a77c88818bcb3a4eb5c,9704b972d3c33904afcb818f87ccd461d988fd30910e9788031d4176df032cd0,3f504e0bc00e47e2d3674e97ef03bed09c060383c94ac723bd7c7c9e56fa4a85
historical,cotton,GIN,exp_cottonfabric,GIN|exp_cottonfabric,0.01597011749089613,1,222.8776,1998-2002,2008-2012,5b9205cf38a28fe9094dc2a33d9942a79befcdf8d7150a77c88818bcb3a4eb5c,9704b972d3c33904afcb818f87ccd461d988fd30910e9788031d4176df032cd0,3f504e0bc00e47e2d3674e97ef03bed09c060383c94ac723bd7c7c9e56fa4a85
historical,cotton,GIN,exp_cottonhomewares,GIN|exp_cottonhomewares,0.01909362916277449,0,0.0,1998-2002,2008-2012,5b9205cf38a28fe9094dc2a33d9942a79befcdf8d7150a77c88818bcb3a4eb5c,9704b972d3c33904afcb818f87ccd461d988fd30910e9788031d4176df032cd0,3f504e0bc00e47e2d3674e97ef03bed09c060383c94ac723bd7c7c9e56fa4a85
historical,cotton,GIN,exp_cottonknitfabric,GIN|exp_cottonknitfabric,0.01586300451474109,0,0.0,1998-2002,2008-2012,5b9205cf38a28fe9094dc2a33d9942a79befcdf8d7150a77c88818bcb3a4eb5c,9704b972d3c33904afcb818f87ccd461d988fd30910e9788031d4176df032cd0,3f504e0bc00e47e2d3674e97ef03bed09c060383c94ac723bd7c7c9e56fa4a85
historical,cotton,GIN,exp_cottonsewthread,GIN|exp_cottonsewthread,0.02425123169588166,0,0.0,1998-2002,2008-2012,5b9205cf38a28fe9094dc2a33d9942a79befcdf8d7150a77c88818bcb3a4eb5c,9704b972d3c33904afcb818f87ccd461d988fd30910e9788031d4176df032cd0,3f504e0bc00e47e2d3674e97ef03bed09c060383c94ac723bd7c7c9e56fa4a85
historical,cotton,GMB,exp_cottonapparel_knit,GMB|exp_cottonapparel_knit,0.09280783435779105,0,0.0,1998-2002,2008-2012,5b9205cf38a28fe9094dc2a33d9942a79befcdf8d7150a77c88818bcb3a4eb5c,9704b972d3c33904afcb818f87ccd461d988fd30910e9788031d4176df032cd0,3f504e0bc00e47e2d3674e97ef03bed09c060383c94ac723bd7c7c9e56fa4a85
historical,cotton,GMB,exp_cottonapparel_woven,GMB|exp_cottonapparel_woven,0.08875972007373863,0,0.0,1998-2002,2008-2012,5b9205cf38a28fe9094dc2a33d9942a79befcdf8d7150a77c88818bcb3a4eb5c,9704b972d3c33904afcb818f87ccd461d988fd30910e9788031d4176df032cd0,3f504e0bc00e47e2d3674e97ef03bed09c060383c94ac723bd7c7c9e56fa4a85
historical,cotton,GMB,exp_cottonhomewares,GMB|exp_cottonhomewares,0.07814225078920163,0,0.0,1998-2002,2008-2012,5b9205cf38a28fe9094dc2a33d9942a79befcdf8d7150a77c88818bcb3a4eb5c,9704b972d3c33904afcb818f87ccd461d988fd30910e9788031d4176df032cd0,3f504e0bc00e47e2d3674e97ef03bed09c060383c94ac723bd7c7c9e56fa4a85
historical,cotton,GMB,exp_cottonknitfabric,GMB|exp_cottonknitfabric,0.07435868949294681,0,0.0,1998-2002,2008-2012,5b9205cf38a28fe9094dc2a33d9942a79befcdf8d7150a77c88818bcb3a4eb5c,9704b972d3c33904afcb818f87ccd461d988fd30910e9788031d4176df032cd0,3f504e0bc00e47e2d3674e97ef03bed09c060383c94ac723bd7c7c9e56fa4a85
historical,cotton,GMB,exp_cottonsewthread,GMB|exp_cottonsewthread,0.08712924374969673,0,0.0,1998-2002,2008-2012,5b9205cf38a28fe9094dc2a33d9942a79befcdf8d7150a77c88818bcb3a4eb5c,9704b972d3c33904afcb818f87ccd461d988fd30910e9788031d4176df032cd0,3f504e0bc00e47e2d3674e97ef03bed09c060383c94ac723bd7c7c9e56fa4a85
historical,cotton,GMB,exp_cottonyarn,GMB|exp_cottonyarn,0.07564648066376928,0,0.0,1998-2002,2008-2012,5b9205cf38a28fe9094dc2a33d9942a79befcdf8d7150a77c88818bcb3a4eb5c,9704b972d3c33904afcb818f87ccd461d988fd30910e9788031d4176df032cd0,3f504e0bc00e47e2d3674e97ef03bed09c060383c94ac723bd7c7c9e56fa4a85
historical,cotton,GNB,exp_cottonapparel_knit,GNB|exp_cottonapparel_knit,0.019719713787550896,0,0.0,1998-2002,2008-2012,5b9205cf38a28fe9094dc2a33d9942a79befcdf8d7150a77c88818bcb3a4eb5c,9704b972d3c33904afcb818f87ccd461d988fd30910e9788031d4176df032cd0,3f504e0bc00e47e2d3674e97ef03bed09c060383c94ac723bd7c7c9e56fa4a85
historical,cotton,GNB,exp_cottonapparel_woven,GNB|exp_cottonapparel_woven,0.018249081319797737,0,0.0,1998-2002,2008-2012,5b9205cf38a28fe9094dc2a33d9942a79befcdf8d7150a77c88818bcb3a4eb5c,9704b972d3c33904afcb818f87ccd461d988fd30910e9788031d4176df032cd0,3f504e0bc00e47e2d3674e97ef03bed09c060383c94ac723bd7c7c9e56fa4a85
historical,cotton,GNB,exp_cottonfabric,GNB|exp_cottonfabric,0.011543414965380961,0,0.0,1998-2002,2008-2012,5b9205cf38a28fe9094dc2a33d9942a79befcdf8d7150a77c88818bcb3a4eb5c,9704b972d3c33904afcb818f87ccd461d988fd30910e9788031d4176df032cd0,3f504e0bc00e47e2d3674e97ef03bed09c060383c94ac723bd7c7c9e56fa4a85
historical,cotton,GNB,exp_cottonhomewares,GNB|exp_cottonhomewares,0.013238058137598235,0,0.0,1998-2002,2008-2012,5b9205cf38a28fe9094dc2a33d9942a79befcdf8d7150a77c88818bcb3a4eb5c,9704b972d3c33904afcb818f87ccd461d988fd30910e9788031d4176df032cd0,3f504e0bc00e47e2d3674e97ef03bed09c060383c94ac723bd7c7c9e56fa4a85
historical,cotton,GNB,exp_cottonknitfabric,GNB|exp_cottonknitfabric,0.011338975931022647,0,0.0,1998-2002,2008-2012,5b9205cf38a28fe9094dc2a33d9942a79befcdf8d7150a77c88818bcb3a4eb5c,9704b972d3c33904afcb818f87ccd461d988fd30910e9788031d4176df032cd0,3f504e0bc00e47e2d3674e97ef03bed09c060383c94ac723bd7c7c9e56fa4a85
historical,cotton,GNB,exp_cottonsewthread,GNB|exp_cottonsewthread,0.017292677805726086,0,0.0,1998-2002,2008-2012,5b9205cf38a28fe9094dc2a33d9942a79befcdf8d7150a77c88818bcb3a4eb5c,9704b972d3c33904afcb818f87ccd461d988fd30910e9788031d4176df032cd0,3f504e0bc00e47e2d3674e97ef03bed09c060383c94ac723bd7c7c9e56fa4a85
historical,cotton,GNB,exp_cottonyarn,GNB|exp_cottonyarn,0.01237722636511824,0,0.0,1998-2002,2008-2012,5b9205cf38a28fe9094dc2a33d9942a79befcdf8d7150a77c88818bcb3a4eb5c,9704b972d3c33904afcb818f87ccd461d988fd30910e9788031d4176df032cd0,3f504e0bc00e47e2d3674e97ef03bed09c060383c94ac723bd7c7c9e56fa4a85
historical,cotton,GUM,exp_cottonapparel_knit,GUM|exp_cottonapparel_knit,0.04250145818811645,0,0.0,1998-2002,2008-2012,5b9205cf38a28fe9094dc2a33d9942a79befcdf8d7150a77c88818bcb3a4eb5c,9704b972d3c33904afcb818f87ccd461d988fd30910e9788031d4176df032cd0,3f504e0bc00e47e2d3674e97ef03bed09c060383c94ac723bd7c7c9e56fa4a85
historical,cotton,HND,exp_cottonsewthread,HND|exp_cottonsewthread,0.16259771089867478,1,665.3176,1998-2002,2008-2012,5b9205cf38a28fe9094dc2a33d9942a79befcdf8d7150a77c88818bcb3a4eb5c,9704b972d3c33904afcb818f87ccd461d988fd30910e9788031d4176df032cd0,3f504e0bc00e47e2d3674e97ef03bed09c060383c94ac723bd7c7c9e56fa4a85
historical,cotton,JAM,exp_cottonfabric,JAM|exp_cottonfabric,0.05030859400854062,0,0.0,1998-2002,2008-2012,5b9205cf38a28fe9094dc2a33d9942a79befcdf8d7150a77c88818bcb3a4eb5c,9704b972d3c33904afcb818f87ccd461d988fd30910e9788031d4176df032cd0,3f504e0bc00e47e2d3674e97ef03bed09c060383c94ac723bd7c7c9e56fa4a85
historical,cotton,JAM,exp_cottonhomewares,JAM|exp_cottonhomewares,0.07469654697638685,0,0.0,1998-2002,2008-2012,5b9205cf38a28fe9094dc2a33d9942a79befcdf8d7150a77c88818bcb3a4eb5c,9704b972d3c33904afcb818f87ccd461d988fd30910e9788031d4176df032cd0,3f504e0bc00e47e2d3674e97ef03bed09c060383c94ac723bd7c7c9e56fa4a85
historical,cotton,JAM,exp_cottonknitfabric,JAM|exp_cottonknitfabric,0.05680708933068842,0,0.0,1998-2002,2008-2012,5b9205cf38a28fe9094dc2a33d9942a79befcdf8d7150a77c88818bcb3a4eb5c,9704b972d3c33904afcb818f87ccd461d988fd30910e9788031d4176df032cd0,3f504e0bc00e47e2d3674e97ef03bed09c060383c94ac723bd7c7c9e56fa4a85
historical,cotton,JAM,exp_cottonsewthread,JAM|exp_cottonsewthread,0.07628938468756653,0,0.0,1998-2002,2008-2012,5b9205cf38a28fe9094dc2a33d9942a79befcdf8d7150a77c88818bcb3a4eb5c,9704b972d3c33904afcb818f87ccd461d988fd30910e9788031d4176df032cd0,3f504e0bc00e47e2d3674e97ef03bed09c060383c94ac723bd7c7c9e56fa4a85
historical,cotton,JAM,exp_cottonyarn,JAM|exp_cottonyarn,0.053868605173652204,0,0.0,1998-2002,2008-2012,5b9205cf38a28fe9094dc2a33d9942a79befcdf8d7150a77c88818bcb3a4eb5c,9704b972d3c33904afcb818f87ccd461d988fd30910e9788031d4176df032cd0,3f504e0bc00e47e2d3674e97ef03bed09c060383c94ac723bd7c7c9e56fa4a85
historical,cotton,JOR,exp_cottonhomewares,JOR|exp_cottonhomewares,0.18685427212008,1,14446.5826,1998-2002,2008-2012,5b9205cf38a28fe9094dc2a33d9942a79befcdf8d7150a77c88818bcb3a4eb5c,9704b972d3c33904afcb818f87ccd461d988fd30910e9788031d4176df032cd0,3f504e0bc00e47e2d3674e97ef03bed09c060383c94ac723bd7c7c9e56fa4a85
historical,cotton,KAZ,exp_cottonapparel_woven,KAZ|exp_cottonapparel_woven,0.0533165687906464,1,740.4580000000002,1998-2002,2008-2012,5b9205cf38a28fe9094dc2a33d9942a79befcdf8d7150a77c88818bcb3a4eb5c,9704b972d3c33904afcb818f87ccd461d988fd30910e9788031d4176df032cd0,3f504e0bc00e47e2d3674e97ef03bed09c060383c94ac723bd7c7c9e56fa4a85
historical,cotton,KAZ,exp_cottonhomewares,KAZ|exp_cottonhomewares,0.05539728488920895,1,651.7360000000001,1998-2002,2008-2012,5b9205cf38a28fe9094dc2a33d9942a79befcdf8d7150a77c88818bcb3a4eb5c,9704b972d3c33904afcb818f87ccd461d988fd30910e9788031d4176df032cd0,3f504e0bc00e47e2d3674e97ef03bed09c060383c94ac723bd7c7c9e56fa4a85
historical,cotton,KAZ,exp_cottonknitfabric,KAZ|exp_cottonknitfabric,0.04649436829836767,0,0.0,1998-2002,2008-2012,5b9205cf38a28fe9094dc2a33d9942a79befcdf8d7150a77c88818bcb3a4eb5c,9704b972d3c33904afcb818f87ccd461d988fd30910e9788031d4176df032cd0,3f504e0bc00e47e2d3674e97ef03bed09c060383c94ac723bd7c7c9e56fa4a85
historical,cotton,KAZ,exp_cottonsewthread,KAZ|exp_cottonsewthread,0.05521126738703056,0,0.0,1998-2002,2008-2012,5b9205cf38a28fe9094dc2a33d9942a79befcdf8d7150a77c88818bcb3a4eb5c,9704b972d3c33904afcb818f87ccd461d988fd30910e9788031d4176df032cd0,3f504e0bc00e47e2d3674e97ef03bed09c060383c94ac723bd7c7c9e56fa4a85
historical,cotton,KAZ,exp_cottonyarn,KAZ|exp_cottonyarn,0.05111685818979643,1,9102.0792,1998-2002,2008-2012,5b9205cf38a28fe9094dc2a33d9942a79befcdf8d7150a77c88818bcb3a4eb5c,9704b972d3c33904afcb818f87ccd461d988fd30910e9788031d4176df032cd0,3f504e0bc00e47e2d3674e97ef03bed09c060383c94ac723bd7c7c9e56fa4a85
historical,cotton,KEN,exp_cottonhomewares,KEN|exp_cottonhomewares,0.1876558125296345,1,282.16299999999995,1998-2002,2008-2012,5b9205cf38a28fe9094dc2a33d9942a79befcdf8d7150a77c88818bcb3a4eb5c,9704b972d3c33904afcb818f87ccd461d988fd30910e9788031d4176df032cd0,3f504e0bc00e47e2d3674e97ef03bed09c060383c94ac723bd7c7c9e56fa4a85
historical,cotton,KEN,exp_cottonknitfabric,KEN|exp_cottonknitfabric,0.16031805917008202,0,0.0,1998-2002,2008-2012,5b9205cf38a28fe9094dc2a33d9942a79befcdf8d7150a77c88818bcb3a4eb5c,9704b972d3c33904afcb818f87ccd461d988fd30910e9788031d4176df032cd0,3f504e0bc00e47e2d3674e97ef03bed09c060383c94ac723bd7c7c9e56fa4a85
historical,cotton,KEN,exp_cottonsewthread,KEN|exp_cottonsewthread,0.2038901401741843,0,0.0,1998-2002,2008-2012,5b9205cf38a28fe9094dc2a33d9942a79befcdf8d7150a77c88818bcb3a4eb5c,9704b972d3c33904afcb818f87ccd461d988fd30910e9788031d4176df032cd0,3f504e0bc00e47e2d3674e97ef03bed09c060383c94ac723bd7c7c9e56fa4a85
historical,cotton,KGZ,exp_cottonknitfabric,KGZ|exp_cottonknitfabric,0.10583477092291768,0,0.0,1998-2002,2008-2012,5b9205cf38a28fe9094dc2a33d9942a79befcdf8d7150a77c88818bcb3a4eb5c,9704b972d3c33904afcb818f87ccd461d988fd30910e9788031d4176df032cd0,3f504e0bc00e47e2d3674e97ef03bed09c060383c94ac723bd7c7c9e56fa4a85
historical,cotton,KGZ,exp_cottonsewthread,KGZ|exp_cottonsewthread,0.12637678256651474,0,0.0,1998-2002,2008-2012,5b9205cf38a28fe9094dc2a33d9942a79befcdf8d7150a77c88818bcb3a4eb5c,9704b972d3c33904afcb818f87ccd461d988fd30910e9788031d4176df032cd0,3f504e0bc00e47e2d3674e97ef03bed09c060383c94ac723bd7c7c9e56fa4a85
historical,cotton,KWT,exp_cottonfabric,KWT|exp_cottonfabric,0.01107310252511221,1,545.3044,1998-2002,2008-2012,5b9205cf38a28fe9094dc2a33d9942a79befcdf8d7150a77c88818bcb3a4eb5c,9704b972d3c33904afcb818f87ccd461d988fd30910e9788031d4176df032cd0,3f504e0bc00e47e2d3674e97ef03bed09c060383c94ac723bd7c7c9e56fa4a85
historical,cotton,KWT,exp_cottonknitfabric,KWT|exp_cottonknitfabric,0.010932600529415755,0,0.0,1998-2002,2008-2012,5b9205cf38a28fe9094dc2a33d9942a79befcdf8d7150a77c88818bcb3a4eb5c,9704b972d3c33904afcb818f87ccd461d988fd30910e9788031d4176df032cd0,3f504e0bc00e47e2d3674e97ef03bed09c060383c94ac723bd7c7c9e56fa4a85
historical,cotton,KWT,exp_cottonsewthread,KWT|exp_cottonsewthread,0.015359171059959154,0,0.0,1998-2002,2008-2012,5b9205cf38a28fe9094dc2a33d9942a79befcdf8d7150a77c88818bcb3a4eb5c,9704b972d3c33904afcb818f87ccd461d988fd30910e9788031d4176df032cd0,3f504e0bc00e47e2d3674e97ef03bed09c060383c94ac723bd7c7c9e56fa4a85
historical,cotton,KWT,exp_cottonyarn,KWT|exp_cottonyarn,0.011653857152100678,0,0.0,1998-2002,2008-2012,5b9205cf38a28fe9094dc2a33d9942a79befcdf8d7150a77c88818bcb3a4eb5c,9704b972d3c33904afcb818f87ccd461d988fd30910e9788031d4176df032cd0,3f504e0bc00e47e2d3674e97ef03bed09c060383c94ac723bd7c7c9e56fa4a85
historical,cotton,LAO,exp_cottonhomewares,LAO|exp_cottonhomewares,0.08640661554655367,1,414.0838,1998-2002,2008-2012,5b9205cf38a28fe9094dc2a33d9942a79befcdf8d7150a77c88818bcb3a4eb5c,9704b972d3c33904afcb818f87ccd461d988fd30910e9788031d4176df032cd0,3f504e0bc00e47e2d3674e97ef03bed09c060383c94ac723bd7c7c9e56fa4a85
historical,cotton,LBN,exp_cottonknitfabric,LBN|exp_cottonknitfabric,0.23018185635466912,0,0.0,1998-2002,2008-2012,5b9205cf38a28fe9094dc2a33d9942a79befcdf8d7150a77c88818bcb3a4eb5c,9704b972d3c33904afcb818f87ccd461d988fd30910e9788031d4176df032cd0,3f504e0bc00e47e2d3674e97ef03bed09c060383c94ac723bd7c7c9e56fa4a85
historical,cotton,LBR,exp_cottonapparel_knit,LBR|exp_cottonapparel_knit,0.014090006363793267,0,0.0,1998-2002,2008-2012,5b9205cf38a28fe9094dc2a33d9942a79befcdf8d7150a77c88818bcb3a4eb5c,9704b972d3c33904afcb818f87ccd461d988fd30910e9788031d4176df032cd0,3f504e0bc00e47e2d3674e97ef03bed09c060383c94ac723bd7c7c9e56fa4a85
historical,cotton,LBR,exp_cottonfabric,LBR|exp_cottonfabric,0.009887144570714056,0,0.0,1998-2002,2008-2012,5b9205cf38a28fe9094dc2a33d9942a79befcdf8d7150a77c88818bcb3a4eb5c,9704b972d3c33904afcb818f87ccd461d988fd30910e9788031d4176df032cd0,3f504e0bc00e47e2d3674e97ef03bed09c060383c94ac723bd7c7c9e56fa4a85
historical,cotton,LBR,exp_cottonhomewares,LBR|exp_cottonhomewares,0.011713420233548941,0,0.0,1998-2002,2008-2012,5b9205cf38a28fe9094dc2a33d9942a79befcdf8d7150a77c88818bcb3a4eb5c,9704b972d3c33904afcb818f87ccd461d988fd30910e9788031d4176df032cd0,3f504e0bc00e47e2d3674e97ef03bed09c060383c94ac723bd7c7c9e56fa4a85
historical,cotton,LBR,exp_cottonknitfabric,LBR|exp_cottonknitfabric,0.009763715403597452,0,0.0,1998-2002,2008-2012,5b9205cf38a28fe9094dc2a33d9942a79befcdf8d7150a77c88818bcb3a4eb5c,9704b972d3c33904afcb818f87ccd461d988fd30910e9788031d4176df032cd0,3f504e0bc00e47e2d3674e97ef03bed09c060383c94ac723bd7c7c9e56fa4a85
historical,cotton,LBR,exp_cottonsewthread,LBR|exp_cottonsewthread,0.01291506772509794,0,0.0,1998-2002,2008-2012,5b9205cf38a28fe9094dc2a33d9942a79befcdf8d7150a77c88818bcb3a4eb5c,9704b972d3c33904afcb818f87ccd461d988fd30910e9788031d4176df032cd0,3f504e0bc00e47e2d3674e97ef03bed09c060383c94ac723bd7c7c9e56fa4a85
historical,cotton,LBR,exp_cottonyarn,LBR|exp_cottonyarn,0.010160907513581858,0,0.0,1998-2002,2008-2012,5b9205cf38a28fe9094dc2a33d9942a79befcdf8d7150a77c88818bcb3a4eb5c,9704b972d3c33904afcb818f87ccd461d988fd30910e9788031d4176df032cd0,3f504e0bc00e47e2d3674e97ef03bed09c060383c94ac723bd7c7c9e56fa4a85
historical,cotton,LKA,exp_cottonsewthread,LKA|exp_cottonsewthread,0.2358360935422659,0,0.0,1998-2002,2008-2012,5b9205cf38a28fe9094dc2a33d9942a79befcdf8d7150a77c88818bcb3a4eb5c,9704b972d3c33904afcb818f87ccd461d988fd30910e9788031d4176df032cd0,3f504e0bc00e47e2d3674e97ef03bed09c060383c94ac723bd7c7c9e56fa4a85
historical,cotton,LSO,exp_cottonhomewares,LSO|exp_cottonhomewares,0.08747916432612045,0,0.0,1998-2002,2008-2012,5b9205cf38a28fe9094dc2a33d9942a79befcdf8d7150a77c88818bcb3a4eb5c,9704b972d3c33904afcb818f87ccd461d988fd30910e9788031d4176df032cd0,3f504e0bc00e47e2d3674e97ef03bed09c060383c94ac723bd7c7c9e56fa4a85
historical,cotton,LTU,exp_cottonsewthread,LTU|exp_cottonsewthread,0.24156165881766353,0,0.0,1998-2002,2008-2012,5b9205cf38a28fe9094dc2a33d9942a79befcdf8d7150a77c88818bcb3a4eb5c,9704b972d3c33904afcb818f87ccd461d988fd30910e9788031d4176df032cd0,3f504e0bc00e47e2d3674e97ef03bed09c060383c94ac723bd7c7c9e56fa4a85
historical,cotton,LVA,exp_cottonsewthread,LVA|exp_cottonsewthread,0.20912691502630468,1,222.1682,1998-2002,2008-2012,5b9205cf38a28fe9094dc2a33d9942a79befcdf8d7150a77c88818bcb3a4eb5c,9704b972d3c33904afcb818f87ccd461d988fd30910e9788031d4176df032cd0,3f504e0bc00e47e2d3674e97ef03bed09c060383c94ac723bd7c7c9e56fa4a85
historical,cotton,MAC,exp_cottonhomewares,MAC|exp_cottonhomewares,0.1771065824272328,0,0.0,1998-2002,2008-2012,5b9205cf38a28fe9094dc2a33d9942a79befcdf8d7150a77c88818bcb3a4eb5c,9704b972d3c33904afcb818f87ccd461d988fd30910e9788031d4176df032cd0,3f504e0bc00e47e2d3674e97ef03bed09c060383c94ac723bd7c7c9e56fa4a85
historical,cotton,MDA,exp_cottonknitfabric,MDA|exp_cottonknitfabric,0.16673628498911322,1,4974.8208,1998-2002,2008-2012,5b9205cf38a28fe9094dc2a33d9942a79befcdf8d7150a77c88818bcb3a4eb5c,9704b972d3c33904afcb818f87ccd461d988fd30910e9788031d4176df032cd0,3f504e0bc00e47e2d3674e97ef03bed09c060383c94ac723bd7c7c9e56fa4a85
historical,cotton,MDA,exp_cottonsewthread,MDA|exp_cottonsewthread,0.19006147469606025,0,0.0,1998-2002,2008-2012,5b9205cf38a28fe9094dc2a33d9942a79befcdf8d7150a77c88818bcb3a4eb5c,9704b972d3c33904afcb818f87ccd461d988fd30910e9788031d4176df032cd0,3f504e0bc00e47e2d3674e97ef03bed09c060383c94ac723bd7c7c9e56fa4a85
historical,cotton,MDA,exp_cottonyarn,MDA|exp_cottonyarn,0.15616573188941157,1,701.8499999999999,1998-2002,2008-2012,5b9205cf38a28fe9094dc2a33d9942a79befcdf8d7150a77c88818bcb3a4eb5c,9704b972d3c33904afcb818f87ccd461d988fd30910e9788031d4176df032cd0,3f504e0bc00e47e2d3674e97ef03bed09c060383c94ac723bd7c7c9e56fa4a85
historical,cotton,MLI,exp_cottonapparel_knit,MLI|exp_cottonapparel_knit,0.05386153311460391,0,0.0,1998-2002,2008-2012,5b9205cf38a28fe9094dc2a33d9942a79befcdf8d7150a77c88818bcb3a4eb5c,9704b972d3c33904afcb818f87ccd461d988fd30910e9788031d4176df032cd0,3f504e0bc00e47e2d3674e97ef03bed09c060383c94ac723bd7c7c9e56fa4a85
historical,cotton,MLI,exp_cottonapparel_woven,MLI|exp_cottonapparel_woven,0.051699626864228486,0,0.0,1998-2002,2008-2012,5b9205cf38a28fe9094dc2a33d9942a79befcdf8d7150a77c88818bcb3a4eb5c,9704b972d3c33904afcb818f87ccd461d988fd30910e9788031d4176df032cd0,3f504e0bc00e47e2d3674e97ef03bed09c060383c94ac723bd7c7c9e56fa4a85
historical,cotton,MLI,exp_cottonhomewares,MLI|exp_cottonhomewares,0.042938792770933924,0,0.0,1998-2002,2008-2012,5b9205cf38a28fe9094dc2a33d9942a79befcdf8d7150a77c88818bcb3a4eb5c,9704b972d3c33904afcb818f87ccd461d988fd30910e9788031d4176df032cd0,3f504e0bc00e47e2d3674e97ef03bed09c060383c94ac723bd7c7c9e56fa4a85
historical,cotton,MLI,exp_cottonknitfabric,MLI|exp_cottonknitfabric,0.0383609443868651,0,0.0,1998-2002,2008-2012,5b9205cf38a28fe9094dc2a33d9942a79befcdf8d7150a77c88818bcb3a4eb5c,9704b972d3c33904afcb818f87ccd461d988fd30910e9788031d4176df032cd0,3f504e0bc00e47e2d3674e97ef03bed09c060383c94ac723bd7c7c9e56fa4a85
historical,cotton,MLT,exp_cottonhomewares,MLT|exp_cottonhomewares,0.07285584530517247,0,0.0,1998-2002,2008-2012,5b9205cf38a28fe9094dc2a33d9942a79befcdf8d7150a77c88818bcb3a4eb5c,9704b972d3c33904afcb818f87ccd461d988fd30910e9788031d4176df032cd0,3f504e0bc00e47e2d3674e97ef03bed09c060383c94ac723bd7c7c9e56fa4a85
historical,cotton,MMR,exp_cottonknitfabric,MMR|exp_cottonknitfabric,0.0944719139851451,0,0.0,1998-2002,2008-2012,5b9205cf38a28fe9094dc2a33d9942a79befcdf8d7150a77c88818bcb3a4eb5c,9704b972d3c33904afcb818f87ccd461d988fd30910e9788031d4176df032cd0,3f504e0bc00e47e2d3674e97ef03bed09c060383c94ac723bd7c7c9e56fa4a85
historical,cotton,MMR,exp_cottonsewthread,MMR|exp_cottonsewthread,0.12270568945463288,0,0.0,1998-2002,2008-2012,5b9205cf38a28fe9094dc2a33d9942a79befcdf8d7150a77c88818bcb3a4eb5c,9704b972d3c33904afcb818f87ccd461d988fd30910e9788031d4176df032cd0,3f504e0bc00e47e2d3674e97ef03bed09c060383c94ac723bd7c7c9e56fa4a85
historical,cotton,MMR,exp_cottonyarn,MMR|exp_cottonyarn,0.09444571510848664,1,481.38319999999993,1998-2002,2008-2012,5b9205cf38a28fe9094dc2a33d9942a79befcdf8d7150a77c88818bcb3a4eb5c,9704b972d3c33904afcb818f87ccd461d988fd30910e9788031d4176df032cd0,3f504e0bc00e47e2d3674e97ef03bed09c060383c94ac723bd7c7c9e56fa4a85
historical,cotton,MOZ,exp_cottonhomewares,MOZ|exp_cottonhomewares,0.0641207649182248,0,0.0,1998-2002,2008-2012,5b9205cf38a28fe9094dc2a33d9942a79befcdf8d7150a77c88818bcb3a4eb5c,9704b972d3c33904afcb818f87ccd461d988fd30910e9788031d4176df032cd0,3f504e0bc00e47e2d3674e97ef03bed09c060383c94ac723bd7c7c9e56fa4a85
historical,cotton,MOZ,exp_cottonknitfabric,MOZ|exp_cottonknitfabric,0.0513991341221319,0,0.0,1998-2002,2008-2012,5b9205cf38a28fe9094dc2a33d9942a79befcdf8d7150a77c88818bcb3a4eb5c,9704b972d3c33904afcb818f87ccd461d988fd30910e9788031d4176df032cd0,3f504e0bc00e47e2d3674e97ef03bed09c060383c94ac723bd7c7c9e56fa4a85
historical,cotton,MOZ,exp_cottonsewthread,MOZ|exp_cottonsewthread,0.0700907119895988,0,0.0,1998-2002,2008-2012,5b9205cf38a28fe9094dc2a33d9942a79befcdf8d7150a77c88818bcb3a4eb5c,9704b972d3c33904afcb818f87ccd461d988fd30910e9788031d4176df032cd0,3f504e0bc00e47e2d3674e97ef03bed09c060383c94ac723bd7c7c9e56fa4a85
historical,cotton,MOZ,exp_cottonyarn,MOZ|exp_cottonyarn,0.056160920867204506,1,461.5974,1998-2002,2008-2012,5b9205cf38a28fe9094dc2a33d9942a79befcdf8d7150a77c88818bcb3a4eb5c,9704b972d3c33904afcb818f87ccd461d988fd30910e9788031d4176df032cd0,3f504e0bc00e47e2d3674e97ef03bed09c060383c94ac723bd7c7c9e56fa4a85
historical,cotton,MWI,exp_cottonknitfabric,MWI|exp_cottonknitfabric,0.07458924211246644,0,0.0,1998-2002,2008-2012,5b9205cf38a28fe9094dc2a33d9942a79befcdf8d7150a77c88818bcb3a4eb5c,9704b972d3c33904afcb818f87ccd461d988fd30910e9788031d4176df032cd0,3f504e0bc00e47e2d3674e97ef03bed09c060383c94ac723bd7c7c9e56fa4a85
historical,cotton,MWI,exp_cottonsewthread,MWI|exp_cottonsewthread,0.09910578355088824,1,120.2392,1998-2002,2008-2012,5b9205cf38a28fe9094dc2a33d9942a79befcdf8d7150a77c88818bcb3a4eb5c,9704b972d3c33904afcb818f87ccd461d988fd30910e9788031d4176df032cd0,3f504e0bc00e47e2d3674e97ef03bed09c060383c94ac723bd7c7c9e56fa4a85
historical,cotton,MWI,exp_cottonyarn,MWI|exp_cottonyarn,0.0772759747703773,1,116.2472,1998-2002,2008-2012,5b9205cf38a28fe9094dc2a33d9942a79befcdf8d7150a77c88818bcb3a4eb5c,9704b972d3c33904afcb818f87ccd461d988fd30910e9788031d4176df032cd0,3f504e0bc00e47e2d3674e97ef03bed09c060383c94ac723bd7c7c9e56fa4a85
historical,cotton,NAM,exp_cottonapparel_woven,NAM|exp_cottonapparel_woven,0.09845407488531328,1,283.6428,1998-2002,2008-2012,5b9205cf38a28fe9094dc2a33d9942a79befcdf8d7150a77c88818bcb3a4eb5c,9704b972d3c33904afcb818f87ccd461d988fd30910e9788031d4176df032cd0,3f504e0bc00e47e2d3674e97ef03bed09c060383c94ac723bd7c7c9e56fa4a85
historical,cotton,NAM,exp_cottonfabric,NAM|exp_cottonfabric,0.06662258323647471,1,113.2626,1998-2002,2008-2012,5b9205cf38a28fe9094dc2a33d9942a79befcdf8d7150a77c88818bcb3a4eb5c,9704b972d3c33904afcb818f87ccd461d988fd30910e9788031d4176df032cd0,3f504e0bc00e47e2d3674e97ef03bed09c060383c94ac723bd7c7c9e56fa4a85
historical,cotton,NAM,exp_cottonhomewares,NAM|exp_cottonhomewares,0.08363443846832018,1,921.7486,1998-2002,2008-2012,5b9205cf38a28fe9094dc2a33d9942a79befcdf8d7150a77c88818bcb3a4eb5c,9704b972d3c33904afcb818f87ccd461d988fd30910e9788031d4176df032cd0,3f504e0bc00e47e2d3674e97ef03bed09c060383c94ac723bd7c7c9e56fa4a85
historical,cotton,NAM,exp_cottonknitfabric,NAM|exp_cottonknitfabric,0.07014379914745761,0,0.0,1998-2002,2008-2012,5b9205cf38a28fe9094dc2a33d9942a79befcdf8d7150a77c88818bcb3a4eb5c,9704b972d3c33904afcb818f87ccd461d988fd30910e9788031d4176df032cd0,3f504e0bc00e47e2d3674e97ef03bed09c060383c94ac723bd7c7c9e56fa4a85
historical,cotton,NAM,exp_cottonsewthread,NAM|exp_cottonsewthread,0.09211952991925855,0,0.0,1998-2002,2008-2012,5b9205cf38a28fe9094dc2a33d9942a79befcdf8d7150a77c88818bcb3a4eb5c,9704b972d3c33904afcb818f87ccd461d988fd30910e9788031d4176df032cd0,3f504e0bc00e47e2d3674e97ef03bed09c060383c94ac723bd7c7c9e56fa4a85
historical,cotton,NAM,exp_cottonyarn,NAM|exp_cottonyarn,0.07141595028678781,0,0.0,1998-2002,2008-2012,5b9205cf38a28fe9094dc2a33d9942a79befcdf8d7150a77c88818bcb3a4eb5c,9704b972d3c33904afcb818f87ccd461d988fd30910e9788031d4176df032cd0,3f504e0bc00e47e2d3674e97ef03bed09c060383c94ac723bd7c7c9e56fa4a85
historical,cotton,NER,exp_cottonapparel_knit,NER|exp_cottonapparel_knit,0.07594111428010727,0,0.0,1998-2002,2008-2012,5b9205cf38a28fe9094dc2a33d9942a79befcdf8d7150a77c88818bcb3a4eb5c,9704b972d3c33904afcb818f87ccd461d988fd30910e9788031d4176df032cd0,3f504e0bc00e47e2d3674e97ef03bed09c060383c94ac723bd7c7c9e56fa4a85
historical,cotton,NER,exp_cottonhomewares,NER|exp_cottonhomewares,0.06416300360143375,0,0.0,1998-2002,2008-2012,5b9205cf38a28fe9094dc2a33d9942a79befcdf8d7150a77c88818bcb3a4eb5c,9704b972d3c33904afcb818f87ccd461d988fd30910e9788031d4176df032cd0,3f504e0bc00e47e2d3674e97ef03bed09c060383c94ac723bd7c7c9e56fa4a85
historical,cotton,NER,exp_cottonknitfabric,NER|exp_cottonknitfabric,0.05757363903916847,0,0.0,1998-2002,2008-2012,5b9205cf38a28fe9094dc2a33d9942a79befcdf8d7150a77c88818bcb3a4eb5c,9704b972d3c33904afcb818f87ccd461d988fd30910e9788031d4176df032cd0,3f504e0bc00e47e2d3674e97ef03bed09c060383c94ac723bd7c7c9e56fa4a85
historical,cotton,NER,exp_cottonsewthread,NER|exp_cottonsewthread,0.0759027000975337,0,0.0,1998-2002,2008-2012,5b9205cf38a28fe9094dc2a33d9942a79befcdf8d7150a77c88818bcb3a4eb5c,9704b972d3c33904afcb818f87ccd461d988fd30910e9788031d4176df032cd0,3f504e0bc00e47e2d3674e97ef03bed09c060383c94ac723bd7c7c9e56fa4a85
historical,cotton,NER,exp_cottonyarn,NER|exp_cottonyarn,0.060139288546330286,0,0.0,1998-2002,2008-2012,5b9205cf38a28fe9094dc2a33d9942a79befcdf8d7150a77c88818bcb3a4eb5c,9704b972d3c33904afcb818f87ccd461d988fd30910e9788031d4176df032cd0,3f504e0bc00e47e2d3674e97ef03bed09c060383c94ac723bd7c7c9e56fa4a85
historical,cotton,NGA,exp_cottonapparel_knit,NGA|exp_cottonapparel_knit,0.025167520424866974,0,0.0,1998-2002,2008-2012,5b9205cf38a28fe9094dc2a33d9942a79befcdf8d7150a77c88818bcb3a4eb5c,9704b972d3c33904afcb818f87ccd461d988fd30910e9788031d4176df032cd0,3f504e0bc00e47e2d3674e97ef03bed09c060383c94ac723bd7c7c9e56fa4a85
historical,cotton,NGA,exp_cottonhomewares,NGA|exp_cottonhomewares,0.02039194186119018,1,164.291,1998-2002,2008-2012,5b9205cf38a28fe9094dc2a33d9942a79befcdf8d7150a77c88818bcb3a4eb5c,9704b972d3c33904afcb818f87ccd461d988fd30910e9788031d4176df032cd0,3f504e0bc00e47e2d3674e97ef03bed09c060383c94ac723bd7c7c9e56fa4a85
historical,cotton,NGA,exp_cottonsewthread,NGA|exp_cottonsewthread,0.02351128198803476,0,0.0,1998-2002,2008-2012,5b9205cf38a28fe9094dc2a33d9942a79befcdf8d7150a77c88818bcb3a4eb5c,9704b972d3c33904afcb818f87ccd461d988fd30910e9788031d4176df032cd0,3f504e0bc00e47e2d3674e97ef03bed09c060383c94ac723bd7c7c9e56fa4a85
historical,cotton,NIC,exp_cottonhomewares,NIC|exp_cottonhomewares,0.0927769646109788,1,3372.9034,1998-2002,2008-2012,5b9205cf38a28fe9094dc2a33d9942a79befcdf8d7150a77c88818bcb3a4eb5c,9704b972d3c33904afcb818f87ccd461d988fd30910e9788031d4176df032cd0,3f504e0bc00e47e2d3674e97ef03bed09c060383c94ac723bd7c7c9e56fa4a85
historical,cotton,NIC,exp_cottonknitfabric,NIC|exp_cottonknitfabric,0.06862104720733389,1,1509.2114,1998-2002,2008-2012,5b9205cf38a28fe9094dc2a33d9942a79befcdf8d7150a77c88818bcb3a4eb5c,9704b972d3c33904afcb818f87ccd461d988fd30910e9788031d4176df032cd0,3f504e0bc00e47e2d3674e97ef03bed09c060383c94ac723bd7c7c9e56fa4a85
historical,cotton,NIC,exp_cottonsewthread,NIC|exp_cottonsewthread,0.09472042783042123,0,0.0,1998-2002,2008-2012,5b9205cf38a28fe9094dc2a33d9942a79befcdf8d7150a77c88818bcb3a4eb5c,9704b972d3c33904afcb818f87ccd461d988fd30910e9788031d4176df032cd0,3f504e0bc00e47e2d3674e97ef03bed09c060383c94ac723bd7c7c9e56fa4a85
historical,cotton,NIC,exp_cottonyarn,NIC|exp_cottonyarn,0.06955384487131108,0,0.0,1998-2002,2008-2012,5b9205cf38a28fe9094dc2a33d9942a79befcdf8d7150a77c88818bcb3a4eb5c,9704b972d3c33904afcb818f87ccd461d988fd30910e9788031d4176df032cd0,3f504e0bc00e47e2d3674e97ef03bed09c060383c94ac723bd7c7c9e56fa4a85
historical,cotton,NOR,exp_cottonsewthread,NOR|exp_cottonsewthread,0.09022594627178689,0,0.0,1998-2002,2008-2012,5b9205cf38a28fe9094dc2a33d9942a79befcdf8d7150a77c88818bcb3a4eb5c,9704b972d3c33904afcb818f87ccd461d988fd30910e9788031d4176df032cd0,3f504e0bc00e47e2d3674e97ef03bed09c060383c94ac723bd7c7c9e56fa4a85
historical,cotton,NZL,exp_cottonsewthread,NZL|exp_cottonsewthread,0.16056513597184324,0,0.0,1998-2002,2008-2012,5b9205cf38a28fe9094dc2a33d9942a79befcdf8d7150a77c88818bcb3a4eb5c,9704b972d3c33904afcb818f87ccd461d988fd30910e9788031d4176df032cd0,3f504e0bc00e47e2d3674e97ef03bed09c060383c94ac723bd7c7c9e56fa4a85
historical,cotton,OMN,exp_cottonhomewares,OMN|exp_cottonhomewares,0.07042805366094526,1,261.34360000000004,1998-2002,2008-2012,5b9205cf38a28fe9094dc2a33d9942a79befcdf8d7150a77c88818bcb3a4eb5c,9704b972d3c33904afcb818f87ccd461d988fd30910e9788031d4176df032cd0,3f504e0bc00e47e2d3674e97ef03bed09c060383c94ac723bd7c7c9e56fa4a85
historical,cotton,PAN,exp_cottonknitfabric,PAN|exp_cottonknitfabric,0.21113289149878026,0,0.0,1998-2002,2008-2012,5b9205cf38a28fe9094dc2a33d9942a79befcdf8d7150a77c88818bcb3a4eb5c,9704b972d3c33904afcb818f87ccd461d988fd30910e9788031d4176df032cd0,3f504e0bc00e47e2d3674e97ef03bed09c060383c94ac723bd7c7c9e56fa4a85
historical,cotton,PAN,exp_cottonsewthread,PAN|exp_cottonsewthread,0.23188488837076793,0,0.0,1998-2002,2008-2012,5b9205cf38a28fe9094dc2a33d9942a79befcdf8d7150a77c88818bcb3a4eb5c,9704b972d3c33904afcb818f87ccd461d988fd30910e9788031d4176df032cd0,3f504e0bc00e47e2d3674e97ef03bed09c060383c94ac723bd7c7c9e56fa4a85
historical,cotton,PAN,exp_cottonyarn,PAN|exp_cottonyarn,0.20641541003165645,1,426.0374,1998-2002,2008-2012,5b9205cf38a28fe9094dc2a33d9942a79befcdf8d7150a77c88818bcb3a4eb5c,9704b972d3c33904afcb818f87ccd461d988fd30910e9788031d4176df032cd0,3f504e0bc00e47e2d3674e97ef03bed09c060383c94ac723bd7c7c9e56fa4a85
historical,cotton,PRY,exp_cottonknitfabric,PRY|exp_cottonknitfabric,0.044524590048849066,0,0.0,1998-2002,2008-2012,5b9205cf38a28fe9094dc2a33d9942a79befcdf8d7150a77c88818bcb3a4eb5c,9704b972d3c33904afcb818f87ccd461d988fd30910e9788031d4176df032cd0,3f504e0bc00e47e2d3674e97ef03bed09c060383c94ac723bd7c7c9e56fa4a85
historical,cotton,PRY,exp_cottonsewthread,PRY|exp_cottonsewthread,0.06095185411100804,0,0.0,1998-2002,2008-2012,5b9205cf38a28fe9094dc2a33d9942a79befcdf8d7150a77c88818bcb3a4eb5c,9704b972d3c33904afcb818f87ccd461d988fd30910e9788031d4176df032cd0,3f504e0bc00e47e2d3674e97ef03bed09c060383c94ac723bd7c7c9e56fa4a85
historical,cotton,PSE,exp_cottonhomewares,PSE|exp_cottonhomewares,0.088713833413909,0,0.0,1998-2002,2008-2012,5b9205cf38a28fe9094dc2a33d9942a79befcdf8d7150a77c88818bcb3a4eb5c,9704b972d3c33904afcb818f87ccd461d988fd30910e9788031d4176df032cd0,3f504e0bc00e47e2d3674e97ef03bed09c060383c94ac723bd7c7c9e56fa4a85
historical,cotton,PUS,exp_cottonapparel_woven,PUS|exp_cottonapparel_woven,0.09533823642528856,0,0.0,1998-2002,2008-2012,5b9205cf38a28fe9094dc2a33d9942a79befcdf8d7150a77c88818bcb3a4eb5c,9704b972d3c33904afcb818f87ccd461d988fd30910e9788031d4176df032cd0,3f504e0bc00e47e2d3674e97ef03bed09c060383c94ac723bd7c7c9e56fa4a85
historical,cotton,PUS,exp_cottonhomewares,PUS|exp_cottonhomewares,0.07572368908880306,0,0.0,1998-2002,2008-2012,5b9205cf38a28fe9094dc2a33d9942a79befcdf8d7150a77c88818bcb3a4eb5c,9704b972d3c33904afcb818f87ccd461d988fd30910e9788031d4176df032cd0,3f504e0bc00e47e2d3674e97ef03bed09c060383c94ac723bd7c7c9e56fa4a85
historical,cotton,PUS,exp_cottonsewthread,PUS|exp_cottonsewthread,0.08139939732672648,0,0.0,1998-2002,2008-2012,5b9205cf38a28fe9094dc2a33d9942a79befcdf8d7150a77c88818bcb3a4eb5c,9704b972d3c33904afcb818f87ccd461d988fd30910e9788031d4176df032cd0,3f504e0bc00e47e2d3674e97ef03bed09c060383c94ac723bd7c7c9e56fa4a85
historical,cotton,PUS,exp_cottonyarn,PUS|exp_cottonyarn,0.06277190807716478,0,0.0,1998-2002,2008-2012,5b9205cf38a28fe9094dc2a33d9942a79befcdf8d7150a77c88818bcb3a4eb5c,9704b972d3c33904afcb818f87ccd461d988fd30910e9788031d4176df032cd0,3f504e0bc00e47e2d3674e97ef03bed09c060383c94ac723bd7c7c9e56fa4a85
historical,cotton,RWA,exp_cottonapparel_woven,RWA|exp_cottonapparel_woven,0.04398207757217302,0,0.0,1998-2002,2008-2012,5b9205cf38a28fe9094dc2a33d9942a79befcdf8d7150a77c88818bcb3a4eb5c,9704b972d3c33904afcb818f87ccd461d988fd30910e9788031d4176df032cd0,3f504e0bc00e47e2d3674e97ef03bed09c060383c94ac723bd7c7c9e56fa4a85
historical,cotton,RWA,exp_cottonhomewares,RWA|exp_cottonhomewares,0.038584006377380776,0,0.0,1998-2002,2008-2012,5b9205cf38a28fe9094dc2a33d9942a79befcdf8d7150a77c88818bcb3a4eb5c,9704b972d3c33904afcb818f87ccd461d988fd30910e9788031d4176df032cd0,3f504e0bc00e47e2d3674e97ef03bed09c060383c94ac723bd7c7c9e56fa4a85
historical,cotton,SAU,exp_cottonsewthread,SAU|exp_cottonsewthread,0.04876916893580822,0,0.0,1998-2002,2008-2012,5b9205cf38a28fe9094dc2a33d9942a79befcdf8d7150a77c88818bcb3a4eb5c,9704b972d3c33904afcb818f87ccd461d988fd30910e9788031d4176df032cd0,3f504e0bc00e47e2d3674e97ef03bed09c060383c94ac723bd7c7c9e56fa4a85
historical,cotton,SDN,exp_cottonapparel_knit,SDN|exp_cottonapparel_knit,0.043405699343411715,0,0.0,1998-2002,2008-2012,5b9205cf38a28fe9094dc2a33d9942a79befcdf8d7150a77c88818bcb3a4eb5c,9704b972d3c33904afcb818f87ccd461d988fd30910e9788031d4176df032cd0,3f504e0bc00e47e2d3674e97ef03bed09c060383c94ac723bd7c7c9e56fa4a85
historical,cotton,SDN,exp_cottonapparel_woven,SDN|exp_cottonapparel_woven,0.04161312111141241,0,0.0,1998-2002,2008-2012,5b9205cf38a28fe9094dc2a33d9942a79befcdf8d7150a77c88818bcb3a4eb5c,9704b972d3c33904afcb818f87ccd461d988fd30910e9788031d4176df032cd0,3f504e0bc00e47e2d3674e97ef03bed09c060383c94ac723bd7c7c9e56fa4a85
historical,cotton,SDN,exp_cottonknitfabric,SDN|exp_cottonknitfabric,0.029575670739037396,0,0.0,1998-2002,2008-2012,5b9205cf38a28fe9094dc2a33d9942a79befcdf8d7150a77c88818bcb3a4eb5c,9704b972d3c33904afcb818f87ccd461d988fd30910e9788031d4176df032cd0,3f504e0bc00e47e2d3674e97ef03bed09c060383c94ac723bd7c7c9e56fa4a85
historical,cotton,SDN,exp_cottonsewthread,SDN|exp_cottonsewthread,0.041408982429919895,0,0.0,1998-2002,2008-2012,5b9205cf38a28fe9094dc2a33d9942a79befcdf8d7150a77c88818bcb3a4eb5c,9704b972d3c33904afcb818f87ccd461d988fd30910e9788031d4176df032cd0,3f504e0bc00e47e2d3674e97ef03bed09c060383c94ac723bd7c7c9e56fa4a85
historical,cotton,SEN,exp_cottonapparel_knit,SEN|exp_cottonapparel_knit,0.12438421090465893,0,0.0,1998-2002,2008-2012,5b9205cf38a28fe9094dc2a33d9942a79befcdf8d7150a77c88818bcb3a4eb5c,9704b972d3c33904afcb818f87ccd461d988fd30910e9788031d4176df032cd0,3f504e0bc00e47e2d3674e97ef03bed09c060383c94ac723bd7c7c9e56fa4a85
historical,cotton,SEN,exp_cottonapparel_woven,SEN|exp_cottonapparel_woven,0.12037852134202787,0,0.0,1998-2002,2008-2012,5b9205cf38a28fe9094dc2a33d9942a79befcdf8d7150a77c88818bcb3a4eb5c,9704b972d3c33904afcb818f87ccd461d988fd30910e9788031d4176df032cd0,3f504e0bc00e47e2d3674e97ef03bed09c060383c94ac723bd7c7c9e56fa4a85
historical,cotton,SEN,exp_cottonhomewares,SEN|exp_cottonhomewares,0.10677358138316395,0,0.0,1998-2002,2008-2012,5b9205cf38a28fe9094dc2a33d9942a79befcdf8d7150a77c88818bcb3a4eb5c,9704b972d3c33904afcb818f87ccd461d988fd30910e9788031d4176df032cd0,3f504e0bc00e47e2d3674e97ef03bed09c060383c94ac723bd7c7c9e56fa4a85
historical,cotton,SEN,exp_cottonknitfabric,SEN|exp_cottonknitfabric,0.09188818994885842,0,0.0,1998-2002,2008-2012,5b9205cf38a28fe9094dc2a33d9942a79befcdf8d7150a77c88818bcb3a4eb5c,9704b972d3c33904afcb818f87ccd461d988fd30910e9788031d4176df032cd0,3f504e0bc00e47e2d3674e97ef03bed09c060383c94ac723bd7c7c9e56fa4a85
historical,cotton,SEN,exp_cottonsewthread,SEN|exp_cottonsewthread,0.12459730743979365,0,0.0,1998-2002,2008-2012,5b9205cf38a28fe9094dc2a33d9942a79befcdf8d7150a77c88818bcb3a4eb5c,9704b972d3c33904afcb818f87ccd461d988fd30910e9788031d4176df032cd0,3f504e0bc00e47e2d3674e97ef03bed09c060383c94ac723bd7c7c9e56fa4a85
historical,cotton,SLE,exp_cottonapparel_woven,SLE|exp_cottonapparel_woven,0.11039398155227885,0,0.0,1998-2002,2008-2012,5b9205cf38a28fe9094dc2a33d9942a79befcdf8d7150a77c88818bcb3a4eb5c,9704b972d3c33904afcb818f87ccd461d988fd30910e9788031d4176df032cd0,3f504e0bc00e47e2d3674e97ef03bed09c060383c94ac723bd7c7c9e56fa4a85
historical,cotton,SLE,exp_cottonfabric,SLE|exp_cottonfabric,0.08386309228993591,1,151.5006,1998-2002,2008-2012,5b9205cf38a28fe9094dc2a33d9942a79befcdf8d7150a77c88818bcb3a4eb5c,9704b972d3c33904afcb818f87ccd461d988fd30910e9788031d4176df032cd0,3f504e0bc00e47e2d3674e97ef03bed09c060383c94ac723bd7c7c9e56fa4a85
historical,cotton,SLE,exp_cottonhomewares,SLE|exp_cottonhomewares,0.10177498445227952,0,0.0,1998-2002,2008-2012,5b9205cf38a28fe9094dc2a33d9942a79befcdf8d7150a77c88818bcb3a4eb5c,9704b972d3c33904afcb818f87ccd461d988fd30910e9788031d4176df032cd0,3f504e0bc00e47e2d3674e97ef03bed09c060383c94ac723bd7c7c9e56fa4a85
historical,cotton,SLE,exp_cottonknitfabric,SLE|exp_cottonknitfabric,0.08772414006702896,0,0.0,1998-2002,2008-2012,5b9205cf38a28fe9094dc2a33d9942a79befcdf8d7150a77c88818bcb3a4eb5c,9704b972d3c33904afcb818f87ccd461d988fd30910e9788031d4176df032cd0,3f504e0bc00e47e2d3674e97ef03bed09c060383c94ac723bd7c7c9e56fa4a85
historical,cotton,SLV,exp_cottonsewthread,SLV|exp_cottonsewthread,0.22136387945608962,0,0.0,1998-2002,2008-2012,5b9205cf38a28fe9094dc2a33d9942a79befcdf8d7150a77c88818bcb3a4eb5c,9704b972d3c33904afcb818f87ccd461d988fd30910e9788031d4176df032cd0,3f504e0bc00e47e2d3674e97ef03bed09c060383c94ac723bd7c7c9e56fa4a85
historical,cotton,SMR,exp_cottonhomewares,SMR|exp_cottonhomewares,0.0758704116488561,0,0.0,1998-2002,2008-2012,5b9205cf38a28fe9094dc2a33d9942a79befcdf8d7150a77c88818bcb3a4eb5c,9704b972d3c33904afcb818f87ccd461d988fd30910e9788031d4176df032cd0,3f504e0bc00e47e2d3674e97ef03bed09c060383c94ac723bd7c7c9e56fa4a85
historical,cotton,SOM,exp_cottonapparel_knit,SOM|exp_cottonapparel_knit,0.04183075515102851,0,0.0,1998-2002,2008-2012,5b9205cf38a28fe9094dc2a33d9942a79befcdf8d7150a77c88818bcb3a4eb5c,9704b972d3c33904afcb818f87ccd461d988fd30910e9788031d4176df032cd0,3f504e0bc00e47e2d3674e97ef03bed09c060383c94ac723bd7c7c9e56fa4a85
historical,cotton,SOM,exp_cottonapparel_woven,SOM|exp_cottonapparel_woven,0.040110402232643755,0,0.0,1998-2002,2008-2012,5b9205cf38a28fe9094dc2a33d9942a79befcdf8d7150a77c88818bcb3a4eb5c,9704b972d3c33904afcb818f87ccd461d988fd30910e9788031d4176df032cd0,3f504e0bc00e47e2d3674e97ef03bed09c060383c94ac723bd7c7c9e56fa4a85
historical,cotton,SOM,exp_cottonfabric,SOM|exp_cottonfabric,0.03206750141454497,0,0.0,1998-2002,2008-2012,5b9205cf38a28fe9094dc2a33d9942a79befcdf8d7150a77c88818bcb3a4eb5c,9704b972d3c33904afcb818f87ccd461d988fd30910e9788031d4176df032cd0,3f504e0bc00e47e2d3674e97ef03bed09c060383c94ac723bd7c7c9e56fa4a85
historical,cotton,SOM,exp_cottonhomewares,SOM|exp_cottonhomewares,0.034781160048845114,0,0.0,1998-2002,2008-2012,5b9205cf38a28fe9094dc2a33d9942a79befcdf8d7150a77c88818bcb3a4eb5c,9704b972d3c33904afcb818f87ccd461d988fd30910e9788031d4176df032cd0,3f504e0bc00e47e2d3674e97ef03bed09c060383c94ac723bd7c7c9e56fa4a85
historical,cotton,SOM,exp_cottonknitfabric,SOM|exp_cottonknitfabric,0.031774761547795904,0,0.0,1998-2002,2008-2012,5b9205cf38a28fe9094dc2a33d9942a79befcdf8d7150a77c88818bcb3a4eb5c,9704b972d3c33904afcb818f87ccd461d988fd30910e9788031d4176df032cd0,3f504e0bc00e47e2d3674e97ef03bed09c060383c94ac723bd7c7c9e56fa4a85
historical,cotton,SOM,exp_cottonsewthread,SOM|exp_cottonsewthread,0.039482008789501526,0,0.0,1998-2002,2008-2012,5b9205cf38a28fe9094dc2a33d9942a79befcdf8d7150a77c88818bcb3a4eb5c,9704b972d3c33904afcb818f87ccd461d988fd30910e9788031d4176df032cd0,3f504e0bc00e47e2d3674e97ef03bed09c060383c94ac723bd7c7c9e56fa4a85
historical,cotton,SOM,exp_cottonyarn,SOM|exp_cottonyarn,0.034678530101837274,0,0.0,1998-2002,2008-2012,5b9205cf38a28fe9094dc2a33d9942a79befcdf8d7150a77c88818bcb3a4eb5c,9704b972d3c33904afcb818f87ccd461d988fd30910e9788031d4176df032cd0,3f504e0bc00e47e2d3674e97ef03bed09c060383c94ac723bd7c7c9e56fa4a85
historical,cotton,SUR,exp_cottonapparel_knit,SUR|exp_cottonapparel_knit,0.05006230124429245,0,0.0,1998-2002,2008-2012,5b9205cf38a28fe9094dc2a33d9942a79befcdf8d7150a77c88818bcb3a4eb5c,9704b972d3c33904afcb818f87ccd461d988fd30910e9788031d4176df032cd0,3f504e0bc00e47e2d3674e97ef03bed09c060383c94ac723bd7c7c9e56fa4a85
historical,cotton,SUR,exp_cottonapparel_woven,SUR|exp_cottonapparel_woven,0.04763921532239603,0,0.0,1998-2002,2008-2012,5b9205cf38a28fe9094dc2a33d9942a79befcdf8d7150a77c88818bcb3a4eb5c,9704b972d3c33904afcb818f87ccd461d988fd30910e9788031d4176df032cd0,3f504e0bc00e47e2d3674e97ef03bed09c060383c94ac723bd7c7c9e56fa4a85
historical,cotton,SUR,exp_cottonfabric,SUR|exp_cottonfabric,0.03167141600281242,0,0.0,1998-2002,2008-2012,5b9205cf38a28fe9094dc2a33d9942a79befcdf8d7150a77c88818bcb3a4eb5c,9704b972d3c33904afcb818f87ccd461d988fd30910e9788031d4176df032cd0,3f504e0bc00e47e2d3674e97ef03bed09c060383c94ac723bd7c7c9e56fa4a85
historical,cotton,SUR,exp_cottonhomewares,SUR|exp_cottonhomewares,0.03954091218467903,0,0.0,1998-2002,2008-2012,5b9205cf38a28fe9094dc2a33d9942a79befcdf8d7150a77c88818bcb3a4eb5c,9704b972d3c33904afcb818f87ccd461d988fd30910e9788031d4176df032cd0,3f504e0bc00e47e2d3674e97ef03bed09c060383c94ac723bd7c7c9e56fa4a85
historical,cotton,SUR,exp_cottonknitfabric,SUR|exp_cottonknitfabric,0.03199112471483086,0,0.0,1998-2002,2008-2012,5b9205cf38a28fe9094dc2a33d9942a79befcdf8d7150a77c88818bcb3a4eb5c,9704b972d3c33904afcb818f87ccd461d988fd30910e9788031d4176df032cd0,3f504e0bc00e47e2d3674e97ef03bed09c060383c94ac723bd7c7c9e56fa4a85
historical,cotton,SUR,exp_cottonsewthread,SUR|exp_cottonsewthread,0.04309156315877113,0,0.0,1998-2002,2008-2012,5b9205cf38a28fe9094dc2a33d9942a79befcdf8d7150a77c88818bcb3a4eb5c,9704b972d3c33904afcb818f87ccd461d988fd30910e9788031d4176df032cd0,3f504e0bc00e47e2d3674e97ef03bed09c060383c94ac723bd7c7c9e56fa4a85
historical,cotton,SUR,exp_cottonyarn,SUR|exp_cottonyarn,0.03405241190382003,0,0.0,1998-2002,2008-2012,5b9205cf38a28fe9094dc2a33d9942a79befcdf8d7150a77c88818bcb3a4eb5c,9704b972d3c33904afcb818f87ccd461d988fd30910e9788031d4176df032cd0,3f504e0bc00e47e2d3674e97ef03bed09c060383c94ac723bd7c7c9e56fa4a85
historical,cotton,SVK,exp_cottonsewthread,SVK|exp_cottonsewthread,0.22032665755770722,1,3239.3182000000006,1998-2002,2008-2012,5b9205cf38a28fe9094dc2a33d9942a79befcdf8d7150a77c88818bcb3a4eb5c,9704b972d3c33904afcb818f87ccd461d988fd30910e9788031d4176df032cd0,3f504e0bc00e47e2d3674e97ef03bed09c060383c94ac723bd7c7c9e56fa4a85
historical,cotton,SVN,exp_cottonsewthread,SVN|exp_cottonsewthread,0.27099714109311007,1,393.0834,1998-2002,2008-2012,5b9205cf38a28fe9094dc2a33d9942a79befcdf8d7150a77c88818bcb3a4eb5c,9704b972d3c33904afcb818f87ccd461d988fd30910e9788031d4176df032cd0,3f504e0bc00e47e2d3674e97ef03bed09c060383c94ac723bd7c7c9e56fa4a85
historical,cotton,SWZ,exp_cottonhomewares,SWZ|exp_cottonhomewares,0.1221676972311577,0,0.0,1998-2002,2008-2012,5b9205cf38a28fe9094dc2a33d9942a79befcdf8d7150a77c88818bcb3a4eb5c,9704b972d3c33904afcb818f87ccd461d988fd30910e9788031d4176df032cd0,3f504e0bc00e47e2d3674e97ef03bed09c060383c94ac723bd7c7c9e56fa4a85
historical,cotton,SWZ,exp_cottonsewthread,SWZ|exp_cottonsewthread,0.13133331282696833,1,507.09219999999993,1998-2002,2008-2012,5b9205cf38a28fe9094dc2a33d9942a79befcdf8d7150a77c88818bcb3a4eb5c,9704b972d3c33904afcb818f87ccd461d988fd30910e9788031d4176df032cd0,3f504e0bc00e47e2d3674e97ef03bed09c060383c94ac723bd7c7c9e56fa4a85
historical,cotton,SYR,exp_cottonknitfabric,SYR|exp_cottonknitfabric,0.12632021993192197,1,461.403,1998-2002,2008-2012,5b9205cf38a28fe9094dc2a33d9942a79befcdf8d7150a77c88818bcb3a4eb5c,9704b972d3c33904afcb818f87ccd461d988fd30910e9788031d4176df032cd0,3f504e0bc00e47e2d3674e97ef03bed09c060383c94ac723bd7c7c9e56fa4a85
historical,cotton,TCD,exp_cottonapparel_knit,TCD|exp_cottonapparel_knit,0.01914501503877621,0,0.0,1998-2002,2008-2012,5b9205cf38a28fe9094dc2a33d9942a79befcdf8d7150a77c88818bcb3a4eb5c,9704b972d3c33904afcb818f87ccd461d988fd30910e9788031d4176df032cd0,3f504e0bc00e47e2d3674e97ef03bed09c060383c94ac723bd7c7c9e56fa4a85
historical,cotton,TCD,exp_cottonapparel_woven,TCD|exp_cottonapparel_woven,0.018111577012177516,0,0.0,1998-2002,2008-2012,5b9205cf38a28fe9094dc2a33d9942a79befcdf8d7150a77c88818bcb3a4eb5c,9704b972d3c33904afcb818f87ccd461d988fd30910e9788031d4176df032cd0,3f504e0bc00e47e2d3674e97ef03bed09c060383c94ac723bd7c7c9e56fa4a85
historical,cotton,TCD,exp_cottonfabric,TCD|exp_cottonfabric,0.01354940205991808,0,0.0,1998-2002,2008-2012,5b9205cf38a28fe9094dc2a33d9942a79befcdf8d7150a77c88818bcb3a4eb5c,9704b972d3c33904afcb818f87ccd461d988fd30910e9788031d4176df032cd0,3f504e0bc00e47e2d3674e97ef03bed09c060383c94ac723bd7c7c9e56fa4a85
historical,cotton,TCD,exp_cottonhomewares,TCD|exp_cottonhomewares,0.01587949100798433,0,0.0,1998-2002,2008-2012,5b9205cf38a28fe9094dc2a33d9942a79befcdf8d7150a77c88818bcb3a4eb5c,9704b972d3c33904afcb818f87ccd461d988fd30910e9788031d4176df032cd0,3f504e0bc00e47e2d3674e97ef03bed09c060383c94ac723bd7c7c9e56fa4a85
historical,cotton,TCD,exp_cottonknitfabric,TCD|exp_cottonknitfabric,0.013552157978771535,0,0.0,1998-2002,2008-2012,5b9205cf38a28fe9094dc2a33d9942a79befcdf8d7150a77c88818bcb3a4eb5c,9704b972d3c33904afcb818f87ccd461d988fd30910e9788031d4176df032cd0,3f504e0bc00e47e2d3674e97ef03bed09c060383c94ac723bd7c7c9e56fa4a85
historical,cotton,TCD,exp_cottonsewthread,TCD|exp_cottonsewthread,0.019075706802870445,0,0.0,1998-2002,2008-2012,5b9205cf38a28fe9094dc2a33d9942a79befcdf8d7150a77c88818bcb3a4eb5c,9704b972d3c33904afcb818f87ccd461d988fd30910e9788031d4176df032cd0,3f504e0bc00e47e2d3674e97ef03bed09c060383c94ac723bd7c7c9e56fa4a85
historical,cotton,TCD,exp_cottonyarn,TCD|exp_cottonyarn,0.015727030210315792,0,0.0,1998-2002,2008-2012,5b9205cf38a28fe9094dc2a33d9942a79befcdf8d7150a77c88818bcb3a4eb5c,9704b972d3c33904afcb818f87ccd461d988fd30910e9788031d4176df032cd0,3f504e0bc00e47e2d3674e97ef03bed09c060383c94ac723bd7c7c9e56fa4a85
historical,cotton,TGO,exp_cottonapparel_knit,TGO|exp_cottonapparel_knit,0.12575808483869955,1,776.7704,1998-2002,2008-2012,5b9205cf38a28fe9094dc2a33d9942a79befcdf8d7150a77c88818bcb3a4eb5c,9704b972d3c33904afcb818f87ccd461d988fd30910e9788031d4176df032cd0,3f504e0bc00e47e2d3674e97ef03bed09c060383c94ac723bd7c7c9e56fa4a85
historical,cotton,TGO,exp_cottonapparel_woven,TGO|exp_cottonapparel_woven,0.12116390840414636,1,808.1538,1998-2002,2008-2012,5b9205cf38a28fe9094dc2a33d9942a79befcdf8d7150a77c88818bcb3a4eb5c,9704b972d3c33904afcb818f87ccd461d988fd30910e9788031d4176df032cd0,3f504e0bc00e47e2d3674e97ef03bed09c060383c94ac723bd7c7c9e56fa4a85
historical,cotton,TGO,exp_cottonhomewares,TGO|exp_cottonhomewares,0.1056021088735364,0,0.0,1998-2002,2008-2012,5b9205cf38a28fe9094dc2a33d9942a79befcdf8d7150a77c88818bcb3a4eb5c,9704b972d3c33904afcb818f87ccd461d988fd30910e9788031d4176df032cd0,3f504e0bc00e47e2d3674e97ef03bed09c060383c94ac723bd7c7c9e56fa4a85
historical,cotton,TGO,exp_cottonsewthread,TGO|exp_cottonsewthread,0.11818839039577372,0,0.0,1998-2002,2008-2012,5b9205cf38a28fe9094dc2a33d9942a79befcdf8d7150a77c88818bcb3a4eb5c,9704b972d3c33904afcb818f87ccd461d988fd30910e9788031d4176df032cd0,3f504e0bc00e47e2d3674e97ef03bed09c060383c94ac723bd7c7c9e56fa4a85
historical,cotton,TGO,exp_cottonyarn,TGO|exp_cottonyarn,0.09612304641527732,0,0.0,1998-2002,2008-2012,5b9205cf38a28fe9094dc2a33d9942a79befcdf8d7150a77c88818bcb3a4eb5c,9704b972d3c33904afcb818f87ccd461d988fd30910e9788031d4176df032cd0,3f504e0bc00e47e2d3674e97ef03bed09c060383c94ac723bd7c7c9e56fa4a85
historical,cotton,TJK,exp_cottonapparel_knit,TJK|exp_cottonapparel_knit,0.08693956506642118,0,0.0,1998-2002,2008-2012,5b9205cf38a28fe9094dc2a33d9942a79befcdf8d7150a77c88818bcb3a4eb5c,9704b972d3c33904afcb818f87ccd461d988fd30910e9788031d4176df032cd0,3f504e0bc00e47e2d3674e97ef03bed09c060383c94ac723bd7c7c9e56fa4a85
historical,cotton,TJK,exp_cottonknitfabric,TJK|exp_cottonknitfabric,0.07604825898638724,1,482.2596,1998-2002,2008-2012,5b9205cf38a28fe9094dc2a33d9942a79befcdf8d7150a77c88818bcb3a4eb5c,9704b972d3c33904afcb818f87ccd461d988fd30910e9788031d4176df032cd0,3f504e0bc00e47e2d3674e97ef03bed09c060383c94ac723bd7c7c9e56fa4a85
historical,cotton,TJK,exp_cottonsewthread,TJK|exp_cottonsewthread,0.08724529762909615,0,0.0,1998-2002,2008-2012,5b9205cf38a28fe9094dc2a33d9942a79befcdf8d7150a77c88818bcb3a4eb5c,9704b972d3c33904afcb818f87ccd461d988fd30910e9788031d4176df032cd0,3f504e0bc00e47e2d3674e97ef03bed09c060383c94ac723bd7c7c9e56fa4a85
historical,cotton,TKL,exp_cottonfabric,TKL|exp_cottonfabric,0.1277651745917049,0,0.0,1998-2002,2008-2012,5b9205cf38a28fe9094dc2a33d9942a79befcdf8d7150a77c88818bcb3a4eb5c,9704b972d3c33904afcb818f87ccd461d988fd30910e9788031d4176df032cd0,3f504e0bc00e47e2d3674e97ef03bed09c060383c94ac723bd7c7c9e56fa4a85
historical,cotton,TKL,exp_cottonknitfabric,TKL|exp_cottonknitfabric,0.14216669047320313,0,0.0,1998-2002,2008-2012,5b9205cf38a28fe9094dc2a33d9942a79befcdf8d7150a77c88818bcb3a4eb5c,9704b972d3c33904afcb818f87ccd461d988fd30910e9788031d4176df032cd0,3f504e0bc00e47e2d3674e97ef03bed09c060383c94ac723bd7c7c9e56fa4a85
historical,cotton,TKL,exp_cottonsewthread,TKL|exp_cottonsewthread,0.14449860382616908,0,0.0,1998-2002,2008-2012,5b9205cf38a28fe9094dc2a33d9942a79befcdf8d7150a77c88818bcb3a4eb5c,9704b972d3c33904afcb818f87ccd461d988fd30910e9788031d4176df032cd0,3f504e0bc00e47e2d3674e97ef03bed09c060383c94ac723bd7c7c9e56fa4a85
historical,cotton,TKL,exp_cottonyarn,TKL|exp_cottonyarn,0.13255839524022078,1,135.2016,1998-2002,2008-2012,5b9205cf38a28fe9094dc2a33d9942a79befcdf8d7150a77c88818bcb3a4eb5c,9704b972d3c33904afcb818f87ccd461d988fd30910e9788031d4176df032cd0,3f504e0bc00e47e2d3674e97ef03bed09c060383c94ac723bd7c7c9e56fa4a85
historical,cotton,TKM,exp_cottonsewthread,TKM|exp_cottonsewthread,0.054849104920581405,0,0.0,1998-2002,2008-2012,5b9205cf38a28fe9094dc2a33d9942a79befcdf8d7150a77c88818bcb3a4eb5c,9704b972d3c33904afcb818f87ccd461d988fd30910e9788031d4176df032cd0,3f504e0bc00e47e2d3674e97ef03bed09c060383c94ac723bd7c7c9e56fa4a85
historical,cotton,TON,exp_cottonapparel_knit,TON|exp_cottonapparel_knit,0.04102686212548548,0,0.0,1998-2002,2008-2012,5b9205cf38a28fe9094dc2a33d9942a79befcdf8d7150a77c88818bcb3a4eb5c,9704b972d3c33904afcb818f87ccd461d988fd30910e9788031d4176df032cd0,3f504e0bc00e47e2d3674e97ef03bed09c060383c94ac723bd7c7c9e56fa4a85
historical,cotton,TON,exp_cottonapparel_woven,TON|exp_cottonapparel_woven,0.0389537106924669,0,0.0,1998-2002,2008-2012,5b9205cf38a28fe9094dc2a33d9942a79befcdf8d7150a77c88818bcb3a4eb5c,9704b972d3c33904afcb818f87ccd461d988fd30910e9788031d4176df032cd0,3f504e0bc00e47e2d3674e97ef03bed09c060383c94ac723bd7c7c9e56fa4a85
historical,cotton,TON,exp_cottonfabric,TON|exp_cottonfabric,0.025656104062182574,0,0.0,1998-2002,2008-2012,5b9205cf38a28fe9094dc2a33d9942a79befcdf8d7150a77c88818bcb3a4eb5c,9704b972d3c33904afcb818f87ccd461d988fd30910e9788031d4176df032cd0,3f504e0bc00e47e2d3674e97ef03bed09c060383c94ac723bd7c7c9e56fa4a85
historical,cotton,TON,exp_cottonhomewares,TON|exp_cottonhomewares,0.03229780474195637,0,0.0,1998-2002,2008-2012,5b9205cf38a28fe9094dc2a33d9942a79befcdf8d7150a77c88818bcb3a4eb5c,9704b972d3c33904afcb818f87ccd461d988fd30910e9788031d4176df032cd0,3f504e0bc00e47e2d3674e97ef03bed09c060383c94ac723bd7c7c9e56fa4a85
historical,cotton,TON,exp_cottonknitfabric,TON|exp_cottonknitfabric,0.02603516820494217,0,0.0,1998-2002,2008-2012,5b9205cf38a28fe9094dc2a33d9942a79befcdf8d7150a77c88818bcb3a4eb5c,9704b972d3c33904afcb818f87ccd461d988fd30910e9788031d4176df032cd0,3f504e0bc00e47e2d3674e97ef03bed09c060383c94ac723bd7c7c9e56fa4a85
historical,cotton,TON,exp_cottonsewthread,TON|exp_cottonsewthread,0.03372479457612732,0,0.0,1998-2002,2008-2012,5b9205cf38a28fe9094dc2a33d9942a79befcdf8d7150a77c88818bcb3a4eb5c,9704b972d3c33904afcb818f87ccd461d988fd30910e9788031d4176df032cd0,3f504e0bc00e47e2d3674e97ef03bed09c060383c94ac723bd7c7c9e56fa4a85
historical,cotton,TON,exp_cottonyarn,TON|exp_cottonyarn,0.02729282650034681,0,0.0,1998-2002,2008-2012,5b9205cf38a28fe9094dc2a33d9942a79befcdf8d7150a77c88818bcb3a4eb5c,9704b972d3c33904afcb818f87ccd461d988fd30910e9788031d4176df032cd0,3f504e0bc00e47e2d3674e97ef03bed09c060383c94ac723bd7c7c9e56fa4a85
historical,cotton,TTO,exp_cottonhomewares,TTO|exp_cottonhomewares,0.07574395828170664,0,0.0,1998-2002,2008-2012,5b9205cf38a28fe9094dc2a33d9942a79befcdf8d7150a77c88818bcb3a4eb5c,9704b972d3c33904afcb818f87ccd461d988fd30910e9788031d4176df032cd0,3f504e0bc00e47e2d3674e97ef03bed09c060383c94ac723bd7c7c9e56fa4a85
historical,cotton,TZA,exp_cottonhomewares,TZA|exp_cottonhomewares,0.12905320948788598,0,0.0,1998-2002,2008-2012,5b9205cf38a28fe9094dc2a33d9942a79befcdf8d7150a77c88818bcb3a4eb5c,9704b972d3c33904afcb818f87ccd461d988fd30910e9788031d4176df032cd0,3f504e0bc00e47e2d3674e97ef03bed09c060383c94ac723bd7c7c9e56fa4a85
historical,cotton,TZA,exp_cottonsewthread,TZA|exp_cottonsewthread,0.14882635461041197,1,2628.2804,1998-2002,2008-2012,5b9205cf38a28fe9094dc2a33d9942a79befcdf8d7150a77c88818bcb3a4eb5c,9704b972d3c33904afcb818f87ccd461d988fd30910e9788031d4176df032cd0,3f504e0bc00e47e2d3674e97ef03bed09c060383c94ac723bd7c7c9e56fa4a85
historical,cotton,UGA,exp_cottonapparel_knit,UGA|exp_cottonapparel_knit,0.0911758683148671,1,354.408,1998-2002,2008-2012,5b9205cf38a28fe9094dc2a33d9942a79befcdf8d7150a77c88818bcb3a4eb5c,9704b972d3c33904afcb818f87ccd461d988fd30910e9788031d4176df032cd0,3f504e0bc00e47e2d3674e97ef03bed09c060383c94ac723bd7c7c9e56fa4a85
historical,cotton,UGA,exp_cottonapparel_woven,UGA|exp_cottonapparel_woven,0.08755496542194745,1,213.9624,1998-2002,2008-2012,5b9205cf38a28fe9094dc2a33d9942a79befcdf8d7150a77c88818bcb3a4eb5c,9704b972d3c33904afcb818f87ccd461d988fd30910e9788031d4176df032cd0,3f504e0bc00e47e2d3674e97ef03bed09c060383c94ac723bd7c7c9e56fa4a85
historical,cotton,UGA,exp_cottonknitfabric,UGA|exp_cottonknitfabric,0.06146214374416742,0,0.0,1998-2002,2008-2012,5b9205cf38a28fe9094dc2a33d9942a79befcdf8d7150a77c88818bcb3a4eb5c,9704b972d3c33904afcb818f87ccd461d988fd30910e9788031d4176df032cd0,3f504e0bc00e47e2d3674e97ef03bed09c060383c94ac723bd7c7c9e56fa4a85
historical,cotton,UGA,exp_cottonsewthread,UGA|exp_cottonsewthread,0.08733242457191097,0,0.0,1998-2002,2008-2012,5b9205cf38a28fe9094dc2a33d9942a79befcdf8d7150a77c88818bcb3a4eb5c,9704b972d3c33904afcb818f87ccd461d988fd30910e9788031d4176df032cd0,3f504e0bc00e47e2d3674e97ef03bed09c060383c94ac723bd7c7c9e56fa4a85
historical,cotton,UGA,exp_cottonyarn,UGA|exp_cottonyarn,0.06710705760760122,1,110.50820000000002,1998-2002,2008-2012,5b9205cf38a28fe9094dc2a33d9942a79befcdf8d7150a77c88818bcb3a4eb5c,9704b972d3c33904afcb818f87ccd461d988fd30910e9788031d4176df032cd0,3f504e0bc00e47e2d3674e97ef03bed09c060383c94ac723bd7c7c9e56fa4a85
historical,cotton,UKR,exp_cottonsewthread,UKR|exp_cottonsewthread,0.18489293883159666,0,0.0,1998-2002,2008-2012,5b9205cf38a28fe9094dc2a33d9942a79befcdf8d7150a77c88818bcb3a4eb5c,9704b972d3c33904afcb818f87ccd461d988fd30910e9788031d4176df032cd0,3f504e0bc00e47e2d3674e97ef03bed09c060383c94ac723bd7c7c9e56fa4a85
historical,cotton,URY,exp_cottonhomewares,URY|exp_cottonhomewares,0.13293637942222966,1,2729.6998000000003,1998-2002,2008-2012,5b9205cf38a28fe9094dc2a33d9942a79befcdf8d7150a77c88818bcb3a4eb5c,9704b972d3c33904afcb818f87ccd461d988fd30910e9788031d4176df032cd0,3f504e0bc00e47e2d3674e97ef03bed09c060383c94ac723bd7c7c9e56fa4a85
historical,cotton,URY,exp_cottonknitfabric,URY|exp_cottonknitfabric,0.11409375834620766,1,102.9664,1998-2002,2008-2012,5b9205cf38a28fe9094dc2a33d9942a79befcdf8d7150a77c88818bcb3a4eb5c,9704b972d3c33904afcb818f87ccd461d988fd30910e9788031d4176df032cd0,3f504e0bc00e47e2d3674e97ef03bed09c060383c94ac723bd7c7c9e56fa4a85
historical,cotton,URY,exp_cottonsewthread,URY|exp_cottonsewthread,0.13651639782002956,0,0.0,1998-2002,2008-2012,5b9205cf38a28fe9094dc2a33d9942a79befcdf8d7150a77c88818bcb3a4eb5c,9704b972d3c33904afcb818f87ccd461d988fd30910e9788031d4176df032cd0,3f504e0bc00e47e2d3674e97ef03bed09c060383c94ac723bd7c7c9e56fa4a85
historical,cotton,URY,exp_cottonyarn,URY|exp_cottonyarn,0.1126583545421626,1,153.759,1998-2002,2008-2012,5b9205cf38a28fe9094dc2a33d9942a79befcdf8d7150a77c88818bcb3a4eb5c,9704b972d3c33904afcb818f87ccd461d988fd30910e9788031d4176df032cd0,3f504e0bc00e47e2d3674e97ef03bed09c060383c94ac723bd7c7c9e56fa4a85
historical,cotton,VCT,exp_cottonapparel_woven,VCT|exp_cottonapparel_woven,0.0658913272702194,0,0.0,1998-2002,2008-2012,5b9205cf38a28fe9094dc2a33d9942a79befcdf8d7150a77c88818bcb3a4eb5c,9704b972d3c33904afcb818f87ccd461d988fd30910e9788031d4176df032cd0,3f504e0bc00e47e2d3674e97ef03bed09c060383c94ac723bd7c7c9e56fa4a85
historical,cotton,VCT,exp_cottonhomewares,VCT|exp_cottonhomewares,0.056242635843403756,0,0.0,1998-2002,2008-2012,5b9205cf38a28fe9094dc2a33d9942a79befcdf8d7150a77c88818bcb3a4eb5c,9704b972d3c33904afcb818f87ccd461d988fd30910e9788031d4176df032cd0,3f504e0bc00e47e2d3674e97ef03bed09c060383c94ac723bd7c7c9e56fa4a85
historical,cotton,VEN,exp_cottonhomewares,VEN|exp_cottonhomewares,0.0558036005838662,1,223.1436,1998-2002,2008-2012,5b9205cf38a28fe9094dc2a33d9942a79befcdf8d7150a77c88818bcb3a4eb5c,9704b972d3c33904afcb818f87ccd461d988fd30910e9788031d4176df032cd0,3f504e0bc00e47e2d3674e97ef03bed09c060383c94ac723bd7c7c9e56fa4a85
historical,cotton,VEN,exp_cottonsewthread,VEN|exp_cottonsewthread,0.05673800556888975,0,0.0,1998-2002,2008-2012,5b9205cf38a28fe9094dc2a33d9942a79befcdf8d7150a77c88818bcb3a4eb5c,9704b972d3c33904afcb818f87ccd461d988fd30910e9788031d4176df032cd0,3f504e0bc00e47e2d3674e97ef03bed09c060383c94ac723bd7c7c9e56fa4a85
historical,cotton,VNM,exp_cottonsewthread,VNM|exp_cottonsewthread,0.2530999278593429,1,137.26260000000002,1998-2002,2008-2012,5b9205cf38a28fe9094dc2a33d9942a79befcdf8d7150a77c88818bcb3a4eb5c,9704b972d3c33904afcb818f87ccd461d988fd30910e9788031d4176df032cd0,3f504e0bc00e47e2d3674e97ef03bed09c060383c94ac723bd7c7c9e56fa4a85
historical,cotton,WSM,exp_cottonapparel_knit,WSM|exp_cottonapparel_knit,0.054431617596414,0,0.0,1998-2002,2008-2012,5b9205cf38a28fe9094dc2a33d9942a79befcdf8d7150a77c88818bcb3a4eb5c,9704b972d3c33904afcb818f87ccd461d988fd30910e9788031d4176df032cd0,3f504e0bc00e47e2d3674e97ef03bed09c060383c94ac723bd7c7c9e56fa4a85
historical,cotton,WSM,exp_cottonapparel_woven,WSM|exp_cottonapparel_woven,0.0515796298557333,0,0.0,1998-2002,2008-2012,5b9205cf38a28fe9094dc2a33d9942a79befcdf8d7150a77c88818bcb3a4eb5c,9704b972d3c33904afcb818f87ccd461d988fd30910e9788031d4176df032cd0,3f504e0bc00e47e2d3674e97ef03bed09c060383c94ac723bd7c7c9e56fa4a85
historical,cotton,WSM,exp_cottonfabric,WSM|exp_cottonfabric,0.03218876233732019,0,0.0,1998-2002,2008-2012,5b9205cf38a28fe9094dc2a33d9942a79befcdf8d7150a77c88818bcb3a4eb5c,9704b972d3c33904afcb818f87ccd461d988fd30910e9788031d4176df032cd0,3f504e0bc00e47e2d3674e97ef03bed09c060383c94ac723bd7c7c9e56fa4a85
historical,cotton,WSM,exp_cottonhomewares,WSM|exp_cottonhomewares,0.040725242054163405,0,0.0,1998-2002,2008-2012,5b9205cf38a28fe9094dc2a33d9942a79befcdf8d7150a77c88818bcb3a4eb5c,9704b972d3c33904afcb818f87ccd461d988fd30910e9788031d4176df032cd0,3f504e0bc00e47e2d3674e97ef03bed09c060383c94ac723bd7c7c9e56fa4a85
historical,cotton,WSM,exp_cottonknitfabric,WSM|exp_cottonknitfabric,0.0333518393955374,0,0.0,1998-2002,2008-2012,5b9205cf38a28fe9094dc2a33d9942a79befcdf8d7150a77c88818bcb3a4eb5c,9704b972d3c33904afcb818f87ccd461d988fd30910e9788031d4176df032cd0,3f504e0bc00e47e2d3674e97ef03bed09c060383c94ac723bd7c7c9e56fa4a85
historical,cotton,WSM,exp_cottonsewthread,WSM|exp_cottonsewthread,0.0436850998301481,0,0.0,1998-2002,2008-2012,5b9205cf38a28fe9094dc2a33d9942a79befcdf8d7150a77c88818bcb3a4eb5c,9704b972d3c33904afcb818f87ccd461d988fd30910e9788031d4176df032cd0,3f504e0bc00e47e2d3674e97ef03bed09c060383c94ac723bd7c7c9e56fa4a85
historical,cotton,WSM,exp_cottonyarn,WSM|exp_cottonyarn,0.03374831309433612,1,1413.879,1998-2002,2008-2012,5b9205cf38a28fe9094dc2a33d9942a79befcdf8d7150a77c88818bcb3a4eb5c,9704b972d3c33904afcb818f87ccd461d988fd30910e9788031d4176df032cd0,3f504e0bc00e47e2d3674e97ef03bed09c060383c94ac723bd7c7c9e56fa4a85
historical,cotton,YEM,exp_cottonapparel_knit,YEM|exp_cottonapparel_knit,0.03255911420572962,0,0.0,1998-2002,2008-2012,5b9205cf38a28fe9094dc2a33d9942a79befcdf8d7150a77c88818bcb3a4eb5c,9704b972d3c33904afcb818f87ccd461d988fd30910e9788031d4176df032cd0,3f504e0bc00e47e2d3674e97ef03bed09c060383c94ac723bd7c7c9e56fa4a85
historical,cotton,YEM,exp_cottonapparel_woven,YEM|exp_cottonapparel_woven,0.030124858540441387,1,128.7164,1998-2002,2008-2012,5b9205cf38a28fe9094dc2a33d9942a79befcdf8d7150a77c88818bcb3a4eb5c,9704b972d3c33904afcb818f87ccd461d988fd30910e9788031d4176df032cd0,3f504e0bc00e47e2d3674e97ef03bed09c060383c94ac723bd7c7c9e56fa4a85
historical,cotton,YEM,exp_cottonfabric,YEM|exp_cottonfabric,0.015851424484712003,0,0.0,1998-2002,2008-2012,5b9205cf38a28fe9094dc2a33d9942a79befcdf8d7150a77c88818bcb3a4eb5c,9704b972d3c33904afcb818f87ccd461d988fd30910e9788031d4176df032cd0,3f504e0bc00e47e2d3674e97ef03bed09c060383c94ac723bd7c7c9e56fa4a85
historical,cotton,YEM,exp_cottonhomewares,YEM|exp_cottonhomewares,0.02203005057918878,0,0.0,1998-2002,2008-2012,5b9205cf38a28fe9094dc2a33d9942a79befcdf8d7150a77c88818bcb3a4eb5c,9704b972d3c33904afcb818f87ccd461d988fd30910e9788031d4176df032cd0,3f504e0bc00e47e2d3674e97ef03bed09c060383c94ac723bd7c7c9e56fa4a85
historical,cotton,YEM,exp_cottonknitfabric,YEM|exp_cottonknitfabric,0.01652139574642434,0,0.0,1998-2002,2008-2012,5b9205cf38a28fe9094dc2a33d9942a79befcdf8d7150a77c88818bcb3a4eb5c,9704b972d3c33904afcb818f87ccd461d988fd30910e9788031d4176df032cd0,3f504e0bc00e47e2d3674e97ef03bed09c060383c94ac723bd7c7c9e56fa4a85
historical,cotton,YEM,exp_cottonsewthread,YEM|exp_cottonsewthread,0.02713424128304052,0,0.0,1998-2002,2008-2012,5b9205cf38a28fe9094dc2a33d9942a79befcdf8d7150a77c88818bcb3a4eb5c,9704b972d3c33904afcb818f87ccd461d988fd30910e9788031d4176df032cd0,3f504e0bc00e47e2d3674e97ef03bed09c060383c94ac723bd7c7c9e56fa4a85
historical,cotton,YEM,exp_cottonyarn,YEM|exp_cottonyarn,0.018629612280412357,0,0.0,1998-2002,2008-2012,5b9205cf38a28fe9094dc2a33d9942a79befcdf8d7150a77c88818bcb3a4eb5c,9704b972d3c33904afcb818f87ccd461d988fd30910e9788031d4176df032cd0,3f504e0bc00e47e2d3674e97ef03bed09c060383c94ac723bd7c7c9e56fa4a85
historical,cotton,ZA1,exp_cottonknitfabric,ZA1|exp_cottonknitfabric,0.17397818192151082,0,0.0,1998-2002,2008-2012,5b9205cf38a28fe9094dc2a33d9942a79befcdf8d7150a77c88818bcb3a4eb5c,9704b972d3c33904afcb818f87ccd461d988fd30910e9788031d4176df032cd0,3f504e0bc00e47e2d3674e97ef03bed09c060383c94ac723bd7c7c9e56fa4a85
historical,cotton,ZA1,exp_cottonsewthread,ZA1|exp_cottonsewthread,0.21579673024515889,0,0.0,1998-2002,2008-2012,5b9205cf38a28fe9094dc2a33d9942a79befcdf8d7150a77c88818bcb3a4eb5c,9704b972d3c33904afcb818f87ccd461d988fd30910e9788031d4176df032cd0,3f504e0bc00e47e2d3674e97ef03bed09c060383c94ac723bd7c7c9e56fa4a85
historical,cotton,ZMB,exp_cottonapparel_knit,ZMB|exp_cottonapparel_knit,0.10503550852318996,0,0.0,1998-2002,2008-2012,5b9205cf38a28fe9094dc2a33d9942a79befcdf8d7150a77c88818bcb3a4eb5c,9704b972d3c33904afcb818f87ccd461d988fd30910e9788031d4176df032cd0,3f504e0bc00e47e2d3674e97ef03bed09c060383c94ac723bd7c7c9e56fa4a85
historical,cotton,ZMB,exp_cottonapparel_woven,ZMB|exp_cottonapparel_woven,0.10214149282385188,0,0.0,1998-2002,2008-2012,5b9205cf38a28fe9094dc2a33d9942a79befcdf8d7150a77c88818bcb3a4eb5c,9704b972d3c33904afcb818f87ccd461d988fd30910e9788031d4176df032cd0,3f504e0bc00e47e2d3674e97ef03bed09c060383c94ac723bd7c7c9e56fa4a85
historical,cotton,ZMB,exp_cottonhomewares,ZMB|exp_cottonhomewares,0.09096443815993366,0,0.0,1998-2002,2008-2012,5b9205cf38a28fe9094dc2a33d9942a79befcdf8d7150a77c88818bcb3a4eb5c,9704b972d3c33904afcb818f87ccd461d988fd30910e9788031d4176df032cd0,3f504e0bc00e47e2d3674e97ef03bed09c060383c94ac723bd7c7c9e56fa4a85
historical,cotton,ZMB,exp_cottonknitfabric,ZMB|exp_cottonknitfabric,0.08184619820898072,0,0.0,1998-2002,2008-2012,5b9205cf38a28fe9094dc2a33d9942a79befcdf8d7150a77c88818bcb3a4eb5c,9704b972d3c33904afcb818f87ccd461d988fd30910e9788031d4176df032cd0,3f504e0bc00e47e2d3674e97ef03bed09c060383c94ac723bd7c7c9e56fa4a85
historical,cotton,ZMB,exp_cottonsewthread,ZMB|exp_cottonsewthread,0.10338357770590673,0,0.0,1998-2002,2008-2012,5b9205cf38a28fe9094dc2a33d9942a79befcdf8d7150a77c88818bcb3a4eb5c,9704b972d3c33904afcb818f87ccd461d988fd30910e9788031d4176df032cd0,3f504e0bc00e47e2d3674e97ef03bed09c060383c94ac723bd7c7c9e56fa4a85
historical,cotton,ZWE,exp_cottonsewthread,ZWE|exp_cottonsewthread,0.16153983832161897,0,0.0,1998-2002,2008-2012,5b9205cf38a28fe9094dc2a33d9942a79befcdf8d7150a77c88818bcb3a4eb5c,9704b972d3c33904afcb818f87ccd461d988fd30910e9788031d4176df032cd0,3f504e0bc00e47e2d3674e97ef03bed09c060383c94ac723bd7c7c9e56fa4a85
historical,aluminium,ABW,exp_semis_barrod,ABW|exp_semis_barrod,0.00990973320149687,0,0.0,1998-2002,2008-2012,3c14742d58fa78d297379c294d528f891b10343161deb8128938d6cd30faead8,9704b972d3c33904afcb818f87ccd461d988fd30910e9788031d4176df032cd0,3f504e0bc00e47e2d3674e97ef03bed09c060383c94ac723bd7c7c9e56fa4a85
historical,aluminium,ABW,exp_semis_foil,ABW|exp_semis_foil,0.007972814503265096,0,0.0,1998-2002,2008-2012,3c14742d58fa78d297379c294d528f891b10343161deb8128938d6cd30faead8,9704b972d3c33904afcb818f87ccd461d988fd30910e9788031d4176df032cd0,3f504e0bc00e47e2d3674e97ef03bed09c060383c94ac723bd7c7c9e56fa4a85
historical,aluminium,ABW,exp_semis_plate,ABW|exp_semis_plate,0.009458587431264957,0,0.0,1998-2002,2008-2012,3c14742d58fa78d297379c294d528f891b10343161deb8128938d6cd30faead8,9704b972d3c33904afcb818f87ccd461d988fd30910e9788031d4176df032cd0,3f504e0bc00e47e2d3674e97ef03bed09c060383c94ac723bd7c7c9e56fa4a85
historical,aluminium,ABW,exp_semis_tube,ABW|exp_semis_tube,0.007678528387241336,0,0.0,1998-2002,2008-2012,3c14742d58fa78d297379c294d528f891b10343161deb8128938d6cd30faead8,9704b972d3c33904afcb818f87ccd461d988fd30910e9788031d4176df032cd0,3f504e0bc00e47e2d3674e97ef03bed09c060383c94ac723bd7c7c9e56fa4a85
historical,aluminium,ABW,exp_semis_wire,ABW|exp_semis_wire,0.009677928741580027,0,0.0,1998-2002,2008-2012,3c14742d58fa78d297379c294d528f891b10343161deb8128938d6cd30faead8,9704b972d3c33904afcb818f87ccd461d988fd30910e9788031d4176df032cd0,3f504e0bc00e47e2d3674e97ef03bed09c060383c94ac723bd7c7c9e56fa4a85
historical,aluminium,ALB,exp_semis_foil,ALB|exp_semis_foil,0.13370478073092562,1,1280.291,1998-2002,2008-2012,3c14742d58fa78d297379c294d528f891b10343161deb8128938d6cd30faead8,9704b972d3c33904afcb818f87ccd461d988fd30910e9788031d4176df032cd0,3f504e0bc00e47e2d3674e97ef03bed09c060383c94ac723bd7c7c9e56fa4a85
historical,aluminium,ALB,exp_semis_plate,ALB|exp_semis_plate,0.14838691397678802,1,652.559,1998-2002,2008-2012,3c14742d58fa78d297379c294d528f891b10343161deb8128938d6cd30faead8,9704b972d3c33904afcb818f87ccd461d988fd30910e9788031d4176df032cd0,3f504e0bc00e47e2d3674e97ef03bed09c060383c94ac723bd7c7c9e56fa4a85
historical,aluminium,ALB,exp_semis_tube,ALB|exp_semis_tube,0.12942696535656645,1,246.9078,1998-2002,2008-2012,3c14742d58fa78d297379c294d528f891b10343161deb8128938d6cd30faead8,9704b972d3c33904afcb818f87ccd461d988fd30910e9788031d4176df032cd0,3f504e0bc00e47e2d3674e97ef03bed09c060383c94ac723bd7c7c9e56fa4a85
historical,aluminium,ALB,exp_semis_wire,ALB|exp_semis_wire,0.13738031319648944,0,0.0,1998-2002,2008-2012,3c14742d58fa78d297379c294d528f891b10343161deb8128938d6cd30faead8,9704b972d3c33904afcb818f87ccd461d988fd30910e9788031d4176df032cd0,3f504e0bc00e47e2d3674e97ef03bed09c060383c94ac723bd7c7c9e56fa4a85
historical,aluminium,ARE,exp_corundum,ARE|exp_corundum,0.0677186100426213,1,263.6674,1998-2002,2008-2012,3c14742d58fa78d297379c294d528f891b10343161deb8128938d6cd30faead8,9704b972d3c33904afcb818f87ccd461d988fd30910e9788031d4176df032cd0,3f504e0bc00e47e2d3674e97ef03bed09c060383c94ac723bd7c7c9e56fa4a85
historical,aluminium,ARG,exp_aluminium_hydroxide,ARG|exp_aluminium_hydroxide,0.12687506910579585,0,0.0,1998-2002,2008-2012,3c14742d58fa78d297379c294d528f891b10343161deb8128938d6cd30faead8,9704b972d3c33904afcb818f87ccd461d988fd30910e9788031d4176df032cd0,3f504e0bc00e47e2d3674e97ef03bed09c060383c94ac723bd7c7c9e56fa4a85
historical,aluminium,ARG,exp_aluminium_oxide,ARG|exp_aluminium_oxide,0.1412564024766429,0,0.0,1998-2002,2008-2012,3c14742d58fa78d297379c294d528f891b10343161deb8128938d6cd30faead8,9704b972d3c33904afcb818f87ccd461d988fd30910e9788031d4176df032cd0,3f504e0bc00e47e2d3674e97ef03bed09c060383c94ac723bd7c7c9e56fa4a85
historical,aluminium,ARG,exp_corundum,ARG|exp_corundum,0.11971652286913387,0,0.0,1998-2002,2008-2012,3c14742d58fa78d297379c294d528f891b10343161deb8128938d6cd30faead8,9704b972d3c33904afcb818f87ccd461d988fd30910e9788031d4176df032cd0,3f504e0bc00e47e2d3674e97ef03bed09c060383c94ac723bd7c7c9e56fa4a85
historical,aluminium,ARM,exp_semis_barrod,ARM|exp_semis_barrod,0.10979027822065889,0,0.0,1998-2002,2008-2012,3c14742d58fa78d297379c294d528f891b10343161deb8128938d6cd30faead8,9704b972d3c33904afcb818f87ccd461d988fd30910e9788031d4176df032cd0,3f504e0bc00e47e2d3674e97ef03bed09c060383c94ac723bd7c7c9e56fa4a85
historical,aluminium,ARM,exp_semis_plate,ARM|exp_semis_plate,0.10086484026905529,1,232.52740000000003,1998-2002,2008-2012,3c14742d58fa78d297379c294d528f891b10343161deb8128938d6cd30faead8,9704b972d3c33904afcb818f87ccd461d988fd30910e9788031d4176df032cd0,3f504e0bc00e47e2d3674e97ef03bed09c060383c94ac723bd7c7c9e56fa4a85
historical,aluminium,ARM,exp_semis_tube,ARM|exp_semis_tube,0.09454991703529057,0,0.0,1998-2002,2008-2012,3c14742d58fa78d297379c294d528f891b10343161deb8128938d6cd30faead8,9704b972d3c33904afcb818f87ccd461d988fd30910e9788031d4176df032cd0,3f504e0bc00e47e2d3674e97ef03bed09c060383c94ac723bd7c7c9e56fa4a85
historical,aluminium,ARM,exp_semis_wire,ARM|exp_semis_wire,0.09783780273927054,0,0.0,1998-2002,2008-2012,3c14742d58fa78d297379c294d528f891b10343161deb8128938d6cd30faead8,9704b972d3c33904afcb818f87ccd461d988fd30910e9788031d4176df032cd0,3f504e0bc00e47e2d3674e97ef03bed09c060383c94ac723bd7c7c9e56fa4a85
historical,aluminium,AZE,exp_corundum,AZE|exp_corundum,0.0396381199504091,0,0.0,1998-2002,2008-2012,3c14742d58fa78d297379c294d528f891b10343161deb8128938d6cd30faead8,9704b972d3c33904afcb818f87ccd461d988fd30910e9788031d4176df032cd0,3f504e0bc00e47e2d3674e97ef03bed09c060383c94ac723bd7c7c9e56fa4a85
historical,aluminium,AZE,exp_semis_foil,AZE|exp_semis_foil,0.040191414818440165,0,0.0,1998-2002,2008-2012,3c14742d58fa78d297379c294d528f891b10343161deb8128938d6cd30faead8,9704b972d3c33904afcb818f87ccd461d988fd30910e9788031d4176df032cd0,3f504e0bc00e47e2d3674e97ef03bed09c060383c94ac723bd7c7c9e56fa4a85
historical,aluminium,AZE,exp_semis_plate,AZE|exp_semis_plate,0.04575667816777747,0,0.0,1998-2002,2008-2012,3c14742d58fa78d297379c294d528f891b10343161deb8128938d6cd30faead8,9704b972d3c33904afcb818f87ccd461d988fd30910e9788031d4176df032cd0,3f504e0bc00e47e2d3674e97ef03bed09c060383c94ac723bd7c7c9e56fa4a85
historical,aluminium,AZE,exp_semis_tube,AZE|exp_semis_tube,0.03936528272805856,0,0.0,1998-2002,2008-2012,3c14742d58fa78d297379c294d528f891b10343161deb8128938d6cd30faead8,9704b972d3c33904afcb818f87ccd461d988fd30910e9788031d4176df032cd0,3f504e0bc00e47e2d3674e97ef03bed09c060383c94ac723bd7c7c9e56fa4a85
historical,aluminium,AZE,exp_semis_wire,AZE|exp_semis_wire,0.048101477945407214,0,0.0,1998-2002,2008-2012,3c14742d58fa78d297379c294d528f891b10343161deb8128938d6cd30faead8,9704b972d3c33904afcb818f87ccd461d988fd30910e9788031d4176df032cd0,3f504e0bc00e47e2d3674e97ef03bed09c060383c94ac723bd7c7c9e56fa4a85
historical,aluminium,BGR,exp_aluminium_oxide,BGR|exp_aluminium_oxide,0.29246516624479757,1,1284.402,1998-2002,2008-2012,3c14742d58fa78d297379c294d528f891b10343161deb8128938d6cd30faead8,9704b972d3c33904afcb818f87ccd461d988fd30910e9788031d4176df032cd0,3f504e0bc00e47e2d3674e97ef03bed09c060383c94ac723bd7c7c9e56fa4a85
historical,aluminium,BGR,exp_corundum,BGR|exp_corundum,0.23872962690328053,0,0.0,1998-2002,2008-2012,3c14742d58fa78d297379c294d528f891b10343161deb8128938d6cd30faead8,9704b972d3c33904afcb818f87ccd461d988fd30910e9788031d4176df032cd0,3f504e0bc00e47e2d3674e97ef03bed09c060383c94ac723bd7c7c9e56fa4a85
historical,aluminium,BHR,exp_semis_tube,BHR|exp_semis_tube,0.045917350867087425,1,692.867,1998-2002,2008-2012,3c14742d58fa78d297379c294d528f891b10343161deb8128938d6cd30faead8,9704b972d3c33904afcb818f87ccd461d988fd30910e9788031d4176df032cd0,3f504e0bc00e47e2d3674e97ef03bed09c060383c94ac723bd7c7c9e56fa4a85
historical,aluminium,BHS,exp_corundum,BHS|exp_corundum,0.06587022571398372,0,0.0,1998-2002,2008-2012,3c14742d58fa78d297379c294d528f891b10343161deb8128938d6cd30faead8,9704b972d3c33904afcb818f87ccd461d988fd30910e9788031d4176df032cd0,3f504e0bc00e47e2d3674e97ef03bed09c060383c94ac723bd7c7c9e56fa4a85
historical,aluminium,BHS,exp_semis_barrod,BHS|exp_semis_barrod,0.07377282745088078,0,0.0,1998-2002,2008-2012,3c14742d58fa78d297379c294d528f891b10343161deb8128938d6cd30faead8,9704b972d3c33904afcb818f87ccd461d988fd30910e9788031d4176df032cd0,3f504e0bc00e47e2d3674e97ef03bed09c060383c94ac723bd7c7c9e56fa4a85
historical,aluminium,BHS,exp_semis_foil,BHS|exp_semis_foil,0.06681936732670064,0,0.0,1998-2002,2008-2012,3c14742d58fa78d297379c294d528f891b10343161deb8128938d6cd30faead8,9704b972d3c33904afcb818f87ccd461d988fd30910e9788031d4176df032cd0,3f504e0bc00e47e2d3674e97ef03bed09c060383c94ac723bd7c7c9e56fa4a85
historical,aluminium,BHS,exp_semis_plate,BHS|exp_semis_plate,0.07184195581514541,0,0.0,1998-2002,2008-2012,3c14742d58fa78d297379c294d528f891b10343161deb8128938d6cd30faead8,9704b972d3c33904afcb818f87ccd461d988fd30910e9788031d4176df032cd0,3f504e0bc00e47e2d3674e97ef03bed09c060383c94ac723bd7c7c9e56fa4a85
historical,aluminium,BHS,exp_semis_tube,BHS|exp_semis_tube,0.06684330642277636,0,0.0,1998-2002,2008-2012,3c14742d58fa78d297379c294d528f891b10343161deb8128938d6cd30faead8,9704b972d3c33904afcb818f87ccd461d988fd30910e9788031d4176df032cd0,3f504e0bc00e47e2d3674e97ef03bed09c060383c94ac723bd7c7c9e56fa4a85
historical,aluminium,BHS,exp_semis_wire,BHS|exp_semis_wire,0.07034031461847665,0,0.0,1998-2002,2008-2012,3c14742d58fa78d297379c294d528f891b10343161deb8128938d6cd30faead8,9704b972d3c33904afcb818f87ccd461d988fd30910e9788031d4176df032cd0,3f504e0bc00e47e2d3674e97ef03bed09c060383c94ac723bd7c7c9e56fa4a85
historical,aluminium,BIH,exp_corundum,BIH|exp_corundum,0.13378787508335863,0,0.0,1998-2002,2008-2012,3c14742d58fa78d297379c294d528f891b10343161deb8128938d6cd30faead8,9704b972d3c33904afcb818f87ccd461d988fd30910e9788031d4176df032cd0,3f504e0bc00e47e2d3674e97ef03bed09c060383c94ac723bd7c7c9e56fa4a85
historical,aluminium,BIH,exp_semis_foil,BIH|exp_semis_foil,0.14742768510515167,0,0.0,1998-2002,2008-2012,3c14742d58fa78d297379c294d528f891b10343161deb8128938d6cd30faead8,9704b972d3c33904afcb818f87ccd461d988fd30910e9788031d4176df032cd0,3f504e0bc00e47e2d3674e97ef03bed09c060383c94ac723bd7c7c9e56fa4a85
historical,aluminium,BIH,exp_semis_tube,BIH|exp_semis_tube,0.1362608480288959,0,0.0,1998-2002,2008-2012,3c14742d58fa78d297379c294d528f891b10343161deb8128938d6cd30faead8,9704b972d3c33904afcb818f87ccd461d988fd30910e9788031d4176df032cd0,3f504e0bc00e47e2d3674e97ef03bed09c060383c94ac723bd7c7c9e56fa4a85
historical,aluminium,BIH,exp_semis_wire,BIH|exp_semis_wire,0.15446520931557822,1,2676.3502,1998-2002,2008-2012,3c14742d58fa78d297379c294d528f891b10343161deb8128938d6cd30faead8,9704b972d3c33904afcb818f87ccd461d988fd30910e9788031d4176df032cd0,3f504e0bc00e47e2d3674e97ef03bed09c060383c94ac723bd7c7c9e56fa4a85
historical,aluminium,BLR,exp_semis_tube,BLR|exp_semis_tube,0.18754275915166144,1,119.84,1998-2002,2008-2012,3c14742d58fa78d297379c294d528f891b10343161deb8128938d6cd30faead8,9704b972d3c33904afcb818f87ccd461d988fd30910e9788031d4176df032cd0,3f504e0bc00e47e2d3674e97ef03bed09c060383c94ac723bd7c7c9e56fa4a85
historical,aluminium,BMU,exp_aluminium_hydroxide,BMU|exp_aluminium_hydroxide,0.02819183501370601,0,0.0,1998-2002,2008-2012,3c14742d58fa78d297379c294d528f891b10343161deb8128938d6cd30faead8,9704b972d3c33904afcb818f87ccd461d988fd30910e9788031d4176df032cd0,3f504e0bc00e47e2d3674e97ef03bed09c060383c94ac723bd7c7c9e56fa4a85
historical,aluminium,BMU,exp_aluminium_oxide,BMU|exp_aluminium_oxide,0.034365151389515264,0,0.0,1998-2002,2008-2012,3c14742d58fa78d297379c294d528f891b10343161deb8128938d6cd30faead8,9704b972d3c33904afcb818f87ccd461d988fd30910e9788031d4176df032cd0,3f504e0bc00e47e2d3674e97ef03bed09c060383c94ac723bd7c7c9e56fa4a85
historical,aluminium,BMU,exp_corundum,BMU|exp_corundum,0.0252109659711605,0,0.0,1998-2002,2008-2012,3c14742d58fa78d297379c294d528f891b10343161deb8128938d6cd30faead8,9704b972d3c33904afcb818f87ccd461d988fd30910e9788031d4176df032cd0,3f504e0bc00e47e2d3674e97ef03bed09c060383c94ac723bd7c7c9e56fa4a85
historical,aluminium,BMU,exp_semis_barrod,BMU|exp_semis_barrod,0.028390821766301307,0,0.0,1998-2002,2008-2012,3c14742d58fa78d297379c294d528f891b10343161deb8128938d6cd30faead8,9704b972d3c33904afcb818f87ccd461d988fd30910e9788031d4176df032cd0,3f504e0bc00e47e2d3674e97ef03bed09c060383c94ac723bd7c7c9e56fa4a85
historical,aluminium,BMU,exp_semis_foil,BMU|exp_semis_foil,0.025849641752555188,0,0.0,1998-2002,2008-2012,3c14742d58fa78d297379c294d528f891b10343161deb8128938d6cd30faead8,9704b972d3c33904afcb818f87ccd461d988fd30910e9788031d4176df032cd0,3f504e0bc00e47e2d3674e97ef03bed09c060383c94ac723bd7c7c9e56fa4a85
historical,aluminium,BMU,exp_semis_plate,BMU|exp_semis_plate,0.028671811324424697,0,0.0,1998-2002,2008-2012,3c14742d58fa78d297379c294d528f891b10343161deb8128938d6cd30faead8,9704b972d3c33904afcb818f87ccd461d988fd30910e9788031d4176df032cd0,3f504e0bc00e47e2d3674e97ef03bed09c060383c94ac723bd7c7c9e56fa4a85
historical,aluminium,BMU,exp_semis_tube,BMU|exp_semis_tube,0.02622359256391975,0,0.0,1998-2002,2008-2012,3c14742d58fa78d297379c294d528f891b10343161deb8128938d6cd30faead8,9704b972d3c33904afcb818f87ccd461d988fd30910e9788031d4176df032cd0,3f504e0bc00e47e2d3674e97ef03bed09c060383c94ac723bd7c7c9e56fa4a85
historical,aluminium,BMU,exp_unwrought,BMU|exp_unwrought,0.03247987669136858,0,0.0,1998-2002,2008-2012,3c14742d58fa78d297379c294d528f891b10343161deb8128938d6cd30faead8,9704b972d3c33904afcb818f87ccd461d988fd30910e9788031d4176df032cd0,3f504e0bc00e47e2d3674e97ef03bed09c060383c94ac723bd7c7c9e56fa4a85
historical,aluminium,BOL,exp_semis_barrod,BOL|exp_semis_barrod,0.06465149300896571,0,0.0,1998-2002,2008-2012,3c14742d58fa78d297379c294d528f891b10343161deb8128938d6cd30faead8,9704b972d3c33904afcb818f87ccd461d988fd30910e9788031d4176df032cd0,3f504e0bc00e47e2d3674e97ef03bed09c060383c94ac723bd7c7c9e56fa4a85
historical,aluminium,BOL,exp_semis_foil,BOL|exp_semis_foil,0.04602024159749413,0,0.0,1998-2002,2008-2012,3c14742d58fa78d297379c294d528f891b10343161deb8128938d6cd30faead8,9704b972d3c33904afcb818f87ccd461d988fd30910e9788031d4176df032cd0,3f504e0bc00e47e2d3674e97ef03bed09c060383c94ac723bd7c7c9e56fa4a85
historical,aluminium,BOL,exp_semis_plate,BOL|exp_semis_plate,0.0544356882310639,0,0.0,1998-2002,2008-2012,3c14742d58fa78d297379c294d528f891b10343161deb8128938d6cd30faead8,9704b972d3c33904afcb818f87ccd461d988fd30910e9788031d4176df032cd0,3f504e0bc00e47e2d3674e97ef03bed09c060383c94ac723bd7c7c9e56fa4a85
historical,aluminium,BOL,exp_semis_tube,BOL|exp_semis_tube,0.043707299187701366,0,0.0,1998-2002,2008-2012,3c14742d58fa78d297379c294d528f891b10343161deb8128938d6cd30faead8,9704b972d3c33904afcb818f87ccd461d988fd30910e9788031d4176df032cd0,3f504e0bc00e47e2d3674e97ef03bed09c060383c94ac723bd7c7c9e56fa4a85
historical,aluminium,BOL,exp_semis_wire,BOL|exp_semis_wire,0.051284138497166246,0,0.0,1998-2002,2008-2012,3c14742d58fa78d297379c294d528f891b10343161deb8128938d6cd30faead8,9704b972d3c33904afcb818f87ccd461d988fd30910e9788031d4176df032cd0,3f504e0bc00e47e2d3674e97ef03bed09c060383c94ac723bd7c7c9e56fa4a85
historical,aluminium,BRB,exp_aluminium_hydroxide,BRB|exp_aluminium_hydroxide,0.0772846211214062,0,0.0,1998-2002,2008-2012,3c14742d58fa78d297379c294d528f891b10343161deb8128938d6cd30faead8,9704b972d3c33904afcb818f87ccd461d988fd30910e9788031d4176df032cd0,3f504e0bc00e47e2d3674e97ef03bed09c060383c94ac723bd7c7c9e56fa4a85
historical,aluminium,BRB,exp_aluminium_oxide,BRB|exp_aluminium_oxide,0.08162455660606126,0,0.0,1998-2002,2008-2012,3c14742d58fa78d297379c294d528f891b10343161deb8128938d6cd30faead8,9704b972d3c33904afcb818f87ccd461d988fd30910e9788031d4176df032cd0,3f504e0bc00e47e2d3674e97ef03bed09c060383c94ac723bd7c7c9e56fa4a85
historical,aluminium,BRB,exp_corundum,BRB|exp_corundum,0.06996670519621695,0,0.0,1998-2002,2008-2012,3c14742d58fa78d297379c294d528f891b10343161deb8128938d6cd30faead8,9704b972d3c33904afcb818f87ccd461d988fd30910e9788031d4176df032cd0,3f504e0bc00e47e2d3674e97ef03bed09c060383c94ac723bd7c7c9e56fa4a85
historical,aluminium,BRB,exp_semis_barrod,BRB|exp_semis_barrod,0.09803363705141714,1,159.51619999999997,1998-2002,2008-2012,3c14742d58fa78d297379c294d528f891b10343161deb8128938d6cd30faead8,9704b972d3c33904afcb818f87ccd461d988fd30910e9788031d4176df032cd0,3f504e0bc00e47e2d3674e97ef03bed09c060383c94ac723bd7c7c9e56fa4a85
historical,aluminium,BRB,exp_semis_foil,BRB|exp_semis_foil,0.08520508723146542,0,0.0,1998-2002,2008-2012,3c14742d58fa78d297379c294d528f891b10343161deb8128938d6cd30faead8,9704b972d3c33904afcb818f87ccd461d988fd30910e9788031d4176df032cd0,3f504e0bc00e47e2d3674e97ef03bed09c060383c94ac723bd7c7c9e56fa4a85
historical,aluminium,BRB,exp_semis_plate,BRB|exp_semis_plate,0.08811302360929218,0,0.0,1998-2002,2008-2012,3c14742d58fa78d297379c294d528f891b10343161deb8128938d6cd30faead8,9704b972d3c33904afcb818f87ccd461d988fd30910e9788031d4176df032cd0,3f504e0bc00e47e2d3674e97ef03bed09c060383c94ac723bd7c7c9e56fa4a85
historical,aluminium,BRB,exp_semis_tube,BRB|exp_semis_tube,0.0818919408525113,0,0.0,1998-2002,2008-2012,3c14742d58fa78d297379c294d528f891b10343161deb8128938d6cd30faead8,9704b972d3c33904afcb818f87ccd461d988fd30910e9788031d4176df032cd0,3f504e0bc00e47e2d3674e97ef03bed09c060383c94ac723bd7c7c9e56fa4a85
historical,aluminium,BRB,exp_semis_wire,BRB|exp_semis_wire,0.07837809045485622,0,0.0,1998-2002,2008-2012,3c14742d58fa78d297379c294d528f891b10343161deb8128938d6cd30faead8,9704b972d3c33904afcb818f87ccd461d988fd30910e9788031d4176df032cd0,3f504e0bc00e47e2d3674e97ef03bed09c060383c94ac723bd7c7c9e56fa4a85
historical,aluminium,BRB,exp_unwrought,BRB|exp_unwrought,0.09097686690235228,1,2116.735,1998-2002,2008-2012,3c14742d58fa78d297379c294d528f891b10343161deb8128938d6cd30faead8,9704b972d3c33904afcb818f87ccd461d988fd30910e9788031d4176df032cd0,3f504e0bc00e47e2d3674e97ef03bed09c060383c94ac723bd7c7c9e56fa4a85
historical,aluminium,BRN,exp_semis_barrod,BRN|exp_semis_barrod,0.03033728233780841,1,586.9176,1998-2002,2008-2012,3c14742d58fa78d297379c294d528f891b10343161deb8128938d6cd30faead8,9704b972d3c33904afcb818f87ccd461d988fd30910e9788031d4176df032cd0,3f504e0bc00e47e2d3674e97ef03bed09c060383c94ac723bd7c7c9e56fa4a85
historical,aluminium,BRN,exp_semis_foil,BRN|exp_semis_foil,0.01760110412432876,0,0.0,1998-2002,2008-2012,3c14742d58fa78d297379c294d528f891b10343161deb8128938d6cd30faead8,9704b972d3c33904afcb818f87ccd461d988fd30910e9788031d4176df032cd0,3f504e0bc00e47e2d3674e97ef03bed09c060383c94ac723bd7c7c9e56fa4a85
historical,aluminium,BRN,exp_semis_plate,BRN|exp_semis_plate,0.019828384486615183,0,0.0,1998-2002,2008-2012,3c14742d58fa78d297379c294d528f891b10343161deb8128938d6cd30faead8,9704b972d3c33904afcb818f87ccd461d988fd30910e9788031d4176df032cd0,3f504e0bc00e47e2d3674e97ef03bed09c060383c94ac723bd7c7c9e56fa4a85
historical,aluminium,BRN,exp_semis_tube,BRN|exp_semis_tube,0.01591781724194369,0,0.0,1998-2002,2008-2012,3c14742d58fa78d297379c294d528f891b10343161deb8128938d6cd30faead8,9704b972d3c33904afcb818f87ccd461d988fd30910e9788031d4176df032cd0,3f504e0bc00e47e2d3674e97ef03bed09c060383c94ac723bd7c7c9e56fa4a85
historical,aluminium,BRN,exp_semis_wire,BRN|exp_semis_wire,0.01683732728911462,0,0.0,1998-2002,2008-2012,3c14742d58fa78d297379c294d528f891b10343161deb8128938d6cd30faead8,9704b972d3c33904afcb818f87ccd461d988fd30910e9788031d4176df032cd0,3f504e0bc00e47e2d3674e97ef03bed09c060383c94ac723bd7c7c9e56fa4a85
historical,aluminium,CHL,exp_aluminium_hydroxide,CHL|exp_aluminium_hydroxide,0.09544584855989244,0,0.0,1998-2002,2008-2012,3c14742d58fa78d297379c294d528f891b10343161deb8128938d6cd30faead8,9704b972d3c33904afcb818f87ccd461d988fd30910e9788031d4176df032cd0,3f504e0bc00e47e2d3674e97ef03bed09c060383c94ac723bd7c7c9e56fa4a85
historical,aluminium,CHL,exp_aluminium_oxide,CHL|exp_aluminium_oxide,0.10692615044410524,0,0.0,1998-2002,2008-2012,3c14742d58fa78d297379c294d528f891b10343161deb8128938d6cd30faead8,9704b972d3c33904afcb818f87ccd461d988fd30910e9788031d4176df032cd0,3f504e0bc00e47e2d3674e97ef03bed09c060383c94ac723bd7c7c9e56fa4a85
historical,aluminium,CHL,exp_corundum,CHL|exp_corundum,0.09086449716000701,0,0.0,1998-2002,2008-2012,3c14742d58fa78d297379c294d528f891b10343161deb8128938d6cd30faead8,9704b972d3c33904afcb818f87ccd461d988fd30910e9788031d4176df032cd0,3f504e0bc00e47e2d3674e97ef03bed09c060383c94ac723bd7c7c9e56fa4a85
historical,aluminium,CHL,exp_semis_wire,CHL|exp_semis_wire,0.10194585487756411,1,259.3828,1998-2002,2008-2012,3c14742d58fa78d297379c294d528f891b10343161deb8128938d6cd30faead8,9704b972d3c33904afcb818f87ccd461d988fd30910e9788031d4176df032cd0,3f504e0bc00e47e2d3674e97ef03bed09c060383c94ac723bd7c7c9e56fa4a85
historical,aluminium,CHL,exp_unwrought,CHL|exp_unwrought,0.13022886283615887,1,315.5268,1998-2002,2008-2012,3c14742d58fa78d297379c294d528f891b10343161deb8128938d6cd30faead8,9704b972d3c33904afcb818f87ccd461d988fd30910e9788031d4176df032cd0,3f504e0bc00e47e2d3674e97ef03bed09c060383c94ac723bd7c7c9e56fa4a85
historical,aluminium,CMR,exp_semis_barrod,CMR|exp_semis_barrod,0.029316227812952355,0,0.0,1998-2002,2008-2012,3c14742d58fa78d297379c294d528f891b10343161deb8128938d6cd30faead8,9704b972d3c33904afcb818f87ccd461d988fd30910e9788031d4176df032cd0,3f504e0bc00e47e2d3674e97ef03bed09c060383c94ac723bd7c7c9e56fa4a85
historical,aluminium,CMR,exp_semis_foil,CMR|exp_semis_foil,0.019357577088237567,0,0.0,1998-2002,2008-2012,3c14742d58fa78d297379c294d528f891b10343161deb8128938d6cd30faead8,9704b972d3c33904afcb818f87ccd461d988fd30910e9788031d4176df032cd0,3f504e0bc00e47e2d3674e97ef03bed09c060383c94ac723bd7c7c9e56fa4a85
historical,aluminium,CMR,exp_semis_tube,CMR|exp_semis_tube,0.01745859706073014,0,0.0,1998-2002,2008-2012,3c14742d58fa78d297379c294d528f891b10343161deb8128938d6cd30faead8,9704b972d3c33904afcb818f87ccd461d988fd30910e9788031d4176df032cd0,3f504e0bc00e47e2d3674e97ef03bed09c060383c94ac723bd7c7c9e56fa4a85
historical,aluminium,CMR,exp_semis_wire,CMR|exp_semis_wire,0.021566179234908875,0,0.0,1998-2002,2008-2012,3c14742d58fa78d297379c294d528f891b10343161deb8128938d6cd30faead8,9704b972d3c33904afcb818f87ccd461d988fd30910e9788031d4176df032cd0,3f504e0bc00e47e2d3674e97ef03bed09c060383c94ac723bd7c7c9e56fa4a85
historical,aluminium,COL,exp_aluminium_hydroxide,COL|exp_aluminium_hydroxide,0.10693530618641292,0,0.0,1998-2002,2008-2012,3c14742d58fa78d297379c294d528f891b10343161deb8128938d6cd30faead8,9704b972d3c33904afcb818f87ccd461d988fd30910e9788031d4176df032cd0,3f504e0bc00e47e2d3674e97ef03bed09c060383c94ac723bd7c7c9e56fa4a85
historical,aluminium,COL,exp_aluminium_oxide,COL|exp_aluminium_oxide,0.13250349315126564,0,0.0,1998-2002,2008-2012,3c14742d58fa78d297379c294d528f891b10343161deb8128938d6cd30faead8,9704b972d3c33904afcb818f87ccd461d988fd30910e9788031d4176df032cd0,3f504e0bc00e47e2d3674e97ef03bed09c060383c94ac723bd7c7c9e56fa4a85
historical,aluminium,COL,exp_corundum,COL|exp_corundum,0.10572250077416014,0,0.0,1998-2002,2008-2012,3c14742d58fa78d297379c294d528f891b10343161deb8128938d6cd30faead8,9704b972d3c33904afcb818f87ccd461d988fd30910e9788031d4176df032cd0,3f504e0bc00e47e2d3674e97ef03bed09c060383c94ac723bd7c7c9e56fa4a85
historical,aluminium,CUB,exp_semis_foil,CUB|exp_semis_foil,0.030420872404542148,0,0.0,1998-2002,2008-2012,3c14742d58fa78d297379c294d528f891b10343161deb8128938d6cd30faead8,9704b972d3c33904afcb818f87ccd461d988fd30910e9788031d4176df032cd0,3f504e0bc00e47e2d3674e97ef03bed09c060383c94ac723bd7c7c9e56fa4a85
historical,aluminium,CUB,exp_semis_tube,CUB|exp_semis_tube,0.02838996578645465,0,0.0,1998-2002,2008-2012,3c14742d58fa78d297379c294d528f891b10343161deb8128938d6cd30faead8,9704b972d3c33904afcb818f87ccd461d988fd30910e9788031d4176df032cd0,3f504e0bc00e47e2d3674e97ef03bed09c060383c94ac723bd7c7c9e56fa4a85
historical,aluminium,CUB,exp_semis_wire,CUB|exp_semis_wire,0.03534917694753617,0,0.0,1998-2002,2008-2012,3c14742d58fa78d297379c294d528f891b10343161deb8128938d6cd30faead8,9704b972d3c33904afcb818f87ccd461d988fd30910e9788031d4176df032cd0,3f504e0bc00e47e2d3674e97ef03bed09c060383c94ac723bd7c7c9e56fa4a85
historical,aluminium,CYM,exp_aluminium_oxide,CYM|exp_aluminium_oxide,0.025850619714772902,0,0.0,1998-2002,2008-2012,3c14742d58fa78d297379c294d528f891b10343161deb8128938d6cd30faead8,9704b972d3c33904afcb818f87ccd461d988fd30910e9788031d4176df032cd0,3f504e0bc00e47e2d3674e97ef03bed09c060383c94ac723bd7c7c9e56fa4a85
historical,aluminium,CYM,exp_corundum,CYM|exp_corundum,0.022187357681620962,0,0.0,1998-2002,2008-2012,3c14742d58fa78d297379c294d528f891b10343161deb8128938d6cd30faead8,9704b972d3c33904afcb818f87ccd461d988fd30910e9788031d4176df032cd0,3f504e0bc00e47e2d3674e97ef03bed09c060383c94ac723bd7c7c9e56fa4a85
historical,aluminium,CYM,exp_semis_barrod,CYM|exp_semis_barrod,0.022089224458926828,0,0.0,1998-2002,2008-2012,3c14742d58fa78d297379c294d528f891b10343161deb8128938d6cd30faead8,9704b972d3c33904afcb818f87ccd461d988fd30910e9788031d4176df032cd0,3f504e0bc00e47e2d3674e97ef03bed09c060383c94ac723bd7c7c9e56fa4a85
historical,aluminium,CYM,exp_semis_foil,CYM|exp_semis_foil,0.02026333038161004,0,0.0,1998-2002,2008-2012,3c14742d58fa78d297379c294d528f891b10343161deb8128938d6cd30faead8,9704b972d3c33904afcb818f87ccd461d988fd30910e9788031d4176df032cd0,3f504e0bc00e47e2d3674e97ef03bed09c060383c94ac723bd7c7c9e56fa4a85
historical,aluminium,CYM,exp_semis_plate,CYM|exp_semis_plate,0.02303332871555583,0,0.0,1998-2002,2008-2012,3c14742d58fa78d297379c294d528f891b10343161deb8128938d6cd30faead8,9704b972d3c33904afcb818f87ccd461d988fd30910e9788031d4176df032cd0,3f504e0bc00e47e2d3674e97ef03bed09c060383c94ac723bd7c7c9e56fa4a85
historical,aluminium,CYM,exp_semis_tube,CYM|exp_semis_tube,0.019103761271968528,0,0.0,1998-2002,2008-2012,3c14742d58fa78d297379c294d528f891b10343161deb8128938d6cd30faead8,9704b972d3c33904afcb818f87ccd461d988fd30910e9788031d4176df032cd0,3f504e0bc00e47e2d3674e97ef03bed09c060383c94ac723bd7c7c9e56fa4a85
historical,aluminium,CYM,exp_semis_wire,CYM|exp_semis_wire,0.02404974613690956,0,0.0,1998-2002,2008-2012,3c14742d58fa78d297379c294d528f891b10343161deb8128938d6cd30faead8,9704b972d3c33904afcb818f87ccd461d988fd30910e9788031d4176df032cd0,3f504e0bc00e47e2d3674e97ef03bed09c060383c94ac723bd7c7c9e56fa4a85
historical,aluminium,CYM,exp_unwrought,CYM|exp_unwrought,0.027498567295056668,0,0.0,1998-2002,2008-2012,3c14742d58fa78d297379c294d528f891b10343161deb8128938d6cd30faead8,9704b972d3c33904afcb818f87ccd461d988fd30910e9788031d4176df032cd0,3f504e0bc00e47e2d3674e97ef03bed09c060383c94ac723bd7c7c9e56fa4a85
historical,aluminium,CYP,exp_semis_foil,CYP|exp_semis_foil,0.15358032827344706,0,0.0,1998-2002,2008-2012,3c14742d58fa78d297379c294d528f891b10343161deb8128938d6cd30faead8,9704b972d3c33904afcb818f87ccd461d988fd30910e9788031d4176df032cd0,3f504e0bc00e47e2d3674e97ef03bed09c060383c94ac723bd7c7c9e56fa4a85
historical,aluminium,CYP,exp_semis_tube,CYP|exp_semis_tube,0.14392484113784187,0,0.0,1998-2002,2008-2012,3c14742d58fa78d297379c294d528f891b10343161deb8128938d6cd30faead8,9704b972d3c33904afcb818f87ccd461d988fd30910e9788031d4176df032cd0,3f504e0bc00e47e2d3674e97ef03bed09c060383c94ac723bd7c7c9e56fa4a85
historical,aluminium,CYP,exp_semis_wire,CYP|exp_semis_wire,0.1453755761881964,0,0.0,1998-2002,2008-2012,3c14742d58fa78d297379c294d528f891b10343161deb8128938d6cd30faead8,9704b972d3c33904afcb818f87ccd461d988fd30910e9788031d4176df032cd0,3f504e0bc00e47e2d3674e97ef03bed09c060383c94ac723bd7c7c9e56fa4a85
historical,aluminium,DZA,exp_semis_barrod,DZA|exp_semis_barrod,0.01512081081098946,0,0.0,1998-2002,2008-2012,3c14742d58fa78d297379c294d528f891b10343161deb8128938d6cd30faead8,9704b972d3c33904afcb818f87ccd461d988fd30910e9788031d4176df032cd0,3f504e0bc00e47e2d3674e97ef03bed09c060383c94ac723bd7c7c9e56fa4a85
historical,aluminium,DZA,exp_semis_foil,DZA|exp_semis_foil,0.010657745079492529,0,0.0,1998-2002,2008-2012,3c14742d58fa78d297379c294d528f891b10343161deb8128938d6cd30faead8,9704b972d3c33904afcb818f87ccd461d988fd30910e9788031d4176df032cd0,3f504e0bc00e47e2d3674e97ef03bed09c060383c94ac723bd7c7c9e56fa4a85
historical,aluminium,DZA,exp_semis_plate,DZA|exp_semis_plate,0.013812615883635297,1,246.8618,1998-2002,2008-2012,3c14742d58fa78d297379c294d528f891b10343161deb8128938d6cd30faead8,9704b972d3c33904afcb818f87ccd461d988fd30910e9788031d4176df032cd0,3f504e0bc00e47e2d3674e97ef03bed09c060383c94ac723bd7c7c9e56fa4a85
historical,aluminium,DZA,exp_semis_tube,DZA|exp_semis_tube,0.009949145181479496,0,0.0,1998-2002,2008-2012,3c14742d58fa78d297379c294d528f891b10343161deb8128938d6cd30faead8,9704b972d3c33904afcb818f87ccd461d988fd30910e9788031d4176df032cd0,3f504e0bc00e47e2d3674e97ef03bed09c060383c94ac723bd7c7c9e56fa4a85
historical,aluminium,DZA,exp_semis_wire,DZA|exp_semis_wire,0.015284564792622402,0,0.0,1998-2002,2008-2012,3c14742d58fa78d297379c294d528f891b10343161deb8128938d6cd30faead8,9704b972d3c33904afcb818f87ccd461d988fd30910e9788031d4176df032cd0,3f504e0bc00e47e2d3674e97ef03bed09c060383c94ac723bd7c7c9e56fa4a85
historical,aluminium,ECU,exp_semis_foil,ECU|exp_semis_foil,0.055507529235638654,1,198.6366,1998-2002,2008-2012,3c14742d58fa78d297379c294d528f891b10343161deb8128938d6cd30faead8,9704b972d3c33904afcb818f87ccd461d988fd30910e9788031d4176df032cd0,3f504e0bc00e47e2d3674e97ef03bed09c060383c94ac723bd7c7c9e56fa4a85
historical,aluminium,ECU,exp_semis_plate,ECU|exp_semis_plate,0.06157659445202829,0,0.0,1998-2002,2008-2012,3c14742d58fa78d297379c294d528f891b10343161deb8128938d6cd30faead8,9704b972d3c33904afcb818f87ccd461d988fd30910e9788031d4176df032cd0,3f504e0bc00e47e2d3674e97ef03bed09c060383c94ac723bd7c7c9e56fa4a85
historical,aluminium,ECU,exp_semis_wire,ECU|exp_semis_wire,0.05350855111983274,0,0.0,1998-2002,2008-2012,3c14742d58fa78d297379c294d528f891b10343161deb8128938d6cd30faead8,9704b972d3c33904afcb818f87ccd461d988fd30910e9788031d4176df032cd0,3f504e0bc00e47e2d3674e97ef03bed09c060383c94ac723bd7c7c9e56fa4a85
historical,aluminium,ERI,exp_semis_foil,ERI|exp_semis_foil,0.05451484486511177,0,0.0,1998-2002,2008-2012,3c14742d58fa78d297379c294d528f891b10343161deb8128938d6cd30faead8,9704b972d3c33904afcb818f87ccd461d988fd30910e9788031d4176df032cd0,3f504e0bc00e47e2d3674e97ef03bed09c060383c94ac723bd7c7c9e56fa4a85
historical,aluminium,EST,exp_corundum,EST|exp_corundum,0.1813530397029948,0,0.0,1998-2002,2008-2012,3c14742d58fa78d297379c294d528f891b10343161deb8128938d6cd30faead8,9704b972d3c33904afcb818f87ccd461d988fd30910e9788031d4176df032cd0,3f504e0bc00e47e2d3674e97ef03bed09c060383c94ac723bd7c7c9e56fa4a85
historical,aluminium,EST,exp_semis_plate,EST|exp_semis_plate,0.19562164622047112,1,3051.343,1998-2002,2008-2012,3c14742d58fa78d297379c294d528f891b10343161deb8128938d6cd30faead8,9704b972d3c33904afcb818f87ccd461d988fd30910e9788031d4176df032cd0,3f504e0bc00e47e2d3674e97ef03bed09c060383c94ac723bd7c7c9e56fa4a85
historical,aluminium,EST,exp_semis_tube,EST|exp_semis_tube,0.17593193671991947,1,144.552,1998-2002,2008-2012,3c14742d58fa78d297379c294d528f891b10343161deb8128938d6cd30faead8,9704b972d3c33904afcb818f87ccd461d988fd30910e9788031d4176df032cd0,3f504e0bc00e47e2d3674e97ef03bed09c060383c94ac723bd7c7c9e56fa4a85
historical,aluminium,EST,exp_semis_wire,EST|exp_semis_wire,0.19198243851075886,1,1159.769,1998-2002,2008-2012,3c14742d58fa78d297379c294d528f891b10343161deb8128938d6cd30faead8,9704b972d3c33904afcb818f87ccd461d988fd30910e9788031d4176df032cd0,3f504e0bc00e47e2d3674e97ef03bed09c060383c94ac723bd7c7c9e56fa4a85
historical,aluminium,FIN,exp_aluminium_oxide,FIN|exp_aluminium_oxide,0.1507812313152361,0,0.0,1998-2002,2008-2012,3c14742d58fa78d297379c294d528f891b10343161deb8128938d6cd30faead8,9704b972d3c33904afcb818f87ccd461d988fd30910e9788031d4176df032cd0,3f504e0bc00e47e2d3674e97ef03bed09c060383c94ac723bd7c7c9e56fa4a85
historical,aluminium,FIN,exp_corundum,FIN|exp_corundum,0.17485763408418184,0,0.0,1998-2002,2008-2012,3c14742d58fa78d297379c294d528f891b10343161deb8128938d6cd30faead8,9704b972d3c33904afcb818f87ccd461d988fd30910e9788031d4176df032cd0,3f504e0bc00e47e2d3674e97ef03bed09c060383c94ac723bd7c7c9e56fa4a85
historical,aluminium,FIN,exp_semis_wire,FIN|exp_semis_wire,0.17747016150956005,1,376.7856,1998-2002,2008-2012,3c14742d58fa78d297379c294d528f891b10343161deb8128938d6cd30faead8,9704b972d3c33904afcb818f87ccd461d988fd30910e9788031d4176df032cd0,3f504e0bc00e47e2d3674e97ef03bed09c060383c94ac723bd7c7c9e56fa4a85
historical,aluminium,GAB,exp_semis_barrod,GAB|exp_semis_barrod,0.01093046376174131,0,0.0,1998-2002,2008-2012,3c14742d58fa78d297379c294d528f891b10343161deb8128938d6cd30faead8,9704b972d3c33904afcb818f87ccd461d988fd30910e9788031d4176df032cd0,3f504e0bc00e47e2d3674e97ef03bed09c060383c94ac723bd7c7c9e56fa4a85
historical,aluminium,GAB,exp_semis_foil,GAB|exp_semis_foil,0.007603712441327931,0,0.0,1998-2002,2008-2012,3c14742d58fa78d297379c294d528f891b10343161deb8128938d6cd30faead8,9704b972d3c33904afcb818f87ccd461d988fd30910e9788031d4176df032cd0,3f504e0bc00e47e2d3674e97ef03bed09c060383c94ac723bd7c7c9e56fa4a85
historical,aluminium,GAB,exp_semis_plate,GAB|exp_semis_plate,0.010787159578705291,0,0.0,1998-2002,2008-2012,3c14742d58fa78d297379c294d528f891b10343161deb8128938d6cd30faead8,9704b972d3c33904afcb818f87ccd461d988fd30910e9788031d4176df032cd0,3f504e0bc00e47e2d3674e97ef03bed09c060383c94ac723bd7c7c9e56fa4a85
historical,aluminium,GAB,exp_semis_tube,GAB|exp_semis_tube,0.007168369473963939,0,0.0,1998-2002,2008-2012,3c14742d58fa78d297379c294d528f891b10343161deb8128938d6cd30faead8,9704b972d3c33904afcb818f87ccd461d988fd30910e9788031d4176df032cd0,3f504e0bc00e47e2d3674e97ef03bed09c060383c94ac723bd7c7c9e56fa4a85
historical,aluminium,GAB,exp_semis_wire,GAB|exp_semis_wire,0.009633032121025327,0,0.0,1998-2002,2008-2012,3c14742d58fa78d297379c294d528f891b10343161deb8128938d6cd30faead8,9704b972d3c33904afcb818f87ccd461d988fd30910e9788031d4176df032cd0,3f504e0bc00e47e2d3674e97ef03bed09c060383c94ac723bd7c7c9e56fa4a85
historical,aluminium,GEO,exp_semis_foil,GEO|exp_semis_foil,0.10727193966309823,0,0.0,1998-2002,2008-2012,3c14742d58fa78d297379c294d528f891b10343161deb8128938d6cd30faead8,9704b972d3c33904afcb818f87ccd461d988fd30910e9788031d4176df032cd0,3f504e0bc00e47e2d3674e97ef03bed09c060383c94ac723bd7c7c9e56fa4a85
historical,aluminium,GEO,exp_semis_tube,GEO|exp_semis_tube,0.10630991826695846,0,0.0,1998-2002,2008-2012,3c14742d58fa78d297379c294d528f891b10343161deb8128938d6cd30faead8,9704b972d3c33904afcb818f87ccd461d988fd30910e9788031d4176df032cd0,3f504e0bc00e47e2d3674e97ef03bed09c060383c94ac723bd7c7c9e56fa4a85
historical,aluminium,GEO,exp_semis_wire,GEO|exp_semis_wire,0.11524817327822216,0,0.0,1998-2002,2008-2012,3c14742d58fa78d297379c294d528f891b10343161deb8128938d6cd30faead8,9704b972d3c33904afcb818f87ccd461d988fd30910e9788031d4176df032cd0,3f504e0bc00e47e2d3674e97ef03bed09c060383c94ac723bd7c7c9e56fa4a85
historical,aluminium,GHA,exp_aluminium_hydroxide,GHA|exp_aluminium_hydroxide,0.04066178585157496,0,0.0,1998-2002,2008-2012,3c14742d58fa78d297379c294d528f891b10343161deb8128938d6cd30faead8,9704b972d3c33904afcb818f87ccd461d988fd30910e9788031d4176df032cd0,3f504e0bc00e47e2d3674e97ef03bed09c060383c94ac723bd7c7c9e56fa4a85
historical,aluminium,GHA,exp_aluminium_oxide,GHA|exp_aluminium_oxide,0.05867660576394147,0,0.0,1998-2002,2008-2012,3c14742d58fa78d297379c294d528f891b10343161deb8128938d6cd30faead8,9704b972d3c33904afcb818f87ccd461d988fd30910e9788031d4176df032cd0,3f504e0bc00e47e2d3674e97ef03bed09c060383c94ac723bd7c7c9e56fa4a85
historical,aluminium,GHA,exp_corundum,GHA|exp_corundum,0.0375112360640018,0,0.0,1998-2002,2008-2012,3c14742d58fa78d297379c294d528f891b10343161deb8128938d6cd30faead8,9704b972d3c33904afcb818f87ccd461d988fd30910e9788031d4176df032cd0,3f504e0bc00e47e2d3674e97ef03bed09c060383c94ac723bd7c7c9e56fa4a85
historical,aluminium,GHA,exp_semis_barrod,GHA|exp_semis_barrod,0.053909600504363914,1,299.26640000000003,1998-2002,2008-2012,3c14742d58fa78d297379c294d528f891b10343161deb8128938d6cd30faead8,9704b972d3c33904afcb818f87ccd461d988fd30910e9788031d4176df032cd0,3f504e0bc00e47e2d3674e97ef03bed09c060383c94ac723bd7c7c9e56fa4a85
historical,aluminium,GHA,exp_semis_tube,GHA|exp_semis_tube,0.03403071743193235,0,0.0,1998-2002,2008-2012,3c14742d58fa78d297379c294d528f891b10343161deb8128938d6cd30faead8,9704b972d3c33904afcb818f87ccd461d988fd30910e9788031d4176df032cd0,3f504e0bc00e47e2d3674e97ef03bed09c060383c94ac723bd7c7c9e56fa4a85
historical,aluminium,GHA,exp_semis_wire,GHA|exp_semis_wire,0.042505624346980374,1,179.80720000000002,1998-2002,2008-2012,3c14742d58fa78d297379c294d528f891b10343161deb8128938d6cd30faead8,9704b972d3c33904afcb818f87ccd461d988fd30910e9788031d4176df032cd0,3f504e0bc00e47e2d3674e97ef03bed09c060383c94ac723bd7c7c9e56fa4a85
historical,aluminium,GIB,exp_aluminium_hydroxide,GIB|exp_aluminium_hydroxide,0.05012308107793019,0,0.0,1998-2002,2008-2012,3c14742d58fa78d297379c294d528f891b10343161deb8128938d6cd30faead8,9704b972d3c33904afcb818f87ccd461d988fd30910e9788031d4176df032cd0,3f504e0bc00e47e2d3674e97ef03bed09c060383c94ac723bd7c7c9e56fa4a85
historical,aluminium,GIB,exp_aluminium_oxide,GIB|exp_aluminium_oxide,0.05224590977301694,0,0.0,1998-2002,2008-2012,3c14742d58fa78d297379c294d528f891b10343161deb8128938d6cd30faead8,9704b972d3c33904afcb818f87ccd461d988fd30910e9788031d4176df032cd0,3f504e0bc00e47e2d3674e97ef03bed09c060383c94ac723bd7c7c9e56fa4a85
historical,aluminium,GIB,exp_corundum,GIB|exp_corundum,0.04642420076128334,0,0.0,1998-2002,2008-2012,3c14742d58fa78d297379c294d528f891b10343161deb8128938d6cd30faead8,9704b972d3c33904afcb818f87ccd461d988fd30910e9788031d4176df032cd0,3f504e0bc00e47e2d3674e97ef03bed09c060383c94ac723bd7c7c9e56fa4a85
historical,aluminium,GIB,exp_semis_barrod,GIB|exp_semis_barrod,0.05758759014221642,0,0.0,1998-2002,2008-2012,3c14742d58fa78d297379c294d528f891b10343161deb8128938d6cd30faead8,9704b972d3c33904afcb818f87ccd461d988fd30910e9788031d4176df032cd0,3f504e0bc00e47e2d3674e97ef03bed09c060383c94ac723bd7c7c9e56fa4a85
historical,aluminium,GIB,exp_semis_foil,GIB|exp_semis_foil,0.05001259662344849,0,0.0,1998-2002,2008-2012,3c14742d58fa78d297379c294d528f891b10343161deb8128938d6cd30faead8,9704b972d3c33904afcb818f87ccd461d988fd30910e9788031d4176df032cd0,3f504e0bc00e47e2d3674e97ef03bed09c060383c94ac723bd7c7c9e56fa4a85
historical,aluminium,GIB,exp_semis_tube,GIB|exp_semis_tube,0.05148999745360325,0,0.0,1998-2002,2008-2012,3c14742d58fa78d297379c294d528f891b10343161deb8128938d6cd30faead8,9704b972d3c33904afcb818f87ccd461d988fd30910e9788031d4176df032cd0,3f504e0bc00e47e2d3674e97ef03bed09c060383c94ac723bd7c7c9e56fa4a85
historical,aluminium,GIB,exp_semis_wire,GIB|exp_semis_wire,0.051081373423144075,0,0.0,1998-2002,2008-2012,3c14742d58fa78d297379c294d528f891b10343161deb8128938d6cd30faead8,9704b972d3c33904afcb818f87ccd461d988fd30910e9788031d4176df032cd0,3f504e0bc00e47e2d3674e97ef03bed09c060383c94ac723bd7c7c9e56fa4a85
historical,aluminium,GIB,exp_unwrought,GIB|exp_unwrought,0.05863475182006925,0,0.0,1998-2002,2008-2012,3c14742d58fa78d297379c294d528f891b10343161deb8128938d6cd30faead8,9704b972d3c33904afcb818f87ccd461d988fd30910e9788031d4176df032cd0,3f504e0bc00e47e2d3674e97ef03bed09c060383c94ac723bd7c7c9e56fa4a85
historical,aluminium,GIN,exp_corundum,GIN|exp_corundum,0.013575548642200196,0,0.0,1998-2002,2008-2012,3c14742d58fa78d297379c294d528f891b10343161deb8128938d6cd30faead8,9704b972d3c33904afcb818f87ccd461d988fd30910e9788031d4176df032cd0,3f504e0bc00e47e2d3674e97ef03bed09c060383c94ac723bd7c7c9e56fa4a85
historical,aluminium,GIN,exp_semis_barrod,GIN|exp_semis_barrod,0.01889856696140724,0,0.0,1998-2002,2008-2012,3c14742d58fa78d297379c294d528f891b10343161deb8128938d6cd30faead8,9704b972d3c33904afcb818f87ccd461d988fd30910e9788031d4176df032cd0,3f504e0bc00e47e2d3674e97ef03bed09c060383c94ac723bd7c7c9e56fa4a85
historical,aluminium,GIN,exp_semis_foil,GIN|exp_semis_foil,0.013214095657103764,0,0.0,1998-2002,2008-2012,3c14742d58fa78d297379c294d528f891b10343161deb8128938d6cd30faead8,9704b972d3c33904afcb818f87ccd461d988fd30910e9788031d4176df032cd0,3f504e0bc00e47e2d3674e97ef03bed09c060383c94ac723bd7c7c9e56fa4a85
historical,aluminium,GIN,exp_semis_tube,GIN|exp_semis_tube,0.012254693186626637,0,0.0,1998-2002,2008-2012,3c14742d58fa78d297379c294d528f891b10343161deb8128938d6cd30faead8,9704b972d3c33904afcb818f87ccd461d988fd30910e9788031d4176df032cd0,3f504e0bc00e47e2d3674e97ef03bed09c060383c94ac723bd7c7c9e56fa4a85
historical,aluminium,GIN,exp_semis_wire,GIN|exp_semis_wire,0.015195769986606312,0,0.0,1998-2002,2008-2012,3c14742d58fa78d297379c294d528f891b10343161deb8128938d6cd30faead8,9704b972d3c33904afcb818f87ccd461d988fd30910e9788031d4176df032cd0,3f504e0bc00e47e2d3674e97ef03bed09c060383c94ac723bd7c7c9e56fa4a85
historical,aluminium,GIN,exp_unwrought,GIN|exp_unwrought,0.028369423245585425,1,150.53820000000002,1998-2002,2008-2012,3c14742d58fa78d297379c294d528f891b10343161deb8128938d6cd30faead8,9704b972d3c33904afcb818f87ccd461d988fd30910e9788031d4176df032cd0,3f504e0bc00e47e2d3674e97ef03bed09c060383c94ac723bd7c7c9e56fa4a85
historical,aluminium,GMB,exp_aluminium_hydroxide,GMB|exp_aluminium_hydroxide,0.053709356350203664,0,0.0,1998-2002,2008-2012,3c14742d58fa78d297379c294d528f891b10343161deb8128938d6cd30faead8,9704b972d3c33904afcb818f87ccd461d988fd30910e9788031d4176df032cd0,3f504e0bc00e47e2d3674e97ef03bed09c060383c94ac723bd7c7c9e56fa4a85
historical,aluminium,GMB,exp_aluminium_oxide,GMB|exp_aluminium_oxide,0.06216157217572577,0,0.0,1998-2002,2008-2012,3c14742d58fa78d297379c294d528f891b10343161deb8128938d6cd30faead8,9704b972d3c33904afcb818f87ccd461d988fd30910e9788031d4176df032cd0,3f504e0bc00e47e2d3674e97ef03bed09c060383c94ac723bd7c7c9e56fa4a85
historical,aluminium,GMB,exp_corundum,GMB|exp_corundum,0.04949240599475209,0,0.0,1998-2002,2008-2012,3c14742d58fa78d297379c294d528f891b10343161deb8128938d6cd30faead8,9704b972d3c33904afcb818f87ccd461d988fd30910e9788031d4176df032cd0,3f504e0bc00e47e2d3674e97ef03bed09c060383c94ac723bd7c7c9e56fa4a85
historical,aluminium,GMB,exp_semis_barrod,GMB|exp_semis_barrod,0.06751333265774108,0,0.0,1998-2002,2008-2012,3c14742d58fa78d297379c294d528f891b10343161deb8128938d6cd30faead8,9704b972d3c33904afcb818f87ccd461d988fd30910e9788031d4176df032cd0,3f504e0bc00e47e2d3674e97ef03bed09c060383c94ac723bd7c7c9e56fa4a85
historical,aluminium,GMB,exp_semis_foil,GMB|exp_semis_foil,0.05630321394121224,0,0.0,1998-2002,2008-2012,3c14742d58fa78d297379c294d528f891b10343161deb8128938d6cd30faead8,9704b972d3c33904afcb818f87ccd461d988fd30910e9788031d4176df032cd0,3f504e0bc00e47e2d3674e97ef03bed09c060383c94ac723bd7c7c9e56fa4a85
historical,aluminium,GMB,exp_semis_plate,GMB|exp_semis_plate,0.06124314979979556,0,0.0,1998-2002,2008-2012,3c14742d58fa78d297379c294d528f891b10343161deb8128938d6cd30faead8,9704b972d3c33904afcb818f87ccd461d988fd30910e9788031d4176df032cd0,3f504e0bc00e47e2d3674e97ef03bed09c060383c94ac723bd7c7c9e56fa4a85
historical,aluminium,GMB,exp_semis_tube,GMB|exp_semis_tube,0.055609639427043944,0,0.0,1998-2002,2008-2012,3c14742d58fa78d297379c294d528f891b10343161deb8128938d6cd30faead8,9704b972d3c33904afcb818f87ccd461d988fd30910e9788031d4176df032cd0,3f504e0bc00e47e2d3674e97ef03bed09c060383c94ac723bd7c7c9e56fa4a85
historical,aluminium,GMB,exp_semis_wire,GMB|exp_semis_wire,0.05294236011463489,0,0.0,1998-2002,2008-2012,3c14742d58fa78d297379c294d528f891b10343161deb8128938d6cd30faead8,9704b972d3c33904afcb818f87ccd461d988fd30910e9788031d4176df032cd0,3f504e0bc00e47e2d3674e97ef03bed09c060383c94ac723bd7c7c9e56fa4a85
historical,aluminium,GMB,exp_unwrought,GMB|exp_unwrought,0.07236494397990437,0,0.0,1998-2002,2008-2012,3c14742d58fa78d297379c294d528f891b10343161deb8128938d6cd30faead8,9704b972d3c33904afcb818f87ccd461d988fd30910e9788031d4176df032cd0,3f504e0bc00e47e2d3674e97ef03bed09c060383c94ac723bd7c7c9e56fa4a85
historical,aluminium,GRC,exp_corundum,GRC|exp_corundum,0.18360679899871907,1,192.8268,1998-2002,2008-2012,3c14742d58fa78d297379c294d528f891b10343161deb8128938d6cd30faead8,9704b972d3c33904afcb818f87ccd461d988fd30910e9788031d4176df032cd0,3f504e0bc00e47e2d3674e97ef03bed09c060383c94ac723bd7c7c9e56fa4a85
historical,aluminium,GRD,exp_semis_barrod,GRD|exp_semis_barrod,0.05950600405588225,0,0.0,1998-2002,2008-2012,3c14742d58fa78d297379c294d528f891b10343161deb8128938d6cd30faead8,9704b972d3c33904afcb818f87ccd461d988fd30910e9788031d4176df032cd0,3f504e0bc00e47e2d3674e97ef03bed09c060383c94ac723bd7c7c9e56fa4a85
historical,aluminium,GRD,exp_semis_foil,GRD|exp_semis_foil,0.04746218848929443,0,0.0,1998-2002,2008-2012,3c14742d58fa78d297379c294d528f891b10343161deb8128938d6cd30faead8,9704b972d3c33904afcb818f87ccd461d988fd30910e9788031d4176df032cd0,3f504e0bc00e47e2d3674e97ef03bed09c060383c94ac723bd7c7c9e56fa4a85
historical,aluminium,GRD,exp_semis_plate,GRD|exp_semis_plate,0.05128771112641282,0,0.0,1998-2002,2008-2012,3c14742d58fa78d297379c294d528f891b10343161deb8128938d6cd30faead8,9704b972d3c33904afcb818f87ccd461d988fd30910e9788031d4176df032cd0,3f504e0bc00e47e2d3674e97ef03bed09c060383c94ac723bd7c7c9e56fa4a85
historical,aluminium,GRD,exp_semis_tube,GRD|exp_semis_tube,0.04352275562041818,0,0.0,1998-2002,2008-2012,3c14742d58fa78d297379c294d528f891b10343161deb8128938d6cd30faead8,9704b972d3c33904afcb818f87ccd461d988fd30910e9788031d4176df032cd0,3f504e0bc00e47e2d3674e97ef03bed09c060383c94ac723bd7c7c9e56fa4a85
historical,aluminium,GRD,exp_semis_wire,GRD|exp_semis_wire,0.04478260843446855,0,0.0,1998-2002,2008-2012,3c14742d58fa78d297379c294d528f891b10343161deb8128938d6cd30faead8,9704b972d3c33904afcb818f87ccd461d988fd30910e9788031d4176df032cd0,3f504e0bc00e47e2d3674e97ef03bed09c060383c94ac723bd7c7c9e56fa4a85
historical,aluminium,GTM,exp_semis_wire,GTM|exp_semis_wire,0.1424338023245189,0,0.0,1998-2002,2008-2012,3c14742d58fa78d297379c294d528f891b10343161deb8128938d6cd30faead8,9704b972d3c33904afcb818f87ccd461d988fd30910e9788031d4176df032cd0,3f504e0bc00e47e2d3674e97ef03bed09c060383c94ac723bd7c7c9e56fa4a85
historical,aluminium,GUY,exp_aluminium_hydroxide,GUY|exp_aluminium_hydroxide,0.034387027566464515,0,0.0,1998-2002,2008-2012,3c14742d58fa78d297379c294d528f891b10343161deb8128938d6cd30faead8,9704b972d3c33904afcb818f87ccd461d988fd30910e9788031d4176df032cd0,3f504e0bc00e47e2d3674e97ef03bed09c060383c94ac723bd7c7c9e56fa4a85
historical,aluminium,GUY,exp_corundum,GUY|exp_corundum,0.030986536617143037,1,866.1994000000001,1998-2002,2008-2012,3c14742d58fa78d297379c294d528f891b10343161deb8128938d6cd30faead8,9704b972d3c33904afcb818f87ccd461d988fd30910e9788031d4176df032cd0,3f504e0bc00e47e2d3674e97ef03bed09c060383c94ac723bd7c7c9e56fa4a85
historical,aluminium,GUY,exp_semis_barrod,GUY|exp_semis_barrod,0.054394668278639646,0,0.0,1998-2002,2008-2012,3c14742d58fa78d297379c294d528f891b10343161deb8128938d6cd30faead8,9704b972d3c33904afcb818f87ccd461d988fd30910e9788031d4176df032cd0,3f504e0bc00e47e2d3674e97ef03bed09c060383c94ac723bd7c7c9e56fa4a85
historical,aluminium,GUY,exp_semis_foil,GUY|exp_semis_foil,0.03370012053854732,0,0.0,1998-2002,2008-2012,3c14742d58fa78d297379c294d528f891b10343161deb8128938d6cd30faead8,9704b972d3c33904afcb818f87ccd461d988fd30910e9788031d4176df032cd0,3f504e0bc00e47e2d3674e97ef03bed09c060383c94ac723bd7c7c9e56fa4a85
historical,aluminium,GUY,exp_semis_plate,GUY|exp_semis_plate,0.041184033388154295,1,946.3904,1998-2002,2008-2012,3c14742d58fa78d297379c294d528f891b10343161deb8128938d6cd30faead8,9704b972d3c33904afcb818f87ccd461d988fd30910e9788031d4176df032cd0,3f504e0bc00e47e2d3674e97ef03bed09c060383c94ac723bd7c7c9e56fa4a85
historical,aluminium,GUY,exp_semis_tube,GUY|exp_semis_tube,0.030039943496855116,0,0.0,1998-2002,2008-2012,3c14742d58fa78d297379c294d528f891b10343161deb8128938d6cd30faead8,9704b972d3c33904afcb818f87ccd461d988fd30910e9788031d4176df032cd0,3f504e0bc00e47e2d3674e97ef03bed09c060383c94ac723bd7c7c9e56fa4a85
historical,aluminium,GUY,exp_semis_wire,GUY|exp_semis_wire,0.034423008034004,0,0.0,1998-2002,2008-2012,3c14742d58fa78d297379c294d528f891b10343161deb8128938d6cd30faead8,9704b972d3c33904afcb818f87ccd461d988fd30910e9788031d4176df032cd0,3f504e0bc00e47e2d3674e97ef03bed09c060383c94ac723bd7c7c9e56fa4a85
historical,aluminium,GUY,exp_unwrought,GUY|exp_unwrought,0.0604895056137872,0,0.0,1998-2002,2008-2012,3c14742d58fa78d297379c294d528f891b10343161deb8128938d6cd30faead8,9704b972d3c33904afcb818f87ccd461d988fd30910e9788031d4176df032cd0,3f504e0bc00e47e2d3674e97ef03bed09c060383c94ac723bd7c7c9e56fa4a85
historical,aluminium,HRV,exp_aluminium_hydroxide,HRV|exp_aluminium_hydroxide,0.1783157683124861,0,0.0,1998-2002,2008-2012,3c14742d58fa78d297379c294d528f891b10343161deb8128938d6cd30faead8,9704b972d3c33904afcb818f87ccd461d988fd30910e9788031d4176df032cd0,3f504e0bc00e47e2d3674e97ef03bed09c060383c94ac723bd7c7c9e56fa4a85
historical,aluminium,HRV,exp_aluminium_oxide,HRV|exp_aluminium_oxide,0.21079507574760759,1,1091.746,1998-2002,2008-2012,3c14742d58fa78d297379c294d528f891b10343161deb8128938d6cd30faead8,9704b972d3c33904afcb818f87ccd461d988fd30910e9788031d4176df032cd0,3f504e0bc00e47e2d3674e97ef03bed09c060383c94ac723bd7c7c9e56fa4a85
historical,aluminium,HRV,exp_corundum,HRV|exp_corundum,0.18459723479686216,0,0.0,1998-2002,2008-2012,3c14742d58fa78d297379c294d528f891b10343161deb8128938d6cd30faead8,9704b972d3c33904afcb818f87ccd461d988fd30910e9788031d4176df032cd0,3f504e0bc00e47e2d3674e97ef03bed09c060383c94ac723bd7c7c9e56fa4a85
historical,aluminium,HRV,exp_semis_wire,HRV|exp_semis_wire,0.2009397426268754,0,0.0,1998-2002,2008-2012,3c14742d58fa78d297379c294d528f891b10343161deb8128938d6cd30faead8,9704b972d3c33904afcb818f87ccd461d988fd30910e9788031d4176df032cd0,3f504e0bc00e47e2d3674e97ef03bed09c060383c94ac723bd7c7c9e56fa4a85
historical,aluminium,IDN,exp_aluminium_hydroxide,IDN|exp_aluminium_hydroxide,0.18405868089527602,0,0.0,1998-2002,2008-2012,3c14742d58fa78d297379c294d528f891b10343161deb8128938d6cd30faead8,9704b972d3c33904afcb818f87ccd461d988fd30910e9788031d4176df032cd0,3f504e0bc00e47e2d3674e97ef03bed09c060383c94ac723bd7c7c9e56fa4a85
historical,aluminium,IDN,exp_corundum,IDN|exp_corundum,0.19115416818201578,0,0.0,1998-2002,2008-2012,3c14742d58fa78d297379c294d528f891b10343161deb8128938d6cd30faead8,9704b972d3c33904afcb818f87ccd461d988fd30910e9788031d4176df032cd0,3f504e0bc00e47e2d3674e97ef03bed09c060383c94ac723bd7c7c9e56fa4a85
historical,aluminium,IRL,exp_corundum,IRL|exp_corundum,0.10242833515948584,1,167.77519999999998,1998-2002,2008-2012,3c14742d58fa78d297379c294d528f891b10343161deb8128938d6cd30faead8,9704b972d3c33904afcb818f87ccd461d988fd30910e9788031d4176df032cd0,3f504e0bc00e47e2d3674e97ef03bed09c060383c94ac723bd7c7c9e56fa4a85
historical,aluminium,IRN,exp_corundum,IRN|exp_corundum,0.05680580176805219,0,0.0,1998-2002,2008-2012,3c14742d58fa78d297379c294d528f891b10343161deb8128938d6cd30faead8,9704b972d3c33904afcb818f87ccd461d988fd30910e9788031d4176df032cd0,3f504e0bc00e47e2d3674e97ef03bed09c060383c94ac723bd7c7c9e56fa4a85
historical,aluminium,IRN,exp_semis_tube,IRN|exp_semis_tube,0.06213127974612653,0,0.0,1998-2002,2008-2012,3c14742d58fa78d297379c294d528f891b10343161deb8128938d6cd30faead8,9704b972d3c33904afcb818f87ccd461d988fd30910e9788031d4176df032cd0,3f504e0bc00e47e2d3674e97ef03bed09c060383c94ac723bd7c7c9e56fa4a85
historical,aluminium,IRN,exp_semis_wire,IRN|exp_semis_wire,0.07420586334084722,0,0.0,1998-2002,2008-2012,3c14742d58fa78d297379c294d528f891b10343161deb8128938d6cd30faead8,9704b972d3c33904afcb818f87ccd461d988fd30910e9788031d4176df032cd0,3f504e0bc00e47e2d3674e97ef03bed09c060383c94ac723bd7c7c9e56fa4a85
historical,aluminium,ISL,exp_semis_barrod,ISL|exp_semis_barrod,0.05458381336589472,1,1518.6946,1998-2002,2008-2012,3c14742d58fa78d297379c294d528f891b10343161deb8128938d6cd30faead8,9704b972d3c33904afcb818f87ccd461d988fd30910e9788031d4176df032cd0,3f504e0bc00e47e2d3674e97ef03bed09c060383c94ac723bd7c7c9e56fa4a85
historical,aluminium,ISL,exp_semis_foil,ISL|exp_semis_foil,0.045670753385724516,1,51687.295600000005,1998-2002,2008-2012,3c14742d58fa78d297379c294d528f891b10343161deb8128938d6cd30faead8,9704b972d3c33904afcb818f87ccd461d988fd30910e9788031d4176df032cd0,3f504e0bc00e47e2d3674e97ef03bed09c060383c94ac723bd7c7c9e56fa4a85
historical,aluminium,ISL,exp_semis_tube,ISL|exp_semis_tube,0.04380365369213159,0,0.0,1998-2002,2008-2012,3c14742d58fa78d297379c294d528f891b10343161deb8128938d6cd30faead8,9704b972d3c33904afcb818f87ccd461d988fd30910e9788031d4176df032cd0,3f504e0bc00e47e2d3674e97ef03bed09c060383c94ac723bd7c7c9e56fa4a85
historical,aluminium,ISL,exp_semis_wire,ISL|exp_semis_wire,0.04969592291418024,1,65276.386,1998-2002,2008-2012,3c14742d58fa78d297379c294d528f891b10343161deb8128938d6cd30faead8,9704b972d3c33904afcb818f87ccd461d988fd30910e9788031d4176df032cd0,3f504e0bc00e47e2d3674e97ef03bed09c060383c94ac723bd7c7c9e56fa4a85
historical,aluminium,ISR,exp_semis_wire,ISR|exp_semis_wire,0.1580629858389645,0,0.0,1998-2002,2008-2012,3c14742d58fa78d297379c294d528f891b10343161deb8128938d6cd30faead8,9704b972d3c33904afcb818f87ccd461d988fd30910e9788031d4176df032cd0,3f504e0bc00e47e2d3674e97ef03bed09c060383c94ac723bd7c7c9e56fa4a85
historical,aluminium,JAM,exp_semis_foil,JAM|exp_semis_foil,0.04360679807640292,0,0.0,1998-2002,2008-2012,3c14742d58fa78d297379c294d528f891b10343161deb8128938d6cd30faead8,9704b972d3c33904afcb818f87ccd461d988fd30910e9788031d4176df032cd0,3f504e0bc00e47e2d3674e97ef03bed09c060383c94ac723bd7c7c9e56fa4a85
historical,aluminium,JAM,exp_semis_plate,JAM|exp_semis_plate,0.05022439583308309,0,0.0,1998-2002,2008-2012,3c14742d58fa78d297379c294d528f891b10343161deb8128938d6cd30faead8,9704b972d3c33904afcb818f87ccd461d988fd30910e9788031d4176df032cd0,3f504e0bc00e47e2d3674e97ef03bed09c060383c94ac723bd7c7c9e56fa4a85
historical,aluminium,JAM,exp_semis_tube,JAM|exp_semis_tube,0.0402435989962042,0,0.0,1998-2002,2008-2012,3c14742d58fa78d297379c294d528f891b10343161deb8128938d6cd30faead8,9704b972d3c33904afcb818f87ccd461d988fd30910e9788031d4176df032cd0,3f504e0bc00e47e2d3674e97ef03bed09c060383c94ac723bd7c7c9e56fa4a85
historical,aluminium,JAM,exp_unwrought,JAM|exp_unwrought,0.06436753440225149,0,0.0,1998-2002,2008-2012,3c14742d58fa78d297379c294d528f891b10343161deb8128938d6cd30faead8,9704b972d3c33904afcb818f87ccd461d988fd30910e9788031d4176df032cd0,3f504e0bc00e47e2d3674e97ef03bed09c060383c94ac723bd7c7c9e56fa4a85
historical,aluminium,JOR,exp_aluminium_hydroxide,JOR|exp_aluminium_hydroxide,0.11595616313893164,0,0.0,1998-2002,2008-2012,3c14742d58fa78d297379c294d528f891b10343161deb8128938d6cd30faead8,9704b972d3c33904afcb818f87ccd461d988fd30910e9788031d4176df032cd0,3f504e0bc00e47e2d3674e97ef03bed09c060383c94ac723bd7c7c9e56fa4a85
historical,aluminium,JOR,exp_aluminium_oxide,JOR|exp_aluminium_oxide,0.1326679962351683,0,0.0,1998-2002,2008-2012,3c14742d58fa78d297379c294d528f891b10343161deb8128938d6cd30faead8,9704b972d3c33904afcb818f87ccd461d988fd30910e9788031d4176df032cd0,3f504e0bc00e47e2d3674e97ef03bed09c060383c94ac723bd7c7c9e56fa4a85
historical,aluminium,JOR,exp_corundum,JOR|exp_corundum,0.1030223389097678,0,0.0,1998-2002,2008-2012,3c14742d58fa78d297379c294d528f891b10343161deb8128938d6cd30faead8,9704b972d3c33904afcb818f87ccd461d988fd30910e9788031d4176df032cd0,3f504e0bc00e47e2d3674e97ef03bed09c060383c94ac723bd7c7c9e56fa4a85
historical,aluminium,JOR,exp_semis_tube,JOR|exp_semis_tube,0.1264405476581991,1,108.026,1998-2002,2008-2012,3c14742d58fa78d297379c294d528f891b10343161deb8128938d6cd30faead8,9704b972d3c33904afcb818f87ccd461d988fd30910e9788031d4176df032cd0,3f504e0bc00e47e2d3674e97ef03bed09c060383c94ac723bd7c7c9e56fa4a85
historical,aluminium,JOR,exp_semis_wire,JOR|exp_semis_wire,0.12934404753465412,0,0.0,1998-2002,2008-2012,3c14742d58fa78d297379c294d528f891b10343161deb8128938d6cd30faead8,9704b972d3c33904afcb818f87ccd461d988fd30910e9788031d4176df032cd0,3f504e0bc00e47e2d3674e97ef03bed09c060383c94ac723bd7c7c9e56fa4a85
historical,aluminium,KAZ,exp_corundum,KAZ|exp_corundum,0.06065150632277969,1,4573.5804,1998-2002,2008-2012,3c14742d58fa78d297379c294d528f891b10343161deb8128938d6cd30faead8,9704b972d3c33904afcb818f87ccd461d988fd30910e9788031d4176df032cd0,3f504e0bc00e47e2d3674e97ef03bed09c060383c94ac723bd7c7c9e56fa4a85
historical,aluminium,KAZ,exp_semis_foil,KAZ|exp_semis_foil,0.04861296248319986,0,0.0,1998-2002,2008-2012,3c14742d58fa78d297379c294d528f891b10343161deb8128938d6cd30faead8,9704b972d3c33904afcb818f87ccd461d988fd30910e9788031d4176df032cd0,3f504e0bc00e47e2d3674e97ef03bed09c060383c94ac723bd7c7c9e56fa4a85
historical,aluminium,KAZ,exp_semis_tube,KAZ|exp_semis_tube,0.04699416176459767,0,0.0,1998-2002,2008-2012,3c14742d58fa78d297379c294d528f891b10343161deb8128938d6cd30faead8,9704b972d3c33904afcb818f87ccd461d988fd30910e9788031d4176df032cd0,3f504e0bc00e47e2d3674e97ef03bed09c060383c94ac723bd7c7c9e56fa4a85
historical,aluminium,KAZ,exp_semis_wire,KAZ|exp_semis_wire,0.06643885247300192,1,2358.6992,1998-2002,2008-2012,3c14742d58fa78d297379c294d528f891b10343161deb8128938d6cd30faead8,9704b972d3c33904afcb818f87ccd461d988fd30910e9788031d4176df032cd0,3f504e0bc00e47e2d3674e97ef03bed09c060383c94ac723bd7c7c9e56fa4a85
historical,aluminium,KEN,exp_corundum,KEN|exp_corundum,0.11747119108308998,0,0.0,1998-2002,2008-2012,3c14742d58fa78d297379c294d528f891b10343161deb8128938d6cd30faead8,9704b972d3c33904afcb818f87ccd461d988fd30910e9788031d4176df032cd0,3f504e0bc00e47e2d3674e97ef03bed09c060383c94ac723bd7c7c9e56fa4a85
historical,aluminium,KEN,exp_semis_foil,KEN|exp_semis_foil,0.13372440187966017,1,2399.1343999999995,1998-2002,2008-2012,3c14742d58fa78d297379c294d528f891b10343161deb8128938d6cd30faead8,9704b972d3c33904afcb818f87ccd461d988fd30910e9788031d4176df032cd0,3f504e0bc00e47e2d3674e97ef03bed09c060383c94ac723bd7c7c9e56fa4a85
historical,aluminium,KEN,exp_semis_tube,KEN|exp_semis_tube,0.12573251888658796,0,0.0,1998-2002,2008-2012,3c14742d58fa78d297379c294d528f891b10343161deb8128938d6cd30faead8,9704b972d3c33904afcb818f87ccd461d988fd30910e9788031d4176df032cd0,3f504e0bc00e47e2d3674e97ef03bed09c060383c94ac723bd7c7c9e56fa4a85
historical,aluminium,KEN,exp_semis_wire,KEN|exp_semis_wire,0.13748608766571696,1,467.8784,1998-2002,2008-2012,3c14742d58fa78d297379c294d528f891b10343161deb8128938d6cd30faead8,9704b972d3c33904afcb818f87ccd461d988fd30910e9788031d4176df032cd0,3f504e0bc00e47e2d3674e97ef03bed09c060383c94ac723bd7c7c9e56fa4a85
historical,aluminium,KEN,exp_unwrought,KEN|exp_unwrought,0.19060951939592194,0,0.0,1998-2002,2008-2012,3c14742d58fa78d297379c294d528f891b10343161deb8128938d6cd30faead8,9704b972d3c33904afcb818f87ccd461d988fd30910e9788031d4176df032cd0,3f504e0bc00e47e2d3674e97ef03bed09c060383c94ac723bd7c7c9e56fa4a85
historical,aluminium,KGZ,exp_semis_barrod,KGZ|exp_semis_barrod,0.11492330485060469,0,0.0,1998-2002,2008-2012,3c14742d58fa78d297379c294d528f891b10343161deb8128938d6cd30faead8,9704b972d3c33904afcb818f87ccd461d988fd30910e9788031d4176df032cd0,3f504e0bc00e47e2d3674e97ef03bed09c060383c94ac723bd7c7c9e56fa4a85
historical,aluminium,KGZ,exp_semis_foil,KGZ|exp_semis_foil,0.0937942725670662,0,0.0,1998-2002,2008-2012,3c14742d58fa78d297379c294d528f891b10343161deb8128938d6cd30faead8,9704b972d3c33904afcb818f87ccd461d988fd30910e9788031d4176df032cd0,3f504e0bc00e47e2d3674e97ef03bed09c060383c94ac723bd7c7c9e56fa4a85
historical,aluminium,KGZ,exp_semis_plate,KGZ|exp_semis_plate,0.1018838504981277,0,0.0,1998-2002,2008-2012,3c14742d58fa78d297379c294d528f891b10343161deb8128938d6cd30faead8,9704b972d3c33904afcb818f87ccd461d988fd30910e9788031d4176df032cd0,3f504e0bc00e47e2d3674e97ef03bed09c060383c94ac723bd7c7c9e56fa4a85
historical,aluminium,KGZ,exp_semis_tube,KGZ|exp_semis_tube,0.08898949698877485,0,0.0,1998-2002,2008-2012,3c14742d58fa78d297379c294d528f891b10343161deb8128938d6cd30faead8,9704b972d3c33904afcb818f87ccd461d988fd30910e9788031d4176df032cd0,3f504e0bc00e47e2d3674e97ef03bed09c060383c94ac723bd7c7c9e56fa4a85
historical,aluminium,KGZ,exp_semis_wire,KGZ|exp_semis_wire,0.10303898348573746,0,0.0,1998-2002,2008-2012,3c14742d58fa78d297379c294d528f891b10343161deb8128938d6cd30faead8,9704b972d3c33904afcb818f87ccd461d988fd30910e9788031d4176df032cd0,3f504e0bc00e47e2d3674e97ef03bed09c060383c94ac723bd7c7c9e56fa4a85
historical,aluminium,LBN,exp_semis_plate,LBN|exp_semis_plate,0.21763249629014111,1,641.391,1998-2002,2008-2012,3c14742d58fa78d297379c294d528f891b10343161deb8128938d6cd30faead8,9704b972d3c33904afcb818f87ccd461d988fd30910e9788031d4176df032cd0,3f504e0bc00e47e2d3674e97ef03bed09c060383c94ac723bd7c7c9e56fa4a85
historical,aluminium,LBN,exp_semis_wire,LBN|exp_semis_wire,0.20118663654169225,0,0.0,1998-2002,2008-2012,3c14742d58fa78d297379c294d528f891b10343161deb8128938d6cd30faead8,9704b972d3c33904afcb818f87ccd461d988fd30910e9788031d4176df032cd0,3f504e0bc00e47e2d3674e97ef03bed09c060383c94ac723bd7c7c9e56fa4a85
historical,aluminium,LBR,exp_corundum,LBR|exp_corundum,0.010819063175531137,0,0.0,1998-2002,2008-2012,3c14742d58fa78d297379c294d528f891b10343161deb8128938d6cd30faead8,9704b972d3c33904afcb818f87ccd461d988fd30910e9788031d4176df032cd0,3f504e0bc00e47e2d3674e97ef03bed09c060383c94ac723bd7c7c9e56fa4a85
historical,aluminium,LBR,exp_semis_barrod,LBR|exp_semis_barrod,0.012468826101682642,0,0.0,1998-2002,2008-2012,3c14742d58fa78d297379c294d528f891b10343161deb8128938d6cd30faead8,9704b972d3c33904afcb818f87ccd461d988fd30910e9788031d4176df032cd0,3f504e0bc00e47e2d3674e97ef03bed09c060383c94ac723bd7c7c9e56fa4a85
historical,aluminium,LBR,exp_semis_foil,LBR|exp_semis_foil,0.009948159033994135,0,0.0,1998-2002,2008-2012,3c14742d58fa78d297379c294d528f891b10343161deb8128938d6cd30faead8,9704b972d3c33904afcb818f87ccd461d988fd30910e9788031d4176df032cd0,3f504e0bc00e47e2d3674e97ef03bed09c060383c94ac723bd7c7c9e56fa4a85
historical,aluminium,LBR,exp_semis_plate,LBR|exp_semis_plate,0.012530306212654272,0,0.0,1998-2002,2008-2012,3c14742d58fa78d297379c294d528f891b10343161deb8128938d6cd30faead8,9704b972d3c33904afcb818f87ccd461d988fd30910e9788031d4176df032cd0,3f504e0bc00e47e2d3674e97ef03bed09c060383c94ac723bd7c7c9e56fa4a85
historical,aluminium,LBR,exp_semis_tube,LBR|exp_semis_tube,0.00995690257218104,0,0.0,1998-2002,2008-2012,3c14742d58fa78d297379c294d528f891b10343161deb8128938d6cd30faead8,9704b972d3c33904afcb818f87ccd461d988fd30910e9788031d4176df032cd0,3f504e0bc00e47e2d3674e97ef03bed09c060383c94ac723bd7c7c9e56fa4a85
historical,aluminium,LBR,exp_semis_wire,LBR|exp_semis_wire,0.01148884541421535,0,0.0,1998-2002,2008-2012,3c14742d58fa78d297379c294d528f891b10343161deb8128938d6cd30faead8,9704b972d3c33904afcb818f87ccd461d988fd30910e9788031d4176df032cd0,3f504e0bc00e47e2d3674e97ef03bed09c060383c94ac723bd7c7c9e56fa4a85
historical,aluminium,LBR,exp_unwrought,LBR|exp_unwrought,0.017160043926228732,0,0.0,1998-2002,2008-2012,3c14742d58fa78d297379c294d528f891b10343161deb8128938d6cd30faead8,9704b972d3c33904afcb818f87ccd461d988fd30910e9788031d4176df032cd0,3f504e0bc00e47e2d3674e97ef03bed09c060383c94ac723bd7c7c9e56fa4a85
historical,aluminium,LBY,exp_semis_barrod,LBY|exp_semis_barrod,0.012407381457075725,0,0.0,1998-2002,2008-2012,3c14742d58fa78d297379c294d528f891b10343161deb8128938d6cd30faead8,9704b972d3c33904afcb818f87ccd461d988fd30910e9788031d4176df032cd0,3f504e0bc00e47e2d3674e97ef03bed09c060383c94ac723bd7c7c9e56fa4a85
historical,aluminium,LBY,exp_semis_foil,LBY|exp_semis_foil,0.009807823131773906,0,0.0,1998-2002,2008-2012,3c14742d58fa78d297379c294d528f891b10343161deb8128938d6cd30faead8,9704b972d3c33904afcb818f87ccd461d988fd30910e9788031d4176df032cd0,3f504e0bc00e47e2d3674e97ef03bed09c060383c94ac723bd7c7c9e56fa4a85
historical,aluminium,LBY,exp_semis_plate,LBY|exp_semis_plate,0.013183803648401536,0,0.0,1998-2002,2008-2012,3c14742d58fa78d297379c294d528f891b10343161deb8128938d6cd30faead8,9704b972d3c33904afcb818f87ccd461d988fd30910e9788031d4176df032cd0,3f504e0bc00e47e2d3674e97ef03bed09c060383c94ac723bd7c7c9e56fa4a85
historical,aluminium,LBY,exp_semis_tube,LBY|exp_semis_tube,0.008680559056048084,0,0.0,1998-2002,2008-2012,3c14742d58fa78d297379c294d528f891b10343161deb8128938d6cd30faead8,9704b972d3c33904afcb818f87ccd461d988fd30910e9788031d4176df032cd0,3f504e0bc00e47e2d3674e97ef03bed09c060383c94ac723bd7c7c9e56fa4a85
historical,aluminium,LBY,exp_semis_wire,LBY|exp_semis_wire,0.014648407609296529,0,0.0,1998-2002,2008-2012,3c14742d58fa78d297379c294d528f891b10343161deb8128938d6cd30faead8,9704b972d3c33904afcb818f87ccd461d988fd30910e9788031d4176df032cd0,3f504e0bc00e47e2d3674e97ef03bed09c060383c94ac723bd7c7c9e56fa4a85
historical,aluminium,LKA,exp_semis_foil,LKA|exp_semis_foil,0.11622701197466688,1,531.4304,1998-2002,2008-2012,3c14742d58fa78d297379c294d528f891b10343161deb8128938d6cd30faead8,9704b972d3c33904afcb818f87ccd461d988fd30910e9788031d4176df032cd0,3f504e0bc00e47e2d3674e97ef03bed09c060383c94ac723bd7c7c9e56fa4a85
historical,aluminium,LKA,exp_semis_plate,LKA|exp_semis_plate,0.13069003624800865,1,127.8842,1998-2002,2008-2012,3c14742d58fa78d297379c294d528f891b10343161deb8128938d6cd30faead8,9704b972d3c33904afcb818f87ccd461d988fd30910e9788031d4176df032cd0,3f504e0bc00e47e2d3674e97ef03bed09c060383c94ac723bd7c7c9e56fa4a85
historical,aluminium,LTU,exp_semis_tube,LTU|exp_semis_tube,0.16540581680178215,1,626.2131999999999,1998-2002,2008-2012,3c14742d58fa78d297379c294d528f891b10343161deb8128938d6cd30faead8,9704b972d3c33904afcb818f87ccd461d988fd30910e9788031d4176df032cd0,3f504e0bc00e47e2d3674e97ef03bed09c060383c94ac723bd7c7c9e56fa4a85
historical,aluminium,LVA,exp_semis_plate,LVA|exp_semis_plate,0.16871672889901312,1,430.7602,1998-2002,2008-2012,3c14742d58fa78d297379c294d528f891b10343161deb8128938d6cd30faead8,9704b972d3c33904afcb818f87ccd461d988fd30910e9788031d4176df032cd0,3f504e0bc00e47e2d3674e97ef03bed09c060383c94ac723bd7c7c9e56fa4a85
historical,aluminium,LVA,exp_semis_tube,LVA|exp_semis_tube,0.15009047133635528,0,0.0,1998-2002,2008-2012,3c14742d58fa78d297379c294d528f891b10343161deb8128938d6cd30faead8,9704b972d3c33904afcb818f87ccd461d988fd30910e9788031d4176df032cd0,3f504e0bc00e47e2d3674e97ef03bed09c060383c94ac723bd7c7c9e56fa4a85
historical,aluminium,LVA,exp_semis_wire,LVA|exp_semis_wire,0.16188304450258478,0,0.0,1998-2002,2008-2012,3c14742d58fa78d297379c294d528f891b10343161deb8128938d6cd30faead8,9704b972d3c33904afcb818f87ccd461d988fd30910e9788031d4176df032cd0,3f504e0bc00e47e2d3674e97ef03bed09c060383c94ac723bd7c7c9e56fa4a85
historical,aluminium,MAC,exp_semis_barrod,MAC|exp_semis_barrod,0.12420867530590292,1,1925.9752,1998-2002,2008-2012,3c14742d58fa78d297379c294d528f891b10343161deb8128938d6cd30faead8,9704b972d3c33904afcb818f87ccd461d988fd30910e9788031d4176df032cd0,3f504e0bc00e47e2d3674e97ef03bed09c060383c94ac723bd7c7c9e56fa4a85
historical,aluminium,MAC,exp_semis_foil,MAC|exp_semis_foil,0.08776673832360965,0,0.0,1998-2002,2008-2012,3c14742d58fa78d297379c294d528f891b10343161deb8128938d6cd30faead8,9704b972d3c33904afcb818f87ccd461d988fd30910e9788031d4176df032cd0,3f504e0bc00e47e2d3674e97ef03bed09c060383c94ac723bd7c7c9e56fa4a85
historical,aluminium,MAC,exp_semis_plate,MAC|exp_semis_plate,0.09103663095456194,0,0.0,1998-2002,2008-2012,3c14742d58fa78d297379c294d528f891b10343161deb8128938d6cd30faead8,9704b972d3c33904afcb818f87ccd461d988fd30910e9788031d4176df032cd0,3f504e0bc00e47e2d3674e97ef03bed09c060383c94ac723bd7c7c9e56fa4a85
historical,aluminium,MAC,exp_semis_tube,MAC|exp_semis_tube,0.07756069236264716,0,0.0,1998-2002,2008-2012,3c14742d58fa78d297379c294d528f891b10343161deb8128938d6cd30faead8,9704b972d3c33904afcb818f87ccd461d988fd30910e9788031d4176df032cd0,3f504e0bc00e47e2d3674e97ef03bed09c060383c94ac723bd7c7c9e56fa4a85
historical,aluminium,MAC,exp_semis_wire,MAC|exp_semis_wire,0.07539585533201071,0,0.0,1998-2002,2008-2012,3c14742d58fa78d297379c294d528f891b10343161deb8128938d6cd30faead8,9704b972d3c33904afcb818f87ccd461d988fd30910e9788031d4176df032cd0,3f504e0bc00e47e2d3674e97ef03bed09c060383c94ac723bd7c7c9e56fa4a85
historical,aluminium,MKD,exp_semis_foil,MKD|exp_semis_foil,0.16262965949076322,0,0.0,1998-2002,2008-2012,3c14742d58fa78d297379c294d528f891b10343161deb8128938d6cd30faead8,9704b972d3c33904afcb818f87ccd461d988fd30910e9788031d4176df032cd0,3f504e0bc00e47e2d3674e97ef03bed09c060383c94ac723bd7c7c9e56fa4a85
historical,aluminium,MKD,exp_semis_wire,MKD|exp_semis_wire,0.1634186774476843,0,0.0,1998-2002,2008-2012,3c14742d58fa78d297379c294d528f891b10343161deb8128938d6cd30faead8,9704b972d3c33904afcb818f87ccd461d988fd30910e9788031d4176df032cd0,3f504e0bc00e47e2d3674e97ef03bed09c060383c94ac723bd7c7c9e56fa4a85
historical,aluminium,MLT,exp_semis_foil,MLT|exp_semis_foil,0.05795003255701452,0,0.0,1998-2002,2008-2012,3c14742d58fa78d297379c294d528f891b10343161deb8128938d6cd30faead8,9704b972d3c33904afcb818f87ccd461d988fd30910e9788031d4176df032cd0,3f504e0bc00e47e2d3674e97ef03bed09c060383c94ac723bd7c7c9e56fa4a85
historical,aluminium,MLT,exp_semis_tube,MLT|exp_semis_tube,0.056401124437379185,0,0.0,1998-2002,2008-2012,3c14742d58fa78d297379c294d528f891b10343161deb8128938d6cd30faead8,9704b972d3c33904afcb818f87ccd461d988fd30910e9788031d4176df032cd0,3f504e0bc00e47e2d3674e97ef03bed09c060383c94ac723bd7c7c9e56fa4a85
historical,aluminium,MLT,exp_semis_wire,MLT|exp_semis_wire,0.05404308795392459,0,0.0,1998-2002,2008-2012,3c14742d58fa78d297379c294d528f891b10343161deb8128938d6cd30faead8,9704b972d3c33904afcb818f87ccd461d988fd30910e9788031d4176df032cd0,3f504e0bc00e47e2d3674e97ef03bed09c060383c94ac723bd7c7c9e56fa4a85
historical,aluminium,MMR,exp_semis_barrod,MMR|exp_semis_barrod,0.09346504165656107,0,0.0,1998-2002,2008-2012,3c14742d58fa78d297379c294d528f891b10343161deb8128938d6cd30faead8,9704b972d3c33904afcb818f87ccd461d988fd30910e9788031d4176df032cd0,3f504e0bc00e47e2d3674e97ef03bed09c060383c94ac723bd7c7c9e56fa4a85
historical,aluminium,MMR,exp_semis_foil,MMR|exp_semis_foil,0.04968761717978931,0,0.0,1998-2002,2008-2012,3c14742d58fa78d297379c294d528f891b10343161deb8128938d6cd30faead8,9704b972d3c33904afcb818f87ccd461d988fd30910e9788031d4176df032cd0,3f504e0bc00e47e2d3674e97ef03bed09c060383c94ac723bd7c7c9e56fa4a85
historical,aluminium,MMR,exp_semis_plate,MMR|exp_semis_plate,0.06302221965021401,1,196.437,1998-2002,2008-2012,3c14742d58fa78d297379c294d528f891b10343161deb8128938d6cd30faead8,9704b972d3c33904afcb818f87ccd461d988fd30910e9788031d4176df032cd0,3f504e0bc00e47e2d3674e97ef03bed09c060383c94ac723bd7c7c9e56fa4a85
historical,aluminium,MMR,exp_semis_tube,MMR|exp_semis_tube,0.04518616061402314,0,0.0,1998-2002,2008-2012,3c14742d58fa78d297379c294d528f891b10343161deb8128938d6cd30faead8,9704b972d3c33904afcb818f87ccd461d988fd30910e9788031d4176df032cd0,3f504e0bc00e47e2d3674e97ef03bed09c060383c94ac723bd7c7c9e56fa4a85
historical,aluminium,MMR,exp_semis_wire,MMR|exp_semis_wire,0.052392383880911816,0,0.0,1998-2002,2008-2012,3c14742d58fa78d297379c294d528f891b10343161deb8128938d6cd30faead8,9704b972d3c33904afcb818f87ccd461d988fd30910e9788031d4176df032cd0,3f504e0bc00e47e2d3674e97ef03bed09c060383c94ac723bd7c7c9e56fa4a85
historical,aluminium,MNG,exp_semis_foil,MNG|exp_semis_foil,0.05455850911178752,0,0.0,1998-2002,2008-2012,3c14742d58fa78d297379c294d528f891b10343161deb8128938d6cd30faead8,9704b972d3c33904afcb818f87ccd461d988fd30910e9788031d4176df032cd0,3f504e0bc00e47e2d3674e97ef03bed09c060383c94ac723bd7c7c9e56fa4a85
historical,aluminium,MNG,exp_semis_plate,MNG|exp_semis_plate,0.0633212440683565,0,0.0,1998-2002,2008-2012,3c14742d58fa78d297379c294d528f891b10343161deb8128938d6cd30faead8,9704b972d3c33904afcb818f87ccd461d988fd30910e9788031d4176df032cd0,3f504e0bc00e47e2d3674e97ef03bed09c060383c94ac723bd7c7c9e56fa4a85
historical,aluminium,MNG,exp_semis_tube,MNG|exp_semis_tube,0.04924142051382885,0,0.0,1998-2002,2008-2012,3c14742d58fa78d297379c294d528f891b10343161deb8128938d6cd30faead8,9704b972d3c33904afcb818f87ccd461d988fd30910e9788031d4176df032cd0,3f504e0bc00e47e2d3674e97ef03bed09c060383c94ac723bd7c7c9e56fa4a85
historical,aluminium,MNG,exp_semis_wire,MNG|exp_semis_wire,0.05652995116759564,0,0.0,1998-2002,2008-2012,3c14742d58fa78d297379c294d528f891b10343161deb8128938d6cd30faead8,9704b972d3c33904afcb818f87ccd461d988fd30910e9788031d4176df032cd0,3f504e0bc00e47e2d3674e97ef03bed09c060383c94ac723bd7c7c9e56fa4a85
historical,aluminium,MOZ,exp_aluminium_hydroxide,MOZ|exp_aluminium_hydroxide,0.046724172834264,0,0.0,1998-2002,2008-2012,3c14742d58fa78d297379c294d528f891b10343161deb8128938d6cd30faead8,9704b972d3c33904afcb818f87ccd461d988fd30910e9788031d4176df032cd0,3f504e0bc00e47e2d3674e97ef03bed09c060383c94ac723bd7c7c9e56fa4a85
historical,aluminium,MOZ,exp_aluminium_oxide,MOZ|exp_aluminium_oxide,0.06269661366454586,0,0.0,1998-2002,2008-2012,3c14742d58fa78d297379c294d528f891b10343161deb8128938d6cd30faead8,9704b972d3c33904afcb818f87ccd461d988fd30910e9788031d4176df032cd0,3f504e0bc00e47e2d3674e97ef03bed09c060383c94ac723bd7c7c9e56fa4a85
historical,aluminium,MOZ,exp_corundum,MOZ|exp_corundum,0.044590135774422925,0,0.0,1998-2002,2008-2012,3c14742d58fa78d297379c294d528f891b10343161deb8128938d6cd30faead8,9704b972d3c33904afcb818f87ccd461d988fd30910e9788031d4176df032cd0,3f504e0bc00e47e2d3674e97ef03bed09c060383c94ac723bd7c7c9e56fa4a85
historical,aluminium,MOZ,exp_semis_barrod,MOZ|exp_semis_barrod,0.05889026653223114,1,487420.2152,1998-2002,2008-2012,3c14742d58fa78d297379c294d528f891b10343161deb8128938d6cd30faead8,9704b972d3c33904afcb818f87ccd461d988fd30910e9788031d4176df032cd0,3f504e0bc00e47e2d3674e97ef03bed09c060383c94ac723bd7c7c9e56fa4a85
historical,aluminium,MOZ,exp_semis_foil,MOZ|exp_semis_foil,0.04157301413564479,0,0.0,1998-2002,2008-2012,3c14742d58fa78d297379c294d528f891b10343161deb8128938d6cd30faead8,9704b972d3c33904afcb818f87ccd461d988fd30910e9788031d4176df032cd0,3f504e0bc00e47e2d3674e97ef03bed09c060383c94ac723bd7c7c9e56fa4a85
historical,aluminium,MOZ,exp_semis_plate,MOZ|exp_semis_plate,0.05346904693178288,0,0.0,1998-2002,2008-2012,3c14742d58fa78d297379c294d528f891b10343161deb8128938d6cd30faead8,9704b972d3c33904afcb818f87ccd461d988fd30910e9788031d4176df032cd0,3f504e0bc00e47e2d3674e97ef03bed09c060383c94ac723bd7c7c9e56fa4a85
historical,aluminium,MOZ,exp_semis_tube,MOZ|exp_semis_tube,0.0385260556060133,0,0.0,1998-2002,2008-2012,3c14742d58fa78d297379c294d528f891b10343161deb8128938d6cd30faead8,9704b972d3c33904afcb818f87ccd461d988fd30910e9788031d4176df032cd0,3f504e0bc00e47e2d3674e97ef03bed09c060383c94ac723bd7c7c9e56fa4a85
historical,aluminium,MOZ,exp_semis_wire,MOZ|exp_semis_wire,0.04975186910322683,0,0.0,1998-2002,2008-2012,3c14742d58fa78d297379c294d528f891b10343161deb8128938d6cd30faead8,9704b972d3c33904afcb818f87ccd461d988fd30910e9788031d4176df032cd0,3f504e0bc00e47e2d3674e97ef03bed09c060383c94ac723bd7c7c9e56fa4a85
historical,aluminium,MWI,exp_semis_foil,MWI|exp_semis_foil,0.047784174676121886,0,0.0,1998-2002,2008-2012,3c14742d58fa78d297379c294d528f891b10343161deb8128938d6cd30faead8,9704b972d3c33904afcb818f87ccd461d988fd30910e9788031d4176df032cd0,3f504e0bc00e47e2d3674e97ef03bed09c060383c94ac723bd7c7c9e56fa4a85
historical,aluminium,MYS,exp_corundum,MYS|exp_corundum,0.1099822186641825,1,1032.3084,1998-2002,2008-2012,3c14742d58fa78d297379c294d528f891b10343161deb8128938d6cd30faead8,9704b972d3c33904afcb818f87ccd461d988fd30910e9788031d4176df032cd0,3f504e0bc00e47e2d3674e97ef03bed09c060383c94ac723bd7c7c9e56fa4a85
historical,aluminium,NAM,exp_semis_barrod,NAM|exp_semis_barrod,0.08439765019571221,1,146.04739999999998,1998-2002,2008-2012,3c14742d58fa78d297379c294d528f891b10343161deb8128938d6cd30faead8,9704b972d3c33904afcb818f87ccd461d988fd30910e9788031d4176df032cd0,3f504e0bc00e47e2d3674e97ef03bed09c060383c94ac723bd7c7c9e56fa4a85
historical,aluminium,NAM,exp_semis_foil,NAM|exp_semis_foil,0.06272203919651868,1,123.826,1998-2002,2008-2012,3c14742d58fa78d297379c294d528f891b10343161deb8128938d6cd30faead8,9704b972d3c33904afcb818f87ccd461d988fd30910e9788031d4176df032cd0,3f504e0bc00e47e2d3674e97ef03bed09c060383c94ac723bd7c7c9e56fa4a85
historical,aluminium,NAM,exp_semis_plate,NAM|exp_semis_plate,0.0751055910602455,1,673.2904000000001,1998-2002,2008-2012,3c14742d58fa78d297379c294d528f891b10343161deb8128938d6cd30faead8,9704b972d3c33904afcb818f87ccd461d988fd30910e9788031d4176df032cd0,3f504e0bc00e47e2d3674e97ef03bed09c060383c94ac723bd7c7c9e56fa4a85
historical,aluminium,NAM,exp_semis_tube,NAM|exp_semis_tube,0.05850518513840868,0,0.0,1998-2002,2008-2012,3c14742d58fa78d297379c294d528f891b10343161deb8128938d6cd30faead8,9704b972d3c33904afcb818f87ccd461d988fd30910e9788031d4176df032cd0,3f504e0bc00e47e2d3674e97ef03bed09c060383c94ac723bd7c7c9e56fa4a85
historical,aluminium,NAM,exp_semis_wire,NAM|exp_semis_wire,0.06805549047923601,0,0.0,1998-2002,2008-2012,3c14742d58fa78d297379c294d528f891b10343161deb8128938d6cd30faead8,9704b972d3c33904afcb818f87ccd461d988fd30910e9788031d4176df032cd0,3f504e0bc00e47e2d3674e97ef03bed09c060383c94ac723bd7c7c9e56fa4a85
historical,aluminium,NCL,exp_semis_barrod,NCL|exp_semis_barrod,0.022956703677235134,0,0.0,1998-2002,2008-2012,3c14742d58fa78d297379c294d528f891b10343161deb8128938d6cd30faead8,9704b972d3c33904afcb818f87ccd461d988fd30910e9788031d4176df032cd0,3f504e0bc00e47e2d3674e97ef03bed09c060383c94ac723bd7c7c9e56fa4a85
historical,aluminium,NCL,exp_semis_foil,NCL|exp_semis_foil,0.01717998893535408,0,0.0,1998-2002,2008-2012,3c14742d58fa78d297379c294d528f891b10343161deb8128938d6cd30faead8,9704b972d3c33904afcb818f87ccd461d988fd30910e9788031d4176df032cd0,3f504e0bc00e47e2d3674e97ef03bed09c060383c94ac723bd7c7c9e56fa4a85
historical,aluminium,NCL,exp_semis_plate,NCL|exp_semis_plate,0.019702124834166557,0,0.0,1998-2002,2008-2012,3c14742d58fa78d297379c294d528f891b10343161deb8128938d6cd30faead8,9704b972d3c33904afcb818f87ccd461d988fd30910e9788031d4176df032cd0,3f504e0bc00e47e2d3674e97ef03bed09c060383c94ac723bd7c7c9e56fa4a85
historical,aluminium,NCL,exp_semis_tube,NCL|exp_semis_tube,0.015447777647692854,0,0.0,1998-2002,2008-2012,3c14742d58fa78d297379c294d528f891b10343161deb8128938d6cd30faead8,9704b972d3c33904afcb818f87ccd461d988fd30910e9788031d4176df032cd0,3f504e0bc00e47e2d3674e97ef03bed09c060383c94ac723bd7c7c9e56fa4a85
historical,aluminium,NCL,exp_semis_wire,NCL|exp_semis_wire,0.01818991181173125,0,0.0,1998-2002,2008-2012,3c14742d58fa78d297379c294d528f891b10343161deb8128938d6cd30faead8,9704b972d3c33904afcb818f87ccd461d988fd30910e9788031d4176df032cd0,3f504e0bc00e47e2d3674e97ef03bed09c060383c94ac723bd7c7c9e56fa4a85
historical,aluminium,NGA,exp_semis_barrod,NGA|exp_semis_barrod,0.018351117189346507,1,13190.0448,1998-2002,2008-2012,3c14742d58fa78d297379c294d528f891b10343161deb8128938d6cd30faead8,9704b972d3c33904afcb818f87ccd461d988fd30910e9788031d4176df032cd0,3f504e0bc00e47e2d3674e97ef03bed09c060383c94ac723bd7c7c9e56fa4a85
historical,aluminium,NGA,exp_semis_tube,NGA|exp_semis_tube,0.010739449102302283,1,352.4964,1998-2002,2008-2012,3c14742d58fa78d297379c294d528f891b10343161deb8128938d6cd30faead8,9704b972d3c33904afcb818f87ccd461d988fd30910e9788031d4176df032cd0,3f504e0bc00e47e2d3674e97ef03bed09c060383c94ac723bd7c7c9e56fa4a85
historical,aluminium,NIC,exp_semis_barrod,NIC|exp_semis_barrod,0.084090035661537,0,0.0,1998-2002,2008-2012,3c14742d58fa78d297379c294d528f891b10343161deb8128938d6cd30faead8,9704b972d3c33904afcb818f87ccd461d988fd30910e9788031d4176df032cd0,3f504e0bc00e47e2d3674e97ef03bed09c060383c94ac723bd7c7c9e56fa4a85
historical,aluminium,NIC,exp_semis_foil,NIC|exp_semis_foil,0.05770283495585648,0,0.0,1998-2002,2008-2012,3c14742d58fa78d297379c294d528f891b10343161deb8128938d6cd30faead8,9704b972d3c33904afcb818f87ccd461d988fd30910e9788031d4176df032cd0,3f504e0bc00e47e2d3674e97ef03bed09c060383c94ac723bd7c7c9e56fa4a85
historical,aluminium,NIC,exp_semis_plate,NIC|exp_semis_plate,0.06704511950331356,0,0.0,1998-2002,2008-2012,3c14742d58fa78d297379c294d528f891b10343161deb8128938d6cd30faead8,9704b972d3c33904afcb818f87ccd461d988fd30910e9788031d4176df032cd0,3f504e0bc00e47e2d3674e97ef03bed09c060383c94ac723bd7c7c9e56fa4a85
historical,aluminium,NIC,exp_semis_tube,NIC|exp_semis_tube,0.053285570684529736,0,0.0,1998-2002,2008-2012,3c14742d58fa78d297379c294d528f891b10343161deb8128938d6cd30faead8,9704b972d3c33904afcb818f87ccd461d988fd30910e9788031d4176df032cd0,3f504e0bc00e47e2d3674e97ef03bed09c060383c94ac723bd7c7c9e56fa4a85
historical,aluminium,NIC,exp_semis_wire,NIC|exp_semis_wire,0.0601678423459667,0,0.0,1998-2002,2008-2012,3c14742d58fa78d297379c294d528f891b10343161deb8128938d6cd30faead8,9704b972d3c33904afcb818f87ccd461d988fd30910e9788031d4176df032cd0,3f504e0bc00e47e2d3674e97ef03bed09c060383c94ac723bd7c7c9e56fa4a85
historical,aluminium,NOR,exp_aluminium_hydroxide,NOR|exp_aluminium_hydroxide,0.10676699798869276,0,0.0,1998-2002,2008-2012,3c14742d58fa78d297379c294d528f891b10343161deb8128938d6cd30faead8,9704b972d3c33904afcb818f87ccd461d988fd30910e9788031d4176df032cd0,3f504e0bc00e47e2d3674e97ef03bed09c060383c94ac723bd7c7c9e56fa4a85
historical,aluminium,NPL,exp_semis_wire,NPL|exp_semis_wire,0.09899860794080015,0,0.0,1998-2002,2008-2012,3c14742d58fa78d297379c294d528f891b10343161deb8128938d6cd30faead8,9704b972d3c33904afcb818f87ccd461d988fd30910e9788031d4176df032cd0,3f504e0bc00e47e2d3674e97ef03bed09c060383c94ac723bd7c7c9e56fa4a85
historical,aluminium,NZL,exp_aluminium_oxide,NZL|exp_aluminium_oxide,0.1604031123259318,0,0.0,1998-2002,2008-2012,3c14742d58fa78d297379c294d528f891b10343161deb8128938d6cd30faead8,9704b972d3c33904afcb818f87ccd461d988fd30910e9788031d4176df032cd0,3f504e0bc00e47e2d3674e97ef03bed09c060383c94ac723bd7c7c9e56fa4a85
historical,aluminium,NZL,exp_corundum,NZL|exp_corundum,0.14307309380669733,0,0.0,1998-2002,2008-2012,3c14742d58fa78d297379c294d528f891b10343161deb8128938d6cd30faead8,9704b972d3c33904afcb818f87ccd461d988fd30910e9788031d4176df032cd0,3f504e0bc00e47e2d3674e97ef03bed09c060383c94ac723bd7c7c9e56fa4a85
historical,aluminium,NZL,exp_semis_wire,NZL|exp_semis_wire,0.15375115567576964,1,150.60399999999998,1998-2002,2008-2012,3c14742d58fa78d297379c294d528f891b10343161deb8128938d6cd30faead8,9704b972d3c33904afcb818f87ccd461d988fd30910e9788031d4176df032cd0,3f504e0bc00e47e2d3674e97ef03bed09c060383c94ac723bd7c7c9e56fa4a85
historical,aluminium,OMN,exp_semis_foil,OMN|exp_semis_foil,0.04891705259827367,1,2454.6676,1998-2002,2008-2012,3c14742d58fa78d297379c294d528f891b10343161deb8128938d6cd30faead8,9704b972d3c33904afcb818f87ccd461d988fd30910e9788031d4176df032cd0,3f504e0bc00e47e2d3674e97ef03bed09c060383c94ac723bd7c7c9e56fa4a85
historical,aluminium,PAN,exp_aluminium_hydroxide,PAN|exp_aluminium_hydroxide,0.12701010481014324,1,314.2632,1998-2002,2008-2012,3c14742d58fa78d297379c294d528f891b10343161deb8128938d6cd30faead8,9704b972d3c33904afcb818f87ccd461d988fd30910e9788031d4176df032cd0,3f504e0bc00e47e2d3674e97ef03bed09c060383c94ac723bd7c7c9e56fa4a85
historical,aluminium,PAN,exp_corundum,PAN|exp_corundum,0.13289499289446377,0,0.0,1998-2002,2008-2012,3c14742d58fa78d297379c294d528f891b10343161deb8128938d6cd30faead8,9704b972d3c33904afcb818f87ccd461d988fd30910e9788031d4176df032cd0,3f504e0bc00e47e2d3674e97ef03bed09c060383c94ac723bd7c7c9e56fa4a85
historical,aluminium,PAN,exp_semis_foil,PAN|exp_semis_foil,0.14590633057075547,1,104.012,1998-2002,2008-2012,3c14742d58fa78d297379c294d528f891b10343161deb8128938d6cd30faead8,9704b972d3c33904afcb818f87ccd461d988fd30910e9788031d4176df032cd0,3f504e0bc00e47e2d3674e97ef03bed09c060383c94ac723bd7c7c9e56fa4a85
historical,aluminium,PAN,exp_semis_tube,PAN|exp_semis_tube,0.13619513597564012,1,127.9448,1998-2002,2008-2012,3c14742d58fa78d297379c294d528f891b10343161deb8128938d6cd30faead8,9704b972d3c33904afcb818f87ccd461d988fd30910e9788031d4176df032cd0,3f504e0bc00e47e2d3674e97ef03bed09c060383c94ac723bd7c7c9e56fa4a85
historical,aluminium,PAN,exp_semis_wire,PAN|exp_semis_wire,0.13347949790048025,0,0.0,1998-2002,2008-2012,3c14742d58fa78d297379c294d528f891b10343161deb8128938d6cd30faead8,9704b972d3c33904afcb818f87ccd461d988fd30910e9788031d4176df032cd0,3f504e0bc00e47e2d3674e97ef03bed09c060383c94ac723bd7c7c9e56fa4a85
historical,aluminium,PER,exp_semis_barrod,PER|exp_semis_barrod,0.12613177490701713,1,1079.9518,1998-2002,2008-2012,3c14742d58fa78d297379c294d528f891b10343161deb8128938d6cd30faead8,9704b972d3c33904afcb818f87ccd461d988fd30910e9788031d4176df032cd0,3f504e0bc00e47e2d3674e97ef03bed09c060383c94ac723bd7c7c9e56fa4a85
historical,aluminium,PER,exp_semis_plate,PER|exp_semis_plate,0.10907255531213061,0,0.0,1998-2002,2008-2012,3c14742d58fa78d297379c294d528f891b10343161deb8128938d6cd30faead8,9704b972d3c33904afcb818f87ccd461d988fd30910e9788031d4176df032cd0,3f504e0bc00e47e2d3674e97ef03bed09c060383c94ac723bd7c7c9e56fa4a85
historical,aluminium,PER,exp_semis_tube,PER|exp_semis_tube,0.09061031514387448,0,0.0,1998-2002,2008-2012,3c14742d58fa78d297379c294d528f891b10343161deb8128938d6cd30faead8,9704b972d3c33904afcb818f87ccd461d988fd30910e9788031d4176df032cd0,3f504e0bc00e47e2d3674e97ef03bed09c060383c94ac723bd7c7c9e56fa4a85
historical,aluminium,PER,exp_semis_wire,PER|exp_semis_wire,0.09993964862512753,0,0.0,1998-2002,2008-2012,3c14742d58fa78d297379c294d528f891b10343161deb8128938d6cd30faead8,9704b972d3c33904afcb818f87ccd461d988fd30910e9788031d4176df032cd0,3f504e0bc00e47e2d3674e97ef03bed09c060383c94ac723bd7c7c9e56fa4a85
historical,aluminium,PNG,exp_semis_barrod,PNG|exp_semis_barrod,0.023198539295483312,0,0.0,1998-2002,2008-2012,3c14742d58fa78d297379c294d528f891b10343161deb8128938d6cd30faead8,9704b972d3c33904afcb818f87ccd461d988fd30910e9788031d4176df032cd0,3f504e0bc00e47e2d3674e97ef03bed09c060383c94ac723bd7c7c9e56fa4a85
historical,aluminium,PNG,exp_semis_foil,PNG|exp_semis_foil,0.01642084708683259,0,0.0,1998-2002,2008-2012,3c14742d58fa78d297379c294d528f891b10343161deb8128938d6cd30faead8,9704b972d3c33904afcb818f87ccd461d988fd30910e9788031d4176df032cd0,3f504e0bc00e47e2d3674e97ef03bed09c060383c94ac723bd7c7c9e56fa4a85
historical,aluminium,PNG,exp_semis_tube,PNG|exp_semis_tube,0.014738071594596886,0,0.0,1998-2002,2008-2012,3c14742d58fa78d297379c294d528f891b10343161deb8128938d6cd30faead8,9704b972d3c33904afcb818f87ccd461d988fd30910e9788031d4176df032cd0,3f504e0bc00e47e2d3674e97ef03bed09c060383c94ac723bd7c7c9e56fa4a85
historical,aluminium,PNG,exp_semis_wire,PNG|exp_semis_wire,0.019155580158199365,0,0.0,1998-2002,2008-2012,3c14742d58fa78d297379c294d528f891b10343161deb8128938d6cd30faead8,9704b972d3c33904afcb818f87ccd461d988fd30910e9788031d4176df032cd0,3f504e0bc00e47e2d3674e97ef03bed09c060383c94ac723bd7c7c9e56fa4a85
historical,aluminium,POL,exp_aluminium_hydroxide,POL|exp_aluminium_hydroxide,0.2908808823602263,0,0.0,1998-2002,2008-2012,3c14742d58fa78d297379c294d528f891b10343161deb8128938d6cd30faead8,9704b972d3c33904afcb818f87ccd461d988fd30910e9788031d4176df032cd0,3f504e0bc00e47e2d3674e97ef03bed09c060383c94ac723bd7c7c9e56fa4a85
historical,aluminium,POL,exp_aluminium_oxide,POL|exp_aluminium_oxide,0.3282388362726189,1,813.88,1998-2002,2008-2012,3c14742d58fa78d297379c294d528f891b10343161deb8128938d6cd30faead8,9704b972d3c33904afcb818f87ccd461d988fd30910e9788031d4176df032cd0,3f504e0bc00e47e2d3674e97ef03bed09c060383c94ac723bd7c7c9e56fa4a85
historical,aluminium,PRK,exp_semis_barrod,PRK|exp_semis_barrod,0.1948679886917699,1,152.9088,1998-2002,2008-2012,3c14742d58fa78d297379c294d528f891b10343161deb8128938d6cd30faead8,9704b972d3c33904afcb818f87ccd461d988fd30910e9788031d4176df032cd0,3f504e0bc00e47e2d3674e97ef03bed09c060383c94ac723bd7c7c9e56fa4a85
historical,aluminium,PRK,exp_semis_plate,PRK|exp_semis_plate,0.18681378112912864,1,1828.9432,1998-2002,2008-2012,3c14742d58fa78d297379c294d528f891b10343161deb8128938d6cd30faead8,9704b972d3c33904afcb818f87ccd461d988fd30910e9788031d4176df032cd0,3f504e0bc00e47e2d3674e97ef03bed09c060383c94ac723bd7c7c9e56fa4a85
historical,aluminium,PRK,exp_semis_tube,PRK|exp_semis_tube,0.17185593953457975,0,0.0,1998-2002,2008-2012,3c14742d58fa78d297379c294d528f891b10343161deb8128938d6cd30faead8,9704b972d3c33904afcb818f87ccd461d988fd30910e9788031d4176df032cd0,3f504e0bc00e47e2d3674e97ef03bed09c060383c94ac723bd7c7c9e56fa4a85
historical,aluminium,PRK,exp_semis_wire,PRK|exp_semis_wire,0.17239913508831528,0,0.0,1998-2002,2008-2012,3c14742d58fa78d297379c294d528f891b10343161deb8128938d6cd30faead8,9704b972d3c33904afcb818f87ccd461d988fd30910e9788031d4176df032cd0,3f504e0bc00e47e2d3674e97ef03bed09c060383c94ac723bd7c7c9e56fa4a85
historical,aluminium,PSE,exp_aluminium_hydroxide,PSE|exp_aluminium_hydroxide,0.06786773132541885,0,0.0,1998-2002,2008-2012,3c14742d58fa78d297379c294d528f891b10343161deb8128938d6cd30faead8,9704b972d3c33904afcb818f87ccd461d988fd30910e9788031d4176df032cd0,3f504e0bc00e47e2d3674e97ef03bed09c060383c94ac723bd7c7c9e56fa4a85
historical,aluminium,PSE,exp_aluminium_oxide,PSE|exp_aluminium_oxide,0.06416606421763246,0,0.0,1998-2002,2008-2012,3c14742d58fa78d297379c294d528f891b10343161deb8128938d6cd30faead8,9704b972d3c33904afcb818f87ccd461d988fd30910e9788031d4176df032cd0,3f504e0bc00e47e2d3674e97ef03bed09c060383c94ac723bd7c7c9e56fa4a85
historical,aluminium,PSE,exp_corundum,PSE|exp_corundum,0.06678308905279581,0,0.0,1998-2002,2008-2012,3c14742d58fa78d297379c294d528f891b10343161deb8128938d6cd30faead8,9704b972d3c33904afcb818f87ccd461d988fd30910e9788031d4176df032cd0,3f504e0bc00e47e2d3674e97ef03bed09c060383c94ac723bd7c7c9e56fa4a85
historical,aluminium,PSE,exp_semis_foil,PSE|exp_semis_foil,0.07481152256249538,1,425.87119999999993,1998-2002,2008-2012,3c14742d58fa78d297379c294d528f891b10343161deb8128938d6cd30faead8,9704b972d3c33904afcb818f87ccd461d988fd30910e9788031d4176df032cd0,3f504e0bc00e47e2d3674e97ef03bed09c060383c94ac723bd7c7c9e56fa4a85
historical,aluminium,PSE,exp_semis_plate,PSE|exp_semis_plate,0.07341859532414106,0,0.0,1998-2002,2008-2012,3c14742d58fa78d297379c294d528f891b10343161deb8128938d6cd30faead8,9704b972d3c33904afcb818f87ccd461d988fd30910e9788031d4176df032cd0,3f504e0bc00e47e2d3674e97ef03bed09c060383c94ac723bd7c7c9e56fa4a85
historical,aluminium,PSE,exp_semis_tube,PSE|exp_semis_tube,0.0749985232134242,0,0.0,1998-2002,2008-2012,3c14742d58fa78d297379c294d528f891b10343161deb8128938d6cd30faead8,9704b972d3c33904afcb818f87ccd461d988fd30910e9788031d4176df032cd0,3f504e0bc00e47e2d3674e97ef03bed09c060383c94ac723bd7c7c9e56fa4a85
historical,aluminium,PSE,exp_semis_wire,PSE|exp_semis_wire,0.06902057248015026,0,0.0,1998-2002,2008-2012,3c14742d58fa78d297379c294d528f891b10343161deb8128938d6cd30faead8,9704b972d3c33904afcb818f87ccd461d988fd30910e9788031d4176df032cd0,3f504e0bc00e47e2d3674e97ef03bed09c060383c94ac723bd7c7c9e56fa4a85
historical,aluminium,QAT,exp_semis_barrod,QAT|exp_semis_barrod,0.02098759338962096,1,16256.4338,1998-2002,2008-2012,3c14742d58fa78d297379c294d528f891b10343161deb8128938d6cd30faead8,9704b972d3c33904afcb818f87ccd461d988fd30910e9788031d4176df032cd0,3f504e0bc00e47e2d3674e97ef03bed09c060383c94ac723bd7c7c9e56fa4a85
historical,aluminium,QAT,exp_semis_foil,QAT|exp_semis_foil,0.014713301748597496,1,403.6736,1998-2002,2008-2012,3c14742d58fa78d297379c294d528f891b10343161deb8128938d6cd30faead8,9704b972d3c33904afcb818f87ccd461d988fd30910e9788031d4176df032cd0,3f504e0bc00e47e2d3674e97ef03bed09c060383c94ac723bd7c7c9e56fa4a85
historical,aluminium,QAT,exp_semis_plate,QAT|exp_semis_plate,0.01772698154329616,1,381.1976,1998-2002,2008-2012,3c14742d58fa78d297379c294d528f891b10343161deb8128938d6cd30faead8,9704b972d3c33904afcb818f87ccd461d988fd30910e9788031d4176df032cd0,3f504e0bc00e47e2d3674e97ef03bed09c060383c94ac723bd7c7c9e56fa4a85
historical,aluminium,QAT,exp_semis_tube,QAT|exp_semis_tube,0.013018929170295667,1,313.2478,1998-2002,2008-2012,3c14742d58fa78d297379c294d528f891b10343161deb8128938d6cd30faead8,9704b972d3c33904afcb818f87ccd461d988fd30910e9788031d4176df032cd0,3f504e0bc00e47e2d3674e97ef03bed09c060383c94ac723bd7c7c9e56fa4a85
historical,aluminium,QAT,exp_semis_wire,QAT|exp_semis_wire,0.018855597175524527,0,0.0,1998-2002,2008-2012,3c14742d58fa78d297379c294d528f891b10343161deb8128938d6cd30faead8,9704b972d3c33904afcb818f87ccd461d988fd30910e9788031d4176df032cd0,3f504e0bc00e47e2d3674e97ef03bed09c060383c94ac723bd7c7c9e56fa4a85
historical,aluminium,ROU,exp_corundum,ROU|exp_corundum,0.21292648376822967,0,0.0,1998-2002,2008-2012,3c14742d58fa78d297379c294d528f891b10343161deb8128938d6cd30faead8,9704b972d3c33904afcb818f87ccd461d988fd30910e9788031d4176df032cd0,3f504e0bc00e47e2d3674e97ef03bed09c060383c94ac723bd7c7c9e56fa4a85
historical,aluminium,RWA,exp_semis_foil,RWA|exp_semis_foil,0.02810843045116675,0,0.0,1998-2002,2008-2012,3c14742d58fa78d297379c294d528f891b10343161deb8128938d6cd30faead8,9704b972d3c33904afcb818f87ccd461d988fd30910e9788031d4176df032cd0,3f504e0bc00e47e2d3674e97ef03bed09c060383c94ac723bd7c7c9e56fa4a85
historical,aluminium,S19,exp_corundum,S19|exp_corundum,0.27276426019683253,1,1471.6536,1998-2002,2008-2012,3c14742d58fa78d297379c294d528f891b10343161deb8128938d6cd30faead8,9704b972d3c33904afcb818f87ccd461d988fd30910e9788031d4176df032cd0,3f504e0bc00e47e2d3674e97ef03bed09c060383c94ac723bd7c7c9e56fa4a85
historical,aluminium,SAU,exp_corundum,SAU|exp_corundum,0.04210555760670625,0,0.0,1998-2002,2008-2012,3c14742d58fa78d297379c294d528f891b10343161deb8128938d6cd30faead8,9704b972d3c33904afcb818f87ccd461d988fd30910e9788031d4176df032cd0,3f504e0bc00e47e2d3674e97ef03bed09c060383c94ac723bd7c7c9e56fa4a85
historical,aluminium,SAU,exp_semis_tube,SAU|exp_semis_tube,0.04326857967482709,1,2206.3194,1998-2002,2008-2012,3c14742d58fa78d297379c294d528f891b10343161deb8128938d6cd30faead8,9704b972d3c33904afcb818f87ccd461d988fd30910e9788031d4176df032cd0,3f504e0bc00e47e2d3674e97ef03bed09c060383c94ac723bd7c7c9e56fa4a85
historical,aluminium,SEN,exp_semis_foil,SEN|exp_semis_foil,0.08103678204072844,1,669.7472,1998-2002,2008-2012,3c14742d58fa78d297379c294d528f891b10343161deb8128938d6cd30faead8,9704b972d3c33904afcb818f87ccd461d988fd30910e9788031d4176df032cd0,3f504e0bc00e47e2d3674e97ef03bed09c060383c94ac723bd7c7c9e56fa4a85
historical,aluminium,SGP,exp_corundum,SGP|exp_corundum,0.1295874375869932,0,0.0,1998-2002,2008-2012,3c14742d58fa78d297379c294d528f891b10343161deb8128938d6cd30faead8,9704b972d3c33904afcb818f87ccd461d988fd30910e9788031d4176df032cd0,3f504e0bc00e47e2d3674e97ef03bed09c060383c94ac723bd7c7c9e56fa4a85
historical,aluminium,SOM,exp_semis_barrod,SOM|exp_semis_barrod,0.03595079058523291,0,0.0,1998-2002,2008-2012,3c14742d58fa78d297379c294d528f891b10343161deb8128938d6cd30faead8,9704b972d3c33904afcb818f87ccd461d988fd30910e9788031d4176df032cd0,3f504e0bc00e47e2d3674e97ef03bed09c060383c94ac723bd7c7c9e56fa4a85
historical,aluminium,SOM,exp_semis_foil,SOM|exp_semis_foil,0.02926986815660607,0,0.0,1998-2002,2008-2012,3c14742d58fa78d297379c294d528f891b10343161deb8128938d6cd30faead8,9704b972d3c33904afcb818f87ccd461d988fd30910e9788031d4176df032cd0,3f504e0bc00e47e2d3674e97ef03bed09c060383c94ac723bd7c7c9e56fa4a85
historical,aluminium,SOM,exp_semis_plate,SOM|exp_semis_plate,0.034262356784538414,0,0.0,1998-2002,2008-2012,3c14742d58fa78d297379c294d528f891b10343161deb8128938d6cd30faead8,9704b972d3c33904afcb818f87ccd461d988fd30910e9788031d4176df032cd0,3f504e0bc00e47e2d3674e97ef03bed09c060383c94ac723bd7c7c9e56fa4a85
historical,aluminium,SOM,exp_semis_tube,SOM|exp_semis_tube,0.02797379403449515,0,0.0,1998-2002,2008-2012,3c14742d58fa78d297379c294d528f891b10343161deb8128938d6cd30faead8,9704b972d3c33904afcb818f87ccd461d988fd30910e9788031d4176df032cd0,3f504e0bc00e47e2d3674e97ef03bed09c060383c94ac723bd7c7c9e56fa4a85
historical,aluminium,SOM,exp_semis_wire,SOM|exp_semis_wire,0.03249155974875588,0,0.0,1998-2002,2008-2012,3c14742d58fa78d297379c294d528f891b10343161deb8128938d6cd30faead8,9704b972d3c33904afcb818f87ccd461d988fd30910e9788031d4176df032cd0,3f504e0bc00e47e2d3674e97ef03bed09c060383c94ac723bd7c7c9e56fa4a85
historical,aluminium,SUR,exp_aluminium_hydroxide,SUR|exp_aluminium_hydroxide,0.030154347049378014,0,0.0,1998-2002,2008-2012,3c14742d58fa78d297379c294d528f891b10343161deb8128938d6cd30faead8,9704b972d3c33904afcb818f87ccd461d988fd30910e9788031d4176df032cd0,3f504e0bc00e47e2d3674e97ef03bed09c060383c94ac723bd7c7c9e56fa4a85
historical,aluminium,SUR,exp_corundum,SUR|exp_corundum,0.03506404167170976,1,2603.3232,1998-2002,2008-2012,3c14742d58fa78d297379c294d528f891b10343161deb8128938d6cd30faead8,9704b972d3c33904afcb818f87ccd461d988fd30910e9788031d4176df032cd0,3f504e0bc00e47e2d3674e97ef03bed09c060383c94ac723bd7c7c9e56fa4a85
historical,aluminium,SUR,exp_semis_barrod,SUR|exp_semis_barrod,0.03656115899811271,0,0.0,1998-2002,2008-2012,3c14742d58fa78d297379c294d528f891b10343161deb8128938d6cd30faead8,9704b972d3c33904afcb818f87ccd461d988fd30910e9788031d4176df032cd0,3f504e0bc00e47e2d3674e97ef03bed09c060383c94ac723bd7c7c9e56fa4a85
historical,aluminium,SUR,exp_semis_plate,SUR|exp_semis_plate,0.03278570691061193,0,0.0,1998-2002,2008-2012,3c14742d58fa78d297379c294d528f891b10343161deb8128938d6cd30faead8,9704b972d3c33904afcb818f87ccd461d988fd30910e9788031d4176df032cd0,3f504e0bc00e47e2d3674e97ef03bed09c060383c94ac723bd7c7c9e56fa4a85
historical,aluminium,SUR,exp_semis_tube,SUR|exp_semis_tube,0.025229436906314028,0,0.0,1998-2002,2008-2012,3c14742d58fa78d297379c294d528f891b10343161deb8128938d6cd30faead8,9704b972d3c33904afcb818f87ccd461d988fd30910e9788031d4176df032cd0,3f504e0bc00e47e2d3674e97ef03bed09c060383c94ac723bd7c7c9e56fa4a85
historical,aluminium,SUR,exp_semis_wire,SUR|exp_semis_wire,0.02906233563872413,0,0.0,1998-2002,2008-2012,3c14742d58fa78d297379c294d528f891b10343161deb8128938d6cd30faead8,9704b972d3c33904afcb818f87ccd461d988fd30910e9788031d4176df032cd0,3f504e0bc00e47e2d3674e97ef03bed09c060383c94ac723bd7c7c9e56fa4a85
historical,aluminium,SVK,exp_semis_foil,SVK|exp_semis_foil,0.22821427938441904,1,2536.3396,1998-2002,2008-2012,3c14742d58fa78d297379c294d528f891b10343161deb8128938d6cd30faead8,9704b972d3c33904afcb818f87ccd461d988fd30910e9788031d4176df032cd0,3f504e0bc00e47e2d3674e97ef03bed09c060383c94ac723bd7c7c9e56fa4a85
historical,aluminium,SWE,exp_corundum,SWE|exp_corundum,0.26309527070423594,0,0.0,1998-2002,2008-2012,3c14742d58fa78d297379c294d528f891b10343161deb8128938d6cd30faead8,9704b972d3c33904afcb818f87ccd461d988fd30910e9788031d4176df032cd0,3f504e0bc00e47e2d3674e97ef03bed09c060383c94ac723bd7c7c9e56fa4a85
historical,aluminium,SWZ,exp_semis_barrod,SWZ|exp_semis_barrod,0.11434213483464345,1,237.4078,1998-2002,2008-2012,3c14742d58fa78d297379c294d528f891b10343161deb8128938d6cd30faead8,9704b972d3c33904afcb818f87ccd461d988fd30910e9788031d4176df032cd0,3f504e0bc00e47e2d3674e97ef03bed09c060383c94ac723bd7c7c9e56fa4a85
historical,aluminium,SWZ,exp_semis_foil,SWZ|exp_semis_foil,0.09037241889592527,0,0.0,1998-2002,2008-2012,3c14742d58fa78d297379c294d528f891b10343161deb8128938d6cd30faead8,9704b972d3c33904afcb818f87ccd461d988fd30910e9788031d4176df032cd0,3f504e0bc00e47e2d3674e97ef03bed09c060383c94ac723bd7c7c9e56fa4a85
historical,aluminium,SWZ,exp_semis_tube,SWZ|exp_semis_tube,0.08416667118745715,0,0.0,1998-2002,2008-2012,3c14742d58fa78d297379c294d528f891b10343161deb8128938d6cd30faead8,9704b972d3c33904afcb818f87ccd461d988fd30910e9788031d4176df032cd0,3f504e0bc00e47e2d3674e97ef03bed09c060383c94ac723bd7c7c9e56fa4a85
historical,aluminium,SWZ,exp_semis_wire,SWZ|exp_semis_wire,0.08811856237014236,0,0.0,1998-2002,2008-2012,3c14742d58fa78d297379c294d528f891b10343161deb8128938d6cd30faead8,9704b972d3c33904afcb818f87ccd461d988fd30910e9788031d4176df032cd0,3f504e0bc00e47e2d3674e97ef03bed09c060383c94ac723bd7c7c9e56fa4a85
historical,aluminium,SYR,exp_semis_foil,SYR|exp_semis_foil,0.07626419425437198,1,1190.5638,1998-2002,2008-2012,3c14742d58fa78d297379c294d528f891b10343161deb8128938d6cd30faead8,9704b972d3c33904afcb818f87ccd461d988fd30910e9788031d4176df032cd0,3f504e0bc00e47e2d3674e97ef03bed09c060383c94ac723bd7c7c9e56fa4a85
historical,aluminium,SYR,exp_semis_plate,SYR|exp_semis_plate,0.08451233556044362,1,70987.8598,1998-2002,2008-2012,3c14742d58fa78d297379c294d528f891b10343161deb8128938d6cd30faead8,9704b972d3c33904afcb818f87ccd461d988fd30910e9788031d4176df032cd0,3f504e0bc00e47e2d3674e97ef03bed09c060383c94ac723bd7c7c9e56fa4a85
historical,aluminium,SYR,exp_semis_tube,SYR|exp_semis_tube,0.06996471978384221,1,112.775,1998-2002,2008-2012,3c14742d58fa78d297379c294d528f891b10343161deb8128938d6cd30faead8,9704b972d3c33904afcb818f87ccd461d988fd30910e9788031d4176df032cd0,3f504e0bc00e47e2d3674e97ef03bed09c060383c94ac723bd7c7c9e56fa4a85
historical,aluminium,SYR,exp_semis_wire,SYR|exp_semis_wire,0.0733596227426843,1,2743.026,1998-2002,2008-2012,3c14742d58fa78d297379c294d528f891b10343161deb8128938d6cd30faead8,9704b972d3c33904afcb818f87ccd461d988fd30910e9788031d4176df032cd0,3f504e0bc00e47e2d3674e97ef03bed09c060383c94ac723bd7c7c9e56fa4a85
historical,aluminium,TGO,exp_semis_foil,TGO|exp_semis_foil,0.06811794305528622,0,0.0,1998-2002,2008-2012,3c14742d58fa78d297379c294d528f891b10343161deb8128938d6cd30faead8,9704b972d3c33904afcb818f87ccd461d988fd30910e9788031d4176df032cd0,3f504e0bc00e47e2d3674e97ef03bed09c060383c94ac723bd7c7c9e56fa4a85
historical,aluminium,TJK,exp_semis_foil,TJK|exp_semis_foil,0.04731434958486377,0,0.0,1998-2002,2008-2012,3c14742d58fa78d297379c294d528f891b10343161deb8128938d6cd30faead8,9704b972d3c33904afcb818f87ccd461d988fd30910e9788031d4176df032cd0,3f504e0bc00e47e2d3674e97ef03bed09c060383c94ac723bd7c7c9e56fa4a85
historical,aluminium,TJK,exp_semis_plate,TJK|exp_semis_plate,0.056007964540872375,1,143.2232,1998-2002,2008-2012,3c14742d58fa78d297379c294d528f891b10343161deb8128938d6cd30faead8,9704b972d3c33904afcb818f87ccd461d988fd30910e9788031d4176df032cd0,3f504e0bc00e47e2d3674e97ef03bed09c060383c94ac723bd7c7c9e56fa4a85
historical,aluminium,TJK,exp_semis_tube,TJK|exp_semis_tube,0.04374020064665892,0,0.0,1998-2002,2008-2012,3c14742d58fa78d297379c294d528f891b10343161deb8128938d6cd30faead8,9704b972d3c33904afcb818f87ccd461d988fd30910e9788031d4176df032cd0,3f504e0bc00e47e2d3674e97ef03bed09c060383c94ac723bd7c7c9e56fa4a85
historical,aluminium,TKM,exp_semis_barrod,TKM|exp_semis_barrod,0.0389617442501644,0,0.0,1998-2002,2008-2012,3c14742d58fa78d297379c294d528f891b10343161deb8128938d6cd30faead8,9704b972d3c33904afcb818f87ccd461d988fd30910e9788031d4176df032cd0,3f504e0bc00e47e2d3674e97ef03bed09c060383c94ac723bd7c7c9e56fa4a85
historical,aluminium,TKM,exp_semis_foil,TKM|exp_semis_foil,0.0261945440546212,0,0.0,1998-2002,2008-2012,3c14742d58fa78d297379c294d528f891b10343161deb8128938d6cd30faead8,9704b972d3c33904afcb818f87ccd461d988fd30910e9788031d4176df032cd0,3f504e0bc00e47e2d3674e97ef03bed09c060383c94ac723bd7c7c9e56fa4a85
historical,aluminium,TKM,exp_semis_plate,TKM|exp_semis_plate,0.03248566278889853,0,0.0,1998-2002,2008-2012,3c14742d58fa78d297379c294d528f891b10343161deb8128938d6cd30faead8,9704b972d3c33904afcb818f87ccd461d988fd30910e9788031d4176df032cd0,3f504e0bc00e47e2d3674e97ef03bed09c060383c94ac723bd7c7c9e56fa4a85
historical,aluminium,TKM,exp_semis_tube,TKM|exp_semis_tube,0.023101085281453094,0,0.0,1998-2002,2008-2012,3c14742d58fa78d297379c294d528f891b10343161deb8128938d6cd30faead8,9704b972d3c33904afcb818f87ccd461d988fd30910e9788031d4176df032cd0,3f504e0bc00e47e2d3674e97ef03bed09c060383c94ac723bd7c7c9e56fa4a85
historical,aluminium,TTO,exp_corundum,TTO|exp_corundum,0.05160260924903091,0,0.0,1998-2002,2008-2012,3c14742d58fa78d297379c294d528f891b10343161deb8128938d6cd30faead8,9704b972d3c33904afcb818f87ccd461d988fd30910e9788031d4176df032cd0,3f504e0bc00e47e2d3674e97ef03bed09c060383c94ac723bd7c7c9e56fa4a85
historical,aluminium,TTO,exp_semis_foil,TTO|exp_semis_foil,0.059770762519742504,0,0.0,1998-2002,2008-2012,3c14742d58fa78d297379c294d528f891b10343161deb8128938d6cd30faead8,9704b972d3c33904afcb818f87ccd461d988fd30910e9788031d4176df032cd0,3f504e0bc00e47e2d3674e97ef03bed09c060383c94ac723bd7c7c9e56fa4a85
historical,aluminium,TTO,exp_semis_plate,TTO|exp_semis_plate,0.06631866207878329,0,0.0,1998-2002,2008-2012,3c14742d58fa78d297379c294d528f891b10343161deb8128938d6cd30faead8,9704b972d3c33904afcb818f87ccd461d988fd30910e9788031d4176df032cd0,3f504e0bc00e47e2d3674e97ef03bed09c060383c94ac723bd7c7c9e56fa4a85
historical,aluminium,TTO,exp_semis_tube,TTO|exp_semis_tube,0.053513170906768597,0,0.0,1998-2002,2008-2012,3c14742d58fa78d297379c294d528f891b10343161deb8128938d6cd30faead8,9704b972d3c33904afcb818f87ccd461d988fd30910e9788031d4176df032cd0,3f504e0bc00e47e2d3674e97ef03bed09c060383c94ac723bd7c7c9e56fa4a85
historical,aluminium,TTO,exp_semis_wire,TTO|exp_semis_wire,0.06123924208881182,0,0.0,1998-2002,2008-2012,3c14742d58fa78d297379c294d528f891b10343161deb8128938d6cd30faead8,9704b972d3c33904afcb818f87ccd461d988fd30910e9788031d4176df032cd0,3f504e0bc00e47e2d3674e97ef03bed09c060383c94ac723bd7c7c9e56fa4a85
historical,aluminium,TTO,exp_unwrought,TTO|exp_unwrought,0.08199142841369964,0,0.0,1998-2002,2008-2012,3c14742d58fa78d297379c294d528f891b10343161deb8128938d6cd30faead8,9704b972d3c33904afcb818f87ccd461d988fd30910e9788031d4176df032cd0,3f504e0bc00e47e2d3674e97ef03bed09c060383c94ac723bd7c7c9e56fa4a85
historical,aluminium,TUN,exp_corundum,TUN|exp_corundum,0.12033084786741748,0,0.0,1998-2002,2008-2012,3c14742d58fa78d297379c294d528f891b10343161deb8128938d6cd30faead8,9704b972d3c33904afcb818f87ccd461d988fd30910e9788031d4176df032cd0,3f504e0bc00e47e2d3674e97ef03bed09c060383c94ac723bd7c7c9e56fa4a85
historical,aluminium,TUN,exp_semis_tube,TUN|exp_semis_tube,0.1343554731484783,1,2401.6240000000003,1998-2002,2008-2012,3c14742d58fa78d297379c294d528f891b10343161deb8128938d6cd30faead8,9704b972d3c33904afcb818f87ccd461d988fd30910e9788031d4176df032cd0,3f504e0bc00e47e2d3674e97ef03bed09c060383c94ac723bd7c7c9e56fa4a85
historical,aluminium,TUN,exp_semis_wire,TUN|exp_semis_wire,0.13478780684085886,0,0.0,1998-2002,2008-2012,3c14742d58fa78d297379c294d528f891b10343161deb8128938d6cd30faead8,9704b972d3c33904afcb818f87ccd461d988fd30910e9788031d4176df032cd0,3f504e0bc00e47e2d3674e97ef03bed09c060383c94ac723bd7c7c9e56fa4a85
historical,aluminium,TUR,exp_corundum,TUR|exp_corundum,0.2411370751225585,0,0.0,1998-2002,2008-2012,3c14742d58fa78d297379c294d528f891b10343161deb8128938d6cd30faead8,9704b972d3c33904afcb818f87ccd461d988fd30910e9788031d4176df032cd0,3f504e0bc00e47e2d3674e97ef03bed09c060383c94ac723bd7c7c9e56fa4a85
historical,aluminium,VEN,exp_aluminium_hydroxide,VEN|exp_aluminium_hydroxide,0.05362002467526762,1,304.7812,1998-2002,2008-2012,3c14742d58fa78d297379c294d528f891b10343161deb8128938d6cd30faead8,9704b972d3c33904afcb818f87ccd461d988fd30910e9788031d4176df032cd0,3f504e0bc00e47e2d3674e97ef03bed09c060383c94ac723bd7c7c9e56fa4a85
historical,aluminium,VGB,exp_aluminium_hydroxide,VGB|exp_aluminium_hydroxide,0.05580317898117044,0,0.0,1998-2002,2008-2012,3c14742d58fa78d297379c294d528f891b10343161deb8128938d6cd30faead8,9704b972d3c33904afcb818f87ccd461d988fd30910e9788031d4176df032cd0,3f504e0bc00e47e2d3674e97ef03bed09c060383c94ac723bd7c7c9e56fa4a85
historical,aluminium,VGB,exp_aluminium_oxide,VGB|exp_aluminium_oxide,0.060303287512478404,0,0.0,1998-2002,2008-2012,3c14742d58fa78d297379c294d528f891b10343161deb8128938d6cd30faead8,9704b972d3c33904afcb818f87ccd461d988fd30910e9788031d4176df032cd0,3f504e0bc00e47e2d3674e97ef03bed09c060383c94ac723bd7c7c9e56fa4a85
historical,aluminium,VGB,exp_corundum,VGB|exp_corundum,0.05390894957117932,0,0.0,1998-2002,2008-2012,3c14742d58fa78d297379c294d528f891b10343161deb8128938d6cd30faead8,9704b972d3c33904afcb818f87ccd461d988fd30910e9788031d4176df032cd0,3f504e0bc00e47e2d3674e97ef03bed09c060383c94ac723bd7c7c9e56fa4a85
historical,aluminium,VGB,exp_semis_barrod,VGB|exp_semis_barrod,0.05220681181882216,0,0.0,1998-2002,2008-2012,3c14742d58fa78d297379c294d528f891b10343161deb8128938d6cd30faead8,9704b972d3c33904afcb818f87ccd461d988fd30910e9788031d4176df032cd0,3f504e0bc00e47e2d3674e97ef03bed09c060383c94ac723bd7c7c9e56fa4a85
historical,aluminium,VGB,exp_semis_foil,VGB|exp_semis_foil,0.054808442832515514,1,203.8326,1998-2002,2008-2012,3c14742d58fa78d297379c294d528f891b10343161deb8128938d6cd30faead8,9704b972d3c33904afcb818f87ccd461d988fd30910e9788031d4176df032cd0,3f504e0bc00e47e2d3674e97ef03bed09c060383c94ac723bd7c7c9e56fa4a85
historical,aluminium,VGB,exp_semis_plate,VGB|exp_semis_plate,0.057194337491308034,0,0.0,1998-2002,2008-2012,3c14742d58fa78d297379c294d528f891b10343161deb8128938d6cd30faead8,9704b972d3c33904afcb818f87ccd461d988fd30910e9788031d4176df032cd0,3f504e0bc00e47e2d3674e97ef03bed09c060383c94ac723bd7c7c9e56fa4a85
historical,aluminium,VGB,exp_semis_tube,VGB|exp_semis_tube,0.05398470231670465,0,0.0,1998-2002,2008-2012,3c14742d58fa78d297379c294d528f891b10343161deb8128938d6cd30faead8,9704b972d3c33904afcb818f87ccd461d988fd30910e9788031d4176df032cd0,3f504e0bc00e47e2d3674e97ef03bed09c060383c94ac723bd7c7c9e56fa4a85
historical,aluminium,VGB,exp_semis_wire,VGB|exp_semis_wire,0.05512697639552764,0,0.0,1998-2002,2008-2012,3c14742d58fa78d297379c294d528f891b10343161deb8128938d6cd30faead8,9704b972d3c33904afcb818f87ccd461d988fd30910e9788031d4176df032cd0,3f504e0bc00e47e2d3674e97ef03bed09c060383c94ac723bd7c7c9e56fa4a85
historical,aluminium,VGB,exp_unwrought,VGB|exp_unwrought,0.05568909684213038,1,248.6162,1998-2002,2008-2012,3c14742d58fa78d297379c294d528f891b10343161deb8128938d6cd30faead8,9704b972d3c33904afcb818f87ccd461d988fd30910e9788031d4176df032cd0,3f504e0bc00e47e2d3674e97ef03bed09c060383c94ac723bd7c7c9e56fa4a85
historical,aluminium,VNM,exp_corundum,VNM|exp_corundum,0.12835607147276817,0,0.0,1998-2002,2008-2012,3c14742d58fa78d297379c294d528f891b10343161deb8128938d6cd30faead8,9704b972d3c33904afcb818f87ccd461d988fd30910e9788031d4176df032cd0,3f504e0bc00e47e2d3674e97ef03bed09c060383c94ac723bd7c7c9e56fa4a85
historical,aluminium,VNM,exp_semis_tube,VNM|exp_semis_tube,0.12782418921226935,1,6205.9838,1998-2002,2008-2012,3c14742d58fa78d297379c294d528f891b10343161deb8128938d6cd30faead8,9704b972d3c33904afcb818f87ccd461d988fd30910e9788031d4176df032cd0,3f504e0bc00e47e2d3674e97ef03bed09c060383c94ac723bd7c7c9e56fa4a85
historical,aluminium,YEM,exp_semis_barrod,YEM|exp_semis_barrod,0.022409963230295035,1,267.991,1998-2002,2008-2012,3c14742d58fa78d297379c294d528f891b10343161deb8128938d6cd30faead8,9704b972d3c33904afcb818f87ccd461d988fd30910e9788031d4176df032cd0,3f504e0bc00e47e2d3674e97ef03bed09c060383c94ac723bd7c7c9e56fa4a85
historical,aluminium,YEM,exp_semis_foil,YEM|exp_semis_foil,0.013003660312912751,0,0.0,1998-2002,2008-2012,3c14742d58fa78d297379c294d528f891b10343161deb8128938d6cd30faead8,9704b972d3c33904afcb818f87ccd461d988fd30910e9788031d4176df032cd0,3f504e0bc00e47e2d3674e97ef03bed09c060383c94ac723bd7c7c9e56fa4a85
historical,aluminium,YEM,exp_semis_plate,YEM|exp_semis_plate,0.017144057447532668,0,0.0,1998-2002,2008-2012,3c14742d58fa78d297379c294d528f891b10343161deb8128938d6cd30faead8,9704b972d3c33904afcb818f87ccd461d988fd30910e9788031d4176df032cd0,3f504e0bc00e47e2d3674e97ef03bed09c060383c94ac723bd7c7c9e56fa4a85
historical,aluminium,YEM,exp_semis_tube,YEM|exp_semis_tube,0.01234328681262436,0,0.0,1998-2002,2008-2012,3c14742d58fa78d297379c294d528f891b10343161deb8128938d6cd30faead8,9704b972d3c33904afcb818f87ccd461d988fd30910e9788031d4176df032cd0,3f504e0bc00e47e2d3674e97ef03bed09c060383c94ac723bd7c7c9e56fa4a85
historical,aluminium,YEM,exp_semis_wire,YEM|exp_semis_wire,0.015739083639781333,0,0.0,1998-2002,2008-2012,3c14742d58fa78d297379c294d528f891b10343161deb8128938d6cd30faead8,9704b972d3c33904afcb818f87ccd461d988fd30910e9788031d4176df032cd0,3f504e0bc00e47e2d3674e97ef03bed09c060383c94ac723bd7c7c9e56fa4a85
historical,aluminium,ZAF,exp_aluminium_hydroxide,ZAF|exp_aluminium_hydroxide,0.24167573669406212,0,0.0,1998-2002,2008-2012,3c14742d58fa78d297379c294d528f891b10343161deb8128938d6cd30faead8,9704b972d3c33904afcb818f87ccd461d988fd30910e9788031d4176df032cd0,3f504e0bc00e47e2d3674e97ef03bed09c060383c94ac723bd7c7c9e56fa4a85
historical,nickel,ARE,exp_nickel_salts,ARE|exp_nickel_salts,0.05974257681862635,1,604.071,1998-2002,2008-2012,334877b3c1176a94f9a4cb2897edaec6ac6ad88d3fd9b74ca8283d2108191639,9704b972d3c33904afcb818f87ccd461d988fd30910e9788031d4176df032cd0,3f504e0bc00e47e2d3674e97ef03bed09c060383c94ac723bd7c7c9e56fa4a85
historical,nickel,ARE,exp_other,ARE|exp_other,0.06001778079242882,1,706.275,1998-2002,2008-2012,334877b3c1176a94f9a4cb2897edaec6ac6ad88d3fd9b74ca8283d2108191639,9704b972d3c33904afcb818f87ccd461d988fd30910e9788031d4176df032cd0,3f504e0bc00e47e2d3674e97ef03bed09c060383c94ac723bd7c7c9e56fa4a85
historical,nickel,ARE,exp_powder,ARE|exp_powder,0.07289553364196846,0,0.0,1998-2002,2008-2012,334877b3c1176a94f9a4cb2897edaec6ac6ad88d3fd9b74ca8283d2108191639,9704b972d3c33904afcb818f87ccd461d988fd30910e9788031d4176df032cd0,3f504e0bc00e47e2d3674e97ef03bed09c060383c94ac723bd7c7c9e56fa4a85
historical,nickel,ARG,exp_bars_wire,ARG|exp_bars_wire,0.10703060865315671,0,0.0,1998-2002,2008-2012,334877b3c1176a94f9a4cb2897edaec6ac6ad88d3fd9b74ca8283d2108191639,9704b972d3c33904afcb818f87ccd461d988fd30910e9788031d4176df032cd0,3f504e0bc00e47e2d3674e97ef03bed09c060383c94ac723bd7c7c9e56fa4a85
historical,nickel,ARG,exp_ferronickel,ARG|exp_ferronickel,0.12421747044977717,0,0.0,1998-2002,2008-2012,334877b3c1176a94f9a4cb2897edaec6ac6ad88d3fd9b74ca8283d2108191639,9704b972d3c33904afcb818f87ccd461d988fd30910e9788031d4176df032cd0,3f504e0bc00e47e2d3674e97ef03bed09c060383c94ac723bd7c7c9e56fa4a85
historical,nickel,ARG,exp_nickel_intermediate,ARG|exp_nickel_intermediate,0.11640646452344898,0,0.0,1998-2002,2008-2012,334877b3c1176a94f9a4cb2897edaec6ac6ad88d3fd9b74ca8283d2108191639,9704b972d3c33904afcb818f87ccd461d988fd30910e9788031d4176df032cd0,3f504e0bc00e47e2d3674e97ef03bed09c060383c94ac723bd7c7c9e56fa4a85
historical,nickel,ARG,exp_nickel_matte,ARG|exp_nickel_matte,0.15371698340071288,0,0.0,1998-2002,2008-2012,334877b3c1176a94f9a4cb2897edaec6ac6ad88d3fd9b74ca8283d2108191639,9704b972d3c33904afcb818f87ccd461d988fd30910e9788031d4176df032cd0,3f504e0bc00e47e2d3674e97ef03bed09c060383c94ac723bd7c7c9e56fa4a85
historical,nickel,ARG,exp_nickel_salts,ARG|exp_nickel_salts,0.08587710952703533,0,0.0,1998-2002,2008-2012,334877b3c1176a94f9a4cb2897edaec6ac6ad88d3fd9b74ca8283d2108191639,9704b972d3c33904afcb818f87ccd461d988fd30910e9788031d4176df032cd0,3f504e0bc00e47e2d3674e97ef03bed09c060383c94ac723bd7c7c9e56fa4a85
historical,nickel,ARG,exp_other,ARG|exp_other,0.10359411570586813,0,0.0,1998-2002,2008-2012,334877b3c1176a94f9a4cb2897edaec6ac6ad88d3fd9b74ca8283d2108191639,9704b972d3c33904afcb818f87ccd461d988fd30910e9788031d4176df032cd0,3f504e0bc00e47e2d3674e97ef03bed09c060383c94ac723bd7c7c9e56fa4a85
historical,nickel,ARG,exp_plates_foil,ARG|exp_plates_foil,0.1051137965962952,0,0.0,1998-2002,2008-2012,334877b3c1176a94f9a4cb2897edaec6ac6ad88d3fd9b74ca8283d2108191639,9704b972d3c33904afcb818f87ccd461d988fd30910e9788031d4176df032cd0,3f504e0bc00e47e2d3674e97ef03bed09c060383c94ac723bd7c7c9e56fa4a85
historical,nickel,ARG,exp_powder,ARG|exp_powder,0.11664065186521626,0,0.0,1998-2002,2008-2012,334877b3c1176a94f9a4cb2897edaec6ac6ad88d3fd9b74ca8283d2108191639,9704b972d3c33904afcb818f87ccd461d988fd30910e9788031d4176df032cd0,3f504e0bc00e47e2d3674e97ef03bed09c060383c94ac723bd7c7c9e56fa4a85
historical,nickel,ARG,exp_tubes,ARG|exp_tubes,0.09723247869577663,0,0.0,1998-2002,2008-2012,334877b3c1176a94f9a4cb2897edaec6ac6ad88d3fd9b74ca8283d2108191639,9704b972d3c33904afcb818f87ccd461d988fd30910e9788031d4176df032cd0,3f504e0bc00e47e2d3674e97ef03bed09c060383c94ac723bd7c7c9e56fa4a85
historical,nickel,ARG,exp_unwrought,ARG|exp_unwrought,0.13193625651638738,0,0.0,1998-2002,2008-2012,334877b3c1176a94f9a4cb2897edaec6ac6ad88d3fd9b74ca8283d2108191639,9704b972d3c33904afcb818f87ccd461d988fd30910e9788031d4176df032cd0,3f504e0bc00e47e2d3674e97ef03bed09c060383c94ac723bd7c7c9e56fa4a85
historical,nickel,ARM,exp_bars_wire,ARM|exp_bars_wire,0.0878662401072815,0,0.0,1998-2002,2008-2012,334877b3c1176a94f9a4cb2897edaec6ac6ad88d3fd9b74ca8283d2108191639,9704b972d3c33904afcb818f87ccd461d988fd30910e9788031d4176df032cd0,3f504e0bc00e47e2d3674e97ef03bed09c060383c94ac723bd7c7c9e56fa4a85
historical,nickel,ARM,exp_nickel_salts,ARM|exp_nickel_salts,0.07939875430279447,0,0.0,1998-2002,2008-2012,334877b3c1176a94f9a4cb2897edaec6ac6ad88d3fd9b74ca8283d2108191639,9704b972d3c33904afcb818f87ccd461d988fd30910e9788031d4176df032cd0,3f504e0bc00e47e2d3674e97ef03bed09c060383c94ac723bd7c7c9e56fa4a85
historical,nickel,ARM,exp_other,ARM|exp_other,0.08198913348031776,0,0.0,1998-2002,2008-2012,334877b3c1176a94f9a4cb2897edaec6ac6ad88d3fd9b74ca8283d2108191639,9704b972d3c33904afcb818f87ccd461d988fd30910e9788031d4176df032cd0,3f504e0bc00e47e2d3674e97ef03bed09c060383c94ac723bd7c7c9e56fa4a85
historical,nickel,ARM,exp_plates_foil,ARM|exp_plates_foil,0.08282024232313724,0,0.0,1998-2002,2008-2012,334877b3c1176a94f9a4cb2897edaec6ac6ad88d3fd9b74ca8283d2108191639,9704b972d3c33904afcb818f87ccd461d988fd30910e9788031d4176df032cd0,3f504e0bc00e47e2d3674e97ef03bed09c060383c94ac723bd7c7c9e56fa4a85
historical,nickel,ARM,exp_powder,ARM|exp_powder,0.08544297865690093,0,0.0,1998-2002,2008-2012,334877b3c1176a94f9a4cb2897edaec6ac6ad88d3fd9b74ca8283d2108191639,9704b972d3c33904afcb818f87ccd461d988fd30910e9788031d4176df032cd0,3f504e0bc00e47e2d3674e97ef03bed09c060383c94ac723bd7c7c9e56fa4a85
historical,nickel,ARM,exp_tubes,ARM|exp_tubes,0.09072709345948819,0,0.0,1998-2002,2008-2012,334877b3c1176a94f9a4cb2897edaec6ac6ad88d3fd9b74ca8283d2108191639,9704b972d3c33904afcb818f87ccd461d988fd30910e9788031d4176df032cd0,3f504e0bc00e47e2d3674e97ef03bed09c060383c94ac723bd7c7c9e56fa4a85
historical,nickel,ARM,exp_unwrought,ARM|exp_unwrought,0.0856808392171492,0,0.0,1998-2002,2008-2012,334877b3c1176a94f9a4cb2897edaec6ac6ad88d3fd9b74ca8283d2108191639,9704b972d3c33904afcb818f87ccd461d988fd30910e9788031d4176df032cd0,3f504e0bc00e47e2d3674e97ef03bed09c060383c94ac723bd7c7c9e56fa4a85
historical,nickel,BEL,exp_nickel_matte,BEL|exp_nickel_matte,0.3019469393449546,1,129.2348,1998-2002,2008-2012,334877b3c1176a94f9a4cb2897edaec6ac6ad88d3fd9b74ca8283d2108191639,9704b972d3c33904afcb818f87ccd461d988fd30910e9788031d4176df032cd0,3f504e0bc00e47e2d3674e97ef03bed09c060383c94ac723bd7c7c9e56fa4a85
historical,nickel,BLR,exp_bars_wire,BLR|exp_bars_wire,0.15910387330881884,0,0.0,1998-2002,2008-2012,334877b3c1176a94f9a4cb2897edaec6ac6ad88d3fd9b74ca8283d2108191639,9704b972d3c33904afcb818f87ccd461d988fd30910e9788031d4176df032cd0,3f504e0bc00e47e2d3674e97ef03bed09c060383c94ac723bd7c7c9e56fa4a85
historical,nickel,BLR,exp_nickel_salts,BLR|exp_nickel_salts,0.1468235249468016,0,0.0,1998-2002,2008-2012,334877b3c1176a94f9a4cb2897edaec6ac6ad88d3fd9b74ca8283d2108191639,9704b972d3c33904afcb818f87ccd461d988fd30910e9788031d4176df032cd0,3f504e0bc00e47e2d3674e97ef03bed09c060383c94ac723bd7c7c9e56fa4a85
historical,nickel,BLR,exp_other,BLR|exp_other,0.14934608816505826,0,0.0,1998-2002,2008-2012,334877b3c1176a94f9a4cb2897edaec6ac6ad88d3fd9b74ca8283d2108191639,9704b972d3c33904afcb818f87ccd461d988fd30910e9788031d4176df032cd0,3f504e0bc00e47e2d3674e97ef03bed09c060383c94ac723bd7c7c9e56fa4a85
historical,nickel,BLR,exp_plates_foil,BLR|exp_plates_foil,0.1536279685955041,0,0.0,1998-2002,2008-2012,334877b3c1176a94f9a4cb2897edaec6ac6ad88d3fd9b74ca8283d2108191639,9704b972d3c33904afcb818f87ccd461d988fd30910e9788031d4176df032cd0,3f504e0bc00e47e2d3674e97ef03bed09c060383c94ac723bd7c7c9e56fa4a85
historical,nickel,BLR,exp_tubes,BLR|exp_tubes,0.1450908885943765,0,0.0,1998-2002,2008-2012,334877b3c1176a94f9a4cb2897edaec6ac6ad88d3fd9b74ca8283d2108191639,9704b972d3c33904afcb818f87ccd461d988fd30910e9788031d4176df032cd0,3f504e0bc00e47e2d3674e97ef03bed09c060383c94ac723bd7c7c9e56fa4a85
historical,nickel,BMU,exp_bars_wire,BMU|exp_bars_wire,0.02580963885470187,0,0.0,1998-2002,2008-2012,334877b3c1176a94f9a4cb2897edaec6ac6ad88d3fd9b74ca8283d2108191639,9704b972d3c33904afcb818f87ccd461d988fd30910e9788031d4176df032cd0,3f504e0bc00e47e2d3674e97ef03bed09c060383c94ac723bd7c7c9e56fa4a85
historical,nickel,BMU,exp_nickel_salts,BMU|exp_nickel_salts,0.0202679403244539,0,0.0,1998-2002,2008-2012,334877b3c1176a94f9a4cb2897edaec6ac6ad88d3fd9b74ca8283d2108191639,9704b972d3c33904afcb818f87ccd461d988fd30910e9788031d4176df032cd0,3f504e0bc00e47e2d3674e97ef03bed09c060383c94ac723bd7c7c9e56fa4a85
historical,nickel,BMU,exp_other,BMU|exp_other,0.028832885014405688,0,0.0,1998-2002,2008-2012,334877b3c1176a94f9a4cb2897edaec6ac6ad88d3fd9b74ca8283d2108191639,9704b972d3c33904afcb818f87ccd461d988fd30910e9788031d4176df032cd0,3f504e0bc00e47e2d3674e97ef03bed09c060383c94ac723bd7c7c9e56fa4a85
historical,nickel,BMU,exp_plates_foil,BMU|exp_plates_foil,0.024922160666123554,0,0.0,1998-2002,2008-2012,334877b3c1176a94f9a4cb2897edaec6ac6ad88d3fd9b74ca8283d2108191639,9704b972d3c33904afcb818f87ccd461d988fd30910e9788031d4176df032cd0,3f504e0bc00e47e2d3674e97ef03bed09c060383c94ac723bd7c7c9e56fa4a85
historical,nickel,BMU,exp_powder,BMU|exp_powder,0.043469738323700796,0,0.0,1998-2002,2008-2012,334877b3c1176a94f9a4cb2897edaec6ac6ad88d3fd9b74ca8283d2108191639,9704b972d3c33904afcb818f87ccd461d988fd30910e9788031d4176df032cd0,3f504e0bc00e47e2d3674e97ef03bed09c060383c94ac723bd7c7c9e56fa4a85
historical,nickel,BMU,exp_tubes,BMU|exp_tubes,0.02430099981292977,0,0.0,1998-2002,2008-2012,334877b3c1176a94f9a4cb2897edaec6ac6ad88d3fd9b74ca8283d2108191639,9704b972d3c33904afcb818f87ccd461d988fd30910e9788031d4176df032cd0,3f504e0bc00e47e2d3674e97ef03bed09c060383c94ac723bd7c7c9e56fa4a85
historical,nickel,BRA,exp_nickel_salts,BRA|exp_nickel_salts,0.1332482638427419,0,0.0,1998-2002,2008-2012,334877b3c1176a94f9a4cb2897edaec6ac6ad88d3fd9b74ca8283d2108191639,9704b972d3c33904afcb818f87ccd461d988fd30910e9788031d4176df032cd0,3f504e0bc00e47e2d3674e97ef03bed09c060383c94ac723bd7c7c9e56fa4a85
historical,nickel,BRA,exp_powder,BRA|exp_powder,0.16447522299076162,0,0.0,1998-2002,2008-2012,334877b3c1176a94f9a4cb2897edaec6ac6ad88d3fd9b74ca8283d2108191639,9704b972d3c33904afcb818f87ccd461d988fd30910e9788031d4176df032cd0,3f504e0bc00e47e2d3674e97ef03bed09c060383c94ac723bd7c7c9e56fa4a85
historical,nickel,BRA,exp_tubes,BRA|exp_tubes,0.13749257246037028,1,405.469,1998-2002,2008-2012,334877b3c1176a94f9a4cb2897edaec6ac6ad88d3fd9b74ca8283d2108191639,9704b972d3c33904afcb818f87ccd461d988fd30910e9788031d4176df032cd0,3f504e0bc00e47e2d3674e97ef03bed09c060383c94ac723bd7c7c9e56fa4a85
historical,nickel,BWA,exp_bars_wire,BWA|exp_bars_wire,0.021340183150744155,0,0.0,1998-2002,2008-2012,334877b3c1176a94f9a4cb2897edaec6ac6ad88d3fd9b74ca8283d2108191639,9704b972d3c33904afcb818f87ccd461d988fd30910e9788031d4176df032cd0,3f504e0bc00e47e2d3674e97ef03bed09c060383c94ac723bd7c7c9e56fa4a85
historical,nickel,BWA,exp_nickel_salts,BWA|exp_nickel_salts,0.021400313770374508,1,3590.1384,1998-2002,2008-2012,334877b3c1176a94f9a4cb2897edaec6ac6ad88d3fd9b74ca8283d2108191639,9704b972d3c33904afcb818f87ccd461d988fd30910e9788031d4176df032cd0,3f504e0bc00e47e2d3674e97ef03bed09c060383c94ac723bd7c7c9e56fa4a85
historical,nickel,BWA,exp_other,BWA|exp_other,0.022642177163072163,0,0.0,1998-2002,2008-2012,334877b3c1176a94f9a4cb2897edaec6ac6ad88d3fd9b74ca8283d2108191639,9704b972d3c33904afcb818f87ccd461d988fd30910e9788031d4176df032cd0,3f504e0bc00e47e2d3674e97ef03bed09c060383c94ac723bd7c7c9e56fa4a85
historical,nickel,BWA,exp_plates_foil,BWA|exp_plates_foil,0.020302684582705403,0,0.0,1998-2002,2008-2012,334877b3c1176a94f9a4cb2897edaec6ac6ad88d3fd9b74ca8283d2108191639,9704b972d3c33904afcb818f87ccd461d988fd30910e9788031d4176df032cd0,3f504e0bc00e47e2d3674e97ef03bed09c060383c94ac723bd7c7c9e56fa4a85
historical,nickel,BWA,exp_powder,BWA|exp_powder,0.02312452269477361,0,0.0,1998-2002,2008-2012,334877b3c1176a94f9a4cb2897edaec6ac6ad88d3fd9b74ca8283d2108191639,9704b972d3c33904afcb818f87ccd461d988fd30910e9788031d4176df032cd0,3f504e0bc00e47e2d3674e97ef03bed09c060383c94ac723bd7c7c9e56fa4a85
historical,nickel,BWA,exp_tubes,BWA|exp_tubes,0.017490223350834846,0,0.0,1998-2002,2008-2012,334877b3c1176a94f9a4cb2897edaec6ac6ad88d3fd9b74ca8283d2108191639,9704b972d3c33904afcb818f87ccd461d988fd30910e9788031d4176df032cd0,3f504e0bc00e47e2d3674e97ef03bed09c060383c94ac723bd7c7c9e56fa4a85
historical,nickel,BWA,exp_unwrought,BWA|exp_unwrought,0.027845253882208765,0,0.0,1998-2002,2008-2012,334877b3c1176a94f9a4cb2897edaec6ac6ad88d3fd9b74ca8283d2108191639,9704b972d3c33904afcb818f87ccd461d988fd30910e9788031d4176df032cd0,3f504e0bc00e47e2d3674e97ef03bed09c060383c94ac723bd7c7c9e56fa4a85
historical,nickel,CAF,exp_bars_wire,CAF|exp_bars_wire,0.01849255495758068,0,0.0,1998-2002,2008-2012,334877b3c1176a94f9a4cb2897edaec6ac6ad88d3fd9b74ca8283d2108191639,9704b972d3c33904afcb818f87ccd461d988fd30910e9788031d4176df032cd0,3f504e0bc00e47e2d3674e97ef03bed09c060383c94ac723bd7c7c9e56fa4a85
historical,nickel,CAF,exp_nickel_salts,CAF|exp_nickel_salts,0.016598523317738055,0,0.0,1998-2002,2008-2012,334877b3c1176a94f9a4cb2897edaec6ac6ad88d3fd9b74ca8283d2108191639,9704b972d3c33904afcb818f87ccd461d988fd30910e9788031d4176df032cd0,3f504e0bc00e47e2d3674e97ef03bed09c060383c94ac723bd7c7c9e56fa4a85
historical,nickel,CAF,exp_other,CAF|exp_other,0.019645975397808036,0,0.0,1998-2002,2008-2012,334877b3c1176a94f9a4cb2897edaec6ac6ad88d3fd9b74ca8283d2108191639,9704b972d3c33904afcb818f87ccd461d988fd30910e9788031d4176df032cd0,3f504e0bc00e47e2d3674e97ef03bed09c060383c94ac723bd7c7c9e56fa4a85
historical,nickel,CAF,exp_plates_foil,CAF|exp_plates_foil,0.019987093803358977,0,0.0,1998-2002,2008-2012,334877b3c1176a94f9a4cb2897edaec6ac6ad88d3fd9b74ca8283d2108191639,9704b972d3c33904afcb818f87ccd461d988fd30910e9788031d4176df032cd0,3f504e0bc00e47e2d3674e97ef03bed09c060383c94ac723bd7c7c9e56fa4a85
historical,nickel,CAF,exp_powder,CAF|exp_powder,0.02370328647769492,0,0.0,1998-2002,2008-2012,334877b3c1176a94f9a4cb2897edaec6ac6ad88d3fd9b74ca8283d2108191639,9704b972d3c33904afcb818f87ccd461d988fd30910e9788031d4176df032cd0,3f504e0bc00e47e2d3674e97ef03bed09c060383c94ac723bd7c7c9e56fa4a85
historical,nickel,CAF,exp_tubes,CAF|exp_tubes,0.016003802684207768,0,0.0,1998-2002,2008-2012,334877b3c1176a94f9a4cb2897edaec6ac6ad88d3fd9b74ca8283d2108191639,9704b972d3c33904afcb818f87ccd461d988fd30910e9788031d4176df032cd0,3f504e0bc00e47e2d3674e97ef03bed09c060383c94ac723bd7c7c9e56fa4a85
historical,nickel,CHE,exp_nickel_salts,CHE|exp_nickel_salts,0.24368168030756998,1,430.92779999999993,1998-2002,2008-2012,334877b3c1176a94f9a4cb2897edaec6ac6ad88d3fd9b74ca8283d2108191639,9704b972d3c33904afcb818f87ccd461d988fd30910e9788031d4176df032cd0,3f504e0bc00e47e2d3674e97ef03bed09c060383c94ac723bd7c7c9e56fa4a85
historical,nickel,CHL,exp_bars_wire,CHL|exp_bars_wire,0.07489336416927947,0,0.0,1998-2002,2008-2012,334877b3c1176a94f9a4cb2897edaec6ac6ad88d3fd9b74ca8283d2108191639,9704b972d3c33904afcb818f87ccd461d988fd30910e9788031d4176df032cd0,3f504e0bc00e47e2d3674e97ef03bed09c060383c94ac723bd7c7c9e56fa4a85
historical,nickel,CHL,exp_ferronickel,CHL|exp_ferronickel,0.10186758245811604,1,192.4564,1998-2002,2008-2012,334877b3c1176a94f9a4cb2897edaec6ac6ad88d3fd9b74ca8283d2108191639,9704b972d3c33904afcb818f87ccd461d988fd30910e9788031d4176df032cd0,3f504e0bc00e47e2d3674e97ef03bed09c060383c94ac723bd7c7c9e56fa4a85
historical,nickel,CHL,exp_nickel_intermediate,CHL|exp_nickel_intermediate,0.09950938825163932,0,0.0,1998-2002,2008-2012,334877b3c1176a94f9a4cb2897edaec6ac6ad88d3fd9b74ca8283d2108191639,9704b972d3c33904afcb818f87ccd461d988fd30910e9788031d4176df032cd0,3f504e0bc00e47e2d3674e97ef03bed09c060383c94ac723bd7c7c9e56fa4a85
historical,nickel,CHL,exp_nickel_matte,CHL|exp_nickel_matte,0.12810566970666531,0,0.0,1998-2002,2008-2012,334877b3c1176a94f9a4cb2897edaec6ac6ad88d3fd9b74ca8283d2108191639,9704b972d3c33904afcb818f87ccd461d988fd30910e9788031d4176df032cd0,3f504e0bc00e47e2d3674e97ef03bed09c060383c94ac723bd7c7c9e56fa4a85
historical,nickel,CHL,exp_nickel_salts,CHL|exp_nickel_salts,0.06552809500062562,0,0.0,1998-2002,2008-2012,334877b3c1176a94f9a4cb2897edaec6ac6ad88d3fd9b74ca8283d2108191639,9704b972d3c33904afcb818f87ccd461d988fd30910e9788031d4176df032cd0,3f504e0bc00e47e2d3674e97ef03bed09c060383c94ac723bd7c7c9e56fa4a85
historical,nickel,CHL,exp_other,CHL|exp_other,0.07346030964098862,0,0.0,1998-2002,2008-2012,334877b3c1176a94f9a4cb2897edaec6ac6ad88d3fd9b74ca8283d2108191639,9704b972d3c33904afcb818f87ccd461d988fd30910e9788031d4176df032cd0,3f504e0bc00e47e2d3674e97ef03bed09c060383c94ac723bd7c7c9e56fa4a85
historical,nickel,CHL,exp_powder,CHL|exp_powder,0.09532594964985286,1,975.5628,1998-2002,2008-2012,334877b3c1176a94f9a4cb2897edaec6ac6ad88d3fd9b74ca8283d2108191639,9704b972d3c33904afcb818f87ccd461d988fd30910e9788031d4176df032cd0,3f504e0bc00e47e2d3674e97ef03bed09c060383c94ac723bd7c7c9e56fa4a85
historical,nickel,CHL,exp_tubes,CHL|exp_tubes,0.06510758849953063,0,0.0,1998-2002,2008-2012,334877b3c1176a94f9a4cb2897edaec6ac6ad88d3fd9b74ca8283d2108191639,9704b972d3c33904afcb818f87ccd461d988fd30910e9788031d4176df032cd0,3f504e0bc00e47e2d3674e97ef03bed09c060383c94ac723bd7c7c9e56fa4a85
historical,nickel,CHL,exp_unwrought,CHL|exp_unwrought,0.1025876454690647,1,206.0894,1998-2002,2008-2012,334877b3c1176a94f9a4cb2897edaec6ac6ad88d3fd9b74ca8283d2108191639,9704b972d3c33904afcb818f87ccd461d988fd30910e9788031d4176df032cd0,3f504e0bc00e47e2d3674e97ef03bed09c060383c94ac723bd7c7c9e56fa4a85
historical,nickel,COG,exp_bars_wire,COG|exp_bars_wire,0.008141469786676635,0,0.0,1998-2002,2008-2012,334877b3c1176a94f9a4cb2897edaec6ac6ad88d3fd9b74ca8283d2108191639,9704b972d3c33904afcb818f87ccd461d988fd30910e9788031d4176df032cd0,3f504e0bc00e47e2d3674e97ef03bed09c060383c94ac723bd7c7c9e56fa4a85
historical,nickel,COG,exp_ferronickel,COG|exp_ferronickel,0.010708993970594018,0,0.0,1998-2002,2008-2012,334877b3c1176a94f9a4cb2897edaec6ac6ad88d3fd9b74ca8283d2108191639,9704b972d3c33904afcb818f87ccd461d988fd30910e9788031d4176df032cd0,3f504e0bc00e47e2d3674e97ef03bed09c060383c94ac723bd7c7c9e56fa4a85
historical,nickel,COG,exp_nickel_intermediate,COG|exp_nickel_intermediate,0.011107358096174368,0,0.0,1998-2002,2008-2012,334877b3c1176a94f9a4cb2897edaec6ac6ad88d3fd9b74ca8283d2108191639,9704b972d3c33904afcb818f87ccd461d988fd30910e9788031d4176df032cd0,3f504e0bc00e47e2d3674e97ef03bed09c060383c94ac723bd7c7c9e56fa4a85
historical,nickel,COG,exp_nickel_matte,COG|exp_nickel_matte,0.020081081165520317,1,3855.445600000001,1998-2002,2008-2012,334877b3c1176a94f9a4cb2897edaec6ac6ad88d3fd9b74ca8283d2108191639,9704b972d3c33904afcb818f87ccd461d988fd30910e9788031d4176df032cd0,3f504e0bc00e47e2d3674e97ef03bed09c060383c94ac723bd7c7c9e56fa4a85
historical,nickel,COG,exp_nickel_salts,COG|exp_nickel_salts,0.0063672534759749815,0,0.0,1998-2002,2008-2012,334877b3c1176a94f9a4cb2897edaec6ac6ad88d3fd9b74ca8283d2108191639,9704b972d3c33904afcb818f87ccd461d988fd30910e9788031d4176df032cd0,3f504e0bc00e47e2d3674e97ef03bed09c060383c94ac723bd7c7c9e56fa4a85
historical,nickel,COG,exp_other,COG|exp_other,0.009139803773610853,0,0.0,1998-2002,2008-2012,334877b3c1176a94f9a4cb2897edaec6ac6ad88d3fd9b74ca8283d2108191639,9704b972d3c33904afcb818f87ccd461d988fd30910e9788031d4176df032cd0,3f504e0bc00e47e2d3674e97ef03bed09c060383c94ac723bd7c7c9e56fa4a85
historical,nickel,COG,exp_plates_foil,COG|exp_plates_foil,0.007935117485253988,0,0.0,1998-2002,2008-2012,334877b3c1176a94f9a4cb2897edaec6ac6ad88d3fd9b74ca8283d2108191639,9704b972d3c33904afcb818f87ccd461d988fd30910e9788031d4176df032cd0,3f504e0bc00e47e2d3674e97ef03bed09c060383c94ac723bd7c7c9e56fa4a85
historical,nickel,COG,exp_powder,COG|exp_powder,0.011856141495246742,0,0.0,1998-2002,2008-2012,334877b3c1176a94f9a4cb2897edaec6ac6ad88d3fd9b74ca8283d2108191639,9704b972d3c33904afcb818f87ccd461d988fd30910e9788031d4176df032cd0,3f504e0bc00e47e2d3674e97ef03bed09c060383c94ac723bd7c7c9e56fa4a85
historical,nickel,COG,exp_tubes,COG|exp_tubes,0.006015556490748599,0,0.0,1998-2002,2008-2012,334877b3c1176a94f9a4cb2897edaec6ac6ad88d3fd9b74ca8283d2108191639,9704b972d3c33904afcb818f87ccd461d988fd30910e9788031d4176df032cd0,3f504e0bc00e47e2d3674e97ef03bed09c060383c94ac723bd7c7c9e56fa4a85
historical,nickel,COG,exp_unwrought,COG|exp_unwrought,0.013203095289865152,0,0.0,1998-2002,2008-2012,334877b3c1176a94f9a4cb2897edaec6ac6ad88d3fd9b74ca8283d2108191639,9704b972d3c33904afcb818f87ccd461d988fd30910e9788031d4176df032cd0,3f504e0bc00e47e2d3674e97ef03bed09c060383c94ac723bd7c7c9e56fa4a85
historical,nickel,COL,exp_bars_wire,COL|exp_bars_wire,0.0882008382257878,0,0.0,1998-2002,2008-2012,334877b3c1176a94f9a4cb2897edaec6ac6ad88d3fd9b74ca8283d2108191639,9704b972d3c33904afcb818f87ccd461d988fd30910e9788031d4176df032cd0,3f504e0bc00e47e2d3674e97ef03bed09c060383c94ac723bd7c7c9e56fa4a85
historical,nickel,COL,exp_nickel_salts,COL|exp_nickel_salts,0.09045661769586988,0,0.0,1998-2002,2008-2012,334877b3c1176a94f9a4cb2897edaec6ac6ad88d3fd9b74ca8283d2108191639,9704b972d3c33904afcb818f87ccd461d988fd30910e9788031d4176df032cd0,3f504e0bc00e47e2d3674e97ef03bed09c060383c94ac723bd7c7c9e56fa4a85
historical,nickel,COL,exp_other,COL|exp_other,0.08553976150850141,0,0.0,1998-2002,2008-2012,334877b3c1176a94f9a4cb2897edaec6ac6ad88d3fd9b74ca8283d2108191639,9704b972d3c33904afcb818f87ccd461d988fd30910e9788031d4176df032cd0,3f504e0bc00e47e2d3674e97ef03bed09c060383c94ac723bd7c7c9e56fa4a85
historical,nickel,COL,exp_plates_foil,COL|exp_plates_foil,0.08057134163963948,0,0.0,1998-2002,2008-2012,334877b3c1176a94f9a4cb2897edaec6ac6ad88d3fd9b74ca8283d2108191639,9704b972d3c33904afcb818f87ccd461d988fd30910e9788031d4176df032cd0,3f504e0bc00e47e2d3674e97ef03bed09c060383c94ac723bd7c7c9e56fa4a85
historical,nickel,COL,exp_powder,COL|exp_powder,0.08743221510221183,0,0.0,1998-2002,2008-2012,334877b3c1176a94f9a4cb2897edaec6ac6ad88d3fd9b74ca8283d2108191639,9704b972d3c33904afcb818f87ccd461d988fd30910e9788031d4176df032cd0,3f504e0bc00e47e2d3674e97ef03bed09c060383c94ac723bd7c7c9e56fa4a85
historical,nickel,COL,exp_tubes,COL|exp_tubes,0.0783096696116235,0,0.0,1998-2002,2008-2012,334877b3c1176a94f9a4cb2897edaec6ac6ad88d3fd9b74ca8283d2108191639,9704b972d3c33904afcb818f87ccd461d988fd30910e9788031d4176df032cd0,3f504e0bc00e47e2d3674e97ef03bed09c060383c94ac723bd7c7c9e56fa4a85
historical,nickel,CUB,exp_bars_wire,CUB|exp_bars_wire,0.027433519609836532,0,0.0,1998-2002,2008-2012,334877b3c1176a94f9a4cb2897edaec6ac6ad88d3fd9b74ca8283d2108191639,9704b972d3c33904afcb818f87ccd461d988fd30910e9788031d4176df032cd0,3f504e0bc00e47e2d3674e97ef03bed09c060383c94ac723bd7c7c9e56fa4a85
historical,nickel,CUB,exp_nickel_salts,CUB|exp_nickel_salts,0.022597429133998762,0,0.0,1998-2002,2008-2012,334877b3c1176a94f9a4cb2897edaec6ac6ad88d3fd9b74ca8283d2108191639,9704b972d3c33904afcb818f87ccd461d988fd30910e9788031d4176df032cd0,3f504e0bc00e47e2d3674e97ef03bed09c060383c94ac723bd7c7c9e56fa4a85
historical,nickel,CUB,exp_other,CUB|exp_other,0.026953581328341112,0,0.0,1998-2002,2008-2012,334877b3c1176a94f9a4cb2897edaec6ac6ad88d3fd9b74ca8283d2108191639,9704b972d3c33904afcb818f87ccd461d988fd30910e9788031d4176df032cd0,3f504e0bc00e47e2d3674e97ef03bed09c060383c94ac723bd7c7c9e56fa4a85
historical,nickel,CUB,exp_plates_foil,CUB|exp_plates_foil,0.024799158693990752,0,0.0,1998-2002,2008-2012,334877b3c1176a94f9a4cb2897edaec6ac6ad88d3fd9b74ca8283d2108191639,9704b972d3c33904afcb818f87ccd461d988fd30910e9788031d4176df032cd0,3f504e0bc00e47e2d3674e97ef03bed09c060383c94ac723bd7c7c9e56fa4a85
historical,nickel,CUB,exp_tubes,CUB|exp_tubes,0.020793761552499332,0,0.0,1998-2002,2008-2012,334877b3c1176a94f9a4cb2897edaec6ac6ad88d3fd9b74ca8283d2108191639,9704b972d3c33904afcb818f87ccd461d988fd30910e9788031d4176df032cd0,3f504e0bc00e47e2d3674e97ef03bed09c060383c94ac723bd7c7c9e56fa4a85
historical,nickel,CZE,exp_nickel_salts,CZE|exp_nickel_salts,0.296658692031858,0,0.0,1998-2002,2008-2012,334877b3c1176a94f9a4cb2897edaec6ac6ad88d3fd9b74ca8283d2108191639,9704b972d3c33904afcb818f87ccd461d988fd30910e9788031d4176df032cd0,3f504e0bc00e47e2d3674e97ef03bed09c060383c94ac723bd7c7c9e56fa4a85
historical,nickel,CZE,exp_powder,CZE|exp_powder,0.3055843880202875,1,21915.3514,1998-2002,2008-2012,334877b3c1176a94f9a4cb2897edaec6ac6ad88d3fd9b74ca8283d2108191639,9704b972d3c33904afcb818f87ccd461d988fd30910e9788031d4176df032cd0,3f504e0bc00e47e2d3674e97ef03bed09c060383c94ac723bd7c7c9e56fa4a85
historical,nickel,CZE,exp_tubes,CZE|exp_tubes,0.2989796836813935,1,1526.5736000000002,1998-2002,2008-2012,334877b3c1176a94f9a4cb2897edaec6ac6ad88d3fd9b74ca8283d2108191639,9704b972d3c33904afcb818f87ccd461d988fd30910e9788031d4176df032cd0,3f504e0bc00e47e2d3674e97ef03bed09c060383c94ac723bd7c7c9e56fa4a85
historical,nickel,DMA,exp_bars_wire,DMA|exp_bars_wire,0.09931404926800273,0,0.0,1998-2002,2008-2012,334877b3c1176a94f9a4cb2897edaec6ac6ad88d3fd9b74ca8283d2108191639,9704b972d3c33904afcb818f87ccd461d988fd30910e9788031d4176df032cd0,3f504e0bc00e47e2d3674e97ef03bed09c060383c94ac723bd7c7c9e56fa4a85
historical,nickel,DMA,exp_nickel_salts,DMA|exp_nickel_salts,0.08327478820055997,0,0.0,1998-2002,2008-2012,334877b3c1176a94f9a4cb2897edaec6ac6ad88d3fd9b74ca8283d2108191639,9704b972d3c33904afcb818f87ccd461d988fd30910e9788031d4176df032cd0,3f504e0bc00e47e2d3674e97ef03bed09c060383c94ac723bd7c7c9e56fa4a85
historical,nickel,DMA,exp_other,DMA|exp_other,0.09575157961694689,0,0.0,1998-2002,2008-2012,334877b3c1176a94f9a4cb2897edaec6ac6ad88d3fd9b74ca8283d2108191639,9704b972d3c33904afcb818f87ccd461d988fd30910e9788031d4176df032cd0,3f504e0bc00e47e2d3674e97ef03bed09c060383c94ac723bd7c7c9e56fa4a85
historical,nickel,DMA,exp_plates_foil,DMA|exp_plates_foil,0.0894076533842666,0,0.0,1998-2002,2008-2012,334877b3c1176a94f9a4cb2897edaec6ac6ad88d3fd9b74ca8283d2108191639,9704b972d3c33904afcb818f87ccd461d988fd30910e9788031d4176df032cd0,3f504e0bc00e47e2d3674e97ef03bed09c060383c94ac723bd7c7c9e56fa4a85
historical,nickel,DMA,exp_powder,DMA|exp_powder,0.08804081050473309,0,0.0,1998-2002,2008-2012,334877b3c1176a94f9a4cb2897edaec6ac6ad88d3fd9b74ca8283d2108191639,9704b972d3c33904afcb818f87ccd461d988fd30910e9788031d4176df032cd0,3f504e0bc00e47e2d3674e97ef03bed09c060383c94ac723bd7c7c9e56fa4a85
historical,nickel,DMA,exp_tubes,DMA|exp_tubes,0.09034961853683345,0,0.0,1998-2002,2008-2012,334877b3c1176a94f9a4cb2897edaec6ac6ad88d3fd9b74ca8283d2108191639,9704b972d3c33904afcb818f87ccd461d988fd30910e9788031d4176df032cd0,3f504e0bc00e47e2d3674e97ef03bed09c060383c94ac723bd7c7c9e56fa4a85
historical,nickel,DOM,exp_bars_wire,DOM|exp_bars_wire,0.050462352290867436,0,0.0,1998-2002,2008-2012,334877b3c1176a94f9a4cb2897edaec6ac6ad88d3fd9b74ca8283d2108191639,9704b972d3c33904afcb818f87ccd461d988fd30910e9788031d4176df032cd0,3f504e0bc00e47e2d3674e97ef03bed09c060383c94ac723bd7c7c9e56fa4a85
historical,nickel,DOM,exp_nickel_salts,DOM|exp_nickel_salts,0.0598482196477794,0,0.0,1998-2002,2008-2012,334877b3c1176a94f9a4cb2897edaec6ac6ad88d3fd9b74ca8283d2108191639,9704b972d3c33904afcb818f87ccd461d988fd30910e9788031d4176df032cd0,3f504e0bc00e47e2d3674e97ef03bed09c060383c94ac723bd7c7c9e56fa4a85
historical,nickel,DOM,exp_other,DOM|exp_other,0.05135728064411926,0,0.0,1998-2002,2008-2012,334877b3c1176a94f9a4cb2897edaec6ac6ad88d3fd9b74ca8283d2108191639,9704b972d3c33904afcb818f87ccd461d988fd30910e9788031d4176df032cd0,3f504e0bc00e47e2d3674e97ef03bed09c060383c94ac723bd7c7c9e56fa4a85
historical,nickel,DOM,exp_plates_foil,DOM|exp_plates_foil,0.045750132426879586,0,0.0,1998-2002,2008-2012,334877b3c1176a94f9a4cb2897edaec6ac6ad88d3fd9b74ca8283d2108191639,9704b972d3c33904afcb818f87ccd461d988fd30910e9788031d4176df032cd0,3f504e0bc00e47e2d3674e97ef03bed09c060383c94ac723bd7c7c9e56fa4a85
historical,nickel,DOM,exp_powder,DOM|exp_powder,0.04166611640576925,0,0.0,1998-2002,2008-2012,334877b3c1176a94f9a4cb2897edaec6ac6ad88d3fd9b74ca8283d2108191639,9704b972d3c33904afcb818f87ccd461d988fd30910e9788031d4176df032cd0,3f504e0bc00e47e2d3674e97ef03bed09c060383c94ac723bd7c7c9e56fa4a85
historical,nickel,DOM,exp_tubes,DOM|exp_tubes,0.04411108723632943,0,0.0,1998-2002,2008-2012,334877b3c1176a94f9a4cb2897edaec6ac6ad88d3fd9b74ca8283d2108191639,9704b972d3c33904afcb818f87ccd461d988fd30910e9788031d4176df032cd0,3f504e0bc00e47e2d3674e97ef03bed09c060383c94ac723bd7c7c9e56fa4a85
historical,nickel,ESP,exp_nickel_intermediate,ESP|exp_nickel_intermediate,0.2889109969125026,0,0.0,1998-2002,2008-2012,334877b3c1176a94f9a4cb2897edaec6ac6ad88d3fd9b74ca8283d2108191639,9704b972d3c33904afcb818f87ccd461d988fd30910e9788031d4176df032cd0,3f504e0bc00e47e2d3674e97ef03bed09c060383c94ac723bd7c7c9e56fa4a85
historical,nickel,ESP,exp_nickel_matte,ESP|exp_nickel_matte,0.3326308496148816,0,0.0,1998-2002,2008-2012,334877b3c1176a94f9a4cb2897edaec6ac6ad88d3fd9b74ca8283d2108191639,9704b972d3c33904afcb818f87ccd461d988fd30910e9788031d4176df032cd0,3f504e0bc00e47e2d3674e97ef03bed09c060383c94ac723bd7c7c9e56fa4a85
historical,nickel,ESP,exp_nickel_salts,ESP|exp_nickel_salts,0.3161817989844792,1,410.8542000000001,1998-2002,2008-2012,334877b3c1176a94f9a4cb2897edaec6ac6ad88d3fd9b74ca8283d2108191639,9704b972d3c33904afcb818f87ccd461d988fd30910e9788031d4176df032cd0,3f504e0bc00e47e2d3674e97ef03bed09c060383c94ac723bd7c7c9e56fa4a85
historical,nickel,ESP,exp_powder,ESP|exp_powder,0.335140013533693,0,0.0,1998-2002,2008-2012,334877b3c1176a94f9a4cb2897edaec6ac6ad88d3fd9b74ca8283d2108191639,9704b972d3c33904afcb818f87ccd461d988fd30910e9788031d4176df032cd0,3f504e0bc00e47e2d3674e97ef03bed09c060383c94ac723bd7c7c9e56fa4a85
historical,nickel,EST,exp_bars_wire,EST|exp_bars_wire,0.14923451868430174,0,0.0,1998-2002,2008-2012,334877b3c1176a94f9a4cb2897edaec6ac6ad88d3fd9b74ca8283d2108191639,9704b972d3c33904afcb818f87ccd461d988fd30910e9788031d4176df032cd0,3f504e0bc00e47e2d3674e97ef03bed09c060383c94ac723bd7c7c9e56fa4a85
historical,nickel,EST,exp_nickel_salts,EST|exp_nickel_salts,0.14712379286952165,0,0.0,1998-2002,2008-2012,334877b3c1176a94f9a4cb2897edaec6ac6ad88d3fd9b74ca8283d2108191639,9704b972d3c33904afcb818f87ccd461d988fd30910e9788031d4176df032cd0,3f504e0bc00e47e2d3674e97ef03bed09c060383c94ac723bd7c7c9e56fa4a85
historical,nickel,EST,exp_other,EST|exp_other,0.14892840863584295,1,693.892,1998-2002,2008-2012,334877b3c1176a94f9a4cb2897edaec6ac6ad88d3fd9b74ca8283d2108191639,9704b972d3c33904afcb818f87ccd461d988fd30910e9788031d4176df032cd0,3f504e0bc00e47e2d3674e97ef03bed09c060383c94ac723bd7c7c9e56fa4a85
historical,nickel,EST,exp_tubes,EST|exp_tubes,0.12943828224151244,0,0.0,1998-2002,2008-2012,334877b3c1176a94f9a4cb2897edaec6ac6ad88d3fd9b74ca8283d2108191639,9704b972d3c33904afcb818f87ccd461d988fd30910e9788031d4176df032cd0,3f504e0bc00e47e2d3674e97ef03bed09c060383c94ac723bd7c7c9e56fa4a85
historical,nickel,FIN,exp_ferronickel,FIN|exp_ferronickel,0.16340542024031515,1,1950.6306,1998-2002,2008-2012,334877b3c1176a94f9a4cb2897edaec6ac6ad88d3fd9b74ca8283d2108191639,9704b972d3c33904afcb818f87ccd461d988fd30910e9788031d4176df032cd0,3f504e0bc00e47e2d3674e97ef03bed09c060383c94ac723bd7c7c9e56fa4a85
historical,nickel,FIN,exp_nickel_intermediate,FIN|exp_nickel_intermediate,0.1697399190413835,1,167.0718,1998-2002,2008-2012,334877b3c1176a94f9a4cb2897edaec6ac6ad88d3fd9b74ca8283d2108191639,9704b972d3c33904afcb818f87ccd461d988fd30910e9788031d4176df032cd0,3f504e0bc00e47e2d3674e97ef03bed09c060383c94ac723bd7c7c9e56fa4a85
historical,nickel,GEO,exp_bars_wire,GEO|exp_bars_wire,0.10615848779762221,0,0.0,1998-2002,2008-2012,334877b3c1176a94f9a4cb2897edaec6ac6ad88d3fd9b74ca8283d2108191639,9704b972d3c33904afcb818f87ccd461d988fd30910e9788031d4176df032cd0,3f504e0bc00e47e2d3674e97ef03bed09c060383c94ac723bd7c7c9e56fa4a85
historical,nickel,GEO,exp_nickel_salts,GEO|exp_nickel_salts,0.07863000600718564,0,0.0,1998-2002,2008-2012,334877b3c1176a94f9a4cb2897edaec6ac6ad88d3fd9b74ca8283d2108191639,9704b972d3c33904afcb818f87ccd461d988fd30910e9788031d4176df032cd0,3f504e0bc00e47e2d3674e97ef03bed09c060383c94ac723bd7c7c9e56fa4a85
historical,nickel,GEO,exp_other,GEO|exp_other,0.09480420720890541,0,0.0,1998-2002,2008-2012,334877b3c1176a94f9a4cb2897edaec6ac6ad88d3fd9b74ca8283d2108191639,9704b972d3c33904afcb818f87ccd461d988fd30910e9788031d4176df032cd0,3f504e0bc00e47e2d3674e97ef03bed09c060383c94ac723bd7c7c9e56fa4a85
historical,nickel,GEO,exp_plates_foil,GEO|exp_plates_foil,0.09670986859262944,0,0.0,1998-2002,2008-2012,334877b3c1176a94f9a4cb2897edaec6ac6ad88d3fd9b74ca8283d2108191639,9704b972d3c33904afcb818f87ccd461d988fd30910e9788031d4176df032cd0,3f504e0bc00e47e2d3674e97ef03bed09c060383c94ac723bd7c7c9e56fa4a85
historical,nickel,GEO,exp_powder,GEO|exp_powder,0.14821148719159577,0,0.0,1998-2002,2008-2012,334877b3c1176a94f9a4cb2897edaec6ac6ad88d3fd9b74ca8283d2108191639,9704b972d3c33904afcb818f87ccd461d988fd30910e9788031d4176df032cd0,3f504e0bc00e47e2d3674e97ef03bed09c060383c94ac723bd7c7c9e56fa4a85
historical,nickel,GEO,exp_tubes,GEO|exp_tubes,0.09231108786080294,0,0.0,1998-2002,2008-2012,334877b3c1176a94f9a4cb2897edaec6ac6ad88d3fd9b74ca8283d2108191639,9704b972d3c33904afcb818f87ccd461d988fd30910e9788031d4176df032cd0,3f504e0bc00e47e2d3674e97ef03bed09c060383c94ac723bd7c7c9e56fa4a85
historical,nickel,GEO,exp_unwrought,GEO|exp_unwrought,0.11471855043013535,0,0.0,1998-2002,2008-2012,334877b3c1176a94f9a4cb2897edaec6ac6ad88d3fd9b74ca8283d2108191639,9704b972d3c33904afcb818f87ccd461d988fd30910e9788031d4176df032cd0,3f504e0bc00e47e2d3674e97ef03bed09c060383c94ac723bd7c7c9e56fa4a85
historical,nickel,GRC,exp_nickel_salts,GRC|exp_nickel_salts,0.16057940872101067,0,0.0,1998-2002,2008-2012,334877b3c1176a94f9a4cb2897edaec6ac6ad88d3fd9b74ca8283d2108191639,9704b972d3c33904afcb818f87ccd461d988fd30910e9788031d4176df032cd0,3f504e0bc00e47e2d3674e97ef03bed09c060383c94ac723bd7c7c9e56fa4a85
historical,nickel,GRC,exp_other,GRC|exp_other,0.16081967550540133,0,0.0,1998-2002,2008-2012,334877b3c1176a94f9a4cb2897edaec6ac6ad88d3fd9b74ca8283d2108191639,9704b972d3c33904afcb818f87ccd461d988fd30910e9788031d4176df032cd0,3f504e0bc00e47e2d3674e97ef03bed09c060383c94ac723bd7c7c9e56fa4a85
historical,nickel,GRC,exp_powder,GRC|exp_powder,0.17035582576885816,0,0.0,1998-2002,2008-2012,334877b3c1176a94f9a4cb2897edaec6ac6ad88d3fd9b74ca8283d2108191639,9704b972d3c33904afcb818f87ccd461d988fd30910e9788031d4176df032cd0,3f504e0bc00e47e2d3674e97ef03bed09c060383c94ac723bd7c7c9e56fa4a85
historical,nickel,GRC,exp_tubes,GRC|exp_tubes,0.15201056780868688,1,494.9128,1998-2002,2008-2012,334877b3c1176a94f9a4cb2897edaec6ac6ad88d3fd9b74ca8283d2108191639,9704b972d3c33904afcb818f87ccd461d988fd30910e9788031d4176df032cd0,3f504e0bc00e47e2d3674e97ef03bed09c060383c94ac723bd7c7c9e56fa4a85
historical,nickel,HKG,exp_tubes,HKG|exp_tubes,0.2175883264495247,1,1039.1194,1998-2002,2008-2012,334877b3c1176a94f9a4cb2897edaec6ac6ad88d3fd9b74ca8283d2108191639,9704b972d3c33904afcb818f87ccd461d988fd30910e9788031d4176df032cd0,3f504e0bc00e47e2d3674e97ef03bed09c060383c94ac723bd7c7c9e56fa4a85
historical,nickel,HUN,exp_tubes,HUN|exp_tubes,0.18266829114922822,0,0.0,1998-2002,2008-2012,334877b3c1176a94f9a4cb2897edaec6ac6ad88d3fd9b74ca8283d2108191639,9704b972d3c33904afcb818f87ccd461d988fd30910e9788031d4176df032cd0,3f504e0bc00e47e2d3674e97ef03bed09c060383c94ac723bd7c7c9e56fa4a85
historical,nickel,IDN,exp_nickel_intermediate,IDN|exp_nickel_intermediate,0.1547138580588276,1,555960.7608,1998-2002,2008-2012,334877b3c1176a94f9a4cb2897edaec6ac6ad88d3fd9b74ca8283d2108191639,9704b972d3c33904afcb818f87ccd461d988fd30910e9788031d4176df032cd0,3f504e0bc00e47e2d3674e97ef03bed09c060383c94ac723bd7c7c9e56fa4a85
historical,nickel,IDN,exp_nickel_salts,IDN|exp_nickel_salts,0.21825708760903856,0,0.0,1998-2002,2008-2012,334877b3c1176a94f9a4cb2897edaec6ac6ad88d3fd9b74ca8283d2108191639,9704b972d3c33904afcb818f87ccd461d988fd30910e9788031d4176df032cd0,3f504e0bc00e47e2d3674e97ef03bed09c060383c94ac723bd7c7c9e56fa4a85
historical,nickel,IDN,exp_plates_foil,IDN|exp_plates_foil,0.15103957748559296,1,10393.5488,1998-2002,2008-2012,334877b3c1176a94f9a4cb2897edaec6ac6ad88d3fd9b74ca8283d2108191639,9704b972d3c33904afcb818f87ccd461d988fd30910e9788031d4176df032cd0,3f504e0bc00e47e2d3674e97ef03bed09c060383c94ac723bd7c7c9e56fa4a85
historical,nickel,IDN,exp_powder,IDN|exp_powder,0.14378072251855575,0,0.0,1998-2002,2008-2012,334877b3c1176a94f9a4cb2897edaec6ac6ad88d3fd9b74ca8283d2108191639,9704b972d3c33904afcb818f87ccd461d988fd30910e9788031d4176df032cd0,3f504e0bc00e47e2d3674e97ef03bed09c060383c94ac723bd7c7c9e56fa4a85
historical,nickel,IND,exp_nickel_salts,IND|exp_nickel_salts,0.3142059437092843,0,0.0,1998-2002,2008-2012,334877b3c1176a94f9a4cb2897edaec6ac6ad88d3fd9b74ca8283d2108191639,9704b972d3c33904afcb818f87ccd461d988fd30910e9788031d4176df032cd0,3f504e0bc00e47e2d3674e97ef03bed09c060383c94ac723bd7c7c9e56fa4a85
historical,nickel,IND,exp_powder,IND|exp_powder,0.2524168606073899,1,285.4036,1998-2002,2008-2012,334877b3c1176a94f9a4cb2897edaec6ac6ad88d3fd9b74ca8283d2108191639,9704b972d3c33904afcb818f87ccd461d988fd30910e9788031d4176df032cd0,3f504e0bc00e47e2d3674e97ef03bed09c060383c94ac723bd7c7c9e56fa4a85
historical,nickel,IRL,exp_plates_foil,IRL|exp_plates_foil,0.10130358385208964,0,0.0,1998-2002,2008-2012,334877b3c1176a94f9a4cb2897edaec6ac6ad88d3fd9b74ca8283d2108191639,9704b972d3c33904afcb818f87ccd461d988fd30910e9788031d4176df032cd0,3f504e0bc00e47e2d3674e97ef03bed09c060383c94ac723bd7c7c9e56fa4a85
historical,nickel,IRN,exp_bars_wire,IRN|exp_bars_wire,0.05129570917546696,0,0.0,1998-2002,2008-2012,334877b3c1176a94f9a4cb2897edaec6ac6ad88d3fd9b74ca8283d2108191639,9704b972d3c33904afcb818f87ccd461d988fd30910e9788031d4176df032cd0,3f504e0bc00e47e2d3674e97ef03bed09c060383c94ac723bd7c7c9e56fa4a85
historical,nickel,IRN,exp_nickel_salts,IRN|exp_nickel_salts,0.04944919099398243,0,0.0,1998-2002,2008-2012,334877b3c1176a94f9a4cb2897edaec6ac6ad88d3fd9b74ca8283d2108191639,9704b972d3c33904afcb818f87ccd461d988fd30910e9788031d4176df032cd0,3f504e0bc00e47e2d3674e97ef03bed09c060383c94ac723bd7c7c9e56fa4a85
historical,nickel,IRN,exp_other,IRN|exp_other,0.048740887100625054,0,0.0,1998-2002,2008-2012,334877b3c1176a94f9a4cb2897edaec6ac6ad88d3fd9b74ca8283d2108191639,9704b972d3c33904afcb818f87ccd461d988fd30910e9788031d4176df032cd0,3f504e0bc00e47e2d3674e97ef03bed09c060383c94ac723bd7c7c9e56fa4a85
historical,nickel,IRN,exp_plates_foil,IRN|exp_plates_foil,0.04776087110852086,1,1454.0984,1998-2002,2008-2012,334877b3c1176a94f9a4cb2897edaec6ac6ad88d3fd9b74ca8283d2108191639,9704b972d3c33904afcb818f87ccd461d988fd30910e9788031d4176df032cd0,3f504e0bc00e47e2d3674e97ef03bed09c060383c94ac723bd7c7c9e56fa4a85
historical,nickel,IRN,exp_powder,IRN|exp_powder,0.058173907871335404,0,0.0,1998-2002,2008-2012,334877b3c1176a94f9a4cb2897edaec6ac6ad88d3fd9b74ca8283d2108191639,9704b972d3c33904afcb818f87ccd461d988fd30910e9788031d4176df032cd0,3f504e0bc00e47e2d3674e97ef03bed09c060383c94ac723bd7c7c9e56fa4a85
historical,nickel,IRN,exp_tubes,IRN|exp_tubes,0.043551963329434326,0,0.0,1998-2002,2008-2012,334877b3c1176a94f9a4cb2897edaec6ac6ad88d3fd9b74ca8283d2108191639,9704b972d3c33904afcb818f87ccd461d988fd30910e9788031d4176df032cd0,3f504e0bc00e47e2d3674e97ef03bed09c060383c94ac723bd7c7c9e56fa4a85
historical,nickel,JAM,exp_bars_wire,JAM|exp_bars_wire,0.03304279674726849,0,0.0,1998-2002,2008-2012,334877b3c1176a94f9a4cb2897edaec6ac6ad88d3fd9b74ca8283d2108191639,9704b972d3c33904afcb818f87ccd461d988fd30910e9788031d4176df032cd0,3f504e0bc00e47e2d3674e97ef03bed09c060383c94ac723bd7c7c9e56fa4a85
historical,nickel,JAM,exp_nickel_salts,JAM|exp_nickel_salts,0.031036128028466774,0,0.0,1998-2002,2008-2012,334877b3c1176a94f9a4cb2897edaec6ac6ad88d3fd9b74ca8283d2108191639,9704b972d3c33904afcb818f87ccd461d988fd30910e9788031d4176df032cd0,3f504e0bc00e47e2d3674e97ef03bed09c060383c94ac723bd7c7c9e56fa4a85
historical,nickel,JAM,exp_other,JAM|exp_other,0.031206961858162928,0,0.0,1998-2002,2008-2012,334877b3c1176a94f9a4cb2897edaec6ac6ad88d3fd9b74ca8283d2108191639,9704b972d3c33904afcb818f87ccd461d988fd30910e9788031d4176df032cd0,3f504e0bc00e47e2d3674e97ef03bed09c060383c94ac723bd7c7c9e56fa4a85
historical,nickel,JAM,exp_plates_foil,JAM|exp_plates_foil,0.028284878140111686,0,0.0,1998-2002,2008-2012,334877b3c1176a94f9a4cb2897edaec6ac6ad88d3fd9b74ca8283d2108191639,9704b972d3c33904afcb818f87ccd461d988fd30910e9788031d4176df032cd0,3f504e0bc00e47e2d3674e97ef03bed09c060383c94ac723bd7c7c9e56fa4a85
historical,nickel,JAM,exp_powder,JAM|exp_powder,0.03293206296914405,0,0.0,1998-2002,2008-2012,334877b3c1176a94f9a4cb2897edaec6ac6ad88d3fd9b74ca8283d2108191639,9704b972d3c33904afcb818f87ccd461d988fd30910e9788031d4176df032cd0,3f504e0bc00e47e2d3674e97ef03bed09c060383c94ac723bd7c7c9e56fa4a85
historical,nickel,JAM,exp_tubes,JAM|exp_tubes,0.02638902397714556,0,0.0,1998-2002,2008-2012,334877b3c1176a94f9a4cb2897edaec6ac6ad88d3fd9b74ca8283d2108191639,9704b972d3c33904afcb818f87ccd461d988fd30910e9788031d4176df032cd0,3f504e0bc00e47e2d3674e97ef03bed09c060383c94ac723bd7c7c9e56fa4a85
historical,nickel,JAM,exp_unwrought,JAM|exp_unwrought,0.039673719982840604,0,0.0,1998-2002,2008-2012,334877b3c1176a94f9a4cb2897edaec6ac6ad88d3fd9b74ca8283d2108191639,9704b972d3c33904afcb818f87ccd461d988fd30910e9788031d4176df032cd0,3f504e0bc00e47e2d3674e97ef03bed09c060383c94ac723bd7c7c9e56fa4a85
historical,nickel,KAZ,exp_bars_wire,KAZ|exp_bars_wire,0.047958626886170676,0,0.0,1998-2002,2008-2012,334877b3c1176a94f9a4cb2897edaec6ac6ad88d3fd9b74ca8283d2108191639,9704b972d3c33904afcb818f87ccd461d988fd30910e9788031d4176df032cd0,3f504e0bc00e47e2d3674e97ef03bed09c060383c94ac723bd7c7c9e56fa4a85
historical,nickel,KAZ,exp_nickel_salts,KAZ|exp_nickel_salts,0.04119171350586723,0,0.0,1998-2002,2008-2012,334877b3c1176a94f9a4cb2897edaec6ac6ad88d3fd9b74ca8283d2108191639,9704b972d3c33904afcb818f87ccd461d988fd30910e9788031d4176df032cd0,3f504e0bc00e47e2d3674e97ef03bed09c060383c94ac723bd7c7c9e56fa4a85
historical,nickel,KAZ,exp_other,KAZ|exp_other,0.04539515571544451,0,0.0,1998-2002,2008-2012,334877b3c1176a94f9a4cb2897edaec6ac6ad88d3fd9b74ca8283d2108191639,9704b972d3c33904afcb818f87ccd461d988fd30910e9788031d4176df032cd0,3f504e0bc00e47e2d3674e97ef03bed09c060383c94ac723bd7c7c9e56fa4a85
historical,nickel,KAZ,exp_powder,KAZ|exp_powder,0.06998331339752022,0,0.0,1998-2002,2008-2012,334877b3c1176a94f9a4cb2897edaec6ac6ad88d3fd9b74ca8283d2108191639,9704b972d3c33904afcb818f87ccd461d988fd30910e9788031d4176df032cd0,3f504e0bc00e47e2d3674e97ef03bed09c060383c94ac723bd7c7c9e56fa4a85
historical,nickel,KAZ,exp_tubes,KAZ|exp_tubes,0.03861157533716508,1,503.1148,1998-2002,2008-2012,334877b3c1176a94f9a4cb2897edaec6ac6ad88d3fd9b74ca8283d2108191639,9704b972d3c33904afcb818f87ccd461d988fd30910e9788031d4176df032cd0,3f504e0bc00e47e2d3674e97ef03bed09c060383c94ac723bd7c7c9e56fa4a85
historical,nickel,KOR,exp_powder,KOR|exp_powder,0.16581793868429479,1,2105.5666,1998-2002,2008-2012,334877b3c1176a94f9a4cb2897edaec6ac6ad88d3fd9b74ca8283d2108191639,9704b972d3c33904afcb818f87ccd461d988fd30910e9788031d4176df032cd0,3f504e0bc00e47e2d3674e97ef03bed09c060383c94ac723bd7c7c9e56fa4a85
historical,nickel,LUX,exp_bars_wire,LUX|exp_bars_wire,0.13021465066377758,0,0.0,1998-2002,2008-2012,334877b3c1176a94f9a4cb2897edaec6ac6ad88d3fd9b74ca8283d2108191639,9704b972d3c33904afcb818f87ccd461d988fd30910e9788031d4176df032cd0,3f504e0bc00e47e2d3674e97ef03bed09c060383c94ac723bd7c7c9e56fa4a85
historical,nickel,LUX,exp_nickel_salts,LUX|exp_nickel_salts,0.11038453797983917,0,0.0,1998-2002,2008-2012,334877b3c1176a94f9a4cb2897edaec6ac6ad88d3fd9b74ca8283d2108191639,9704b972d3c33904afcb818f87ccd461d988fd30910e9788031d4176df032cd0,3f504e0bc00e47e2d3674e97ef03bed09c060383c94ac723bd7c7c9e56fa4a85
historical,nickel,LUX,exp_plates_foil,LUX|exp_plates_foil,0.12364363883723072,0,0.0,1998-2002,2008-2012,334877b3c1176a94f9a4cb2897edaec6ac6ad88d3fd9b74ca8283d2108191639,9704b972d3c33904afcb818f87ccd461d988fd30910e9788031d4176df032cd0,3f504e0bc00e47e2d3674e97ef03bed09c060383c94ac723bd7c7c9e56fa4a85
historical,nickel,LUX,exp_tubes,LUX|exp_tubes,0.12037756143763459,0,0.0,1998-2002,2008-2012,334877b3c1176a94f9a4cb2897edaec6ac6ad88d3fd9b74ca8283d2108191639,9704b972d3c33904afcb818f87ccd461d988fd30910e9788031d4176df032cd0,3f504e0bc00e47e2d3674e97ef03bed09c060383c94ac723bd7c7c9e56fa4a85
historical,nickel,LVA,exp_bars_wire,LVA|exp_bars_wire,0.12344425900209534,0,0.0,1998-2002,2008-2012,334877b3c1176a94f9a4cb2897edaec6ac6ad88d3fd9b74ca8283d2108191639,9704b972d3c33904afcb818f87ccd461d988fd30910e9788031d4176df032cd0,3f504e0bc00e47e2d3674e97ef03bed09c060383c94ac723bd7c7c9e56fa4a85
historical,nickel,LVA,exp_nickel_salts,LVA|exp_nickel_salts,0.11975089447840764,0,0.0,1998-2002,2008-2012,334877b3c1176a94f9a4cb2897edaec6ac6ad88d3fd9b74ca8283d2108191639,9704b972d3c33904afcb818f87ccd461d988fd30910e9788031d4176df032cd0,3f504e0bc00e47e2d3674e97ef03bed09c060383c94ac723bd7c7c9e56fa4a85
historical,nickel,LVA,exp_other,LVA|exp_other,0.12087978932800997,0,0.0,1998-2002,2008-2012,334877b3c1176a94f9a4cb2897edaec6ac6ad88d3fd9b74ca8283d2108191639,9704b972d3c33904afcb818f87ccd461d988fd30910e9788031d4176df032cd0,3f504e0bc00e47e2d3674e97ef03bed09c060383c94ac723bd7c7c9e56fa4a85
historical,nickel,LVA,exp_plates_foil,LVA|exp_plates_foil,0.12469572234067193,0,0.0,1998-2002,2008-2012,334877b3c1176a94f9a4cb2897edaec6ac6ad88d3fd9b74ca8283d2108191639,9704b972d3c33904afcb818f87ccd461d988fd30910e9788031d4176df032cd0,3f504e0bc00e47e2d3674e97ef03bed09c060383c94ac723bd7c7c9e56fa4a85
historical,nickel,LVA,exp_powder,LVA|exp_powder,0.1400215022352098,0,0.0,1998-2002,2008-2012,334877b3c1176a94f9a4cb2897edaec6ac6ad88d3fd9b74ca8283d2108191639,9704b972d3c33904afcb818f87ccd461d988fd30910e9788031d4176df032cd0,3f504e0bc00e47e2d3674e97ef03bed09c060383c94ac723bd7c7c9e56fa4a85
historical,nickel,LVA,exp_tubes,LVA|exp_tubes,0.10722595676362778,0,0.0,1998-2002,2008-2012,334877b3c1176a94f9a4cb2897edaec6ac6ad88d3fd9b74ca8283d2108191639,9704b972d3c33904afcb818f87ccd461d988fd30910e9788031d4176df032cd0,3f504e0bc00e47e2d3674e97ef03bed09c060383c94ac723bd7c7c9e56fa4a85
historical,nickel,LVA,exp_unwrought,LVA|exp_unwrought,0.14387372613739993,1,1003.7926,1998-2002,2008-2012,334877b3c1176a94f9a4cb2897edaec6ac6ad88d3fd9b74ca8283d2108191639,9704b972d3c33904afcb818f87ccd461d988fd30910e9788031d4176df032cd0,3f504e0bc00e47e2d3674e97ef03bed09c060383c94ac723bd7c7c9e56fa4a85
historical,nickel,MAR,exp_bars_wire,MAR|exp_bars_wire,0.07419828051068723,0,0.0,1998-2002,2008-2012,334877b3c1176a94f9a4cb2897edaec6ac6ad88d3fd9b74ca8283d2108191639,9704b972d3c33904afcb818f87ccd461d988fd30910e9788031d4176df032cd0,3f504e0bc00e47e2d3674e97ef03bed09c060383c94ac723bd7c7c9e56fa4a85
historical,nickel,MAR,exp_ferronickel,MAR|exp_ferronickel,0.1286868494463587,0,0.0,1998-2002,2008-2012,334877b3c1176a94f9a4cb2897edaec6ac6ad88d3fd9b74ca8283d2108191639,9704b972d3c33904afcb818f87ccd461d988fd30910e9788031d4176df032cd0,3f504e0bc00e47e2d3674e97ef03bed09c060383c94ac723bd7c7c9e56fa4a85
historical,nickel,MAR,exp_nickel_matte,MAR|exp_nickel_matte,0.1049586790092315,0,0.0,1998-2002,2008-2012,334877b3c1176a94f9a4cb2897edaec6ac6ad88d3fd9b74ca8283d2108191639,9704b972d3c33904afcb818f87ccd461d988fd30910e9788031d4176df032cd0,3f504e0bc00e47e2d3674e97ef03bed09c060383c94ac723bd7c7c9e56fa4a85
historical,nickel,MAR,exp_nickel_salts,MAR|exp_nickel_salts,0.09447587291397236,0,0.0,1998-2002,2008-2012,334877b3c1176a94f9a4cb2897edaec6ac6ad88d3fd9b74ca8283d2108191639,9704b972d3c33904afcb818f87ccd461d988fd30910e9788031d4176df032cd0,3f504e0bc00e47e2d3674e97ef03bed09c060383c94ac723bd7c7c9e56fa4a85
historical,nickel,MAR,exp_other,MAR|exp_other,0.07171639201323707,0,0.0,1998-2002,2008-2012,334877b3c1176a94f9a4cb2897edaec6ac6ad88d3fd9b74ca8283d2108191639,9704b972d3c33904afcb818f87ccd461d988fd30910e9788031d4176df032cd0,3f504e0bc00e47e2d3674e97ef03bed09c060383c94ac723bd7c7c9e56fa4a85
historical,nickel,MAR,exp_plates_foil,MAR|exp_plates_foil,0.06641655526179512,0,0.0,1998-2002,2008-2012,334877b3c1176a94f9a4cb2897edaec6ac6ad88d3fd9b74ca8283d2108191639,9704b972d3c33904afcb818f87ccd461d988fd30910e9788031d4176df032cd0,3f504e0bc00e47e2d3674e97ef03bed09c060383c94ac723bd7c7c9e56fa4a85
historical,nickel,MAR,exp_powder,MAR|exp_powder,0.06224402416292929,0,0.0,1998-2002,2008-2012,334877b3c1176a94f9a4cb2897edaec6ac6ad88d3fd9b74ca8283d2108191639,9704b972d3c33904afcb818f87ccd461d988fd30910e9788031d4176df032cd0,3f504e0bc00e47e2d3674e97ef03bed09c060383c94ac723bd7c7c9e56fa4a85
historical,nickel,MAR,exp_tubes,MAR|exp_tubes,0.06707876052978665,1,125.75880000000002,1998-2002,2008-2012,334877b3c1176a94f9a4cb2897edaec6ac6ad88d3fd9b74ca8283d2108191639,9704b972d3c33904afcb818f87ccd461d988fd30910e9788031d4176df032cd0,3f504e0bc00e47e2d3674e97ef03bed09c060383c94ac723bd7c7c9e56fa4a85
historical,nickel,MAR,exp_unwrought,MAR|exp_unwrought,0.08962950453445102,0,0.0,1998-2002,2008-2012,334877b3c1176a94f9a4cb2897edaec6ac6ad88d3fd9b74ca8283d2108191639,9704b972d3c33904afcb818f87ccd461d988fd30910e9788031d4176df032cd0,3f504e0bc00e47e2d3674e97ef03bed09c060383c94ac723bd7c7c9e56fa4a85
historical,nickel,MEX,exp_powder,MEX|exp_powder,0.13656953782395076,0,0.0,1998-2002,2008-2012,334877b3c1176a94f9a4cb2897edaec6ac6ad88d3fd9b74ca8283d2108191639,9704b972d3c33904afcb818f87ccd461d988fd30910e9788031d4176df032cd0,3f504e0bc00e47e2d3674e97ef03bed09c060383c94ac723bd7c7c9e56fa4a85
historical,nickel,MEX,exp_unwrought,MEX|exp_unwrought,0.14704981256236427,1,350.4162,1998-2002,2008-2012,334877b3c1176a94f9a4cb2897edaec6ac6ad88d3fd9b74ca8283d2108191639,9704b972d3c33904afcb818f87ccd461d988fd30910e9788031d4176df032cd0,3f504e0bc00e47e2d3674e97ef03bed09c060383c94ac723bd7c7c9e56fa4a85
historical,nickel,MKD,exp_bars_wire,MKD|exp_bars_wire,0.1122471640122078,0,0.0,1998-2002,2008-2012,334877b3c1176a94f9a4cb2897edaec6ac6ad88d3fd9b74ca8283d2108191639,9704b972d3c33904afcb818f87ccd461d988fd30910e9788031d4176df032cd0,3f504e0bc00e47e2d3674e97ef03bed09c060383c94ac723bd7c7c9e56fa4a85
historical,nickel,MKD,exp_nickel_salts,MKD|exp_nickel_salts,0.1352852593467668,0,0.0,1998-2002,2008-2012,334877b3c1176a94f9a4cb2897edaec6ac6ad88d3fd9b74ca8283d2108191639,9704b972d3c33904afcb818f87ccd461d988fd30910e9788031d4176df032cd0,3f504e0bc00e47e2d3674e97ef03bed09c060383c94ac723bd7c7c9e56fa4a85
historical,nickel,MKD,exp_other,MKD|exp_other,0.10007330861486465,0,0.0,1998-2002,2008-2012,334877b3c1176a94f9a4cb2897edaec6ac6ad88d3fd9b74ca8283d2108191639,9704b972d3c33904afcb818f87ccd461d988fd30910e9788031d4176df032cd0,3f504e0bc00e47e2d3674e97ef03bed09c060383c94ac723bd7c7c9e56fa4a85
historical,nickel,MKD,exp_plates_foil,MKD|exp_plates_foil,0.10206223319798087,0,0.0,1998-2002,2008-2012,334877b3c1176a94f9a4cb2897edaec6ac6ad88d3fd9b74ca8283d2108191639,9704b972d3c33904afcb818f87ccd461d988fd30910e9788031d4176df032cd0,3f504e0bc00e47e2d3674e97ef03bed09c060383c94ac723bd7c7c9e56fa4a85
historical,nickel,MKD,exp_powder,MKD|exp_powder,0.11390093304924317,0,0.0,1998-2002,2008-2012,334877b3c1176a94f9a4cb2897edaec6ac6ad88d3fd9b74ca8283d2108191639,9704b972d3c33904afcb818f87ccd461d988fd30910e9788031d4176df032cd0,3f504e0bc00e47e2d3674e97ef03bed09c060383c94ac723bd7c7c9e56fa4a85
historical,nickel,MKD,exp_tubes,MKD|exp_tubes,0.0940732547835803,0,0.0,1998-2002,2008-2012,334877b3c1176a94f9a4cb2897edaec6ac6ad88d3fd9b74ca8283d2108191639,9704b972d3c33904afcb818f87ccd461d988fd30910e9788031d4176df032cd0,3f504e0bc00e47e2d3674e97ef03bed09c060383c94ac723bd7c7c9e56fa4a85
historical,nickel,MKD,exp_unwrought,MKD|exp_unwrought,0.1319658243170312,0,0.0,1998-2002,2008-2012,334877b3c1176a94f9a4cb2897edaec6ac6ad88d3fd9b74ca8283d2108191639,9704b972d3c33904afcb818f87ccd461d988fd30910e9788031d4176df032cd0,3f504e0bc00e47e2d3674e97ef03bed09c060383c94ac723bd7c7c9e56fa4a85
historical,nickel,MOZ,exp_bars_wire,MOZ|exp_bars_wire,0.03743299386456572,0,0.0,1998-2002,2008-2012,334877b3c1176a94f9a4cb2897edaec6ac6ad88d3fd9b74ca8283d2108191639,9704b972d3c33904afcb818f87ccd461d988fd30910e9788031d4176df032cd0,3f504e0bc00e47e2d3674e97ef03bed09c060383c94ac723bd7c7c9e56fa4a85
historical,nickel,MOZ,exp_nickel_salts,MOZ|exp_nickel_salts,0.032427783656194364,0,0.0,1998-2002,2008-2012,334877b3c1176a94f9a4cb2897edaec6ac6ad88d3fd9b74ca8283d2108191639,9704b972d3c33904afcb818f87ccd461d988fd30910e9788031d4176df032cd0,3f504e0bc00e47e2d3674e97ef03bed09c060383c94ac723bd7c7c9e56fa4a85
historical,nickel,MOZ,exp_other,MOZ|exp_other,0.037955465471758605,0,0.0,1998-2002,2008-2012,334877b3c1176a94f9a4cb2897edaec6ac6ad88d3fd9b74ca8283d2108191639,9704b972d3c33904afcb818f87ccd461d988fd30910e9788031d4176df032cd0,3f504e0bc00e47e2d3674e97ef03bed09c060383c94ac723bd7c7c9e56fa4a85
historical,nickel,MOZ,exp_plates_foil,MOZ|exp_plates_foil,0.035135731456244663,0,0.0,1998-2002,2008-2012,334877b3c1176a94f9a4cb2897edaec6ac6ad88d3fd9b74ca8283d2108191639,9704b972d3c33904afcb818f87ccd461d988fd30910e9788031d4176df032cd0,3f504e0bc00e47e2d3674e97ef03bed09c060383c94ac723bd7c7c9e56fa4a85
historical,nickel,MOZ,exp_powder,MOZ|exp_powder,0.043450026195843275,0,0.0,1998-2002,2008-2012,334877b3c1176a94f9a4cb2897edaec6ac6ad88d3fd9b74ca8283d2108191639,9704b972d3c33904afcb818f87ccd461d988fd30910e9788031d4176df032cd0,3f504e0bc00e47e2d3674e97ef03bed09c060383c94ac723bd7c7c9e56fa4a85
historical,nickel,MOZ,exp_tubes,MOZ|exp_tubes,0.028560686889679252,0,0.0,1998-2002,2008-2012,334877b3c1176a94f9a4cb2897edaec6ac6ad88d3fd9b74ca8283d2108191639,9704b972d3c33904afcb818f87ccd461d988fd30910e9788031d4176df032cd0,3f504e0bc00e47e2d3674e97ef03bed09c060383c94ac723bd7c7c9e56fa4a85
historical,nickel,NCL,exp_bars_wire,NCL|exp_bars_wire,0.016580751646603917,0,0.0,1998-2002,2008-2012,334877b3c1176a94f9a4cb2897edaec6ac6ad88d3fd9b74ca8283d2108191639,9704b972d3c33904afcb818f87ccd461d988fd30910e9788031d4176df032cd0,3f504e0bc00e47e2d3674e97ef03bed09c060383c94ac723bd7c7c9e56fa4a85
historical,nickel,NCL,exp_nickel_salts,NCL|exp_nickel_salts,0.019034578888692873,0,0.0,1998-2002,2008-2012,334877b3c1176a94f9a4cb2897edaec6ac6ad88d3fd9b74ca8283d2108191639,9704b972d3c33904afcb818f87ccd461d988fd30910e9788031d4176df032cd0,3f504e0bc00e47e2d3674e97ef03bed09c060383c94ac723bd7c7c9e56fa4a85
historical,nickel,NCL,exp_other,NCL|exp_other,0.016845957491560846,0,0.0,1998-2002,2008-2012,334877b3c1176a94f9a4cb2897edaec6ac6ad88d3fd9b74ca8283d2108191639,9704b972d3c33904afcb818f87ccd461d988fd30910e9788031d4176df032cd0,3f504e0bc00e47e2d3674e97ef03bed09c060383c94ac723bd7c7c9e56fa4a85
historical,nickel,NCL,exp_plates_foil,NCL|exp_plates_foil,0.01499482206967949,0,0.0,1998-2002,2008-2012,334877b3c1176a94f9a4cb2897edaec6ac6ad88d3fd9b74ca8283d2108191639,9704b972d3c33904afcb818f87ccd461d988fd30910e9788031d4176df032cd0,3f504e0bc00e47e2d3674e97ef03bed09c060383c94ac723bd7c7c9e56fa4a85
historical,nickel,NCL,exp_powder,NCL|exp_powder,0.020218241570580657,0,0.0,1998-2002,2008-2012,334877b3c1176a94f9a4cb2897edaec6ac6ad88d3fd9b74ca8283d2108191639,9704b972d3c33904afcb818f87ccd461d988fd30910e9788031d4176df032cd0,3f504e0bc00e47e2d3674e97ef03bed09c060383c94ac723bd7c7c9e56fa4a85
historical,nickel,NCL,exp_tubes,NCL|exp_tubes,0.012937370506431841,0,0.0,1998-2002,2008-2012,334877b3c1176a94f9a4cb2897edaec6ac6ad88d3fd9b74ca8283d2108191639,9704b972d3c33904afcb818f87ccd461d988fd30910e9788031d4176df032cd0,3f504e0bc00e47e2d3674e97ef03bed09c060383c94ac723bd7c7c9e56fa4a85
historical,nickel,NOR,exp_nickel_matte,NOR|exp_nickel_matte,0.11771302441525351,0,0.0,1998-2002,2008-2012,334877b3c1176a94f9a4cb2897edaec6ac6ad88d3fd9b74ca8283d2108191639,9704b972d3c33904afcb818f87ccd461d988fd30910e9788031d4176df032cd0,3f504e0bc00e47e2d3674e97ef03bed09c060383c94ac723bd7c7c9e56fa4a85
historical,nickel,NOR,exp_powder,NOR|exp_powder,0.12731149139491033,0,0.0,1998-2002,2008-2012,334877b3c1176a94f9a4cb2897edaec6ac6ad88d3fd9b74ca8283d2108191639,9704b972d3c33904afcb818f87ccd461d988fd30910e9788031d4176df032cd0,3f504e0bc00e47e2d3674e97ef03bed09c060383c94ac723bd7c7c9e56fa4a85
historical,nickel,PHL,exp_bars_wire,PHL|exp_bars_wire,0.07021226060468014,1,750.5252,1998-2002,2008-2012,334877b3c1176a94f9a4cb2897edaec6ac6ad88d3fd9b74ca8283d2108191639,9704b972d3c33904afcb818f87ccd461d988fd30910e9788031d4176df032cd0,3f504e0bc00e47e2d3674e97ef03bed09c060383c94ac723bd7c7c9e56fa4a85
historical,nickel,PHL,exp_nickel_intermediate,PHL|exp_nickel_intermediate,0.07749371498974864,1,295236.5926,1998-2002,2008-2012,334877b3c1176a94f9a4cb2897edaec6ac6ad88d3fd9b74ca8283d2108191639,9704b972d3c33904afcb818f87ccd461d988fd30910e9788031d4176df032cd0,3f504e0bc00e47e2d3674e97ef03bed09c060383c94ac723bd7c7c9e56fa4a85
historical,nickel,PHL,exp_nickel_matte,PHL|exp_nickel_matte,0.09304044611756217,0,0.0,1998-2002,2008-2012,334877b3c1176a94f9a4cb2897edaec6ac6ad88d3fd9b74ca8283d2108191639,9704b972d3c33904afcb818f87ccd461d988fd30910e9788031d4176df032cd0,3f504e0bc00e47e2d3674e97ef03bed09c060383c94ac723bd7c7c9e56fa4a85
historical,nickel,PHL,exp_nickel_salts,PHL|exp_nickel_salts,0.10966331768966109,1,797.083,1998-2002,2008-2012,334877b3c1176a94f9a4cb2897edaec6ac6ad88d3fd9b74ca8283d2108191639,9704b972d3c33904afcb818f87ccd461d988fd30910e9788031d4176df032cd0,3f504e0bc00e47e2d3674e97ef03bed09c060383c94ac723bd7c7c9e56fa4a85
historical,nickel,PHL,exp_other,PHL|exp_other,0.07666196306114309,1,149.4716,1998-2002,2008-2012,334877b3c1176a94f9a4cb2897edaec6ac6ad88d3fd9b74ca8283d2108191639,9704b972d3c33904afcb818f87ccd461d988fd30910e9788031d4176df032cd0,3f504e0bc00e47e2d3674e97ef03bed09c060383c94ac723bd7c7c9e56fa4a85
historical,nickel,PHL,exp_plates_foil,PHL|exp_plates_foil,0.0753649490407394,1,182.7552,1998-2002,2008-2012,334877b3c1176a94f9a4cb2897edaec6ac6ad88d3fd9b74ca8283d2108191639,9704b972d3c33904afcb818f87ccd461d988fd30910e9788031d4176df032cd0,3f504e0bc00e47e2d3674e97ef03bed09c060383c94ac723bd7c7c9e56fa4a85
historical,nickel,PHL,exp_powder,PHL|exp_powder,0.0625312237998327,0,0.0,1998-2002,2008-2012,334877b3c1176a94f9a4cb2897edaec6ac6ad88d3fd9b74ca8283d2108191639,9704b972d3c33904afcb818f87ccd461d988fd30910e9788031d4176df032cd0,3f504e0bc00e47e2d3674e97ef03bed09c060383c94ac723bd7c7c9e56fa4a85
historical,nickel,PHL,exp_tubes,PHL|exp_tubes,0.07136129655255313,0,0.0,1998-2002,2008-2012,334877b3c1176a94f9a4cb2897edaec6ac6ad88d3fd9b74ca8283d2108191639,9704b972d3c33904afcb818f87ccd461d988fd30910e9788031d4176df032cd0,3f504e0bc00e47e2d3674e97ef03bed09c060383c94ac723bd7c7c9e56fa4a85
historical,nickel,PHL,exp_unwrought,PHL|exp_unwrought,0.07588309971816916,1,1315.999,1998-2002,2008-2012,334877b3c1176a94f9a4cb2897edaec6ac6ad88d3fd9b74ca8283d2108191639,9704b972d3c33904afcb818f87ccd461d988fd30910e9788031d4176df032cd0,3f504e0bc00e47e2d3674e97ef03bed09c060383c94ac723bd7c7c9e56fa4a85
historical,nickel,POL,exp_powder,POL|exp_powder,0.2772957007489502,1,171.855,1998-2002,2008-2012,334877b3c1176a94f9a4cb2897edaec6ac6ad88d3fd9b74ca8283d2108191639,9704b972d3c33904afcb818f87ccd461d988fd30910e9788031d4176df032cd0,3f504e0bc00e47e2d3674e97ef03bed09c060383c94ac723bd7c7c9e56fa4a85
historical,nickel,PRT,exp_bars_wire,PRT|exp_bars_wire,0.16846321762303795,1,664.7242,1998-2002,2008-2012,334877b3c1176a94f9a4cb2897edaec6ac6ad88d3fd9b74ca8283d2108191639,9704b972d3c33904afcb818f87ccd461d988fd30910e9788031d4176df032cd0,3f504e0bc00e47e2d3674e97ef03bed09c060383c94ac723bd7c7c9e56fa4a85
historical,nickel,PRT,exp_nickel_salts,PRT|exp_nickel_salts,0.19025688482088504,0,0.0,1998-2002,2008-2012,334877b3c1176a94f9a4cb2897edaec6ac6ad88d3fd9b74ca8283d2108191639,9704b972d3c33904afcb818f87ccd461d988fd30910e9788031d4176df032cd0,3f504e0bc00e47e2d3674e97ef03bed09c060383c94ac723bd7c7c9e56fa4a85
historical,nickel,PRT,exp_other,PRT|exp_other,0.15879253626677226,1,108.3028,1998-2002,2008-2012,334877b3c1176a94f9a4cb2897edaec6ac6ad88d3fd9b74ca8283d2108191639,9704b972d3c33904afcb818f87ccd461d988fd30910e9788031d4176df032cd0,3f504e0bc00e47e2d3674e97ef03bed09c060383c94ac723bd7c7c9e56fa4a85
historical,nickel,PRT,exp_powder,PRT|exp_powder,0.15859275773264456,0,0.0,1998-2002,2008-2012,334877b3c1176a94f9a4cb2897edaec6ac6ad88d3fd9b74ca8283d2108191639,9704b972d3c33904afcb818f87ccd461d988fd30910e9788031d4176df032cd0,3f504e0bc00e47e2d3674e97ef03bed09c060383c94ac723bd7c7c9e56fa4a85
historical,nickel,PRT,exp_tubes,PRT|exp_tubes,0.15788148914422107,1,2149.222,1998-2002,2008-2012,334877b3c1176a94f9a4cb2897edaec6ac6ad88d3fd9b74ca8283d2108191639,9704b972d3c33904afcb818f87ccd461d988fd30910e9788031d4176df032cd0,3f504e0bc00e47e2d3674e97ef03bed09c060383c94ac723bd7c7c9e56fa4a85
historical,nickel,ROU,exp_nickel_salts,ROU|exp_nickel_salts,0.17352020929740747,0,0.0,1998-2002,2008-2012,334877b3c1176a94f9a4cb2897edaec6ac6ad88d3fd9b74ca8283d2108191639,9704b972d3c33904afcb818f87ccd461d988fd30910e9788031d4176df032cd0,3f504e0bc00e47e2d3674e97ef03bed09c060383c94ac723bd7c7c9e56fa4a85
historical,nickel,ROU,exp_plates_foil,ROU|exp_plates_foil,0.1583765205505597,1,327.92560000000003,1998-2002,2008-2012,334877b3c1176a94f9a4cb2897edaec6ac6ad88d3fd9b74ca8283d2108191639,9704b972d3c33904afcb818f87ccd461d988fd30910e9788031d4176df032cd0,3f504e0bc00e47e2d3674e97ef03bed09c060383c94ac723bd7c7c9e56fa4a85
historical,nickel,ROU,exp_powder,ROU|exp_powder,0.1716269944229402,0,0.0,1998-2002,2008-2012,334877b3c1176a94f9a4cb2897edaec6ac6ad88d3fd9b74ca8283d2108191639,9704b972d3c33904afcb818f87ccd461d988fd30910e9788031d4176df032cd0,3f504e0bc00e47e2d3674e97ef03bed09c060383c94ac723bd7c7c9e56fa4a85
historical,nickel,ROU,exp_tubes,ROU|exp_tubes,0.14492112449331723,1,829.5254,1998-2002,2008-2012,334877b3c1176a94f9a4cb2897edaec6ac6ad88d3fd9b74ca8283d2108191639,9704b972d3c33904afcb818f87ccd461d988fd30910e9788031d4176df032cd0,3f504e0bc00e47e2d3674e97ef03bed09c060383c94ac723bd7c7c9e56fa4a85
historical,nickel,SUR,exp_bars_wire,SUR|exp_bars_wire,0.022640863115145436,0,0.0,1998-2002,2008-2012,334877b3c1176a94f9a4cb2897edaec6ac6ad88d3fd9b74ca8283d2108191639,9704b972d3c33904afcb818f87ccd461d988fd30910e9788031d4176df032cd0,3f504e0bc00e47e2d3674e97ef03bed09c060383c94ac723bd7c7c9e56fa4a85
historical,nickel,SUR,exp_nickel_salts,SUR|exp_nickel_salts,0.020034032554131748,0,0.0,1998-2002,2008-2012,334877b3c1176a94f9a4cb2897edaec6ac6ad88d3fd9b74ca8283d2108191639,9704b972d3c33904afcb818f87ccd461d988fd30910e9788031d4176df032cd0,3f504e0bc00e47e2d3674e97ef03bed09c060383c94ac723bd7c7c9e56fa4a85
historical,nickel,SUR,exp_other,SUR|exp_other,0.02245004362783924,0,0.0,1998-2002,2008-2012,334877b3c1176a94f9a4cb2897edaec6ac6ad88d3fd9b74ca8283d2108191639,9704b972d3c33904afcb818f87ccd461d988fd30910e9788031d4176df032cd0,3f504e0bc00e47e2d3674e97ef03bed09c060383c94ac723bd7c7c9e56fa4a85
historical,nickel,SUR,exp_plates_foil,SUR|exp_plates_foil,0.020147033199953205,0,0.0,1998-2002,2008-2012,334877b3c1176a94f9a4cb2897edaec6ac6ad88d3fd9b74ca8283d2108191639,9704b972d3c33904afcb818f87ccd461d988fd30910e9788031d4176df032cd0,3f504e0bc00e47e2d3674e97ef03bed09c060383c94ac723bd7c7c9e56fa4a85
historical,nickel,SUR,exp_powder,SUR|exp_powder,0.024089197509109726,0,0.0,1998-2002,2008-2012,334877b3c1176a94f9a4cb2897edaec6ac6ad88d3fd9b74ca8283d2108191639,9704b972d3c33904afcb818f87ccd461d988fd30910e9788031d4176df032cd0,3f504e0bc00e47e2d3674e97ef03bed09c060383c94ac723bd7c7c9e56fa4a85
historical,nickel,SUR,exp_tubes,SUR|exp_tubes,0.018661678362405232,0,0.0,1998-2002,2008-2012,334877b3c1176a94f9a4cb2897edaec6ac6ad88d3fd9b74ca8283d2108191639,9704b972d3c33904afcb818f87ccd461d988fd30910e9788031d4176df032cd0,3f504e0bc00e47e2d3674e97ef03bed09c060383c94ac723bd7c7c9e56fa4a85
historical,nickel,SUR,exp_unwrought,SUR|exp_unwrought,0.029005550435366807,0,0.0,1998-2002,2008-2012,334877b3c1176a94f9a4cb2897edaec6ac6ad88d3fd9b74ca8283d2108191639,9704b972d3c33904afcb818f87ccd461d988fd30910e9788031d4176df032cd0,3f504e0bc00e47e2d3674e97ef03bed09c060383c94ac723bd7c7c9e56fa4a85
historical,nickel,SVK,exp_bars_wire,SVK|exp_bars_wire,0.18646133422680403,1,393.4146,1998-2002,2008-2012,334877b3c1176a94f9a4cb2897edaec6ac6ad88d3fd9b74ca8283d2108191639,9704b972d3c33904afcb818f87ccd461d988fd30910e9788031d4176df032cd0,3f504e0bc00e47e2d3674e97ef03bed09c060383c94ac723bd7c7c9e56fa4a85
historical,nickel,SVK,exp_nickel_salts,SVK|exp_nickel_salts,0.16780088879736932,0,0.0,1998-2002,2008-2012,334877b3c1176a94f9a4cb2897edaec6ac6ad88d3fd9b74ca8283d2108191639,9704b972d3c33904afcb818f87ccd461d988fd30910e9788031d4176df032cd0,3f504e0bc00e47e2d3674e97ef03bed09c060383c94ac723bd7c7c9e56fa4a85
historical,nickel,SVK,exp_other,SVK|exp_other,0.17006069924681852,1,4592.3292,1998-2002,2008-2012,334877b3c1176a94f9a4cb2897edaec6ac6ad88d3fd9b74ca8283d2108191639,9704b972d3c33904afcb818f87ccd461d988fd30910e9788031d4176df032cd0,3f504e0bc00e47e2d3674e97ef03bed09c060383c94ac723bd7c7c9e56fa4a85
historical,nickel,SVK,exp_plates_foil,SVK|exp_plates_foil,0.1771557980013643,1,6334.5832,1998-2002,2008-2012,334877b3c1176a94f9a4cb2897edaec6ac6ad88d3fd9b74ca8283d2108191639,9704b972d3c33904afcb818f87ccd461d988fd30910e9788031d4176df032cd0,3f504e0bc00e47e2d3674e97ef03bed09c060383c94ac723bd7c7c9e56fa4a85
historical,nickel,SVK,exp_tubes,SVK|exp_tubes,0.16986389553730913,1,356.8146,1998-2002,2008-2012,334877b3c1176a94f9a4cb2897edaec6ac6ad88d3fd9b74ca8283d2108191639,9704b972d3c33904afcb818f87ccd461d988fd30910e9788031d4176df032cd0,3f504e0bc00e47e2d3674e97ef03bed09c060383c94ac723bd7c7c9e56fa4a85
historical,nickel,SVN,exp_nickel_salts,SVN|exp_nickel_salts,0.22793876084309422,0,0.0,1998-2002,2008-2012,334877b3c1176a94f9a4cb2897edaec6ac6ad88d3fd9b74ca8283d2108191639,9704b972d3c33904afcb818f87ccd461d988fd30910e9788031d4176df032cd0,3f504e0bc00e47e2d3674e97ef03bed09c060383c94ac723bd7c7c9e56fa4a85
historical,nickel,SVN,exp_other,SVN|exp_other,0.22202419229886358,0,0.0,1998-2002,2008-2012,334877b3c1176a94f9a4cb2897edaec6ac6ad88d3fd9b74ca8283d2108191639,9704b972d3c33904afcb818f87ccd461d988fd30910e9788031d4176df032cd0,3f504e0bc00e47e2d3674e97ef03bed09c060383c94ac723bd7c7c9e56fa4a85
historical,nickel,SVN,exp_powder,SVN|exp_powder,0.22938195406458262,0,0.0,1998-2002,2008-2012,334877b3c1176a94f9a4cb2897edaec6ac6ad88d3fd9b74ca8283d2108191639,9704b972d3c33904afcb818f87ccd461d988fd30910e9788031d4176df032cd0,3f504e0bc00e47e2d3674e97ef03bed09c060383c94ac723bd7c7c9e56fa4a85
historical,nickel,SVN,exp_tubes,SVN|exp_tubes,0.22556492630705793,0,0.0,1998-2002,2008-2012,334877b3c1176a94f9a4cb2897edaec6ac6ad88d3fd9b74ca8283d2108191639,9704b972d3c33904afcb818f87ccd461d988fd30910e9788031d4176df032cd0,3f504e0bc00e47e2d3674e97ef03bed09c060383c94ac723bd7c7c9e56fa4a85
historical,nickel,UKR,exp_nickel_salts,UKR|exp_nickel_salts,0.13641452436634302,0,0.0,1998-2002,2008-2012,334877b3c1176a94f9a4cb2897edaec6ac6ad88d3fd9b74ca8283d2108191639,9704b972d3c33904afcb818f87ccd461d988fd30910e9788031d4176df032cd0,3f504e0bc00e47e2d3674e97ef03bed09c060383c94ac723bd7c7c9e56fa4a85
historical,nickel,UKR,exp_other,UKR|exp_other,0.15009983343387565,1,5212.0902,1998-2002,2008-2012,334877b3c1176a94f9a4cb2897edaec6ac6ad88d3fd9b74ca8283d2108191639,9704b972d3c33904afcb818f87ccd461d988fd30910e9788031d4176df032cd0,3f504e0bc00e47e2d3674e97ef03bed09c060383c94ac723bd7c7c9e56fa4a85
historical,nickel,UKR,exp_plates_foil,UKR|exp_plates_foil,0.17041156804355465,1,601.018,1998-2002,2008-2012,334877b3c1176a94f9a4cb2897edaec6ac6ad88d3fd9b74ca8283d2108191639,9704b972d3c33904afcb818f87ccd461d988fd30910e9788031d4176df032cd0,3f504e0bc00e47e2d3674e97ef03bed09c060383c94ac723bd7c7c9e56fa4a85
historical,nickel,VEN,exp_nickel_salts,VEN|exp_nickel_salts,0.03489274687152943,0,0.0,1998-2002,2008-2012,334877b3c1176a94f9a4cb2897edaec6ac6ad88d3fd9b74ca8283d2108191639,9704b972d3c33904afcb818f87ccd461d988fd30910e9788031d4176df032cd0,3f504e0bc00e47e2d3674e97ef03bed09c060383c94ac723bd7c7c9e56fa4a85
historical,nickel,VEN,exp_other,VEN|exp_other,0.03754348009884088,0,0.0,1998-2002,2008-2012,334877b3c1176a94f9a4cb2897edaec6ac6ad88d3fd9b74ca8283d2108191639,9704b972d3c33904afcb818f87ccd461d988fd30910e9788031d4176df032cd0,3f504e0bc00e47e2d3674e97ef03bed09c060383c94ac723bd7c7c9e56fa4a85
historical,nickel,VEN,exp_plates_foil,VEN|exp_plates_foil,0.03998418314589327,0,0.0,1998-2002,2008-2012,334877b3c1176a94f9a4cb2897edaec6ac6ad88d3fd9b74ca8283d2108191639,9704b972d3c33904afcb818f87ccd461d988fd30910e9788031d4176df032cd0,3f504e0bc00e47e2d3674e97ef03bed09c060383c94ac723bd7c7c9e56fa4a85
historical,nickel,VEN,exp_powder,VEN|exp_powder,0.05387418372811541,0,0.0,1998-2002,2008-2012,334877b3c1176a94f9a4cb2897edaec6ac6ad88d3fd9b74ca8283d2108191639,9704b972d3c33904afcb818f87ccd461d988fd30910e9788031d4176df032cd0,3f504e0bc00e47e2d3674e97ef03bed09c060383c94ac723bd7c7c9e56fa4a85
historical,nickel,VEN,exp_tubes,VEN|exp_tubes,0.03259594725353001,0,0.0,1998-2002,2008-2012,334877b3c1176a94f9a4cb2897edaec6ac6ad88d3fd9b74ca8283d2108191639,9704b972d3c33904afcb818f87ccd461d988fd30910e9788031d4176df032cd0,3f504e0bc00e47e2d3674e97ef03bed09c060383c94ac723bd7c7c9e56fa4a85
historical,nickel,ZA1,exp_tubes,ZA1|exp_tubes,0.15426273444596045,0,0.0,1998-2002,2008-2012,334877b3c1176a94f9a4cb2897edaec6ac6ad88d3fd9b74ca8283d2108191639,9704b972d3c33904afcb818f87ccd461d988fd30910e9788031d4176df032cd0,3f504e0bc00e47e2d3674e97ef03bed09c060383c94ac723bd7c7c9e56fa4a85
historical,nickel,ZAF,exp_other,ZAF|exp_other,0.21776703873883294,1,5802.4282,1998-2002,2008-2012,334877b3c1176a94f9a4cb2897edaec6ac6ad88d3fd9b74ca8283d2108191639,9704b972d3c33904afcb818f87ccd461d988fd30910e9788031d4176df032cd0,3f504e0bc00e47e2d3674e97ef03bed09c060383c94ac723bd7c7c9e56fa4a85
historical,nickel,ZAF,exp_tubes,ZAF|exp_tubes,0.19142491884686166,0,0.0,1998-2002,2008-2012,334877b3c1176a94f9a4cb2897edaec6ac6ad88d3fd9b74ca8283d2108191639,9704b972d3c33904afcb818f87ccd461d988fd30910e9788031d4176df032cd0,3f504e0bc00e47e2d3674e97ef03bed09c060383c94ac723bd7c7c9e56fa4a85
historical,nickel,ZMB,exp_bars_wire,ZMB|exp_bars_wire,0.055692094930393565,0,0.0,1998-2002,2008-2012,334877b3c1176a94f9a4cb2897edaec6ac6ad88d3fd9b74ca8283d2108191639,9704b972d3c33904afcb818f87ccd461d988fd30910e9788031d4176df032cd0,3f504e0bc00e47e2d3674e97ef03bed09c060383c94ac723bd7c7c9e56fa4a85
historical,nickel,ZMB,exp_nickel_salts,ZMB|exp_nickel_salts,0.056522772008897965,0,0.0,1998-2002,2008-2012,334877b3c1176a94f9a4cb2897edaec6ac6ad88d3fd9b74ca8283d2108191639,9704b972d3c33904afcb818f87ccd461d988fd30910e9788031d4176df032cd0,3f504e0bc00e47e2d3674e97ef03bed09c060383c94ac723bd7c7c9e56fa4a85
historical,nickel,ZMB,exp_plates_foil,ZMB|exp_plates_foil,0.053474774210798416,0,0.0,1998-2002,2008-2012,334877b3c1176a94f9a4cb2897edaec6ac6ad88d3fd9b74ca8283d2108191639,9704b972d3c33904afcb818f87ccd461d988fd30910e9788031d4176df032cd0,3f504e0bc00e47e2d3674e97ef03bed09c060383c94ac723bd7c7c9e56fa4a85
historical,nickel,ZMB,exp_powder,ZMB|exp_powder,0.059866764419108334,0,0.0,1998-2002,2008-2012,334877b3c1176a94f9a4cb2897edaec6ac6ad88d3fd9b74ca8283d2108191639,9704b972d3c33904afcb818f87ccd461d988fd30910e9788031d4176df032cd0,3f504e0bc00e47e2d3674e97ef03bed09c060383c94ac723bd7c7c9e56fa4a85
historical,nickel,ZMB,exp_tubes,ZMB|exp_tubes,0.04357355523154563,0,0.0,1998-2002,2008-2012,334877b3c1176a94f9a4cb2897edaec6ac6ad88d3fd9b74ca8283d2108191639,9704b972d3c33904afcb818f87ccd461d988fd30910e9788031d4176df032cd0,3f504e0bc00e47e2d3674e97ef03bed09c060383c94ac723bd7c7c9e56fa4a85
historical,nickel,ZWE,exp_bars_wire,ZWE|exp_bars_wire,0.10208901853553332,0,0.0,1998-2002,2008-2012,334877b3c1176a94f9a4cb2897edaec6ac6ad88d3fd9b74ca8283d2108191639,9704b972d3c33904afcb818f87ccd461d988fd30910e9788031d4176df032cd0,3f504e0bc00e47e2d3674e97ef03bed09c060383c94ac723bd7c7c9e56fa4a85
historical,nickel,ZWE,exp_ferronickel,ZWE|exp_ferronickel,0.12269497129951319,0,0.0,1998-2002,2008-2012,334877b3c1176a94f9a4cb2897edaec6ac6ad88d3fd9b74ca8283d2108191639,9704b972d3c33904afcb818f87ccd461d988fd30910e9788031d4176df032cd0,3f504e0bc00e47e2d3674e97ef03bed09c060383c94ac723bd7c7c9e56fa4a85
historical,nickel,ZWE,exp_nickel_salts,ZWE|exp_nickel_salts,0.09820949848559946,1,2222.1558,1998-2002,2008-2012,334877b3c1176a94f9a4cb2897edaec6ac6ad88d3fd9b74ca8283d2108191639,9704b972d3c33904afcb818f87ccd461d988fd30910e9788031d4176df032cd0,3f504e0bc00e47e2d3674e97ef03bed09c060383c94ac723bd7c7c9e56fa4a85
historical,nickel,ZWE,exp_powder,ZWE|exp_powder,0.09710295460115605,1,191.0558,1998-2002,2008-2012,334877b3c1176a94f9a4cb2897edaec6ac6ad88d3fd9b74ca8283d2108191639,9704b972d3c33904afcb818f87ccd461d988fd30910e9788031d4176df032cd0,3f504e0bc00e47e2d3674e97ef03bed09c060383c94ac723bd7c7c9e56fa4a85
historical,nickel,ZWE,exp_tubes,ZWE|exp_tubes,0.06534285347052715,0,0.0,1998-2002,2008-2012,334877b3c1176a94f9a4cb2897edaec6ac6ad88d3fd9b74ca8283d2108191639,9704b972d3c33904afcb818f87ccd461d988fd30910e9788031d4176df032cd0,3f504e0bc00e47e2d3674e97ef03bed09c060383c94ac723bd7c7c9e56fa4a85
historical,cocoa,ARE,exp_cocoapowder_sw,ARE|exp_cocoapowder_sw,0.10307727286517307,1,372.3506,1998-2002,2008-2012,077d3324f64ddf5aa952be7a879834ba58adfd24c1bcb2754df481c129156f13,9704b972d3c33904afcb818f87ccd461d988fd30910e9788031d4176df032cd0,3f504e0bc00e47e2d3674e97ef03bed09c060383c94ac723bd7c7c9e56fa4a85
historical,cocoa,ARG,exp_cocoabutter,ARG|exp_cocoabutter,0.13491981934265312,0,0.0,1998-2002,2008-2012,077d3324f64ddf5aa952be7a879834ba58adfd24c1bcb2754df481c129156f13,9704b972d3c33904afcb818f87ccd461d988fd30910e9788031d4176df032cd0,3f504e0bc00e47e2d3674e97ef03bed09c060383c94ac723bd7c7c9e56fa4a85
historical,cocoa,ARG,exp_cocoapaste,ARG|exp_cocoapaste,0.12725245102623914,0,0.0,1998-2002,2008-2012,077d3324f64ddf5aa952be7a879834ba58adfd24c1bcb2754df481c129156f13,9704b972d3c33904afcb818f87ccd461d988fd30910e9788031d4176df032cd0,3f504e0bc00e47e2d3674e97ef03bed09c060383c94ac723bd7c7c9e56fa4a85
historical,cocoa,ARG,exp_cocoapowder_sw,ARG|exp_cocoapowder_sw,0.13286340011669273,1,639.8743999999999,1998-2002,2008-2012,077d3324f64ddf5aa952be7a879834ba58adfd24c1bcb2754df481c129156f13,9704b972d3c33904afcb818f87ccd461d988fd30910e9788031d4176df032cd0,3f504e0bc00e47e2d3674e97ef03bed09c060383c94ac723bd7c7c9e56fa4a85
historical,cocoa,ARG,exp_cocoapowder_unsw,ARG|exp_cocoapowder_unsw,0.13403090133924106,0,0.0,1998-2002,2008-2012,077d3324f64ddf5aa952be7a879834ba58adfd24c1bcb2754df481c129156f13,9704b972d3c33904afcb818f87ccd461d988fd30910e9788031d4176df032cd0,3f504e0bc00e47e2d3674e97ef03bed09c060383c94ac723bd7c7c9e56fa4a85
historical,cocoa,AUS,exp_cocoabutter,AUS|exp_cocoabutter,0.15560094000771957,1,196.0428,1998-2002,2008-2012,077d3324f64ddf5aa952be7a879834ba58adfd24c1bcb2754df481c129156f13,9704b972d3c33904afcb818f87ccd461d988fd30910e9788031d4176df032cd0,3f504e0bc00e47e2d3674e97ef03bed09c060383c94ac723bd7c7c9e56fa4a85
historical,cocoa,AUS,exp_cocoapaste,AUS|exp_cocoapaste,0.15360497984171756,1,153.1514,1998-2002,2008-2012,077d3324f64ddf5aa952be7a879834ba58adfd24c1bcb2754df481c129156f13,9704b972d3c33904afcb818f87ccd461d988fd30910e9788031d4176df032cd0,3f504e0bc00e47e2d3674e97ef03bed09c060383c94ac723bd7c7c9e56fa4a85
historical,cocoa,BGR,exp_cocoapowder_sw,BGR|exp_cocoapowder_sw,0.29839007497047426,0,0.0,1998-2002,2008-2012,077d3324f64ddf5aa952be7a879834ba58adfd24c1bcb2754df481c129156f13,9704b972d3c33904afcb818f87ccd461d988fd30910e9788031d4176df032cd0,3f504e0bc00e47e2d3674e97ef03bed09c060383c94ac723bd7c7c9e56fa4a85
historical,cocoa,BHS,exp_cocoa_prep_blocks_bars,BHS|exp_cocoa_prep_blocks_bars,0.0704436804592734,0,0.0,1998-2002,2008-2012,077d3324f64ddf5aa952be7a879834ba58adfd24c1bcb2754df481c129156f13,9704b972d3c33904afcb818f87ccd461d988fd30910e9788031d4176df032cd0,3f504e0bc00e47e2d3674e97ef03bed09c060383c94ac723bd7c7c9e56fa4a85
historical,cocoa,BHS,exp_cocoa_prep_bulk,BHS|exp_cocoa_prep_bulk,0.07298536633404527,0,0.0,1998-2002,2008-2012,077d3324f64ddf5aa952be7a879834ba58adfd24c1bcb2754df481c129156f13,9704b972d3c33904afcb818f87ccd461d988fd30910e9788031d4176df032cd0,3f504e0bc00e47e2d3674e97ef03bed09c060383c94ac723bd7c7c9e56fa4a85
historical,cocoa,BHS,exp_cocoa_prep_other,BHS|exp_cocoa_prep_other,0.06954439617381097,0,0.0,1998-2002,2008-2012,077d3324f64ddf5aa952be7a879834ba58adfd24c1bcb2754df481c129156f13,9704b972d3c33904afcb818f87ccd461d988fd30910e9788031d4176df032cd0,3f504e0bc00e47e2d3674e97ef03bed09c060383c94ac723bd7c7c9e56fa4a85
historical,cocoa,BHS,exp_cocoabutter,BHS|exp_cocoabutter,0.06842966551839785,0,0.0,1998-2002,2008-2012,077d3324f64ddf5aa952be7a879834ba58adfd24c1bcb2754df481c129156f13,9704b972d3c33904afcb818f87ccd461d988fd30910e9788031d4176df032cd0,3f504e0bc00e47e2d3674e97ef03bed09c060383c94ac723bd7c7c9e56fa4a85
historical,cocoa,BHS,exp_cocoapaste,BHS|exp_cocoapaste,0.07091804550410165,0,0.0,1998-2002,2008-2012,077d3324f64ddf5aa952be7a879834ba58adfd24c1bcb2754df481c129156f13,9704b972d3c33904afcb818f87ccd461d988fd30910e9788031d4176df032cd0,3f504e0bc00e47e2d3674e97ef03bed09c060383c94ac723bd7c7c9e56fa4a85
historical,cocoa,BHS,exp_cocoapowder_sw,BHS|exp_cocoapowder_sw,0.07819366160728966,0,0.0,1998-2002,2008-2012,077d3324f64ddf5aa952be7a879834ba58adfd24c1bcb2754df481c129156f13,9704b972d3c33904afcb818f87ccd461d988fd30910e9788031d4176df032cd0,3f504e0bc00e47e2d3674e97ef03bed09c060383c94ac723bd7c7c9e56fa4a85
historical,cocoa,BHS,exp_cocoapowder_unsw,BHS|exp_cocoapowder_unsw,0.06397803805972728,0,0.0,1998-2002,2008-2012,077d3324f64ddf5aa952be7a879834ba58adfd24c1bcb2754df481c129156f13,9704b972d3c33904afcb818f87ccd461d988fd30910e9788031d4176df032cd0,3f504e0bc00e47e2d3674e97ef03bed09c060383c94ac723bd7c7c9e56fa4a85
historical,cocoa,BLR,exp_cocoapowder_sw,BLR|exp_cocoapowder_sw,0.2149648986891504,0,0.0,1998-2002,2008-2012,077d3324f64ddf5aa952be7a879834ba58adfd24c1bcb2754df481c129156f13,9704b972d3c33904afcb818f87ccd461d988fd30910e9788031d4176df032cd0,3f504e0bc00e47e2d3674e97ef03bed09c060383c94ac723bd7c7c9e56fa4a85
historical,cocoa,BOL,exp_cocoa_prep_blocks_bars,BOL|exp_cocoa_prep_blocks_bars,0.0558099735548797,0,0.0,1998-2002,2008-2012,077d3324f64ddf5aa952be7a879834ba58adfd24c1bcb2754df481c129156f13,9704b972d3c33904afcb818f87ccd461d988fd30910e9788031d4176df032cd0,3f504e0bc00e47e2d3674e97ef03bed09c060383c94ac723bd7c7c9e56fa4a85
historical,cocoa,BOL,exp_cocoa_prep_bulk,BOL|exp_cocoa_prep_bulk,0.04454052645227406,0,0.0,1998-2002,2008-2012,077d3324f64ddf5aa952be7a879834ba58adfd24c1bcb2754df481c129156f13,9704b972d3c33904afcb818f87ccd461d988fd30910e9788031d4176df032cd0,3f504e0bc00e47e2d3674e97ef03bed09c060383c94ac723bd7c7c9e56fa4a85
historical,cocoa,BOL,exp_cocoa_prep_other,BOL|exp_cocoa_prep_other,0.05709459016938078,0,0.0,1998-2002,2008-2012,077d3324f64ddf5aa952be7a879834ba58adfd24c1bcb2754df481c129156f13,9704b972d3c33904afcb818f87ccd461d988fd30910e9788031d4176df032cd0,3f504e0bc00e47e2d3674e97ef03bed09c060383c94ac723bd7c7c9e56fa4a85
historical,cocoa,BOL,exp_cocoapaste,BOL|exp_cocoapaste,0.06358107074903999,1,350.5276,1998-2002,2008-2012,077d3324f64ddf5aa952be7a879834ba58adfd24c1bcb2754df481c129156f13,9704b972d3c33904afcb818f87ccd461d988fd30910e9788031d4176df032cd0,3f504e0bc00e47e2d3674e97ef03bed09c060383c94ac723bd7c7c9e56fa4a85
historical,cocoa,BOL,exp_cocoapowder_sw,BOL|exp_cocoapowder_sw,0.0668963853157963,0,0.0,1998-2002,2008-2012,077d3324f64ddf5aa952be7a879834ba58adfd24c1bcb2754df481c129156f13,9704b972d3c33904afcb818f87ccd461d988fd30910e9788031d4176df032cd0,3f504e0bc00e47e2d3674e97ef03bed09c060383c94ac723bd7c7c9e56fa4a85
historical,cocoa,BOL,exp_cocoapowder_unsw,BOL|exp_cocoapowder_unsw,0.05740111061472008,1,130.27280000000002,1998-2002,2008-2012,077d3324f64ddf5aa952be7a879834ba58adfd24c1bcb2754df481c129156f13,9704b972d3c33904afcb818f87ccd461d988fd30910e9788031d4176df032cd0,3f504e0bc00e47e2d3674e97ef03bed09c060383c94ac723bd7c7c9e56fa4a85
historical,cocoa,CHE,exp_cocoapowder_unsw,CHE|exp_cocoapowder_unsw,0.21218811740297475,1,1575.9392,1998-2002,2008-2012,077d3324f64ddf5aa952be7a879834ba58adfd24c1bcb2754df481c129156f13,9704b972d3c33904afcb818f87ccd461d988fd30910e9788031d4176df032cd0,3f504e0bc00e47e2d3674e97ef03bed09c060383c94ac723bd7c7c9e56fa4a85
historical,cocoa,CHL,exp_cocoabutter,CHL|exp_cocoabutter,0.11367218111279177,1,127.8428,1998-2002,2008-2012,077d3324f64ddf5aa952be7a879834ba58adfd24c1bcb2754df481c129156f13,9704b972d3c33904afcb818f87ccd461d988fd30910e9788031d4176df032cd0,3f504e0bc00e47e2d3674e97ef03bed09c060383c94ac723bd7c7c9e56fa4a85
historical,cocoa,CHL,exp_cocoapaste,CHL|exp_cocoapaste,0.10384914567791101,0,0.0,1998-2002,2008-2012,077d3324f64ddf5aa952be7a879834ba58adfd24c1bcb2754df481c129156f13,9704b972d3c33904afcb818f87ccd461d988fd30910e9788031d4176df032cd0,3f504e0bc00e47e2d3674e97ef03bed09c060383c94ac723bd7c7c9e56fa4a85
historical,cocoa,CHL,exp_cocoapowder_sw,CHL|exp_cocoapowder_sw,0.10990512888232475,1,688.116,1998-2002,2008-2012,077d3324f64ddf5aa952be7a879834ba58adfd24c1bcb2754df481c129156f13,9704b972d3c33904afcb818f87ccd461d988fd30910e9788031d4176df032cd0,3f504e0bc00e47e2d3674e97ef03bed09c060383c94ac723bd7c7c9e56fa4a85
historical,cocoa,CHL,exp_cocoapowder_unsw,CHL|exp_cocoapowder_unsw,0.10866627021495388,0,0.0,1998-2002,2008-2012,077d3324f64ddf5aa952be7a879834ba58adfd24c1bcb2754df481c129156f13,9704b972d3c33904afcb818f87ccd461d988fd30910e9788031d4176df032cd0,3f504e0bc00e47e2d3674e97ef03bed09c060383c94ac723bd7c7c9e56fa4a85
historical,cocoa,CIV,exp_cocoa_prep_other,CIV|exp_cocoa_prep_other,0.06882201114241676,0,0.0,1998-2002,2008-2012,077d3324f64ddf5aa952be7a879834ba58adfd24c1bcb2754df481c129156f13,9704b972d3c33904afcb818f87ccd461d988fd30910e9788031d4176df032cd0,3f504e0bc00e47e2d3674e97ef03bed09c060383c94ac723bd7c7c9e56fa4a85
historical,cocoa,CIV,exp_cocoapowder_sw,CIV|exp_cocoapowder_sw,0.10461110095677527,1,19169.7256,1998-2002,2008-2012,077d3324f64ddf5aa952be7a879834ba58adfd24c1bcb2754df481c129156f13,9704b972d3c33904afcb818f87ccd461d988fd30910e9788031d4176df032cd0,3f504e0bc00e47e2d3674e97ef03bed09c060383c94ac723bd7c7c9e56fa4a85
historical,cocoa,CMR,exp_cocoa_prep_bulk,CMR|exp_cocoa_prep_bulk,0.020766546882897138,0,0.0,1998-2002,2008-2012,077d3324f64ddf5aa952be7a879834ba58adfd24c1bcb2754df481c129156f13,9704b972d3c33904afcb818f87ccd461d988fd30910e9788031d4176df032cd0,3f504e0bc00e47e2d3674e97ef03bed09c060383c94ac723bd7c7c9e56fa4a85
historical,cocoa,CMR,exp_cocoa_prep_other,CMR|exp_cocoa_prep_other,0.023430319355060167,1,1550.4493999999995,1998-2002,2008-2012,077d3324f64ddf5aa952be7a879834ba58adfd24c1bcb2754df481c129156f13,9704b972d3c33904afcb818f87ccd461d988fd30910e9788031d4176df032cd0,3f504e0bc00e47e2d3674e97ef03bed09c060383c94ac723bd7c7c9e56fa4a85
historical,cocoa,CMR,exp_cocoapowder_unsw,CMR|exp_cocoapowder_unsw,0.03588115023780207,0,0.0,1998-2002,2008-2012,077d3324f64ddf5aa952be7a879834ba58adfd24c1bcb2754df481c129156f13,9704b972d3c33904afcb818f87ccd461d988fd30910e9788031d4176df032cd0,3f504e0bc00e47e2d3674e97ef03bed09c060383c94ac723bd7c7c9e56fa4a85
historical,cocoa,COD,exp_cocoa_prep_blocks_bars,COD|exp_cocoa_prep_blocks_bars,0.010781739281245973,0,0.0,1998-2002,2008-2012,077d3324f64ddf5aa952be7a879834ba58adfd24c1bcb2754df481c129156f13,9704b972d3c33904afcb818f87ccd461d988fd30910e9788031d4176df032cd0,3f504e0bc00e47e2d3674e97ef03bed09c060383c94ac723bd7c7c9e56fa4a85
historical,cocoa,COD,exp_cocoa_prep_bulk,COD|exp_cocoa_prep_bulk,0.011864961670077246,0,0.0,1998-2002,2008-2012,077d3324f64ddf5aa952be7a879834ba58adfd24c1bcb2754df481c129156f13,9704b972d3c33904afcb818f87ccd461d988fd30910e9788031d4176df032cd0,3f504e0bc00e47e2d3674e97ef03bed09c060383c94ac723bd7c7c9e56fa4a85
historical,cocoa,COD,exp_cocoa_prep_other,COD|exp_cocoa_prep_other,0.008913956101425832,1,191.4594,1998-2002,2008-2012,077d3324f64ddf5aa952be7a879834ba58adfd24c1bcb2754df481c129156f13,9704b972d3c33904afcb818f87ccd461d988fd30910e9788031d4176df032cd0,3f504e0bc00e47e2d3674e97ef03bed09c060383c94ac723bd7c7c9e56fa4a85
historical,cocoa,COD,exp_cocoabutter,COD|exp_cocoabutter,0.018354946925502727,0,0.0,1998-2002,2008-2012,077d3324f64ddf5aa952be7a879834ba58adfd24c1bcb2754df481c129156f13,9704b972d3c33904afcb818f87ccd461d988fd30910e9788031d4176df032cd0,3f504e0bc00e47e2d3674e97ef03bed09c060383c94ac723bd7c7c9e56fa4a85
historical,cocoa,COD,exp_cocoapaste,COD|exp_cocoapaste,0.02089602720980021,0,0.0,1998-2002,2008-2012,077d3324f64ddf5aa952be7a879834ba58adfd24c1bcb2754df481c129156f13,9704b972d3c33904afcb818f87ccd461d988fd30910e9788031d4176df032cd0,3f504e0bc00e47e2d3674e97ef03bed09c060383c94ac723bd7c7c9e56fa4a85
historical,cocoa,COD,exp_cocoapowder_sw,COD|exp_cocoapowder_sw,0.015803930863199225,0,0.0,1998-2002,2008-2012,077d3324f64ddf5aa952be7a879834ba58adfd24c1bcb2754df481c129156f13,9704b972d3c33904afcb818f87ccd461d988fd30910e9788031d4176df032cd0,3f504e0bc00e47e2d3674e97ef03bed09c060383c94ac723bd7c7c9e56fa4a85
historical,cocoa,COD,exp_cocoapowder_unsw,COD|exp_cocoapowder_unsw,0.013354576119491415,0,0.0,1998-2002,2008-2012,077d3324f64ddf5aa952be7a879834ba58adfd24c1bcb2754df481c129156f13,9704b972d3c33904afcb818f87ccd461d988fd30910e9788031d4176df032cd0,3f504e0bc00e47e2d3674e97ef03bed09c060383c94ac723bd7c7c9e56fa4a85
historical,cocoa,COG,exp_cocoa_prep_blocks_bars,COG|exp_cocoa_prep_blocks_bars,0.011103939421618043,0,0.0,1998-2002,2008-2012,077d3324f64ddf5aa952be7a879834ba58adfd24c1bcb2754df481c129156f13,9704b972d3c33904afcb818f87ccd461d988fd30910e9788031d4176df032cd0,3f504e0bc00e47e2d3674e97ef03bed09c060383c94ac723bd7c7c9e56fa4a85
historical,cocoa,COG,exp_cocoa_prep_bulk,COG|exp_cocoa_prep_bulk,0.011000904392986583,0,0.0,1998-2002,2008-2012,077d3324f64ddf5aa952be7a879834ba58adfd24c1bcb2754df481c129156f13,9704b972d3c33904afcb818f87ccd461d988fd30910e9788031d4176df032cd0,3f504e0bc00e47e2d3674e97ef03bed09c060383c94ac723bd7c7c9e56fa4a85
historical,cocoa,COG,exp_cocoa_prep_other,COG|exp_cocoa_prep_other,0.01014889366687685,0,0.0,1998-2002,2008-2012,077d3324f64ddf5aa952be7a879834ba58adfd24c1bcb2754df481c129156f13,9704b972d3c33904afcb818f87ccd461d988fd30910e9788031d4176df032cd0,3f504e0bc00e47e2d3674e97ef03bed09c060383c94ac723bd7c7c9e56fa4a85
historical,cocoa,COG,exp_cocoabutter,COG|exp_cocoabutter,0.016544375182283574,0,0.0,1998-2002,2008-2012,077d3324f64ddf5aa952be7a879834ba58adfd24c1bcb2754df481c129156f13,9704b972d3c33904afcb818f87ccd461d988fd30910e9788031d4176df032cd0,3f504e0bc00e47e2d3674e97ef03bed09c060383c94ac723bd7c7c9e56fa4a85
historical,cocoa,COG,exp_cocoapaste,COG|exp_cocoapaste,0.018405765431760934,0,0.0,1998-2002,2008-2012,077d3324f64ddf5aa952be7a879834ba58adfd24c1bcb2754df481c129156f13,9704b972d3c33904afcb818f87ccd461d988fd30910e9788031d4176df032cd0,3f504e0bc00e47e2d3674e97ef03bed09c060383c94ac723bd7c7c9e56fa4a85
historical,cocoa,COG,exp_cocoapowder_sw,COG|exp_cocoapowder_sw,0.01543610247940989,0,0.0,1998-2002,2008-2012,077d3324f64ddf5aa952be7a879834ba58adfd24c1bcb2754df481c129156f13,9704b972d3c33904afcb818f87ccd461d988fd30910e9788031d4176df032cd0,3f504e0bc00e47e2d3674e97ef03bed09c060383c94ac723bd7c7c9e56fa4a85
historical,cocoa,COG,exp_cocoapowder_unsw,COG|exp_cocoapowder_unsw,0.011805835614194045,0,0.0,1998-2002,2008-2012,077d3324f64ddf5aa952be7a879834ba58adfd24c1bcb2754df481c129156f13,9704b972d3c33904afcb818f87ccd461d988fd30910e9788031d4176df032cd0,3f504e0bc00e47e2d3674e97ef03bed09c060383c94ac723bd7c7c9e56fa4a85
historical,cocoa,COL,exp_cocoapaste,COL|exp_cocoapaste,0.1311286025665928,1,3576.237,1998-2002,2008-2012,077d3324f64ddf5aa952be7a879834ba58adfd24c1bcb2754df481c129156f13,9704b972d3c33904afcb818f87ccd461d988fd30910e9788031d4176df032cd0,3f504e0bc00e47e2d3674e97ef03bed09c060383c94ac723bd7c7c9e56fa4a85
historical,cocoa,COL,exp_cocoapowder_unsw,COL|exp_cocoapowder_unsw,0.1399630316400094,1,1241.4012,1998-2002,2008-2012,077d3324f64ddf5aa952be7a879834ba58adfd24c1bcb2754df481c129156f13,9704b972d3c33904afcb818f87ccd461d988fd30910e9788031d4176df032cd0,3f504e0bc00e47e2d3674e97ef03bed09c060383c94ac723bd7c7c9e56fa4a85
historical,cocoa,CRI,exp_cocoa_prep_bulk,CRI|exp_cocoa_prep_bulk,0.08437586969023927,0,0.0,1998-2002,2008-2012,077d3324f64ddf5aa952be7a879834ba58adfd24c1bcb2754df481c129156f13,9704b972d3c33904afcb818f87ccd461d988fd30910e9788031d4176df032cd0,3f504e0bc00e47e2d3674e97ef03bed09c060383c94ac723bd7c7c9e56fa4a85
historical,cocoa,CRI,exp_cocoapowder_sw,CRI|exp_cocoapowder_sw,0.13783444598639139,1,246.252,1998-2002,2008-2012,077d3324f64ddf5aa952be7a879834ba58adfd24c1bcb2754df481c129156f13,9704b972d3c33904afcb818f87ccd461d988fd30910e9788031d4176df032cd0,3f504e0bc00e47e2d3674e97ef03bed09c060383c94ac723bd7c7c9e56fa4a85
historical,cocoa,CUB,exp_cocoa_prep_blocks_bars,CUB|exp_cocoa_prep_blocks_bars,0.03574080930775439,0,0.0,1998-2002,2008-2012,077d3324f64ddf5aa952be7a879834ba58adfd24c1bcb2754df481c129156f13,9704b972d3c33904afcb818f87ccd461d988fd30910e9788031d4176df032cd0,3f504e0bc00e47e2d3674e97ef03bed09c060383c94ac723bd7c7c9e56fa4a85
historical,cocoa,CUB,exp_cocoa_prep_bulk,CUB|exp_cocoa_prep_bulk,0.032400558954785726,0,0.0,1998-2002,2008-2012,077d3324f64ddf5aa952be7a879834ba58adfd24c1bcb2754df481c129156f13,9704b972d3c33904afcb818f87ccd461d988fd30910e9788031d4176df032cd0,3f504e0bc00e47e2d3674e97ef03bed09c060383c94ac723bd7c7c9e56fa4a85
historical,cocoa,CUB,exp_cocoa_prep_other,CUB|exp_cocoa_prep_other,0.03627055755554756,0,0.0,1998-2002,2008-2012,077d3324f64ddf5aa952be7a879834ba58adfd24c1bcb2754df481c129156f13,9704b972d3c33904afcb818f87ccd461d988fd30910e9788031d4176df032cd0,3f504e0bc00e47e2d3674e97ef03bed09c060383c94ac723bd7c7c9e56fa4a85
historical,cocoa,CUB,exp_cocoapaste,CUB|exp_cocoapaste,0.039856336093967173,1,218.5658,1998-2002,2008-2012,077d3324f64ddf5aa952be7a879834ba58adfd24c1bcb2754df481c129156f13,9704b972d3c33904afcb818f87ccd461d988fd30910e9788031d4176df032cd0,3f504e0bc00e47e2d3674e97ef03bed09c060383c94ac723bd7c7c9e56fa4a85
historical,cocoa,CUB,exp_cocoapowder_sw,CUB|exp_cocoapowder_sw,0.04412408747052923,0,0.0,1998-2002,2008-2012,077d3324f64ddf5aa952be7a879834ba58adfd24c1bcb2754df481c129156f13,9704b972d3c33904afcb818f87ccd461d988fd30910e9788031d4176df032cd0,3f504e0bc00e47e2d3674e97ef03bed09c060383c94ac723bd7c7c9e56fa4a85
historical,cocoa,CUB,exp_cocoapowder_unsw,CUB|exp_cocoapowder_unsw,0.03691809227335424,0,0.0,1998-2002,2008-2012,077d3324f64ddf5aa952be7a879834ba58adfd24c1bcb2754df481c129156f13,9704b972d3c33904afcb818f87ccd461d988fd30910e9788031d4176df032cd0,3f504e0bc00e47e2d3674e97ef03bed09c060383c94ac723bd7c7c9e56fa4a85
historical,cocoa,DNK,exp_cocoapowder_unsw,DNK|exp_cocoapowder_unsw,0.2625738145683784,1,486.7368,1998-2002,2008-2012,077d3324f64ddf5aa952be7a879834ba58adfd24c1bcb2754df481c129156f13,9704b972d3c33904afcb818f87ccd461d988fd30910e9788031d4176df032cd0,3f504e0bc00e47e2d3674e97ef03bed09c060383c94ac723bd7c7c9e56fa4a85
historical,cocoa,DOM,exp_cocoa_prep_other,DOM|exp_cocoa_prep_other,0.08953928062265967,0,0.0,1998-2002,2008-2012,077d3324f64ddf5aa952be7a879834ba58adfd24c1bcb2754df481c129156f13,9704b972d3c33904afcb818f87ccd461d988fd30910e9788031d4176df032cd0,3f504e0bc00e47e2d3674e97ef03bed09c060383c94ac723bd7c7c9e56fa4a85
historical,cocoa,DZA,exp_cocoa_prep_blocks_bars,DZA|exp_cocoa_prep_blocks_bars,0.01220746071413705,0,0.0,1998-2002,2008-2012,077d3324f64ddf5aa952be7a879834ba58adfd24c1bcb2754df481c129156f13,9704b972d3c33904afcb818f87ccd461d988fd30910e9788031d4176df032cd0,3f504e0bc00e47e2d3674e97ef03bed09c060383c94ac723bd7c7c9e56fa4a85
historical,cocoa,DZA,exp_cocoa_prep_bulk,DZA|exp_cocoa_prep_bulk,0.011335358798892733,0,0.0,1998-2002,2008-2012,077d3324f64ddf5aa952be7a879834ba58adfd24c1bcb2754df481c129156f13,9704b972d3c33904afcb818f87ccd461d988fd30910e9788031d4176df032cd0,3f504e0bc00e47e2d3674e97ef03bed09c060383c94ac723bd7c7c9e56fa4a85
historical,cocoa,DZA,exp_cocoa_prep_other,DZA|exp_cocoa_prep_other,0.011767417008438733,0,0.0,1998-2002,2008-2012,077d3324f64ddf5aa952be7a879834ba58adfd24c1bcb2754df481c129156f13,9704b972d3c33904afcb818f87ccd461d988fd30910e9788031d4176df032cd0,3f504e0bc00e47e2d3674e97ef03bed09c060383c94ac723bd7c7c9e56fa4a85
historical,cocoa,ECU,exp_cocoapowder_sw,ECU|exp_cocoapowder_sw,0.08563404894260225,0,0.0,1998-2002,2008-2012,077d3324f64ddf5aa952be7a879834ba58adfd24c1bcb2754df481c129156f13,9704b972d3c33904afcb818f87ccd461d988fd30910e9788031d4176df032cd0,3f504e0bc00e47e2d3674e97ef03bed09c060383c94ac723bd7c7c9e56fa4a85
historical,cocoa,EST,exp_cocoapowder_sw,EST|exp_cocoapowder_sw,0.22739371666532623,0,0.0,1998-2002,2008-2012,077d3324f64ddf5aa952be7a879834ba58adfd24c1bcb2754df481c129156f13,9704b972d3c33904afcb818f87ccd461d988fd30910e9788031d4176df032cd0,3f504e0bc00e47e2d3674e97ef03bed09c060383c94ac723bd7c7c9e56fa4a85
historical,cocoa,GAB,exp_cocoa_prep_blocks_bars,GAB|exp_cocoa_prep_blocks_bars,0.010092316454179137,0,0.0,1998-2002,2008-2012,077d3324f64ddf5aa952be7a879834ba58adfd24c1bcb2754df481c129156f13,9704b972d3c33904afcb818f87ccd461d988fd30910e9788031d4176df032cd0,3f504e0bc00e47e2d3674e97ef03bed09c060383c94ac723bd7c7c9e56fa4a85
historical,cocoa,GAB,exp_cocoa_prep_bulk,GAB|exp_cocoa_prep_bulk,0.009678640744698071,0,0.0,1998-2002,2008-2012,077d3324f64ddf5aa952be7a879834ba58adfd24c1bcb2754df481c129156f13,9704b972d3c33904afcb818f87ccd461d988fd30910e9788031d4176df032cd0,3f504e0bc00e47e2d3674e97ef03bed09c060383c94ac723bd7c7c9e56fa4a85
historical,cocoa,GAB,exp_cocoa_prep_other,GAB|exp_cocoa_prep_other,0.009606922279272265,0,0.0,1998-2002,2008-2012,077d3324f64ddf5aa952be7a879834ba58adfd24c1bcb2754df481c129156f13,9704b972d3c33904afcb818f87ccd461d988fd30910e9788031d4176df032cd0,3f504e0bc00e47e2d3674e97ef03bed09c060383c94ac723bd7c7c9e56fa4a85
historical,cocoa,GAB,exp_cocoabutter,GAB|exp_cocoabutter,0.01617815841278112,0,0.0,1998-2002,2008-2012,077d3324f64ddf5aa952be7a879834ba58adfd24c1bcb2754df481c129156f13,9704b972d3c33904afcb818f87ccd461d988fd30910e9788031d4176df032cd0,3f504e0bc00e47e2d3674e97ef03bed09c060383c94ac723bd7c7c9e56fa4a85
historical,cocoa,GAB,exp_cocoapaste,GAB|exp_cocoapaste,0.01736378772978349,0,0.0,1998-2002,2008-2012,077d3324f64ddf5aa952be7a879834ba58adfd24c1bcb2754df481c129156f13,9704b972d3c33904afcb818f87ccd461d988fd30910e9788031d4176df032cd0,3f504e0bc00e47e2d3674e97ef03bed09c060383c94ac723bd7c7c9e56fa4a85
historical,cocoa,GAB,exp_cocoapowder_sw,GAB|exp_cocoapowder_sw,0.014540018821789274,0,0.0,1998-2002,2008-2012,077d3324f64ddf5aa952be7a879834ba58adfd24c1bcb2754df481c129156f13,9704b972d3c33904afcb818f87ccd461d988fd30910e9788031d4176df032cd0,3f504e0bc00e47e2d3674e97ef03bed09c060383c94ac723bd7c7c9e56fa4a85
historical,cocoa,GAB,exp_cocoapowder_unsw,GAB|exp_cocoapowder_unsw,0.012917728782373922,0,0.0,1998-2002,2008-2012,077d3324f64ddf5aa952be7a879834ba58adfd24c1bcb2754df481c129156f13,9704b972d3c33904afcb818f87ccd461d988fd30910e9788031d4176df032cd0,3f504e0bc00e47e2d3674e97ef03bed09c060383c94ac723bd7c7c9e56fa4a85
historical,cocoa,GHA,exp_cocoa_prep_blocks_bars,GHA|exp_cocoa_prep_blocks_bars,0.04732464262047281,0,0.0,1998-2002,2008-2012,077d3324f64ddf5aa952be7a879834ba58adfd24c1bcb2754df481c129156f13,9704b972d3c33904afcb818f87ccd461d988fd30910e9788031d4176df032cd0,3f504e0bc00e47e2d3674e97ef03bed09c060383c94ac723bd7c7c9e56fa4a85
historical,cocoa,GHA,exp_cocoa_prep_other,GHA|exp_cocoa_prep_other,0.04439474743233748,1,2973.1832,1998-2002,2008-2012,077d3324f64ddf5aa952be7a879834ba58adfd24c1bcb2754df481c129156f13,9704b972d3c33904afcb818f87ccd461d988fd30910e9788031d4176df032cd0,3f504e0bc00e47e2d3674e97ef03bed09c060383c94ac723bd7c7c9e56fa4a85
historical,cocoa,GIN,exp_cocoa_prep_blocks_bars,GIN|exp_cocoa_prep_blocks_bars,0.016940561855222917,0,0.0,1998-2002,2008-2012,077d3324f64ddf5aa952be7a879834ba58adfd24c1bcb2754df481c129156f13,9704b972d3c33904afcb818f87ccd461d988fd30910e9788031d4176df032cd0,3f504e0bc00e47e2d3674e97ef03bed09c060383c94ac723bd7c7c9e56fa4a85
historical,cocoa,GIN,exp_cocoa_prep_bulk,GIN|exp_cocoa_prep_bulk,0.015999270533260928,0,0.0,1998-2002,2008-2012,077d3324f64ddf5aa952be7a879834ba58adfd24c1bcb2754df481c129156f13,9704b972d3c33904afcb818f87ccd461d988fd30910e9788031d4176df032cd0,3f504e0bc00e47e2d3674e97ef03bed09c060383c94ac723bd7c7c9e56fa4a85
historical,cocoa,GIN,exp_cocoa_prep_other,GIN|exp_cocoa_prep_other,0.015613599645417572,0,0.0,1998-2002,2008-2012,077d3324f64ddf5aa952be7a879834ba58adfd24c1bcb2754df481c129156f13,9704b972d3c33904afcb818f87ccd461d988fd30910e9788031d4176df032cd0,3f504e0bc00e47e2d3674e97ef03bed09c060383c94ac723bd7c7c9e56fa4a85
historical,cocoa,GIN,exp_cocoabutter,GIN|exp_cocoabutter,0.028164783658048764,0,0.0,1998-2002,2008-2012,077d3324f64ddf5aa952be7a879834ba58adfd24c1bcb2754df481c129156f13,9704b972d3c33904afcb818f87ccd461d988fd30910e9788031d4176df032cd0,3f504e0bc00e47e2d3674e97ef03bed09c060383c94ac723bd7c7c9e56fa4a85
historical,cocoa,GIN,exp_cocoapaste,GIN|exp_cocoapaste,0.032533826152088705,0,0.0,1998-2002,2008-2012,077d3324f64ddf5aa952be7a879834ba58adfd24c1bcb2754df481c129156f13,9704b972d3c33904afcb818f87ccd461d988fd30910e9788031d4176df032cd0,3f504e0bc00e47e2d3674e97ef03bed09c060383c94ac723bd7c7c9e56fa4a85
historical,cocoa,GIN,exp_cocoapowder_sw,GIN|exp_cocoapowder_sw,0.025752195778862817,0,0.0,1998-2002,2008-2012,077d3324f64ddf5aa952be7a879834ba58adfd24c1bcb2754df481c129156f13,9704b972d3c33904afcb818f87ccd461d988fd30910e9788031d4176df032cd0,3f504e0bc00e47e2d3674e97ef03bed09c060383c94ac723bd7c7c9e56fa4a85
historical,cocoa,GIN,exp_cocoapowder_unsw,GIN|exp_cocoapowder_unsw,0.021482391660608797,0,0.0,1998-2002,2008-2012,077d3324f64ddf5aa952be7a879834ba58adfd24c1bcb2754df481c129156f13,9704b972d3c33904afcb818f87ccd461d988fd30910e9788031d4176df032cd0,3f504e0bc00e47e2d3674e97ef03bed09c060383c94ac723bd7c7c9e56fa4a85
historical,cocoa,GMB,exp_cocoa_prep_blocks_bars,GMB|exp_cocoa_prep_blocks_bars,0.05863240542066257,0,0.0,1998-2002,2008-2012,077d3324f64ddf5aa952be7a879834ba58adfd24c1bcb2754df481c129156f13,9704b972d3c33904afcb818f87ccd461d988fd30910e9788031d4176df032cd0,3f504e0bc00e47e2d3674e97ef03bed09c060383c94ac723bd7c7c9e56fa4a85
historical,cocoa,GMB,exp_cocoa_prep_bulk,GMB|exp_cocoa_prep_bulk,0.05358871448780185,0,0.0,1998-2002,2008-2012,077d3324f64ddf5aa952be7a879834ba58adfd24c1bcb2754df481c129156f13,9704b972d3c33904afcb818f87ccd461d988fd30910e9788031d4176df032cd0,3f504e0bc00e47e2d3674e97ef03bed09c060383c94ac723bd7c7c9e56fa4a85
historical,cocoa,GMB,exp_cocoa_prep_other,GMB|exp_cocoa_prep_other,0.058007524253462096,0,0.0,1998-2002,2008-2012,077d3324f64ddf5aa952be7a879834ba58adfd24c1bcb2754df481c129156f13,9704b972d3c33904afcb818f87ccd461d988fd30910e9788031d4176df032cd0,3f504e0bc00e47e2d3674e97ef03bed09c060383c94ac723bd7c7c9e56fa4a85
historical,cocoa,GNB,exp_cocoa_prep_blocks_bars,GNB|exp_cocoa_prep_blocks_bars,0.01131072009039761,0,0.0,1998-2002,2008-2012,077d3324f64ddf5aa952be7a879834ba58adfd24c1bcb2754df481c129156f13,9704b972d3c33904afcb818f87ccd461d988fd30910e9788031d4176df032cd0,3f504e0bc00e47e2d3674e97ef03bed09c060383c94ac723bd7c7c9e56fa4a85
historical,cocoa,GNB,exp_cocoa_prep_bulk,GNB|exp_cocoa_prep_bulk,0.00921483733133749,0,0.0,1998-2002,2008-2012,077d3324f64ddf5aa952be7a879834ba58adfd24c1bcb2754df481c129156f13,9704b972d3c33904afcb818f87ccd461d988fd30910e9788031d4176df032cd0,3f504e0bc00e47e2d3674e97ef03bed09c060383c94ac723bd7c7c9e56fa4a85
historical,cocoa,GNB,exp_cocoa_prep_other,GNB|exp_cocoa_prep_other,0.010167325974280465,0,0.0,1998-2002,2008-2012,077d3324f64ddf5aa952be7a879834ba58adfd24c1bcb2754df481c129156f13,9704b972d3c33904afcb818f87ccd461d988fd30910e9788031d4176df032cd0,3f504e0bc00e47e2d3674e97ef03bed09c060383c94ac723bd7c7c9e56fa4a85
historical,cocoa,GNB,exp_cocoabutter,GNB|exp_cocoabutter,0.020340374089438996,0,0.0,1998-2002,2008-2012,077d3324f64ddf5aa952be7a879834ba58adfd24c1bcb2754df481c129156f13,9704b972d3c33904afcb818f87ccd461d988fd30910e9788031d4176df032cd0,3f504e0bc00e47e2d3674e97ef03bed09c060383c94ac723bd7c7c9e56fa4a85
historical,cocoa,GNB,exp_cocoapaste,GNB|exp_cocoapaste,0.020174164979445727,0,0.0,1998-2002,2008-2012,077d3324f64ddf5aa952be7a879834ba58adfd24c1bcb2754df481c129156f13,9704b972d3c33904afcb818f87ccd461d988fd30910e9788031d4176df032cd0,3f504e0bc00e47e2d3674e97ef03bed09c060383c94ac723bd7c7c9e56fa4a85
historical,cocoa,GNB,exp_cocoapowder_sw,GNB|exp_cocoapowder_sw,0.018970688785590016,0,0.0,1998-2002,2008-2012,077d3324f64ddf5aa952be7a879834ba58adfd24c1bcb2754df481c129156f13,9704b972d3c33904afcb818f87ccd461d988fd30910e9788031d4176df032cd0,3f504e0bc00e47e2d3674e97ef03bed09c060383c94ac723bd7c7c9e56fa4a85
historical,cocoa,GNB,exp_cocoapowder_unsw,GNB|exp_cocoapowder_unsw,0.015018465328173225,0,0.0,1998-2002,2008-2012,077d3324f64ddf5aa952be7a879834ba58adfd24c1bcb2754df481c129156f13,9704b972d3c33904afcb818f87ccd461d988fd30910e9788031d4176df032cd0,3f504e0bc00e47e2d3674e97ef03bed09c060383c94ac723bd7c7c9e56fa4a85
historical,cocoa,GNQ,exp_cocoa_prep_blocks_bars,GNQ|exp_cocoa_prep_blocks_bars,0.0038184296758138657,0,0.0,1998-2002,2008-2012,077d3324f64ddf5aa952be7a879834ba58adfd24c1bcb2754df481c129156f13,9704b972d3c33904afcb818f87ccd461d988fd30910e9788031d4176df032cd0,3f504e0bc00e47e2d3674e97ef03bed09c060383c94ac723bd7c7c9e56fa4a85
historical,cocoa,GNQ,exp_cocoa_prep_bulk,GNQ|exp_cocoa_prep_bulk,0.0029033196742166006,0,0.0,1998-2002,2008-2012,077d3324f64ddf5aa952be7a879834ba58adfd24c1bcb2754df481c129156f13,9704b972d3c33904afcb818f87ccd461d988fd30910e9788031d4176df032cd0,3f504e0bc00e47e2d3674e97ef03bed09c060383c94ac723bd7c7c9e56fa4a85
historical,cocoa,GNQ,exp_cocoa_prep_other,GNQ|exp_cocoa_prep_other,0.0028910257097281796,0,0.0,1998-2002,2008-2012,077d3324f64ddf5aa952be7a879834ba58adfd24c1bcb2754df481c129156f13,9704b972d3c33904afcb818f87ccd461d988fd30910e9788031d4176df032cd0,3f504e0bc00e47e2d3674e97ef03bed09c060383c94ac723bd7c7c9e56fa4a85
historical,cocoa,GNQ,exp_cocoabutter,GNQ|exp_cocoabutter,0.007580425738411892,0,0.0,1998-2002,2008-2012,077d3324f64ddf5aa952be7a879834ba58adfd24c1bcb2754df481c129156f13,9704b972d3c33904afcb818f87ccd461d988fd30910e9788031d4176df032cd0,3f504e0bc00e47e2d3674e97ef03bed09c060383c94ac723bd7c7c9e56fa4a85
historical,cocoa,GNQ,exp_cocoapaste,GNQ|exp_cocoapaste,0.00851839985533652,0,0.0,1998-2002,2008-2012,077d3324f64ddf5aa952be7a879834ba58adfd24c1bcb2754df481c129156f13,9704b972d3c33904afcb818f87ccd461d988fd30910e9788031d4176df032cd0,3f504e0bc00e47e2d3674e97ef03bed09c060383c94ac723bd7c7c9e56fa4a85
historical,cocoa,GNQ,exp_cocoapowder_sw,GNQ|exp_cocoapowder_sw,0.006468570629297835,0,0.0,1998-2002,2008-2012,077d3324f64ddf5aa952be7a879834ba58adfd24c1bcb2754df481c129156f13,9704b972d3c33904afcb818f87ccd461d988fd30910e9788031d4176df032cd0,3f504e0bc00e47e2d3674e97ef03bed09c060383c94ac723bd7c7c9e56fa4a85
historical,cocoa,GNQ,exp_cocoapowder_unsw,GNQ|exp_cocoapowder_unsw,0.005147872833258544,0,0.0,1998-2002,2008-2012,077d3324f64ddf5aa952be7a879834ba58adfd24c1bcb2754df481c129156f13,9704b972d3c33904afcb818f87ccd461d988fd30910e9788031d4176df032cd0,3f504e0bc00e47e2d3674e97ef03bed09c060383c94ac723bd7c7c9e56fa4a85
historical,cocoa,GRC,exp_cocoapowder_sw,GRC|exp_cocoapowder_sw,0.29424224871278526,1,615.5634,1998-2002,2008-2012,077d3324f64ddf5aa952be7a879834ba58adfd24c1bcb2754df481c129156f13,9704b972d3c33904afcb818f87ccd461d988fd30910e9788031d4176df032cd0,3f504e0bc00e47e2d3674e97ef03bed09c060383c94ac723bd7c7c9e56fa4a85
historical,cocoa,GRD,exp_cocoa_prep_blocks_bars,GRD|exp_cocoa_prep_blocks_bars,0.05004689243027357,0,0.0,1998-2002,2008-2012,077d3324f64ddf5aa952be7a879834ba58adfd24c1bcb2754df481c129156f13,9704b972d3c33904afcb818f87ccd461d988fd30910e9788031d4176df032cd0,3f504e0bc00e47e2d3674e97ef03bed09c060383c94ac723bd7c7c9e56fa4a85
historical,cocoa,GRD,exp_cocoa_prep_bulk,GRD|exp_cocoa_prep_bulk,0.04511902449598232,0,0.0,1998-2002,2008-2012,077d3324f64ddf5aa952be7a879834ba58adfd24c1bcb2754df481c129156f13,9704b972d3c33904afcb818f87ccd461d988fd30910e9788031d4176df032cd0,3f504e0bc00e47e2d3674e97ef03bed09c060383c94ac723bd7c7c9e56fa4a85
historical,cocoa,GRD,exp_cocoa_prep_other,GRD|exp_cocoa_prep_other,0.05018867555881863,0,0.0,1998-2002,2008-2012,077d3324f64ddf5aa952be7a879834ba58adfd24c1bcb2754df481c129156f13,9704b972d3c33904afcb818f87ccd461d988fd30910e9788031d4176df032cd0,3f504e0bc00e47e2d3674e97ef03bed09c060383c94ac723bd7c7c9e56fa4a85
historical,cocoa,GRD,exp_cocoabutter,GRD|exp_cocoabutter,0.05643298600154996,0,0.0,1998-2002,2008-2012,077d3324f64ddf5aa952be7a879834ba58adfd24c1bcb2754df481c129156f13,9704b972d3c33904afcb818f87ccd461d988fd30910e9788031d4176df032cd0,3f504e0bc00e47e2d3674e97ef03bed09c060383c94ac723bd7c7c9e56fa4a85
historical,cocoa,GRD,exp_cocoapaste,GRD|exp_cocoapaste,0.05363098880862466,0,0.0,1998-2002,2008-2012,077d3324f64ddf5aa952be7a879834ba58adfd24c1bcb2754df481c129156f13,9704b972d3c33904afcb818f87ccd461d988fd30910e9788031d4176df032cd0,3f504e0bc00e47e2d3674e97ef03bed09c060383c94ac723bd7c7c9e56fa4a85
historical,cocoa,GRD,exp_cocoapowder_sw,GRD|exp_cocoapowder_sw,0.061420892043538226,0,0.0,1998-2002,2008-2012,077d3324f64ddf5aa952be7a879834ba58adfd24c1bcb2754df481c129156f13,9704b972d3c33904afcb818f87ccd461d988fd30910e9788031d4176df032cd0,3f504e0bc00e47e2d3674e97ef03bed09c060383c94ac723bd7c7c9e56fa4a85
historical,cocoa,GRD,exp_cocoapowder_unsw,GRD|exp_cocoapowder_unsw,0.051531225125420056,0,0.0,1998-2002,2008-2012,077d3324f64ddf5aa952be7a879834ba58adfd24c1bcb2754df481c129156f13,9704b972d3c33904afcb818f87ccd461d988fd30910e9788031d4176df032cd0,3f504e0bc00e47e2d3674e97ef03bed09c060383c94ac723bd7c7c9e56fa4a85
historical,cocoa,HND,exp_cocoa_prep_blocks_bars,HND|exp_cocoa_prep_blocks_bars,0.09400910447298402,1,1097.387,1998-2002,2008-2012,077d3324f64ddf5aa952be7a879834ba58adfd24c1bcb2754df481c129156f13,9704b972d3c33904afcb818f87ccd461d988fd30910e9788031d4176df032cd0,3f504e0bc00e47e2d3674e97ef03bed09c060383c94ac723bd7c7c9e56fa4a85
historical,cocoa,HND,exp_cocoa_prep_bulk,HND|exp_cocoa_prep_bulk,0.07020601568635018,0,0.0,1998-2002,2008-2012,077d3324f64ddf5aa952be7a879834ba58adfd24c1bcb2754df481c129156f13,9704b972d3c33904afcb818f87ccd461d988fd30910e9788031d4176df032cd0,3f504e0bc00e47e2d3674e97ef03bed09c060383c94ac723bd7c7c9e56fa4a85
historical,cocoa,HND,exp_cocoapowder_sw,HND|exp_cocoapowder_sw,0.1378374778001836,0,0.0,1998-2002,2008-2012,077d3324f64ddf5aa952be7a879834ba58adfd24c1bcb2754df481c129156f13,9704b972d3c33904afcb818f87ccd461d988fd30910e9788031d4176df032cd0,3f504e0bc00e47e2d3674e97ef03bed09c060383c94ac723bd7c7c9e56fa4a85
historical,cocoa,HTI,exp_cocoa_prep_blocks_bars,HTI|exp_cocoa_prep_blocks_bars,0.033967541809194986,0,0.0,1998-2002,2008-2012,077d3324f64ddf5aa952be7a879834ba58adfd24c1bcb2754df481c129156f13,9704b972d3c33904afcb818f87ccd461d988fd30910e9788031d4176df032cd0,3f504e0bc00e47e2d3674e97ef03bed09c060383c94ac723bd7c7c9e56fa4a85
historical,cocoa,HTI,exp_cocoa_prep_bulk,HTI|exp_cocoa_prep_bulk,0.02052432306993382,0,0.0,1998-2002,2008-2012,077d3324f64ddf5aa952be7a879834ba58adfd24c1bcb2754df481c129156f13,9704b972d3c33904afcb818f87ccd461d988fd30910e9788031d4176df032cd0,3f504e0bc00e47e2d3674e97ef03bed09c060383c94ac723bd7c7c9e56fa4a85
historical,cocoa,HTI,exp_cocoa_prep_other,HTI|exp_cocoa_prep_other,0.035796318355199926,0,0.0,1998-2002,2008-2012,077d3324f64ddf5aa952be7a879834ba58adfd24c1bcb2754df481c129156f13,9704b972d3c33904afcb818f87ccd461d988fd30910e9788031d4176df032cd0,3f504e0bc00e47e2d3674e97ef03bed09c060383c94ac723bd7c7c9e56fa4a85
historical,cocoa,HTI,exp_cocoabutter,HTI|exp_cocoabutter,0.047752776612483484,0,0.0,1998-2002,2008-2012,077d3324f64ddf5aa952be7a879834ba58adfd24c1bcb2754df481c129156f13,9704b972d3c33904afcb818f87ccd461d988fd30910e9788031d4176df032cd0,3f504e0bc00e47e2d3674e97ef03bed09c060383c94ac723bd7c7c9e56fa4a85
historical,cocoa,HTI,exp_cocoapaste,HTI|exp_cocoapaste,0.0442672679929559,0,0.0,1998-2002,2008-2012,077d3324f64ddf5aa952be7a879834ba58adfd24c1bcb2754df481c129156f13,9704b972d3c33904afcb818f87ccd461d988fd30910e9788031d4176df032cd0,3f504e0bc00e47e2d3674e97ef03bed09c060383c94ac723bd7c7c9e56fa4a85
historical,cocoa,HTI,exp_cocoapowder_sw,HTI|exp_cocoapowder_sw,0.056342719067781794,0,0.0,1998-2002,2008-2012,077d3324f64ddf5aa952be7a879834ba58adfd24c1bcb2754df481c129156f13,9704b972d3c33904afcb818f87ccd461d988fd30910e9788031d4176df032cd0,3f504e0bc00e47e2d3674e97ef03bed09c060383c94ac723bd7c7c9e56fa4a85
historical,cocoa,HTI,exp_cocoapowder_unsw,HTI|exp_cocoapowder_unsw,0.04524251309905181,0,0.0,1998-2002,2008-2012,077d3324f64ddf5aa952be7a879834ba58adfd24c1bcb2754df481c129156f13,9704b972d3c33904afcb818f87ccd461d988fd30910e9788031d4176df032cd0,3f504e0bc00e47e2d3674e97ef03bed09c060383c94ac723bd7c7c9e56fa4a85
historical,cocoa,IND,exp_cocoa_prep_blocks_bars,IND|exp_cocoa_prep_blocks_bars,0.30469552226215574,1,4086.6224,1998-2002,2008-2012,077d3324f64ddf5aa952be7a879834ba58adfd24c1bcb2754df481c129156f13,9704b972d3c33904afcb818f87ccd461d988fd30910e9788031d4176df032cd0,3f504e0bc00e47e2d3674e97ef03bed09c060383c94ac723bd7c7c9e56fa4a85
historical,cocoa,IND,exp_cocoapaste,IND|exp_cocoapaste,0.33278597322146974,0,0.0,1998-2002,2008-2012,077d3324f64ddf5aa952be7a879834ba58adfd24c1bcb2754df481c129156f13,9704b972d3c33904afcb818f87ccd461d988fd30910e9788031d4176df032cd0,3f504e0bc00e47e2d3674e97ef03bed09c060383c94ac723bd7c7c9e56fa4a85
historical,cocoa,IRL,exp_cocoapowder_unsw,IRL|exp_cocoapowder_unsw,0.10037683761735562,0,0.0,1998-2002,2008-2012,077d3324f64ddf5aa952be7a879834ba58adfd24c1bcb2754df481c129156f13,9704b972d3c33904afcb818f87ccd461d988fd30910e9788031d4176df032cd0,3f504e0bc00e47e2d3674e97ef03bed09c060383c94ac723bd7c7c9e56fa4a85
historical,cocoa,ISR,exp_cocoabutter,ISR|exp_cocoabutter,0.16139790680953278,0,0.0,1998-2002,2008-2012,077d3324f64ddf5aa952be7a879834ba58adfd24c1bcb2754df481c129156f13,9704b972d3c33904afcb818f87ccd461d988fd30910e9788031d4176df032cd0,3f504e0bc00e47e2d3674e97ef03bed09c060383c94ac723bd7c7c9e56fa4a85
historical,cocoa,ISR,exp_cocoapaste,ISR|exp_cocoapaste,0.1612406207735448,0,0.0,1998-2002,2008-2012,077d3324f64ddf5aa952be7a879834ba58adfd24c1bcb2754df481c129156f13,9704b972d3c33904afcb818f87ccd461d988fd30910e9788031d4176df032cd0,3f504e0bc00e47e2d3674e97ef03bed09c060383c94ac723bd7c7c9e56fa4a85
historical,cocoa,ISR,exp_cocoapowder_sw,ISR|exp_cocoapowder_sw,0.17344760543212756,0,0.0,1998-2002,2008-2012,077d3324f64ddf5aa952be7a879834ba58adfd24c1bcb2754df481c129156f13,9704b972d3c33904afcb818f87ccd461d988fd30910e9788031d4176df032cd0,3f504e0bc00e47e2d3674e97ef03bed09c060383c94ac723bd7c7c9e56fa4a85
historical,cocoa,JAM,exp_cocoapaste,JAM|exp_cocoapaste,0.0578721075995385,0,0.0,1998-2002,2008-2012,077d3324f64ddf5aa952be7a879834ba58adfd24c1bcb2754df481c129156f13,9704b972d3c33904afcb818f87ccd461d988fd30910e9788031d4176df032cd0,3f504e0bc00e47e2d3674e97ef03bed09c060383c94ac723bd7c7c9e56fa4a85
historical,cocoa,JAM,exp_cocoapowder_sw,JAM|exp_cocoapowder_sw,0.07879351003994493,0,0.0,1998-2002,2008-2012,077d3324f64ddf5aa952be7a879834ba58adfd24c1bcb2754df481c129156f13,9704b972d3c33904afcb818f87ccd461d988fd30910e9788031d4176df032cd0,3f504e0bc00e47e2d3674e97ef03bed09c060383c94ac723bd7c7c9e56fa4a85
historical,cocoa,JPN,exp_cocoabutter,JPN|exp_cocoabutter,0.20312529433338639,1,183.837,1998-2002,2008-2012,077d3324f64ddf5aa952be7a879834ba58adfd24c1bcb2754df481c129156f13,9704b972d3c33904afcb818f87ccd461d988fd30910e9788031d4176df032cd0,3f504e0bc00e47e2d3674e97ef03bed09c060383c94ac723bd7c7c9e56fa4a85
historical,cocoa,KOR,exp_cocoabutter,KOR|exp_cocoabutter,0.21549651556162766,0,0.0,1998-2002,2008-2012,077d3324f64ddf5aa952be7a879834ba58adfd24c1bcb2754df481c129156f13,9704b972d3c33904afcb818f87ccd461d988fd30910e9788031d4176df032cd0,3f504e0bc00e47e2d3674e97ef03bed09c060383c94ac723bd7c7c9e56fa4a85
historical,cocoa,LBR,exp_cocoa_prep_blocks_bars,LBR|exp_cocoa_prep_blocks_bars,0.012558527461762562,0,0.0,1998-2002,2008-2012,077d3324f64ddf5aa952be7a879834ba58adfd24c1bcb2754df481c129156f13,9704b972d3c33904afcb818f87ccd461d988fd30910e9788031d4176df032cd0,3f504e0bc00e47e2d3674e97ef03bed09c060383c94ac723bd7c7c9e56fa4a85
historical,cocoa,LBR,exp_cocoa_prep_bulk,LBR|exp_cocoa_prep_bulk,0.012162255034235701,0,0.0,1998-2002,2008-2012,077d3324f64ddf5aa952be7a879834ba58adfd24c1bcb2754df481c129156f13,9704b972d3c33904afcb818f87ccd461d988fd30910e9788031d4176df032cd0,3f504e0bc00e47e2d3674e97ef03bed09c060383c94ac723bd7c7c9e56fa4a85
historical,cocoa,LBR,exp_cocoa_prep_other,LBR|exp_cocoa_prep_other,0.01144358978893276,0,0.0,1998-2002,2008-2012,077d3324f64ddf5aa952be7a879834ba58adfd24c1bcb2754df481c129156f13,9704b972d3c33904afcb818f87ccd461d988fd30910e9788031d4176df032cd0,3f504e0bc00e47e2d3674e97ef03bed09c060383c94ac723bd7c7c9e56fa4a85
historical,cocoa,LBR,exp_cocoabutter,LBR|exp_cocoabutter,0.015430211387762254,0,0.0,1998-2002,2008-2012,077d3324f64ddf5aa952be7a879834ba58adfd24c1bcb2754df481c129156f13,9704b972d3c33904afcb818f87ccd461d988fd30910e9788031d4176df032cd0,3f504e0bc00e47e2d3674e97ef03bed09c060383c94ac723bd7c7c9e56fa4a85
historical,cocoa,LBR,exp_cocoapaste,LBR|exp_cocoapaste,0.0188754979792271,0,0.0,1998-2002,2008-2012,077d3324f64ddf5aa952be7a879834ba58adfd24c1bcb2754df481c129156f13,9704b972d3c33904afcb818f87ccd461d988fd30910e9788031d4176df032cd0,3f504e0bc00e47e2d3674e97ef03bed09c060383c94ac723bd7c7c9e56fa4a85
historical,cocoa,LBR,exp_cocoapowder_sw,LBR|exp_cocoapowder_sw,0.015995844465630054,0,0.0,1998-2002,2008-2012,077d3324f64ddf5aa952be7a879834ba58adfd24c1bcb2754df481c129156f13,9704b972d3c33904afcb818f87ccd461d988fd30910e9788031d4176df032cd0,3f504e0bc00e47e2d3674e97ef03bed09c060383c94ac723bd7c7c9e56fa4a85
historical,cocoa,LBR,exp_cocoapowder_unsw,LBR|exp_cocoapowder_unsw,0.013084878728269198,0,0.0,1998-2002,2008-2012,077d3324f64ddf5aa952be7a879834ba58adfd24c1bcb2754df481c129156f13,9704b972d3c33904afcb818f87ccd461d988fd30910e9788031d4176df032cd0,3f504e0bc00e47e2d3674e97ef03bed09c060383c94ac723bd7c7c9e56fa4a85
historical,cocoa,LKA,exp_cocoa_prep_blocks_bars,LKA|exp_cocoa_prep_blocks_bars,0.1131670203924276,1,176.04919999999998,1998-2002,2008-2012,077d3324f64ddf5aa952be7a879834ba58adfd24c1bcb2754df481c129156f13,9704b972d3c33904afcb818f87ccd461d988fd30910e9788031d4176df032cd0,3f504e0bc00e47e2d3674e97ef03bed09c060383c94ac723bd7c7c9e56fa4a85
historical,cocoa,LKA,exp_cocoa_prep_bulk,LKA|exp_cocoa_prep_bulk,0.07531753005288173,0,0.0,1998-2002,2008-2012,077d3324f64ddf5aa952be7a879834ba58adfd24c1bcb2754df481c129156f13,9704b972d3c33904afcb818f87ccd461d988fd30910e9788031d4176df032cd0,3f504e0bc00e47e2d3674e97ef03bed09c060383c94ac723bd7c7c9e56fa4a85
historical,cocoa,LKA,exp_cocoa_prep_other,LKA|exp_cocoa_prep_other,0.1270925930239722,1,1513.0116,1998-2002,2008-2012,077d3324f64ddf5aa952be7a879834ba58adfd24c1bcb2754df481c129156f13,9704b972d3c33904afcb818f87ccd461d988fd30910e9788031d4176df032cd0,3f504e0bc00e47e2d3674e97ef03bed09c060383c94ac723bd7c7c9e56fa4a85
historical,cocoa,LTU,exp_cocoabutter,LTU|exp_cocoabutter,0.18531778097841567,0,0.0,1998-2002,2008-2012,077d3324f64ddf5aa952be7a879834ba58adfd24c1bcb2754df481c129156f13,9704b972d3c33904afcb818f87ccd461d988fd30910e9788031d4176df032cd0,3f504e0bc00e47e2d3674e97ef03bed09c060383c94ac723bd7c7c9e56fa4a85
historical,cocoa,LTU,exp_cocoapowder_sw,LTU|exp_cocoapowder_sw,0.2170079476839938,1,3494.0394,1998-2002,2008-2012,077d3324f64ddf5aa952be7a879834ba58adfd24c1bcb2754df481c129156f13,9704b972d3c33904afcb818f87ccd461d988fd30910e9788031d4176df032cd0,3f504e0bc00e47e2d3674e97ef03bed09c060383c94ac723bd7c7c9e56fa4a85
historical,cocoa,LTU,exp_cocoapowder_unsw,LTU|exp_cocoapowder_unsw,0.20284460487456665,1,1777.867,1998-2002,2008-2012,077d3324f64ddf5aa952be7a879834ba58adfd24c1bcb2754df481c129156f13,9704b972d3c33904afcb818f87ccd461d988fd30910e9788031d4176df032cd0,3f504e0bc00e47e2d3674e97ef03bed09c060383c94ac723bd7c7c9e56fa4a85
historical,cocoa,LVA,exp_cocoa_prep_bulk,LVA|exp_cocoa_prep_bulk,0.13948594974774148,1,715.7692,1998-2002,2008-2012,077d3324f64ddf5aa952be7a879834ba58adfd24c1bcb2754df481c129156f13,9704b972d3c33904afcb818f87ccd461d988fd30910e9788031d4176df032cd0,3f504e0bc00e47e2d3674e97ef03bed09c060383c94ac723bd7c7c9e56fa4a85
historical,cocoa,LVA,exp_cocoabutter,LVA|exp_cocoabutter,0.16756852646629453,1,365.4572,1998-2002,2008-2012,077d3324f64ddf5aa952be7a879834ba58adfd24c1bcb2754df481c129156f13,9704b972d3c33904afcb818f87ccd461d988fd30910e9788031d4176df032cd0,3f504e0bc00e47e2d3674e97ef03bed09c060383c94ac723bd7c7c9e56fa4a85
historical,cocoa,LVA,exp_cocoapaste,LVA|exp_cocoapaste,0.16694321090860073,1,351.5308,1998-2002,2008-2012,077d3324f64ddf5aa952be7a879834ba58adfd24c1bcb2754df481c129156f13,9704b972d3c33904afcb818f87ccd461d988fd30910e9788031d4176df032cd0,3f504e0bc00e47e2d3674e97ef03bed09c060383c94ac723bd7c7c9e56fa4a85
historical,cocoa,LVA,exp_cocoapowder_sw,LVA|exp_cocoapowder_sw,0.19467412840871162,1,205.411,1998-2002,2008-2012,077d3324f64ddf5aa952be7a879834ba58adfd24c1bcb2754df481c129156f13,9704b972d3c33904afcb818f87ccd461d988fd30910e9788031d4176df032cd0,3f504e0bc00e47e2d3674e97ef03bed09c060383c94ac723bd7c7c9e56fa4a85
historical,cocoa,LVA,exp_cocoapowder_unsw,LVA|exp_cocoapowder_unsw,0.18043576495489144,1,146.8472,1998-2002,2008-2012,077d3324f64ddf5aa952be7a879834ba58adfd24c1bcb2754df481c129156f13,9704b972d3c33904afcb818f87ccd461d988fd30910e9788031d4176df032cd0,3f504e0bc00e47e2d3674e97ef03bed09c060383c94ac723bd7c7c9e56fa4a85
historical,cocoa,MAR,exp_cocoa_prep_blocks_bars,MAR|exp_cocoa_prep_blocks_bars,0.12174258732637541,1,276.005,1998-2002,2008-2012,077d3324f64ddf5aa952be7a879834ba58adfd24c1bcb2754df481c129156f13,9704b972d3c33904afcb818f87ccd461d988fd30910e9788031d4176df032cd0,3f504e0bc00e47e2d3674e97ef03bed09c060383c94ac723bd7c7c9e56fa4a85
historical,cocoa,MAR,exp_cocoa_prep_bulk,MAR|exp_cocoa_prep_bulk,0.08140685959865657,0,0.0,1998-2002,2008-2012,077d3324f64ddf5aa952be7a879834ba58adfd24c1bcb2754df481c129156f13,9704b972d3c33904afcb818f87ccd461d988fd30910e9788031d4176df032cd0,3f504e0bc00e47e2d3674e97ef03bed09c060383c94ac723bd7c7c9e56fa4a85
historical,cocoa,MAR,exp_cocoa_prep_other,MAR|exp_cocoa_prep_other,0.13369852088481568,1,821.3274,1998-2002,2008-2012,077d3324f64ddf5aa952be7a879834ba58adfd24c1bcb2754df481c129156f13,9704b972d3c33904afcb818f87ccd461d988fd30910e9788031d4176df032cd0,3f504e0bc00e47e2d3674e97ef03bed09c060383c94ac723bd7c7c9e56fa4a85
historical,cocoa,MAR,exp_cocoapaste,MAR|exp_cocoapaste,0.1264953165969439,0,0.0,1998-2002,2008-2012,077d3324f64ddf5aa952be7a879834ba58adfd24c1bcb2754df481c129156f13,9704b972d3c33904afcb818f87ccd461d988fd30910e9788031d4176df032cd0,3f504e0bc00e47e2d3674e97ef03bed09c060383c94ac723bd7c7c9e56fa4a85
historical,cocoa,MAR,exp_cocoapowder_sw,MAR|exp_cocoapowder_sw,0.16908003021237566,1,564.401,1998-2002,2008-2012,077d3324f64ddf5aa952be7a879834ba58adfd24c1bcb2754df481c129156f13,9704b972d3c33904afcb818f87ccd461d988fd30910e9788031d4176df032cd0,3f504e0bc00e47e2d3674e97ef03bed09c060383c94ac723bd7c7c9e56fa4a85
historical,cocoa,MAR,exp_cocoapowder_unsw,MAR|exp_cocoapowder_unsw,0.14686229880030255,0,0.0,1998-2002,2008-2012,077d3324f64ddf5aa952be7a879834ba58adfd24c1bcb2754df481c129156f13,9704b972d3c33904afcb818f87ccd461d988fd30910e9788031d4176df032cd0,3f504e0bc00e47e2d3674e97ef03bed09c060383c94ac723bd7c7c9e56fa4a85
historical,cocoa,MDG,exp_cocoa_prep_blocks_bars,MDG|exp_cocoa_prep_blocks_bars,0.08712501466605169,1,138.1862,1998-2002,2008-2012,077d3324f64ddf5aa952be7a879834ba58adfd24c1bcb2754df481c129156f13,9704b972d3c33904afcb818f87ccd461d988fd30910e9788031d4176df032cd0,3f504e0bc00e47e2d3674e97ef03bed09c060383c94ac723bd7c7c9e56fa4a85
historical,cocoa,MDG,exp_cocoa_prep_bulk,MDG|exp_cocoa_prep_bulk,0.06182469490180969,0,0.0,1998-2002,2008-2012,077d3324f64ddf5aa952be7a879834ba58adfd24c1bcb2754df481c129156f13,9704b972d3c33904afcb818f87ccd461d988fd30910e9788031d4176df032cd0,3f504e0bc00e47e2d3674e97ef03bed09c060383c94ac723bd7c7c9e56fa4a85
historical,cocoa,MDG,exp_cocoa_prep_other,MDG|exp_cocoa_prep_other,0.09221440350014211,0,0.0,1998-2002,2008-2012,077d3324f64ddf5aa952be7a879834ba58adfd24c1bcb2754df481c129156f13,9704b972d3c33904afcb818f87ccd461d988fd30910e9788031d4176df032cd0,3f504e0bc00e47e2d3674e97ef03bed09c060383c94ac723bd7c7c9e56fa4a85
historical,cocoa,MDG,exp_cocoabutter,MDG|exp_cocoabutter,0.1175151397592915,0,0.0,1998-2002,2008-2012,077d3324f64ddf5aa952be7a879834ba58adfd24c1bcb2754df481c129156f13,9704b972d3c33904afcb818f87ccd461d988fd30910e9788031d4176df032cd0,3f504e0bc00e47e2d3674e97ef03bed09c060383c94ac723bd7c7c9e56fa4a85
historical,cocoa,MDG,exp_cocoapaste,MDG|exp_cocoapaste,0.10566984086774539,1,316.7978,1998-2002,2008-2012,077d3324f64ddf5aa952be7a879834ba58adfd24c1bcb2754df481c129156f13,9704b972d3c33904afcb818f87ccd461d988fd30910e9788031d4176df032cd0,3f504e0bc00e47e2d3674e97ef03bed09c060383c94ac723bd7c7c9e56fa4a85
historical,cocoa,MDG,exp_cocoapowder_sw,MDG|exp_cocoapowder_sw,0.12904854604243812,0,0.0,1998-2002,2008-2012,077d3324f64ddf5aa952be7a879834ba58adfd24c1bcb2754df481c129156f13,9704b972d3c33904afcb818f87ccd461d988fd30910e9788031d4176df032cd0,3f504e0bc00e47e2d3674e97ef03bed09c060383c94ac723bd7c7c9e56fa4a85
historical,cocoa,MDG,exp_cocoapowder_unsw,MDG|exp_cocoapowder_unsw,0.10153644886131352,1,133.4972,1998-2002,2008-2012,077d3324f64ddf5aa952be7a879834ba58adfd24c1bcb2754df481c129156f13,9704b972d3c33904afcb818f87ccd461d988fd30910e9788031d4176df032cd0,3f504e0bc00e47e2d3674e97ef03bed09c060383c94ac723bd7c7c9e56fa4a85
historical,cocoa,MLT,exp_cocoa_prep_bulk,MLT|exp_cocoa_prep_bulk,0.04846284102747449,0,0.0,1998-2002,2008-2012,077d3324f64ddf5aa952be7a879834ba58adfd24c1bcb2754df481c129156f13,9704b972d3c33904afcb818f87ccd461d988fd30910e9788031d4176df032cd0,3f504e0bc00e47e2d3674e97ef03bed09c060383c94ac723bd7c7c9e56fa4a85
historical,cocoa,MLT,exp_cocoabutter,MLT|exp_cocoabutter,0.05815310700044426,0,0.0,1998-2002,2008-2012,077d3324f64ddf5aa952be7a879834ba58adfd24c1bcb2754df481c129156f13,9704b972d3c33904afcb818f87ccd461d988fd30910e9788031d4176df032cd0,3f504e0bc00e47e2d3674e97ef03bed09c060383c94ac723bd7c7c9e56fa4a85
historical,cocoa,MLT,exp_cocoapaste,MLT|exp_cocoapaste,0.055055654333594155,0,0.0,1998-2002,2008-2012,077d3324f64ddf5aa952be7a879834ba58adfd24c1bcb2754df481c129156f13,9704b972d3c33904afcb818f87ccd461d988fd30910e9788031d4176df032cd0,3f504e0bc00e47e2d3674e97ef03bed09c060383c94ac723bd7c7c9e56fa4a85
historical,cocoa,MLT,exp_cocoapowder_sw,MLT|exp_cocoapowder_sw,0.06643896143872155,0,0.0,1998-2002,2008-2012,077d3324f64ddf5aa952be7a879834ba58adfd24c1bcb2754df481c129156f13,9704b972d3c33904afcb818f87ccd461d988fd30910e9788031d4176df032cd0,3f504e0bc00e47e2d3674e97ef03bed09c060383c94ac723bd7c7c9e56fa4a85
historical,cocoa,MLT,exp_cocoapowder_unsw,MLT|exp_cocoapowder_unsw,0.05768458242541124,0,0.0,1998-2002,2008-2012,077d3324f64ddf5aa952be7a879834ba58adfd24c1bcb2754df481c129156f13,9704b972d3c33904afcb818f87ccd461d988fd30910e9788031d4176df032cd0,3f504e0bc00e47e2d3674e97ef03bed09c060383c94ac723bd7c7c9e56fa4a85
historical,cocoa,NER,exp_cocoa_prep_blocks_bars,NER|exp_cocoa_prep_blocks_bars,0.05132525241376917,0,0.0,1998-2002,2008-2012,077d3324f64ddf5aa952be7a879834ba58adfd24c1bcb2754df481c129156f13,9704b972d3c33904afcb818f87ccd461d988fd30910e9788031d4176df032cd0,3f504e0bc00e47e2d3674e97ef03bed09c060383c94ac723bd7c7c9e56fa4a85
historical,cocoa,NER,exp_cocoa_prep_bulk,NER|exp_cocoa_prep_bulk,0.047772803501988176,0,0.0,1998-2002,2008-2012,077d3324f64ddf5aa952be7a879834ba58adfd24c1bcb2754df481c129156f13,9704b972d3c33904afcb818f87ccd461d988fd30910e9788031d4176df032cd0,3f504e0bc00e47e2d3674e97ef03bed09c060383c94ac723bd7c7c9e56fa4a85
historical,cocoa,NER,exp_cocoa_prep_other,NER|exp_cocoa_prep_other,0.05155742144081922,0,0.0,1998-2002,2008-2012,077d3324f64ddf5aa952be7a879834ba58adfd24c1bcb2754df481c129156f13,9704b972d3c33904afcb818f87ccd461d988fd30910e9788031d4176df032cd0,3f504e0bc00e47e2d3674e97ef03bed09c060383c94ac723bd7c7c9e56fa4a85
historical,cocoa,NER,exp_cocoabutter,NER|exp_cocoabutter,0.06858085049935196,0,0.0,1998-2002,2008-2012,077d3324f64ddf5aa952be7a879834ba58adfd24c1bcb2754df481c129156f13,9704b972d3c33904afcb818f87ccd461d988fd30910e9788031d4176df032cd0,3f504e0bc00e47e2d3674e97ef03bed09c060383c94ac723bd7c7c9e56fa4a85
historical,cocoa,NER,exp_cocoapaste,NER|exp_cocoapaste,0.06543203962192727,0,0.0,1998-2002,2008-2012,077d3324f64ddf5aa952be7a879834ba58adfd24c1bcb2754df481c129156f13,9704b972d3c33904afcb818f87ccd461d988fd30910e9788031d4176df032cd0,3f504e0bc00e47e2d3674e97ef03bed09c060383c94ac723bd7c7c9e56fa4a85
historical,cocoa,NER,exp_cocoapowder_sw,NER|exp_cocoapowder_sw,0.06829251321890752,0,0.0,1998-2002,2008-2012,077d3324f64ddf5aa952be7a879834ba58adfd24c1bcb2754df481c129156f13,9704b972d3c33904afcb818f87ccd461d988fd30910e9788031d4176df032cd0,3f504e0bc00e47e2d3674e97ef03bed09c060383c94ac723bd7c7c9e56fa4a85
historical,cocoa,NER,exp_cocoapowder_unsw,NER|exp_cocoapowder_unsw,0.06687874086408772,0,0.0,1998-2002,2008-2012,077d3324f64ddf5aa952be7a879834ba58adfd24c1bcb2754df481c129156f13,9704b972d3c33904afcb818f87ccd461d988fd30910e9788031d4176df032cd0,3f504e0bc00e47e2d3674e97ef03bed09c060383c94ac723bd7c7c9e56fa4a85
historical,cocoa,NGA,exp_cocoa_prep_blocks_bars,NGA|exp_cocoa_prep_blocks_bars,0.01560597743429749,0,0.0,1998-2002,2008-2012,077d3324f64ddf5aa952be7a879834ba58adfd24c1bcb2754df481c129156f13,9704b972d3c33904afcb818f87ccd461d988fd30910e9788031d4176df032cd0,3f504e0bc00e47e2d3674e97ef03bed09c060383c94ac723bd7c7c9e56fa4a85
historical,cocoa,NGA,exp_cocoa_prep_bulk,NGA|exp_cocoa_prep_bulk,0.013194200361530968,1,101.448,1998-2002,2008-2012,077d3324f64ddf5aa952be7a879834ba58adfd24c1bcb2754df481c129156f13,9704b972d3c33904afcb818f87ccd461d988fd30910e9788031d4176df032cd0,3f504e0bc00e47e2d3674e97ef03bed09c060383c94ac723bd7c7c9e56fa4a85
historical,cocoa,NGA,exp_cocoa_prep_other,NGA|exp_cocoa_prep_other,0.014419610727065402,0,0.0,1998-2002,2008-2012,077d3324f64ddf5aa952be7a879834ba58adfd24c1bcb2754df481c129156f13,9704b972d3c33904afcb818f87ccd461d988fd30910e9788031d4176df032cd0,3f504e0bc00e47e2d3674e97ef03bed09c060383c94ac723bd7c7c9e56fa4a85
historical,cocoa,NIC,exp_cocoa_prep_blocks_bars,NIC|exp_cocoa_prep_blocks_bars,0.07093864714768826,0,0.0,1998-2002,2008-2012,077d3324f64ddf5aa952be7a879834ba58adfd24c1bcb2754df481c129156f13,9704b972d3c33904afcb818f87ccd461d988fd30910e9788031d4176df032cd0,3f504e0bc00e47e2d3674e97ef03bed09c060383c94ac723bd7c7c9e56fa4a85
historical,cocoa,NIC,exp_cocoa_prep_bulk,NIC|exp_cocoa_prep_bulk,0.061997417657942276,0,0.0,1998-2002,2008-2012,077d3324f64ddf5aa952be7a879834ba58adfd24c1bcb2754df481c129156f13,9704b972d3c33904afcb818f87ccd461d988fd30910e9788031d4176df032cd0,3f504e0bc00e47e2d3674e97ef03bed09c060383c94ac723bd7c7c9e56fa4a85
historical,cocoa,NIC,exp_cocoa_prep_other,NIC|exp_cocoa_prep_other,0.0720697281106381,0,0.0,1998-2002,2008-2012,077d3324f64ddf5aa952be7a879834ba58adfd24c1bcb2754df481c129156f13,9704b972d3c33904afcb818f87ccd461d988fd30910e9788031d4176df032cd0,3f504e0bc00e47e2d3674e97ef03bed09c060383c94ac723bd7c7c9e56fa4a85
historical,cocoa,NIC,exp_cocoapaste,NIC|exp_cocoapaste,0.08353959130226851,0,0.0,1998-2002,2008-2012,077d3324f64ddf5aa952be7a879834ba58adfd24c1bcb2754df481c129156f13,9704b972d3c33904afcb818f87ccd461d988fd30910e9788031d4176df032cd0,3f504e0bc00e47e2d3674e97ef03bed09c060383c94ac723bd7c7c9e56fa4a85
historical,cocoa,NIC,exp_cocoapowder_sw,NIC|exp_cocoapowder_sw,0.09379893486540664,0,0.0,1998-2002,2008-2012,077d3324f64ddf5aa952be7a879834ba58adfd24c1bcb2754df481c129156f13,9704b972d3c33904afcb818f87ccd461d988fd30910e9788031d4176df032cd0,3f504e0bc00e47e2d3674e97ef03bed09c060383c94ac723bd7c7c9e56fa4a85
historical,cocoa,NIC,exp_cocoapowder_unsw,NIC|exp_cocoapowder_unsw,0.07703676109012535,0,0.0,1998-2002,2008-2012,077d3324f64ddf5aa952be7a879834ba58adfd24c1bcb2754df481c129156f13,9704b972d3c33904afcb818f87ccd461d988fd30910e9788031d4176df032cd0,3f504e0bc00e47e2d3674e97ef03bed09c060383c94ac723bd7c7c9e56fa4a85
historical,cocoa,NOR,exp_cocoabutter,NOR|exp_cocoabutter,0.09673493550095204,0,0.0,1998-2002,2008-2012,077d3324f64ddf5aa952be7a879834ba58adfd24c1bcb2754df481c129156f13,9704b972d3c33904afcb818f87ccd461d988fd30910e9788031d4176df032cd0,3f504e0bc00e47e2d3674e97ef03bed09c060383c94ac723bd7c7c9e56fa4a85
historical,cocoa,NOR,exp_cocoapaste,NOR|exp_cocoapaste,0.10043551270208392,0,0.0,1998-2002,2008-2012,077d3324f64ddf5aa952be7a879834ba58adfd24c1bcb2754df481c129156f13,9704b972d3c33904afcb818f87ccd461d988fd30910e9788031d4176df032cd0,3f504e0bc00e47e2d3674e97ef03bed09c060383c94ac723bd7c7c9e56fa4a85
historical,cocoa,NOR,exp_cocoapowder_unsw,NOR|exp_cocoapowder_unsw,0.10102323019413079,0,0.0,1998-2002,2008-2012,077d3324f64ddf5aa952be7a879834ba58adfd24c1bcb2754df481c129156f13,9704b972d3c33904afcb818f87ccd461d988fd30910e9788031d4176df032cd0,3f504e0bc00e47e2d3674e97ef03bed09c060383c94ac723bd7c7c9e56fa4a85
historical,cocoa,PAN,exp_cocoa_prep_blocks_bars,PAN|exp_cocoa_prep_blocks_bars,0.142518762607245,1,1478.3212,1998-2002,2008-2012,077d3324f64ddf5aa952be7a879834ba58adfd24c1bcb2754df481c129156f13,9704b972d3c33904afcb818f87ccd461d988fd30910e9788031d4176df032cd0,3f504e0bc00e47e2d3674e97ef03bed09c060383c94ac723bd7c7c9e56fa4a85
historical,cocoa,PAN,exp_cocoa_prep_bulk,PAN|exp_cocoa_prep_bulk,0.11714236470809951,1,3055.273,1998-2002,2008-2012,077d3324f64ddf5aa952be7a879834ba58adfd24c1bcb2754df481c129156f13,9704b972d3c33904afcb818f87ccd461d988fd30910e9788031d4176df032cd0,3f504e0bc00e47e2d3674e97ef03bed09c060383c94ac723bd7c7c9e56fa4a85
historical,cocoa,PAN,exp_cocoa_prep_other,PAN|exp_cocoa_prep_other,0.14764565723372214,1,104.6166,1998-2002,2008-2012,077d3324f64ddf5aa952be7a879834ba58adfd24c1bcb2754df481c129156f13,9704b972d3c33904afcb818f87ccd461d988fd30910e9788031d4176df032cd0,3f504e0bc00e47e2d3674e97ef03bed09c060383c94ac723bd7c7c9e56fa4a85
historical,cocoa,PAN,exp_cocoabutter,PAN|exp_cocoabutter,0.18318070130980577,0,0.0,1998-2002,2008-2012,077d3324f64ddf5aa952be7a879834ba58adfd24c1bcb2754df481c129156f13,9704b972d3c33904afcb818f87ccd461d988fd30910e9788031d4176df032cd0,3f504e0bc00e47e2d3674e97ef03bed09c060383c94ac723bd7c7c9e56fa4a85
historical,cocoa,PAN,exp_cocoapaste,PAN|exp_cocoapaste,0.1678197264110707,0,0.0,1998-2002,2008-2012,077d3324f64ddf5aa952be7a879834ba58adfd24c1bcb2754df481c129156f13,9704b972d3c33904afcb818f87ccd461d988fd30910e9788031d4176df032cd0,3f504e0bc00e47e2d3674e97ef03bed09c060383c94ac723bd7c7c9e56fa4a85
historical,cocoa,PAN,exp_cocoapowder_sw,PAN|exp_cocoapowder_sw,0.19257130319574917,0,0.0,1998-2002,2008-2012,077d3324f64ddf5aa952be7a879834ba58adfd24c1bcb2754df481c129156f13,9704b972d3c33904afcb818f87ccd461d988fd30910e9788031d4176df032cd0,3f504e0bc00e47e2d3674e97ef03bed09c060383c94ac723bd7c7c9e56fa4a85
historical,cocoa,PAN,exp_cocoapowder_unsw,PAN|exp_cocoapowder_unsw,0.17051792981302463,0,0.0,1998-2002,2008-2012,077d3324f64ddf5aa952be7a879834ba58adfd24c1bcb2754df481c129156f13,9704b972d3c33904afcb818f87ccd461d988fd30910e9788031d4176df032cd0,3f504e0bc00e47e2d3674e97ef03bed09c060383c94ac723bd7c7c9e56fa4a85
historical,cocoa,PHL,exp_cocoa_prep_bulk,PHL|exp_cocoa_prep_bulk,0.0715069408132528,1,122.425,1998-2002,2008-2012,077d3324f64ddf5aa952be7a879834ba58adfd24c1bcb2754df481c129156f13,9704b972d3c33904afcb818f87ccd461d988fd30910e9788031d4176df032cd0,3f504e0bc00e47e2d3674e97ef03bed09c060383c94ac723bd7c7c9e56fa4a85
historical,cocoa,PNG,exp_cocoa_prep_blocks_bars,PNG|exp_cocoa_prep_blocks_bars,0.022714136736389084,0,0.0,1998-2002,2008-2012,077d3324f64ddf5aa952be7a879834ba58adfd24c1bcb2754df481c129156f13,9704b972d3c33904afcb818f87ccd461d988fd30910e9788031d4176df032cd0,3f504e0bc00e47e2d3674e97ef03bed09c060383c94ac723bd7c7c9e56fa4a85
historical,cocoa,PNG,exp_cocoa_prep_bulk,PNG|exp_cocoa_prep_bulk,0.02324918874046847,0,0.0,1998-2002,2008-2012,077d3324f64ddf5aa952be7a879834ba58adfd24c1bcb2754df481c129156f13,9704b972d3c33904afcb818f87ccd461d988fd30910e9788031d4176df032cd0,3f504e0bc00e47e2d3674e97ef03bed09c060383c94ac723bd7c7c9e56fa4a85
historical,cocoa,PNG,exp_cocoa_prep_other,PNG|exp_cocoa_prep_other,0.019395635596623117,0,0.0,1998-2002,2008-2012,077d3324f64ddf5aa952be7a879834ba58adfd24c1bcb2754df481c129156f13,9704b972d3c33904afcb818f87ccd461d988fd30910e9788031d4176df032cd0,3f504e0bc00e47e2d3674e97ef03bed09c060383c94ac723bd7c7c9e56fa4a85
historical,cocoa,PNG,exp_cocoabutter,PNG|exp_cocoabutter,0.04048975390085243,0,0.0,1998-2002,2008-2012,077d3324f64ddf5aa952be7a879834ba58adfd24c1bcb2754df481c129156f13,9704b972d3c33904afcb818f87ccd461d988fd30910e9788031d4176df032cd0,3f504e0bc00e47e2d3674e97ef03bed09c060383c94ac723bd7c7c9e56fa4a85
historical,cocoa,PNG,exp_cocoapaste,PNG|exp_cocoapaste,0.042414449737889236,0,0.0,1998-2002,2008-2012,077d3324f64ddf5aa952be7a879834ba58adfd24c1bcb2754df481c129156f13,9704b972d3c33904afcb818f87ccd461d988fd30910e9788031d4176df032cd0,3f504e0bc00e47e2d3674e97ef03bed09c060383c94ac723bd7c7c9e56fa4a85
historical,cocoa,PNG,exp_cocoapowder_sw,PNG|exp_cocoapowder_sw,0.03389525772771225,0,0.0,1998-2002,2008-2012,077d3324f64ddf5aa952be7a879834ba58adfd24c1bcb2754df481c129156f13,9704b972d3c33904afcb818f87ccd461d988fd30910e9788031d4176df032cd0,3f504e0bc00e47e2d3674e97ef03bed09c060383c94ac723bd7c7c9e56fa4a85
historical,cocoa,PNG,exp_cocoapowder_unsw,PNG|exp_cocoapowder_unsw,0.03061596292552595,1,132.7502,1998-2002,2008-2012,077d3324f64ddf5aa952be7a879834ba58adfd24c1bcb2754df481c129156f13,9704b972d3c33904afcb818f87ccd461d988fd30910e9788031d4176df032cd0,3f504e0bc00e47e2d3674e97ef03bed09c060383c94ac723bd7c7c9e56fa4a85
historical,cocoa,RUS,exp_cocoabutter,RUS|exp_cocoabutter,0.127410354256971,0,0.0,1998-2002,2008-2012,077d3324f64ddf5aa952be7a879834ba58adfd24c1bcb2754df481c129156f13,9704b972d3c33904afcb818f87ccd461d988fd30910e9788031d4176df032cd0,3f504e0bc00e47e2d3674e97ef03bed09c060383c94ac723bd7c7c9e56fa4a85
historical,cocoa,RUS,exp_cocoapaste,RUS|exp_cocoapaste,0.13931017830578812,1,100.2826,1998-2002,2008-2012,077d3324f64ddf5aa952be7a879834ba58adfd24c1bcb2754df481c129156f13,9704b972d3c33904afcb818f87ccd461d988fd30910e9788031d4176df032cd0,3f504e0bc00e47e2d3674e97ef03bed09c060383c94ac723bd7c7c9e56fa4a85
historical,cocoa,SLB,exp_cocoa_prep_blocks_bars,SLB|exp_cocoa_prep_blocks_bars,0.015057654673413051,0,0.0,1998-2002,2008-2012,077d3324f64ddf5aa952be7a879834ba58adfd24c1bcb2754df481c129156f13,9704b972d3c33904afcb818f87ccd461d988fd30910e9788031d4176df032cd0,3f504e0bc00e47e2d3674e97ef03bed09c060383c94ac723bd7c7c9e56fa4a85
historical,cocoa,SLB,exp_cocoa_prep_bulk,SLB|exp_cocoa_prep_bulk,0.013149416945561406,0,0.0,1998-2002,2008-2012,077d3324f64ddf5aa952be7a879834ba58adfd24c1bcb2754df481c129156f13,9704b972d3c33904afcb818f87ccd461d988fd30910e9788031d4176df032cd0,3f504e0bc00e47e2d3674e97ef03bed09c060383c94ac723bd7c7c9e56fa4a85
historical,cocoa,SLB,exp_cocoa_prep_other,SLB|exp_cocoa_prep_other,0.014315567231807817,0,0.0,1998-2002,2008-2012,077d3324f64ddf5aa952be7a879834ba58adfd24c1bcb2754df481c129156f13,9704b972d3c33904afcb818f87ccd461d988fd30910e9788031d4176df032cd0,3f504e0bc00e47e2d3674e97ef03bed09c060383c94ac723bd7c7c9e56fa4a85
historical,cocoa,SLB,exp_cocoabutter,SLB|exp_cocoabutter,0.022093286201405583,0,0.0,1998-2002,2008-2012,077d3324f64ddf5aa952be7a879834ba58adfd24c1bcb2754df481c129156f13,9704b972d3c33904afcb818f87ccd461d988fd30910e9788031d4176df032cd0,3f504e0bc00e47e2d3674e97ef03bed09c060383c94ac723bd7c7c9e56fa4a85
historical,cocoa,SLB,exp_cocoapaste,SLB|exp_cocoapaste,0.023727345035330583,0,0.0,1998-2002,2008-2012,077d3324f64ddf5aa952be7a879834ba58adfd24c1bcb2754df481c129156f13,9704b972d3c33904afcb818f87ccd461d988fd30910e9788031d4176df032cd0,3f504e0bc00e47e2d3674e97ef03bed09c060383c94ac723bd7c7c9e56fa4a85
historical,cocoa,SLB,exp_cocoapowder_sw,SLB|exp_cocoapowder_sw,0.02044692857505033,0,0.0,1998-2002,2008-2012,077d3324f64ddf5aa952be7a879834ba58adfd24c1bcb2754df481c129156f13,9704b972d3c33904afcb818f87ccd461d988fd30910e9788031d4176df032cd0,3f504e0bc00e47e2d3674e97ef03bed09c060383c94ac723bd7c7c9e56fa4a85
historical,cocoa,SLB,exp_cocoapowder_unsw,SLB|exp_cocoapowder_unsw,0.0190895771529864,0,0.0,1998-2002,2008-2012,077d3324f64ddf5aa952be7a879834ba58adfd24c1bcb2754df481c129156f13,9704b972d3c33904afcb818f87ccd461d988fd30910e9788031d4176df032cd0,3f504e0bc00e47e2d3674e97ef03bed09c060383c94ac723bd7c7c9e56fa4a85
historical,cocoa,SLE,exp_cocoa_prep_blocks_bars,SLE|exp_cocoa_prep_blocks_bars,0.0854945844188097,0,0.0,1998-2002,2008-2012,077d3324f64ddf5aa952be7a879834ba58adfd24c1bcb2754df481c129156f13,9704b972d3c33904afcb818f87ccd461d988fd30910e9788031d4176df032cd0,3f504e0bc00e47e2d3674e97ef03bed09c060383c94ac723bd7c7c9e56fa4a85
historical,cocoa,SLE,exp_cocoa_prep_bulk,SLE|exp_cocoa_prep_bulk,0.07110011618201471,0,0.0,1998-2002,2008-2012,077d3324f64ddf5aa952be7a879834ba58adfd24c1bcb2754df481c129156f13,9704b972d3c33904afcb818f87ccd461d988fd30910e9788031d4176df032cd0,3f504e0bc00e47e2d3674e97ef03bed09c060383c94ac723bd7c7c9e56fa4a85
historical,cocoa,SLE,exp_cocoa_prep_other,SLE|exp_cocoa_prep_other,0.08920121082458415,0,0.0,1998-2002,2008-2012,077d3324f64ddf5aa952be7a879834ba58adfd24c1bcb2754df481c129156f13,9704b972d3c33904afcb818f87ccd461d988fd30910e9788031d4176df032cd0,3f504e0bc00e47e2d3674e97ef03bed09c060383c94ac723bd7c7c9e56fa4a85
historical,cocoa,SLE,exp_cocoabutter,SLE|exp_cocoabutter,0.08614091055283032,0,0.0,1998-2002,2008-2012,077d3324f64ddf5aa952be7a879834ba58adfd24c1bcb2754df481c129156f13,9704b972d3c33904afcb818f87ccd461d988fd30910e9788031d4176df032cd0,3f504e0bc00e47e2d3674e97ef03bed09c060383c94ac723bd7c7c9e56fa4a85
historical,cocoa,SLE,exp_cocoapaste,SLE|exp_cocoapaste,0.08644053774798777,0,0.0,1998-2002,2008-2012,077d3324f64ddf5aa952be7a879834ba58adfd24c1bcb2754df481c129156f13,9704b972d3c33904afcb818f87ccd461d988fd30910e9788031d4176df032cd0,3f504e0bc00e47e2d3674e97ef03bed09c060383c94ac723bd7c7c9e56fa4a85
historical,cocoa,SLE,exp_cocoapowder_sw,SLE|exp_cocoapowder_sw,0.09689945172647246,0,0.0,1998-2002,2008-2012,077d3324f64ddf5aa952be7a879834ba58adfd24c1bcb2754df481c129156f13,9704b972d3c33904afcb818f87ccd461d988fd30910e9788031d4176df032cd0,3f504e0bc00e47e2d3674e97ef03bed09c060383c94ac723bd7c7c9e56fa4a85
historical,cocoa,SLE,exp_cocoapowder_unsw,SLE|exp_cocoapowder_unsw,0.10759322273420957,0,0.0,1998-2002,2008-2012,077d3324f64ddf5aa952be7a879834ba58adfd24c1bcb2754df481c129156f13,9704b972d3c33904afcb818f87ccd461d988fd30910e9788031d4176df032cd0,3f504e0bc00e47e2d3674e97ef03bed09c060383c94ac723bd7c7c9e56fa4a85
historical,cocoa,STP,exp_cocoa_prep_blocks_bars,STP|exp_cocoa_prep_blocks_bars,0.05155009457045992,0,0.0,1998-2002,2008-2012,077d3324f64ddf5aa952be7a879834ba58adfd24c1bcb2754df481c129156f13,9704b972d3c33904afcb818f87ccd461d988fd30910e9788031d4176df032cd0,3f504e0bc00e47e2d3674e97ef03bed09c060383c94ac723bd7c7c9e56fa4a85
historical,cocoa,STP,exp_cocoa_prep_bulk,STP|exp_cocoa_prep_bulk,0.0472827525003043,0,0.0,1998-2002,2008-2012,077d3324f64ddf5aa952be7a879834ba58adfd24c1bcb2754df481c129156f13,9704b972d3c33904afcb818f87ccd461d988fd30910e9788031d4176df032cd0,3f504e0bc00e47e2d3674e97ef03bed09c060383c94ac723bd7c7c9e56fa4a85
historical,cocoa,STP,exp_cocoa_prep_other,STP|exp_cocoa_prep_other,0.05190338725012469,0,0.0,1998-2002,2008-2012,077d3324f64ddf5aa952be7a879834ba58adfd24c1bcb2754df481c129156f13,9704b972d3c33904afcb818f87ccd461d988fd30910e9788031d4176df032cd0,3f504e0bc00e47e2d3674e97ef03bed09c060383c94ac723bd7c7c9e56fa4a85
historical,cocoa,STP,exp_cocoabutter,STP|exp_cocoabutter,0.05631961676274035,0,0.0,1998-2002,2008-2012,077d3324f64ddf5aa952be7a879834ba58adfd24c1bcb2754df481c129156f13,9704b972d3c33904afcb818f87ccd461d988fd30910e9788031d4176df032cd0,3f504e0bc00e47e2d3674e97ef03bed09c060383c94ac723bd7c7c9e56fa4a85
historical,cocoa,STP,exp_cocoapaste,STP|exp_cocoapaste,0.05521924859751594,0,0.0,1998-2002,2008-2012,077d3324f64ddf5aa952be7a879834ba58adfd24c1bcb2754df481c129156f13,9704b972d3c33904afcb818f87ccd461d988fd30910e9788031d4176df032cd0,3f504e0bc00e47e2d3674e97ef03bed09c060383c94ac723bd7c7c9e56fa4a85
historical,cocoa,STP,exp_cocoapowder_sw,STP|exp_cocoapowder_sw,0.055841384008993494,0,0.0,1998-2002,2008-2012,077d3324f64ddf5aa952be7a879834ba58adfd24c1bcb2754df481c129156f13,9704b972d3c33904afcb818f87ccd461d988fd30910e9788031d4176df032cd0,3f504e0bc00e47e2d3674e97ef03bed09c060383c94ac723bd7c7c9e56fa4a85
historical,cocoa,STP,exp_cocoapowder_unsw,STP|exp_cocoapowder_unsw,0.05514454299503851,0,0.0,1998-2002,2008-2012,077d3324f64ddf5aa952be7a879834ba58adfd24c1bcb2754df481c129156f13,9704b972d3c33904afcb818f87ccd461d988fd30910e9788031d4176df032cd0,3f504e0bc00e47e2d3674e97ef03bed09c060383c94ac723bd7c7c9e56fa4a85
historical,cocoa,TGO,exp_cocoa_prep_blocks_bars,TGO|exp_cocoa_prep_blocks_bars,0.07728728238131005,0,0.0,1998-2002,2008-2012,077d3324f64ddf5aa952be7a879834ba58adfd24c1bcb2754df481c129156f13,9704b972d3c33904afcb818f87ccd461d988fd30910e9788031d4176df032cd0,3f504e0bc00e47e2d3674e97ef03bed09c060383c94ac723bd7c7c9e56fa4a85
historical,cocoa,TGO,exp_cocoa_prep_bulk,TGO|exp_cocoa_prep_bulk,0.06524692159878864,0,0.0,1998-2002,2008-2012,077d3324f64ddf5aa952be7a879834ba58adfd24c1bcb2754df481c129156f13,9704b972d3c33904afcb818f87ccd461d988fd30910e9788031d4176df032cd0,3f504e0bc00e47e2d3674e97ef03bed09c060383c94ac723bd7c7c9e56fa4a85
historical,cocoa,TGO,exp_cocoa_prep_other,TGO|exp_cocoa_prep_other,0.07766103644178443,0,0.0,1998-2002,2008-2012,077d3324f64ddf5aa952be7a879834ba58adfd24c1bcb2754df481c129156f13,9704b972d3c33904afcb818f87ccd461d988fd30910e9788031d4176df032cd0,3f504e0bc00e47e2d3674e97ef03bed09c060383c94ac723bd7c7c9e56fa4a85
historical,cocoa,TGO,exp_cocoabutter,TGO|exp_cocoabutter,0.10708549356015809,0,0.0,1998-2002,2008-2012,077d3324f64ddf5aa952be7a879834ba58adfd24c1bcb2754df481c129156f13,9704b972d3c33904afcb818f87ccd461d988fd30910e9788031d4176df032cd0,3f504e0bc00e47e2d3674e97ef03bed09c060383c94ac723bd7c7c9e56fa4a85
historical,cocoa,TGO,exp_cocoapaste,TGO|exp_cocoapaste,0.11230653082668451,0,0.0,1998-2002,2008-2012,077d3324f64ddf5aa952be7a879834ba58adfd24c1bcb2754df481c129156f13,9704b972d3c33904afcb818f87ccd461d988fd30910e9788031d4176df032cd0,3f504e0bc00e47e2d3674e97ef03bed09c060383c94ac723bd7c7c9e56fa4a85
historical,cocoa,TGO,exp_cocoapowder_sw,TGO|exp_cocoapowder_sw,0.10958863544852718,0,0.0,1998-2002,2008-2012,077d3324f64ddf5aa952be7a879834ba58adfd24c1bcb2754df481c129156f13,9704b972d3c33904afcb818f87ccd461d988fd30910e9788031d4176df032cd0,3f504e0bc00e47e2d3674e97ef03bed09c060383c94ac723bd7c7c9e56fa4a85
historical,cocoa,TGO,exp_cocoapowder_unsw,TGO|exp_cocoapowder_unsw,0.09220493422128898,0,0.0,1998-2002,2008-2012,077d3324f64ddf5aa952be7a879834ba58adfd24c1bcb2754df481c129156f13,9704b972d3c33904afcb818f87ccd461d988fd30910e9788031d4176df032cd0,3f504e0bc00e47e2d3674e97ef03bed09c060383c94ac723bd7c7c9e56fa4a85
historical,cocoa,TTO,exp_cocoa_prep_bulk,TTO|exp_cocoa_prep_bulk,0.0589079187467125,0,0.0,1998-2002,2008-2012,077d3324f64ddf5aa952be7a879834ba58adfd24c1bcb2754df481c129156f13,9704b972d3c33904afcb818f87ccd461d988fd30910e9788031d4176df032cd0,3f504e0bc00e47e2d3674e97ef03bed09c060383c94ac723bd7c7c9e56fa4a85
historical,cocoa,TTO,exp_cocoabutter,TTO|exp_cocoabutter,0.06973498095720046,0,0.0,1998-2002,2008-2012,077d3324f64ddf5aa952be7a879834ba58adfd24c1bcb2754df481c129156f13,9704b972d3c33904afcb818f87ccd461d988fd30910e9788031d4176df032cd0,3f504e0bc00e47e2d3674e97ef03bed09c060383c94ac723bd7c7c9e56fa4a85
historical,cocoa,TTO,exp_cocoapaste,TTO|exp_cocoapaste,0.06802316032235169,0,0.0,1998-2002,2008-2012,077d3324f64ddf5aa952be7a879834ba58adfd24c1bcb2754df481c129156f13,9704b972d3c33904afcb818f87ccd461d988fd30910e9788031d4176df032cd0,3f504e0bc00e47e2d3674e97ef03bed09c060383c94ac723bd7c7c9e56fa4a85
historical,cocoa,TTO,exp_cocoapowder_sw,TTO|exp_cocoapowder_sw,0.09183555752062043,0,0.0,1998-2002,2008-2012,077d3324f64ddf5aa952be7a879834ba58adfd24c1bcb2754df481c129156f13,9704b972d3c33904afcb818f87ccd461d988fd30910e9788031d4176df032cd0,3f504e0bc00e47e2d3674e97ef03bed09c060383c94ac723bd7c7c9e56fa4a85
historical,cocoa,TTO,exp_cocoapowder_unsw,TTO|exp_cocoapowder_unsw,0.06859277844487231,0,0.0,1998-2002,2008-2012,077d3324f64ddf5aa952be7a879834ba58adfd24c1bcb2754df481c129156f13,9704b972d3c33904afcb818f87ccd461d988fd30910e9788031d4176df032cd0,3f504e0bc00e47e2d3674e97ef03bed09c060383c94ac723bd7c7c9e56fa4a85
historical,cocoa,TZA,exp_cocoa_prep_blocks_bars,TZA|exp_cocoa_prep_blocks_bars,0.09091966674897953,0,0.0,1998-2002,2008-2012,077d3324f64ddf5aa952be7a879834ba58adfd24c1bcb2754df481c129156f13,9704b972d3c33904afcb818f87ccd461d988fd30910e9788031d4176df032cd0,3f504e0bc00e47e2d3674e97ef03bed09c060383c94ac723bd7c7c9e56fa4a85
historical,cocoa,TZA,exp_cocoa_prep_bulk,TZA|exp_cocoa_prep_bulk,0.08233493142721021,0,0.0,1998-2002,2008-2012,077d3324f64ddf5aa952be7a879834ba58adfd24c1bcb2754df481c129156f13,9704b972d3c33904afcb818f87ccd461d988fd30910e9788031d4176df032cd0,3f504e0bc00e47e2d3674e97ef03bed09c060383c94ac723bd7c7c9e56fa4a85
historical,cocoa,TZA,exp_cocoa_prep_other,TZA|exp_cocoa_prep_other,0.09191065542153054,0,0.0,1998-2002,2008-2012,077d3324f64ddf5aa952be7a879834ba58adfd24c1bcb2754df481c129156f13,9704b972d3c33904afcb818f87ccd461d988fd30910e9788031d4176df032cd0,3f504e0bc00e47e2d3674e97ef03bed09c060383c94ac723bd7c7c9e56fa4a85
historical,cocoa,TZA,exp_cocoabutter,TZA|exp_cocoabutter,0.12218473839464217,0,0.0,1998-2002,2008-2012,077d3324f64ddf5aa952be7a879834ba58adfd24c1bcb2754df481c129156f13,9704b972d3c33904afcb818f87ccd461d988fd30910e9788031d4176df032cd0,3f504e0bc00e47e2d3674e97ef03bed09c060383c94ac723bd7c7c9e56fa4a85
historical,cocoa,TZA,exp_cocoapaste,TZA|exp_cocoapaste,0.13367748414912367,0,0.0,1998-2002,2008-2012,077d3324f64ddf5aa952be7a879834ba58adfd24c1bcb2754df481c129156f13,9704b972d3c33904afcb818f87ccd461d988fd30910e9788031d4176df032cd0,3f504e0bc00e47e2d3674e97ef03bed09c060383c94ac723bd7c7c9e56fa4a85
historical,cocoa,TZA,exp_cocoapowder_sw,TZA|exp_cocoapowder_sw,0.12604280608738685,0,0.0,1998-2002,2008-2012,077d3324f64ddf5aa952be7a879834ba58adfd24c1bcb2754df481c129156f13,9704b972d3c33904afcb818f87ccd461d988fd30910e9788031d4176df032cd0,3f504e0bc00e47e2d3674e97ef03bed09c060383c94ac723bd7c7c9e56fa4a85
historical,cocoa,TZA,exp_cocoapowder_unsw,TZA|exp_cocoapowder_unsw,0.10390215233643288,0,0.0,1998-2002,2008-2012,077d3324f64ddf5aa952be7a879834ba58adfd24c1bcb2754df481c129156f13,9704b972d3c33904afcb818f87ccd461d988fd30910e9788031d4176df032cd0,3f504e0bc00e47e2d3674e97ef03bed09c060383c94ac723bd7c7c9e56fa4a85
historical,cocoa,UGA,exp_cocoa_prep_blocks_bars,UGA|exp_cocoa_prep_blocks_bars,0.061134157461866165,0,0.0,1998-2002,2008-2012,077d3324f64ddf5aa952be7a879834ba58adfd24c1bcb2754df481c129156f13,9704b972d3c33904afcb818f87ccd461d988fd30910e9788031d4176df032cd0,3f504e0bc00e47e2d3674e97ef03bed09c060383c94ac723bd7c7c9e56fa4a85
historical,cocoa,UGA,exp_cocoa_prep_bulk,UGA|exp_cocoa_prep_bulk,0.05659215891529995,0,0.0,1998-2002,2008-2012,077d3324f64ddf5aa952be7a879834ba58adfd24c1bcb2754df481c129156f13,9704b972d3c33904afcb818f87ccd461d988fd30910e9788031d4176df032cd0,3f504e0bc00e47e2d3674e97ef03bed09c060383c94ac723bd7c7c9e56fa4a85
historical,cocoa,UGA,exp_cocoa_prep_other,UGA|exp_cocoa_prep_other,0.06091152661173172,0,0.0,1998-2002,2008-2012,077d3324f64ddf5aa952be7a879834ba58adfd24c1bcb2754df481c129156f13,9704b972d3c33904afcb818f87ccd461d988fd30910e9788031d4176df032cd0,3f504e0bc00e47e2d3674e97ef03bed09c060383c94ac723bd7c7c9e56fa4a85
historical,cocoa,UGA,exp_cocoabutter,UGA|exp_cocoabutter,0.07682062901854335,0,0.0,1998-2002,2008-2012,077d3324f64ddf5aa952be7a879834ba58adfd24c1bcb2754df481c129156f13,9704b972d3c33904afcb818f87ccd461d988fd30910e9788031d4176df032cd0,3f504e0bc00e47e2d3674e97ef03bed09c060383c94ac723bd7c7c9e56fa4a85
historical,cocoa,UGA,exp_cocoapaste,UGA|exp_cocoapaste,0.08522193711124104,0,0.0,1998-2002,2008-2012,077d3324f64ddf5aa952be7a879834ba58adfd24c1bcb2754df481c129156f13,9704b972d3c33904afcb818f87ccd461d988fd30910e9788031d4176df032cd0,3f504e0bc00e47e2d3674e97ef03bed09c060383c94ac723bd7c7c9e56fa4a85
historical,cocoa,UGA,exp_cocoapowder_sw,UGA|exp_cocoapowder_sw,0.08181092643101141,0,0.0,1998-2002,2008-2012,077d3324f64ddf5aa952be7a879834ba58adfd24c1bcb2754df481c129156f13,9704b972d3c33904afcb818f87ccd461d988fd30910e9788031d4176df032cd0,3f504e0bc00e47e2d3674e97ef03bed09c060383c94ac723bd7c7c9e56fa4a85
historical,cocoa,UGA,exp_cocoapowder_unsw,UGA|exp_cocoapowder_unsw,0.06596925107749571,0,0.0,1998-2002,2008-2012,077d3324f64ddf5aa952be7a879834ba58adfd24c1bcb2754df481c129156f13,9704b972d3c33904afcb818f87ccd461d988fd30910e9788031d4176df032cd0,3f504e0bc00e47e2d3674e97ef03bed09c060383c94ac723bd7c7c9e56fa4a85
historical,cocoa,URY,exp_cocoa_prep_blocks_bars,URY|exp_cocoa_prep_blocks_bars,0.12650403838992583,0,0.0,1998-2002,2008-2012,077d3324f64ddf5aa952be7a879834ba58adfd24c1bcb2754df481c129156f13,9704b972d3c33904afcb818f87ccd461d988fd30910e9788031d4176df032cd0,3f504e0bc00e47e2d3674e97ef03bed09c060383c94ac723bd7c7c9e56fa4a85
historical,cocoa,URY,exp_cocoa_prep_bulk,URY|exp_cocoa_prep_bulk,0.11459546019818236,1,2189.3424,1998-2002,2008-2012,077d3324f64ddf5aa952be7a879834ba58adfd24c1bcb2754df481c129156f13,9704b972d3c33904afcb818f87ccd461d988fd30910e9788031d4176df032cd0,3f504e0bc00e47e2d3674e97ef03bed09c060383c94ac723bd7c7c9e56fa4a85
historical,cocoa,URY,exp_cocoapowder_sw,URY|exp_cocoapowder_sw,0.12932337429618765,0,0.0,1998-2002,2008-2012,077d3324f64ddf5aa952be7a879834ba58adfd24c1bcb2754df481c129156f13,9704b972d3c33904afcb818f87ccd461d988fd30910e9788031d4176df032cd0,3f504e0bc00e47e2d3674e97ef03bed09c060383c94ac723bd7c7c9e56fa4a85
historical,cocoa,VEN,exp_cocoapaste,VEN|exp_cocoapaste,0.06138254042030031,0,0.0,1998-2002,2008-2012,077d3324f64ddf5aa952be7a879834ba58adfd24c1bcb2754df481c129156f13,9704b972d3c33904afcb818f87ccd461d988fd30910e9788031d4176df032cd0,3f504e0bc00e47e2d3674e97ef03bed09c060383c94ac723bd7c7c9e56fa4a85
historical,cocoa,VEN,exp_cocoapowder_unsw,VEN|exp_cocoapowder_unsw,0.05912512128936834,0,0.0,1998-2002,2008-2012,077d3324f64ddf5aa952be7a879834ba58adfd24c1bcb2754df481c129156f13,9704b972d3c33904afcb818f87ccd461d988fd30910e9788031d4176df032cd0,3f504e0bc00e47e2d3674e97ef03bed09c060383c94ac723bd7c7c9e56fa4a85
historical,cocoa,VUT,exp_cocoa_prep_blocks_bars,VUT|exp_cocoa_prep_blocks_bars,0.022105598297792555,0,0.0,1998-2002,2008-2012,077d3324f64ddf5aa952be7a879834ba58adfd24c1bcb2754df481c129156f13,9704b972d3c33904afcb818f87ccd461d988fd30910e9788031d4176df032cd0,3f504e0bc00e47e2d3674e97ef03bed09c060383c94ac723bd7c7c9e56fa4a85
historical,cocoa,VUT,exp_cocoa_prep_bulk,VUT|exp_cocoa_prep_bulk,0.01874643511413007,0,0.0,1998-2002,2008-2012,077d3324f64ddf5aa952be7a879834ba58adfd24c1bcb2754df481c129156f13,9704b972d3c33904afcb818f87ccd461d988fd30910e9788031d4176df032cd0,3f504e0bc00e47e2d3674e97ef03bed09c060383c94ac723bd7c7c9e56fa4a85
historical,cocoa,VUT,exp_cocoa_prep_other,VUT|exp_cocoa_prep_other,0.020496495549629498,0,0.0,1998-2002,2008-2012,077d3324f64ddf5aa952be7a879834ba58adfd24c1bcb2754df481c129156f13,9704b972d3c33904afcb818f87ccd461d988fd30910e9788031d4176df032cd0,3f504e0bc00e47e2d3674e97ef03bed09c060383c94ac723bd7c7c9e56fa4a85
historical,cocoa,VUT,exp_cocoabutter,VUT|exp_cocoabutter,0.02793178758014321,0,0.0,1998-2002,2008-2012,077d3324f64ddf5aa952be7a879834ba58adfd24c1bcb2754df481c129156f13,9704b972d3c33904afcb818f87ccd461d988fd30910e9788031d4176df032cd0,3f504e0bc00e47e2d3674e97ef03bed09c060383c94ac723bd7c7c9e56fa4a85
historical,cocoa,VUT,exp_cocoapaste,VUT|exp_cocoapaste,0.028926190946153785,0,0.0,1998-2002,2008-2012,077d3324f64ddf5aa952be7a879834ba58adfd24c1bcb2754df481c129156f13,9704b972d3c33904afcb818f87ccd461d988fd30910e9788031d4176df032cd0,3f504e0bc00e47e2d3674e97ef03bed09c060383c94ac723bd7c7c9e56fa4a85
historical,cocoa,VUT,exp_cocoapowder_sw,VUT|exp_cocoapowder_sw,0.028059477458217182,0,0.0,1998-2002,2008-2012,077d3324f64ddf5aa952be7a879834ba58adfd24c1bcb2754df481c129156f13,9704b972d3c33904afcb818f87ccd461d988fd30910e9788031d4176df032cd0,3f504e0bc00e47e2d3674e97ef03bed09c060383c94ac723bd7c7c9e56fa4a85
historical,cocoa,VUT,exp_cocoapowder_unsw,VUT|exp_cocoapowder_unsw,0.024217999041964543,0,0.0,1998-2002,2008-2012,077d3324f64ddf5aa952be7a879834ba58adfd24c1bcb2754df481c129156f13,9704b972d3c33904afcb818f87ccd461d988fd30910e9788031d4176df032cd0,3f504e0bc00e47e2d3674e97ef03bed09c060383c94ac723bd7c7c9e56fa4a85
historical,cocoa,ZA1,exp_cocoapaste,ZA1|exp_cocoapaste,0.2040599399477534,0,0.0,1998-2002,2008-2012,077d3324f64ddf5aa952be7a879834ba58adfd24c1bcb2754df481c129156f13,9704b972d3c33904afcb818f87ccd461d988fd30910e9788031d4176df032cd0,3f504e0bc00e47e2d3674e97ef03bed09c060383c94ac723bd7c7c9e56fa4a85
historical,cocoa,ZA1,exp_cocoapowder_sw,ZA1|exp_cocoapowder_sw,0.2327048359651955,0,0.0,1998-2002,2008-2012,077d3324f64ddf5aa952be7a879834ba58adfd24c1bcb2754df481c129156f13,9704b972d3c33904afcb818f87ccd461d988fd30910e9788031d4176df032cd0,3f504e0bc00e47e2d3674e97ef03bed09c060383c94ac723bd7c7c9e56fa4a85
historical,cocoa,ZMB,exp_cocoa_prep_blocks_bars,ZMB|exp_cocoa_prep_blocks_bars,0.07231450157231517,0,0.0,1998-2002,2008-2012,077d3324f64ddf5aa952be7a879834ba58adfd24c1bcb2754df481c129156f13,9704b972d3c33904afcb818f87ccd461d988fd30910e9788031d4176df032cd0,3f504e0bc00e47e2d3674e97ef03bed09c060383c94ac723bd7c7c9e56fa4a85
historical,cocoa,ZMB,exp_cocoa_prep_bulk,ZMB|exp_cocoa_prep_bulk,0.0674884753968915,0,0.0,1998-2002,2008-2012,077d3324f64ddf5aa952be7a879834ba58adfd24c1bcb2754df481c129156f13,9704b972d3c33904afcb818f87ccd461d988fd30910e9788031d4176df032cd0,3f504e0bc00e47e2d3674e97ef03bed09c060383c94ac723bd7c7c9e56fa4a85
historical,cocoa,ZMB,exp_cocoa_prep_other,ZMB|exp_cocoa_prep_other,0.07470866161579831,1,210.0886,1998-2002,2008-2012,077d3324f64ddf5aa952be7a879834ba58adfd24c1bcb2754df481c129156f13,9704b972d3c33904afcb818f87ccd461d988fd30910e9788031d4176df032cd0,3f504e0bc00e47e2d3674e97ef03bed09c060383c94ac723bd7c7c9e56fa4a85
historical,oilseed-soy,ARE,exp_soyflour_meal,ARE|exp_soyflour_meal,0.08750927216218429,1,169.2424,1998-2002,2008-2012,4fc8cc326ebc4cf887aa391fb5bb42f0c790a673b5ece11fb98463297c8f6ae3,9704b972d3c33904afcb818f87ccd461d988fd30910e9788031d4176df032cd0,3f504e0bc00e47e2d3674e97ef03bed09c060383c94ac723bd7c7c9e56fa4a85
historical,oilseed-soy,BGR,exp_soyflour_meal,BGR|exp_soyflour_meal,0.2770145784320915,1,1215.3052,1998-2002,2008-2012,4fc8cc326ebc4cf887aa391fb5bb42f0c790a673b5ece11fb98463297c8f6ae3,9704b972d3c33904afcb818f87ccd461d988fd30910e9788031d4176df032cd0,3f504e0bc00e47e2d3674e97ef03bed09c060383c94ac723bd7c7c9e56fa4a85
historical,oilseed-soy,BHS,exp_soyflour_meal,BHS|exp_soyflour_meal,0.07069308192739408,0,0.0,1998-2002,2008-2012,4fc8cc326ebc4cf887aa391fb5bb42f0c790a673b5ece11fb98463297c8f6ae3,9704b972d3c33904afcb818f87ccd461d988fd30910e9788031d4176df032cd0,3f504e0bc00e47e2d3674e97ef03bed09c060383c94ac723bd7c7c9e56fa4a85
historical,oilseed-soy,BHS,exp_soymeal,BHS|exp_soymeal,0.08075083099674367,0,0.0,1998-2002,2008-2012,4fc8cc326ebc4cf887aa391fb5bb42f0c790a673b5ece11fb98463297c8f6ae3,9704b972d3c33904afcb818f87ccd461d988fd30910e9788031d4176df032cd0,3f504e0bc00e47e2d3674e97ef03bed09c060383c94ac723bd7c7c9e56fa4a85
historical,oilseed-soy,BHS,exp_soyoil_crude,BHS|exp_soyoil_crude,0.06350290107284909,0,0.0,1998-2002,2008-2012,4fc8cc326ebc4cf887aa391fb5bb42f0c790a673b5ece11fb98463297c8f6ae3,9704b972d3c33904afcb818f87ccd461d988fd30910e9788031d4176df032cd0,3f504e0bc00e47e2d3674e97ef03bed09c060383c94ac723bd7c7c9e56fa4a85
historical,oilseed-soy,BHS,exp_soyoil_noncrude,BHS|exp_soyoil_noncrude,0.07725184117757093,0,0.0,1998-2002,2008-2012,4fc8cc326ebc4cf887aa391fb5bb42f0c790a673b5ece11fb98463297c8f6ae3,9704b972d3c33904afcb818f87ccd461d988fd30910e9788031d4176df032cd0,3f504e0bc00e47e2d3674e97ef03bed09c060383c94ac723bd7c7c9e56fa4a85
historical,oilseed-soy,BLZ,exp_soyflour_meal,BLZ|exp_soyflour_meal,0.06154194653470396,0,0.0,1998-2002,2008-2012,4fc8cc326ebc4cf887aa391fb5bb42f0c790a673b5ece11fb98463297c8f6ae3,9704b972d3c33904afcb818f87ccd461d988fd30910e9788031d4176df032cd0,3f504e0bc00e47e2d3674e97ef03bed09c060383c94ac723bd7c7c9e56fa4a85
historical,oilseed-soy,BLZ,exp_soyoil_crude,BLZ|exp_soyoil_crude,0.05775664924043229,1,302.278,1998-2002,2008-2012,4fc8cc326ebc4cf887aa391fb5bb42f0c790a673b5ece11fb98463297c8f6ae3,9704b972d3c33904afcb818f87ccd461d988fd30910e9788031d4176df032cd0,3f504e0bc00e47e2d3674e97ef03bed09c060383c94ac723bd7c7c9e56fa4a85
historical,oilseed-soy,BLZ,exp_soyoil_noncrude,BLZ|exp_soyoil_noncrude,0.07890198287579424,0,0.0,1998-2002,2008-2012,4fc8cc326ebc4cf887aa391fb5bb42f0c790a673b5ece11fb98463297c8f6ae3,9704b972d3c33904afcb818f87ccd461d988fd30910e9788031d4176df032cd0,3f504e0bc00e47e2d3674e97ef03bed09c060383c94ac723bd7c7c9e56fa4a85
historical,oilseed-soy,BMU,exp_soyflour_meal,BMU|exp_soyflour_meal,0.030466864557033735,0,0.0,1998-2002,2008-2012,4fc8cc326ebc4cf887aa391fb5bb42f0c790a673b5ece11fb98463297c8f6ae3,9704b972d3c33904afcb818f87ccd461d988fd30910e9788031d4176df032cd0,3f504e0bc00e47e2d3674e97ef03bed09c060383c94ac723bd7c7c9e56fa4a85
historical,oilseed-soy,BMU,exp_soymeal,BMU|exp_soymeal,0.03373762786513243,1,186.4022,1998-2002,2008-2012,4fc8cc326ebc4cf887aa391fb5bb42f0c790a673b5ece11fb98463297c8f6ae3,9704b972d3c33904afcb818f87ccd461d988fd30910e9788031d4176df032cd0,3f504e0bc00e47e2d3674e97ef03bed09c060383c94ac723bd7c7c9e56fa4a85
historical,oilseed-soy,BMU,exp_soyoil_crude,BMU|exp_soyoil_crude,0.030756205887148422,0,0.0,1998-2002,2008-2012,4fc8cc326ebc4cf887aa391fb5bb42f0c790a673b5ece11fb98463297c8f6ae3,9704b972d3c33904afcb818f87ccd461d988fd30910e9788031d4176df032cd0,3f504e0bc00e47e2d3674e97ef03bed09c060383c94ac723bd7c7c9e56fa4a85
historical,oilseed-soy,BMU,exp_soyoil_noncrude,BMU|exp_soyoil_noncrude,0.031916281161050615,0,0.0,1998-2002,2008-2012,4fc8cc326ebc4cf887aa391fb5bb42f0c790a673b5ece11fb98463297c8f6ae3,9704b972d3c33904afcb818f87ccd461d988fd30910e9788031d4176df032cd0,3f504e0bc00e47e2d3674e97ef03bed09c060383c94ac723bd7c7c9e56fa4a85
historical,oilseed-soy,BTN,exp_soyoil_noncrude,BTN|exp_soyoil_noncrude,0.055571536060434405,1,200.0952,1998-2002,2008-2012,4fc8cc326ebc4cf887aa391fb5bb42f0c790a673b5ece11fb98463297c8f6ae3,9704b972d3c33904afcb818f87ccd461d988fd30910e9788031d4176df032cd0,3f504e0bc00e47e2d3674e97ef03bed09c060383c94ac723bd7c7c9e56fa4a85
historical,oilseed-soy,CHE,exp_soyflour_meal,CHE|exp_soyflour_meal,0.22393599339136616,1,184.5832,1998-2002,2008-2012,4fc8cc326ebc4cf887aa391fb5bb42f0c790a673b5ece11fb98463297c8f6ae3,9704b972d3c33904afcb818f87ccd461d988fd30910e9788031d4176df032cd0,3f504e0bc00e47e2d3674e97ef03bed09c060383c94ac723bd7c7c9e56fa4a85
historical,oilseed-soy,CHL,exp_soyoil_crude,CHL|exp_soyoil_crude,0.11620827394003633,0,0.0,1998-2002,2008-2012,4fc8cc326ebc4cf887aa391fb5bb42f0c790a673b5ece11fb98463297c8f6ae3,9704b972d3c33904afcb818f87ccd461d988fd30910e9788031d4176df032cd0,3f504e0bc00e47e2d3674e97ef03bed09c060383c94ac723bd7c7c9e56fa4a85
historical,oilseed-soy,COL,exp_soyoil_noncrude,COL|exp_soyoil_noncrude,0.13760550159679616,1,5677.8668,1998-2002,2008-2012,4fc8cc326ebc4cf887aa391fb5bb42f0c790a673b5ece11fb98463297c8f6ae3,9704b972d3c33904afcb818f87ccd461d988fd30910e9788031d4176df032cd0,3f504e0bc00e47e2d3674e97ef03bed09c060383c94ac723bd7c7c9e56fa4a85
historical,oilseed-soy,DMA,exp_soyoil_noncrude,DMA|exp_soyoil_noncrude,0.1147788941611212,0,0.0,1998-2002,2008-2012,4fc8cc326ebc4cf887aa391fb5bb42f0c790a673b5ece11fb98463297c8f6ae3,9704b972d3c33904afcb818f87ccd461d988fd30910e9788031d4176df032cd0,3f504e0bc00e47e2d3674e97ef03bed09c060383c94ac723bd7c7c9e56fa4a85
historical,oilseed-soy,ECU,exp_soyflour_meal,ECU|exp_soyflour_meal,0.07096569561332153,0,0.0,1998-2002,2008-2012,4fc8cc326ebc4cf887aa391fb5bb42f0c790a673b5ece11fb98463297c8f6ae3,9704b972d3c33904afcb818f87ccd461d988fd30910e9788031d4176df032cd0,3f504e0bc00e47e2d3674e97ef03bed09c060383c94ac723bd7c7c9e56fa4a85
historical,oilseed-soy,EGY,exp_soyflour_meal,EGY|exp_soyflour_meal,0.1773241620672925,0,0.0,1998-2002,2008-2012,4fc8cc326ebc4cf887aa391fb5bb42f0c790a673b5ece11fb98463297c8f6ae3,9704b972d3c33904afcb818f87ccd461d988fd30910e9788031d4176df032cd0,3f504e0bc00e47e2d3674e97ef03bed09c060383c94ac723bd7c7c9e56fa4a85
historical,oilseed-soy,FIN,exp_soyflour_meal,FIN|exp_soyflour_meal,0.15996285671042482,0,0.0,1998-2002,2008-2012,4fc8cc326ebc4cf887aa391fb5bb42f0c790a673b5ece11fb98463297c8f6ae3,9704b972d3c33904afcb818f87ccd461d988fd30910e9788031d4176df032cd0,3f504e0bc00e47e2d3674e97ef03bed09c060383c94ac723bd7c7c9e56fa4a85
historical,oilseed-soy,FIN,exp_soymeal,FIN|exp_soymeal,0.14682296662175306,1,101.6508,1998-2002,2008-2012,4fc8cc326ebc4cf887aa391fb5bb42f0c790a673b5ece11fb98463297c8f6ae3,9704b972d3c33904afcb818f87ccd461d988fd30910e9788031d4176df032cd0,3f504e0bc00e47e2d3674e97ef03bed09c060383c94ac723bd7c7c9e56fa4a85
historical,oilseed-soy,GEO,exp_soyflour_meal,GEO|exp_soyflour_meal,0.140595988069609,0,0.0,1998-2002,2008-2012,4fc8cc326ebc4cf887aa391fb5bb42f0c790a673b5ece11fb98463297c8f6ae3,9704b972d3c33904afcb818f87ccd461d988fd30910e9788031d4176df032cd0,3f504e0bc00e47e2d3674e97ef03bed09c060383c94ac723bd7c7c9e56fa4a85
historical,oilseed-soy,GEO,exp_soymeal,GEO|exp_soymeal,0.11160654828693975,1,945.3126,1998-2002,2008-2012,4fc8cc326ebc4cf887aa391fb5bb42f0c790a673b5ece11fb98463297c8f6ae3,9704b972d3c33904afcb818f87ccd461d988fd30910e9788031d4176df032cd0,3f504e0bc00e47e2d3674e97ef03bed09c060383c94ac723bd7c7c9e56fa4a85
historical,oilseed-soy,GEO,exp_soyoil_crude,GEO|exp_soyoil_crude,0.10434495556485099,0,0.0,1998-2002,2008-2012,4fc8cc326ebc4cf887aa391fb5bb42f0c790a673b5ece11fb98463297c8f6ae3,9704b972d3c33904afcb818f87ccd461d988fd30910e9788031d4176df032cd0,3f504e0bc00e47e2d3674e97ef03bed09c060383c94ac723bd7c7c9e56fa4a85
historical,oilseed-soy,GEO,exp_soyoil_noncrude,GEO|exp_soyoil_noncrude,0.11611018508071819,0,0.0,1998-2002,2008-2012,4fc8cc326ebc4cf887aa391fb5bb42f0c790a673b5ece11fb98463297c8f6ae3,9704b972d3c33904afcb818f87ccd461d988fd30910e9788031d4176df032cd0,3f504e0bc00e47e2d3674e97ef03bed09c060383c94ac723bd7c7c9e56fa4a85
historical,oilseed-soy,GTM,exp_soymeal,GTM|exp_soymeal,0.16510042365754377,0,0.0,1998-2002,2008-2012,4fc8cc326ebc4cf887aa391fb5bb42f0c790a673b5ece11fb98463297c8f6ae3,9704b972d3c33904afcb818f87ccd461d988fd30910e9788031d4176df032cd0,3f504e0bc00e47e2d3674e97ef03bed09c060383c94ac723bd7c7c9e56fa4a85
historical,oilseed-soy,GTM,exp_soyoil_crude,GTM|exp_soyoil_crude,0.15694772066787122,0,0.0,1998-2002,2008-2012,4fc8cc326ebc4cf887aa391fb5bb42f0c790a673b5ece11fb98463297c8f6ae3,9704b972d3c33904afcb818f87ccd461d988fd30910e9788031d4176df032cd0,3f504e0bc00e47e2d3674e97ef03bed09c060383c94ac723bd7c7c9e56fa4a85
historical,oilseed-soy,HKG,exp_soyflour_meal,HKG|exp_soyflour_meal,0.23931642649787643,0,0.0,1998-2002,2008-2012,4fc8cc326ebc4cf887aa391fb5bb42f0c790a673b5ece11fb98463297c8f6ae3,9704b972d3c33904afcb818f87ccd461d988fd30910e9788031d4176df032cd0,3f504e0bc00e47e2d3674e97ef03bed09c060383c94ac723bd7c7c9e56fa4a85
historical,oilseed-soy,HND,exp_soyflour_meal,HND|exp_soyflour_meal,0.11221245055354694,0,0.0,1998-2002,2008-2012,4fc8cc326ebc4cf887aa391fb5bb42f0c790a673b5ece11fb98463297c8f6ae3,9704b972d3c33904afcb818f87ccd461d988fd30910e9788031d4176df032cd0,3f504e0bc00e47e2d3674e97ef03bed09c060383c94ac723bd7c7c9e56fa4a85
historical,oilseed-soy,HND,exp_soymeal,HND|exp_soymeal,0.0963062687781858,0,0.0,1998-2002,2008-2012,4fc8cc326ebc4cf887aa391fb5bb42f0c790a673b5ece11fb98463297c8f6ae3,9704b972d3c33904afcb818f87ccd461d988fd30910e9788031d4176df032cd0,3f504e0bc00e47e2d3674e97ef03bed09c060383c94ac723bd7c7c9e56fa4a85
historical,oilseed-soy,HND,exp_soyoil_crude,HND|exp_soyoil_crude,0.09005671753383475,0,0.0,1998-2002,2008-2012,4fc8cc326ebc4cf887aa391fb5bb42f0c790a673b5ece11fb98463297c8f6ae3,9704b972d3c33904afcb818f87ccd461d988fd30910e9788031d4176df032cd0,3f504e0bc00e47e2d3674e97ef03bed09c060383c94ac723bd7c7c9e56fa4a85
historical,oilseed-soy,HRV,exp_soyflour_meal,HRV|exp_soyflour_meal,0.20478960200318339,0,0.0,1998-2002,2008-2012,4fc8cc326ebc4cf887aa391fb5bb42f0c790a673b5ece11fb98463297c8f6ae3,9704b972d3c33904afcb818f87ccd461d988fd30910e9788031d4176df032cd0,3f504e0bc00e47e2d3674e97ef03bed09c060383c94ac723bd7c7c9e56fa4a85
historical,oilseed-soy,IDN,exp_soyflour_meal,IDN|exp_soyflour_meal,0.2242633976421409,0,0.0,1998-2002,2008-2012,4fc8cc326ebc4cf887aa391fb5bb42f0c790a673b5ece11fb98463297c8f6ae3,9704b972d3c33904afcb818f87ccd461d988fd30910e9788031d4176df032cd0,3f504e0bc00e47e2d3674e97ef03bed09c060383c94ac723bd7c7c9e56fa4a85
historical,oilseed-soy,IRL,exp_soyoil_crude,IRL|exp_soyoil_crude,0.10786580546290786,1,1778.7766,1998-2002,2008-2012,4fc8cc326ebc4cf887aa391fb5bb42f0c790a673b5ece11fb98463297c8f6ae3,9704b972d3c33904afcb818f87ccd461d988fd30910e9788031d4176df032cd0,3f504e0bc00e47e2d3674e97ef03bed09c060383c94ac723bd7c7c9e56fa4a85
historical,oilseed-soy,IRN,exp_soyflour_meal,IRN|exp_soyflour_meal,0.08492827960855852,0,0.0,1998-2002,2008-2012,4fc8cc326ebc4cf887aa391fb5bb42f0c790a673b5ece11fb98463297c8f6ae3,9704b972d3c33904afcb818f87ccd461d988fd30910e9788031d4176df032cd0,3f504e0bc00e47e2d3674e97ef03bed09c060383c94ac723bd7c7c9e56fa4a85
historical,oilseed-soy,JPN,exp_soymeal,JPN|exp_soymeal,0.22396818225328965,1,800.833,1998-2002,2008-2012,4fc8cc326ebc4cf887aa391fb5bb42f0c790a673b5ece11fb98463297c8f6ae3,9704b972d3c33904afcb818f87ccd461d988fd30910e9788031d4176df032cd0,3f504e0bc00e47e2d3674e97ef03bed09c060383c94ac723bd7c7c9e56fa4a85
historical,oilseed-soy,KEN,exp_soyflour_meal,KEN|exp_soyflour_meal,0.16817310637236305,0,0.0,1998-2002,2008-2012,4fc8cc326ebc4cf887aa391fb5bb42f0c790a673b5ece11fb98463297c8f6ae3,9704b972d3c33904afcb818f87ccd461d988fd30910e9788031d4176df032cd0,3f504e0bc00e47e2d3674e97ef03bed09c060383c94ac723bd7c7c9e56fa4a85
historical,oilseed-soy,KEN,exp_soymeal,KEN|exp_soymeal,0.16596474865271899,0,0.0,1998-2002,2008-2012,4fc8cc326ebc4cf887aa391fb5bb42f0c790a673b5ece11fb98463297c8f6ae3,9704b972d3c33904afcb818f87ccd461d988fd30910e9788031d4176df032cd0,3f504e0bc00e47e2d3674e97ef03bed09c060383c94ac723bd7c7c9e56fa4a85
historical,oilseed-soy,KEN,exp_soyoil_crude,KEN|exp_soyoil_crude,0.1346965108781781,1,513.3826,1998-2002,2008-2012,4fc8cc326ebc4cf887aa391fb5bb42f0c790a673b5ece11fb98463297c8f6ae3,9704b972d3c33904afcb818f87ccd461d988fd30910e9788031d4176df032cd0,3f504e0bc00e47e2d3674e97ef03bed09c060383c94ac723bd7c7c9e56fa4a85
historical,oilseed-soy,KHM,exp_soyflour_meal,KHM|exp_soyflour_meal,0.06194889867852984,0,0.0,1998-2002,2008-2012,4fc8cc326ebc4cf887aa391fb5bb42f0c790a673b5ece11fb98463297c8f6ae3,9704b972d3c33904afcb818f87ccd461d988fd30910e9788031d4176df032cd0,3f504e0bc00e47e2d3674e97ef03bed09c060383c94ac723bd7c7c9e56fa4a85
historical,oilseed-soy,KHM,exp_soymeal,KHM|exp_soymeal,0.04701377456947065,0,0.0,1998-2002,2008-2012,4fc8cc326ebc4cf887aa391fb5bb42f0c790a673b5ece11fb98463297c8f6ae3,9704b972d3c33904afcb818f87ccd461d988fd30910e9788031d4176df032cd0,3f504e0bc00e47e2d3674e97ef03bed09c060383c94ac723bd7c7c9e56fa4a85
historical,oilseed-soy,KHM,exp_soyoil_crude,KHM|exp_soyoil_crude,0.05077629599044837,0,0.0,1998-2002,2008-2012,4fc8cc326ebc4cf887aa391fb5bb42f0c790a673b5ece11fb98463297c8f6ae3,9704b972d3c33904afcb818f87ccd461d988fd30910e9788031d4176df032cd0,3f504e0bc00e47e2d3674e97ef03bed09c060383c94ac723bd7c7c9e56fa4a85
historical,oilseed-soy,KHM,exp_soyoil_noncrude,KHM|exp_soyoil_noncrude,0.06665707663853336,0,0.0,1998-2002,2008-2012,4fc8cc326ebc4cf887aa391fb5bb42f0c790a673b5ece11fb98463297c8f6ae3,9704b972d3c33904afcb818f87ccd461d988fd30910e9788031d4176df032cd0,3f504e0bc00e47e2d3674e97ef03bed09c060383c94ac723bd7c7c9e56fa4a85
historical,oilseed-soy,LVA,exp_soyoil_noncrude,LVA|exp_soyoil_noncrude,0.18389833860417445,1,723.733,1998-2002,2008-2012,4fc8cc326ebc4cf887aa391fb5bb42f0c790a673b5ece11fb98463297c8f6ae3,9704b972d3c33904afcb818f87ccd461d988fd30910e9788031d4176df032cd0,3f504e0bc00e47e2d3674e97ef03bed09c060383c94ac723bd7c7c9e56fa4a85
historical,oilseed-soy,MDA,exp_soyoil_noncrude,MDA|exp_soyoil_noncrude,0.16288484339821943,0,0.0,1998-2002,2008-2012,4fc8cc326ebc4cf887aa391fb5bb42f0c790a673b5ece11fb98463297c8f6ae3,9704b972d3c33904afcb818f87ccd461d988fd30910e9788031d4176df032cd0,3f504e0bc00e47e2d3674e97ef03bed09c060383c94ac723bd7c7c9e56fa4a85
historical,oilseed-soy,MMR,exp_soyflour_meal,MMR|exp_soyflour_meal,0.06934437858345827,1,233.7204,1998-2002,2008-2012,4fc8cc326ebc4cf887aa391fb5bb42f0c790a673b5ece11fb98463297c8f6ae3,9704b972d3c33904afcb818f87ccd461d988fd30910e9788031d4176df032cd0,3f504e0bc00e47e2d3674e97ef03bed09c060383c94ac723bd7c7c9e56fa4a85
historical,oilseed-soy,MMR,exp_soymeal,MMR|exp_soymeal,0.05881812334724413,0,0.0,1998-2002,2008-2012,4fc8cc326ebc4cf887aa391fb5bb42f0c790a673b5ece11fb98463297c8f6ae3,9704b972d3c33904afcb818f87ccd461d988fd30910e9788031d4176df032cd0,3f504e0bc00e47e2d3674e97ef03bed09c060383c94ac723bd7c7c9e56fa4a85
historical,oilseed-soy,MMR,exp_soyoil_crude,MMR|exp_soyoil_crude,0.05811433922087435,0,0.0,1998-2002,2008-2012,4fc8cc326ebc4cf887aa391fb5bb42f0c790a673b5ece11fb98463297c8f6ae3,9704b972d3c33904afcb818f87ccd461d988fd30910e9788031d4176df032cd0,3f504e0bc00e47e2d3674e97ef03bed09c060383c94ac723bd7c7c9e56fa4a85
historical,oilseed-soy,MMR,exp_soyoil_noncrude,MMR|exp_soyoil_noncrude,0.07532877953523577,0,0.0,1998-2002,2008-2012,4fc8cc326ebc4cf887aa391fb5bb42f0c790a673b5ece11fb98463297c8f6ae3,9704b972d3c33904afcb818f87ccd461d988fd30910e9788031d4176df032cd0,3f504e0bc00e47e2d3674e97ef03bed09c060383c94ac723bd7c7c9e56fa4a85
historical,oilseed-soy,MWI,exp_soyflour_meal,MWI|exp_soyflour_meal,0.06637763836261786,1,1137.3668,1998-2002,2008-2012,4fc8cc326ebc4cf887aa391fb5bb42f0c790a673b5ece11fb98463297c8f6ae3,9704b972d3c33904afcb818f87ccd461d988fd30910e9788031d4176df032cd0,3f504e0bc00e47e2d3674e97ef03bed09c060383c94ac723bd7c7c9e56fa4a85
historical,oilseed-soy,MWI,exp_soymeal,MWI|exp_soymeal,0.06488604292329411,1,116.33599999999998,1998-2002,2008-2012,4fc8cc326ebc4cf887aa391fb5bb42f0c790a673b5ece11fb98463297c8f6ae3,9704b972d3c33904afcb818f87ccd461d988fd30910e9788031d4176df032cd0,3f504e0bc00e47e2d3674e97ef03bed09c060383c94ac723bd7c7c9e56fa4a85
historical,oilseed-soy,MWI,exp_soyoil_crude,MWI|exp_soyoil_crude,0.05109117810058867,0,0.0,1998-2002,2008-2012,4fc8cc326ebc4cf887aa391fb5bb42f0c790a673b5ece11fb98463297c8f6ae3,9704b972d3c33904afcb818f87ccd461d988fd30910e9788031d4176df032cd0,3f504e0bc00e47e2d3674e97ef03bed09c060383c94ac723bd7c7c9e56fa4a85
historical,oilseed-soy,MWI,exp_soyoil_noncrude,MWI|exp_soyoil_noncrude,0.07542934616833728,1,108.4964,1998-2002,2008-2012,4fc8cc326ebc4cf887aa391fb5bb42f0c790a673b5ece11fb98463297c8f6ae3,9704b972d3c33904afcb818f87ccd461d988fd30910e9788031d4176df032cd0,3f504e0bc00e47e2d3674e97ef03bed09c060383c94ac723bd7c7c9e56fa4a85
historical,oilseed-soy,NGA,exp_soyflour_meal,NGA|exp_soyflour_meal,0.016934049972389974,0,0.0,1998-2002,2008-2012,4fc8cc326ebc4cf887aa391fb5bb42f0c790a673b5ece11fb98463297c8f6ae3,9704b972d3c33904afcb818f87ccd461d988fd30910e9788031d4176df032cd0,3f504e0bc00e47e2d3674e97ef03bed09c060383c94ac723bd7c7c9e56fa4a85
historical,oilseed-soy,NGA,exp_soyoil_crude,NGA|exp_soyoil_crude,0.013801351107333703,0,0.0,1998-2002,2008-2012,4fc8cc326ebc4cf887aa391fb5bb42f0c790a673b5ece11fb98463297c8f6ae3,9704b972d3c33904afcb818f87ccd461d988fd30910e9788031d4176df032cd0,3f504e0bc00e47e2d3674e97ef03bed09c060383c94ac723bd7c7c9e56fa4a85
historical,oilseed-soy,NOR,exp_soyflour_meal,NOR|exp_soyflour_meal,0.10077989684726721,0,0.0,1998-2002,2008-2012,4fc8cc326ebc4cf887aa391fb5bb42f0c790a673b5ece11fb98463297c8f6ae3,9704b972d3c33904afcb818f87ccd461d988fd30910e9788031d4176df032cd0,3f504e0bc00e47e2d3674e97ef03bed09c060383c94ac723bd7c7c9e56fa4a85
historical,oilseed-soy,NZL,exp_soyoil_noncrude,NZL|exp_soyoil_noncrude,0.1740471282189436,1,653.3771999999999,1998-2002,2008-2012,4fc8cc326ebc4cf887aa391fb5bb42f0c790a673b5ece11fb98463297c8f6ae3,9704b972d3c33904afcb818f87ccd461d988fd30910e9788031d4176df032cd0,3f504e0bc00e47e2d3674e97ef03bed09c060383c94ac723bd7c7c9e56fa4a85
historical,oilseed-soy,PAN,exp_soyflour_meal,PAN|exp_soyflour_meal,0.15028125927692768,1,527.846,1998-2002,2008-2012,4fc8cc326ebc4cf887aa391fb5bb42f0c790a673b5ece11fb98463297c8f6ae3,9704b972d3c33904afcb818f87ccd461d988fd30910e9788031d4176df032cd0,3f504e0bc00e47e2d3674e97ef03bed09c060383c94ac723bd7c7c9e56fa4a85
historical,oilseed-soy,PAN,exp_soymeal,PAN|exp_soymeal,0.1492794707439523,1,212.8246,1998-2002,2008-2012,4fc8cc326ebc4cf887aa391fb5bb42f0c790a673b5ece11fb98463297c8f6ae3,9704b972d3c33904afcb818f87ccd461d988fd30910e9788031d4176df032cd0,3f504e0bc00e47e2d3674e97ef03bed09c060383c94ac723bd7c7c9e56fa4a85
historical,oilseed-soy,PAN,exp_soyoil_crude,PAN|exp_soyoil_crude,0.14074664714213672,0,0.0,1998-2002,2008-2012,4fc8cc326ebc4cf887aa391fb5bb42f0c790a673b5ece11fb98463297c8f6ae3,9704b972d3c33904afcb818f87ccd461d988fd30910e9788031d4176df032cd0,3f504e0bc00e47e2d3674e97ef03bed09c060383c94ac723bd7c7c9e56fa4a85
historical,oilseed-soy,PAN,exp_soyoil_noncrude,PAN|exp_soyoil_noncrude,0.16517899196293423,1,545.8354,1998-2002,2008-2012,4fc8cc326ebc4cf887aa391fb5bb42f0c790a673b5ece11fb98463297c8f6ae3,9704b972d3c33904afcb818f87ccd461d988fd30910e9788031d4176df032cd0,3f504e0bc00e47e2d3674e97ef03bed09c060383c94ac723bd7c7c9e56fa4a85
historical,oilseed-soy,PER,exp_soyflour_meal,PER|exp_soyflour_meal,0.1255217912981485,0,0.0,1998-2002,2008-2012,4fc8cc326ebc4cf887aa391fb5bb42f0c790a673b5ece11fb98463297c8f6ae3,9704b972d3c33904afcb818f87ccd461d988fd30910e9788031d4176df032cd0,3f504e0bc00e47e2d3674e97ef03bed09c060383c94ac723bd7c7c9e56fa4a85
historical,oilseed-soy,PER,exp_soyoil_crude,PER|exp_soyoil_crude,0.11168884309374151,1,23525.628,1998-2002,2008-2012,4fc8cc326ebc4cf887aa391fb5bb42f0c790a673b5ece11fb98463297c8f6ae3,9704b972d3c33904afcb818f87ccd461d988fd30910e9788031d4176df032cd0,3f504e0bc00e47e2d3674e97ef03bed09c060383c94ac723bd7c7c9e56fa4a85
historical,oilseed-soy,POL,exp_soyflour_meal,POL|exp_soyflour_meal,0.3068385308085395,0,0.0,1998-2002,2008-2012,4fc8cc326ebc4cf887aa391fb5bb42f0c790a673b5ece11fb98463297c8f6ae3,9704b972d3c33904afcb818f87ccd461d988fd30910e9788031d4176df032cd0,3f504e0bc00e47e2d3674e97ef03bed09c060383c94ac723bd7c7c9e56fa4a85
historical,oilseed-soy,POL,exp_soyoil_crude,POL|exp_soyoil_crude,0.27911165590231324,1,2142.2468,1998-2002,2008-2012,4fc8cc326ebc4cf887aa391fb5bb42f0c790a673b5ece11fb98463297c8f6ae3,9704b972d3c33904afcb818f87ccd461d988fd30910e9788031d4176df032cd0,3f504e0bc00e47e2d3674e97ef03bed09c060383c94ac723bd7c7c9e56fa4a85
historical,oilseed-soy,POL,exp_soyoil_noncrude,POL|exp_soyoil_noncrude,0.31422754487017174,1,2370.4974,1998-2002,2008-2012,4fc8cc326ebc4cf887aa391fb5bb42f0c790a673b5ece11fb98463297c8f6ae3,9704b972d3c33904afcb818f87ccd461d988fd30910e9788031d4176df032cd0,3f504e0bc00e47e2d3674e97ef03bed09c060383c94ac723bd7c7c9e56fa4a85
historical,oilseed-soy,PUS,exp_soyflour_meal,PUS|exp_soyflour_meal,0.06858840576426643,0,0.0,1998-2002,2008-2012,4fc8cc326ebc4cf887aa391fb5bb42f0c790a673b5ece11fb98463297c8f6ae3,9704b972d3c33904afcb818f87ccd461d988fd30910e9788031d4176df032cd0,3f504e0bc00e47e2d3674e97ef03bed09c060383c94ac723bd7c7c9e56fa4a85
historical,oilseed-soy,PUS,exp_soyoil_crude,PUS|exp_soyoil_crude,0.07475990357686965,0,0.0,1998-2002,2008-2012,4fc8cc326ebc4cf887aa391fb5bb42f0c790a673b5ece11fb98463297c8f6ae3,9704b972d3c33904afcb818f87ccd461d988fd30910e9788031d4176df032cd0,3f504e0bc00e47e2d3674e97ef03bed09c060383c94ac723bd7c7c9e56fa4a85
historical,oilseed-soy,PUS,exp_soyoil_noncrude,PUS|exp_soyoil_noncrude,0.05708829955496189,0,0.0,1998-2002,2008-2012,4fc8cc326ebc4cf887aa391fb5bb42f0c790a673b5ece11fb98463297c8f6ae3,9704b972d3c33904afcb818f87ccd461d988fd30910e9788031d4176df032cd0,3f504e0bc00e47e2d3674e97ef03bed09c060383c94ac723bd7c7c9e56fa4a85
historical,oilseed-soy,ROU,exp_soyflour_meal,ROU|exp_soyflour_meal,0.22537169651765923,1,3261.5042000000003,1998-2002,2008-2012,4fc8cc326ebc4cf887aa391fb5bb42f0c790a673b5ece11fb98463297c8f6ae3,9704b972d3c33904afcb818f87ccd461d988fd30910e9788031d4176df032cd0,3f504e0bc00e47e2d3674e97ef03bed09c060383c94ac723bd7c7c9e56fa4a85
historical,oilseed-soy,ROU,exp_soyoil_noncrude,ROU|exp_soyoil_noncrude,0.21633848647217244,1,382.8458,1998-2002,2008-2012,4fc8cc326ebc4cf887aa391fb5bb42f0c790a673b5ece11fb98463297c8f6ae3,9704b972d3c33904afcb818f87ccd461d988fd30910e9788031d4176df032cd0,3f504e0bc00e47e2d3674e97ef03bed09c060383c94ac723bd7c7c9e56fa4a85
historical,oilseed-soy,SAU,exp_soyflour_meal,SAU|exp_soyflour_meal,0.05200448732901592,0,0.0,1998-2002,2008-2012,4fc8cc326ebc4cf887aa391fb5bb42f0c790a673b5ece11fb98463297c8f6ae3,9704b972d3c33904afcb818f87ccd461d988fd30910e9788031d4176df032cd0,3f504e0bc00e47e2d3674e97ef03bed09c060383c94ac723bd7c7c9e56fa4a85
historical,oilseed-soy,SAU,exp_soymeal,SAU|exp_soymeal,0.051298224918771805,0,0.0,1998-2002,2008-2012,4fc8cc326ebc4cf887aa391fb5bb42f0c790a673b5ece11fb98463297c8f6ae3,9704b972d3c33904afcb818f87ccd461d988fd30910e9788031d4176df032cd0,3f504e0bc00e47e2d3674e97ef03bed09c060383c94ac723bd7c7c9e56fa4a85
historical,oilseed-soy,SAU,exp_soyoil_crude,SAU|exp_soyoil_crude,0.042635183305933085,1,55591.1704,1998-2002,2008-2012,4fc8cc326ebc4cf887aa391fb5bb42f0c790a673b5ece11fb98463297c8f6ae3,9704b972d3c33904afcb818f87ccd461d988fd30910e9788031d4176df032cd0,3f504e0bc00e47e2d3674e97ef03bed09c060383c94ac723bd7c7c9e56fa4a85
historical,oilseed-soy,SLV,exp_soyoil_noncrude,SLV|exp_soyoil_noncrude,0.15319237388417825,1,166.25979999999998,1998-2002,2008-2012,4fc8cc326ebc4cf887aa391fb5bb42f0c790a673b5ece11fb98463297c8f6ae3,9704b972d3c33904afcb818f87ccd461d988fd30910e9788031d4176df032cd0,3f504e0bc00e47e2d3674e97ef03bed09c060383c94ac723bd7c7c9e56fa4a85
historical,oilseed-soy,SPM,exp_soyflour_meal,SPM|exp_soyflour_meal,0.038303980766837664,0,0.0,1998-2002,2008-2012,4fc8cc326ebc4cf887aa391fb5bb42f0c790a673b5ece11fb98463297c8f6ae3,9704b972d3c33904afcb818f87ccd461d988fd30910e9788031d4176df032cd0,3f504e0bc00e47e2d3674e97ef03bed09c060383c94ac723bd7c7c9e56fa4a85
historical,oilseed-soy,SPM,exp_soyoil_crude,SPM|exp_soyoil_crude,0.03628251627048781,0,0.0,1998-2002,2008-2012,4fc8cc326ebc4cf887aa391fb5bb42f0c790a673b5ece11fb98463297c8f6ae3,9704b972d3c33904afcb818f87ccd461d988fd30910e9788031d4176df032cd0,3f504e0bc00e47e2d3674e97ef03bed09c060383c94ac723bd7c7c9e56fa4a85
historical,oilseed-soy,SPM,exp_soyoil_noncrude,SPM|exp_soyoil_noncrude,0.04227474327706415,0,0.0,1998-2002,2008-2012,4fc8cc326ebc4cf887aa391fb5bb42f0c790a673b5ece11fb98463297c8f6ae3,9704b972d3c33904afcb818f87ccd461d988fd30910e9788031d4176df032cd0,3f504e0bc00e47e2d3674e97ef03bed09c060383c94ac723bd7c7c9e56fa4a85
historical,oilseed-soy,SUR,exp_soyflour_meal,SUR|exp_soyflour_meal,0.036981682191775306,0,0.0,1998-2002,2008-2012,4fc8cc326ebc4cf887aa391fb5bb42f0c790a673b5ece11fb98463297c8f6ae3,9704b972d3c33904afcb818f87ccd461d988fd30910e9788031d4176df032cd0,3f504e0bc00e47e2d3674e97ef03bed09c060383c94ac723bd7c7c9e56fa4a85
historical,oilseed-soy,SUR,exp_soyoil_crude,SUR|exp_soyoil_crude,0.03339748427655595,0,0.0,1998-2002,2008-2012,4fc8cc326ebc4cf887aa391fb5bb42f0c790a673b5ece11fb98463297c8f6ae3,9704b972d3c33904afcb818f87ccd461d988fd30910e9788031d4176df032cd0,3f504e0bc00e47e2d3674e97ef03bed09c060383c94ac723bd7c7c9e56fa4a85
historical,oilseed-soy,SVK,exp_soyflour_meal,SVK|exp_soyflour_meal,0.20991408331275152,0,0.0,1998-2002,2008-2012,4fc8cc326ebc4cf887aa391fb5bb42f0c790a673b5ece11fb98463297c8f6ae3,9704b972d3c33904afcb818f87ccd461d988fd30910e9788031d4176df032cd0,3f504e0bc00e47e2d3674e97ef03bed09c060383c94ac723bd7c7c9e56fa4a85
historical,oilseed-soy,SVK,exp_soymeal,SVK|exp_soymeal,0.17477633040146698,1,2491.8292,1998-2002,2008-2012,4fc8cc326ebc4cf887aa391fb5bb42f0c790a673b5ece11fb98463297c8f6ae3,9704b972d3c33904afcb818f87ccd461d988fd30910e9788031d4176df032cd0,3f504e0bc00e47e2d3674e97ef03bed09c060383c94ac723bd7c7c9e56fa4a85
historical,oilseed-soy,SVK,exp_soyoil_crude,SVK|exp_soyoil_crude,0.19477520734880724,0,0.0,1998-2002,2008-2012,4fc8cc326ebc4cf887aa391fb5bb42f0c790a673b5ece11fb98463297c8f6ae3,9704b972d3c33904afcb818f87ccd461d988fd30910e9788031d4176df032cd0,3f504e0bc00e47e2d3674e97ef03bed09c060383c94ac723bd7c7c9e56fa4a85
historical,oilseed-soy,SVK,exp_soyoil_noncrude,SVK|exp_soyoil_noncrude,0.20833907165969504,1,257.6504,1998-2002,2008-2012,4fc8cc326ebc4cf887aa391fb5bb42f0c790a673b5ece11fb98463297c8f6ae3,9704b972d3c33904afcb818f87ccd461d988fd30910e9788031d4176df032cd0,3f504e0bc00e47e2d3674e97ef03bed09c060383c94ac723bd7c7c9e56fa4a85
historical,oilseed-soy,TTO,exp_soyoil_crude,TTO|exp_soyoil_crude,0.05725149257286991,0,0.0,1998-2002,2008-2012,4fc8cc326ebc4cf887aa391fb5bb42f0c790a673b5ece11fb98463297c8f6ae3,9704b972d3c33904afcb818f87ccd461d988fd30910e9788031d4176df032cd0,3f504e0bc00e47e2d3674e97ef03bed09c060383c94ac723bd7c7c9e56fa4a85
historical,oilseed-soy,TUR,exp_soyflour_meal,TUR|exp_soyflour_meal,0.3062350726660209,0,0.0,1998-2002,2008-2012,4fc8cc326ebc4cf887aa391fb5bb42f0c790a673b5ece11fb98463297c8f6ae3,9704b972d3c33904afcb818f87ccd461d988fd30910e9788031d4176df032cd0,3f504e0bc00e47e2d3674e97ef03bed09c060383c94ac723bd7c7c9e56fa4a85
historical,oilseed-soy,UKR,exp_soyflour_meal,UKR|exp_soyflour_meal,0.19721743178174297,0,0.0,1998-2002,2008-2012,4fc8cc326ebc4cf887aa391fb5bb42f0c790a673b5ece11fb98463297c8f6ae3,9704b972d3c33904afcb818f87ccd461d988fd30910e9788031d4176df032cd0,3f504e0bc00e47e2d3674e97ef03bed09c060383c94ac723bd7c7c9e56fa4a85
historical,oilseed-soy,UKR,exp_soyoil_noncrude,UKR|exp_soyoil_noncrude,0.1816970285166076,1,121.088,1998-2002,2008-2012,4fc8cc326ebc4cf887aa391fb5bb42f0c790a673b5ece11fb98463297c8f6ae3,9704b972d3c33904afcb818f87ccd461d988fd30910e9788031d4176df032cd0,3f504e0bc00e47e2d3674e97ef03bed09c060383c94ac723bd7c7c9e56fa4a85
historical,oilseed-soy,URY,exp_soyflour_meal,URY|exp_soyflour_meal,0.12883140578047325,0,0.0,1998-2002,2008-2012,4fc8cc326ebc4cf887aa391fb5bb42f0c790a673b5ece11fb98463297c8f6ae3,9704b972d3c33904afcb818f87ccd461d988fd30910e9788031d4176df032cd0,3f504e0bc00e47e2d3674e97ef03bed09c060383c94ac723bd7c7c9e56fa4a85
historical,oilseed-soy,URY,exp_soyoil_noncrude,URY|exp_soyoil_noncrude,0.1348567142224579,1,107.6372,1998-2002,2008-2012,4fc8cc326ebc4cf887aa391fb5bb42f0c790a673b5ece11fb98463297c8f6ae3,9704b972d3c33904afcb818f87ccd461d988fd30910e9788031d4176df032cd0,3f504e0bc00e47e2d3674e97ef03bed09c060383c94ac723bd7c7c9e56fa4a85
historical,oilseed-soy,VEN,exp_soyoil_noncrude,VEN|exp_soyoil_noncrude,0.059124003992620834,1,2343.2128,1998-2002,2008-2012,4fc8cc326ebc4cf887aa391fb5bb42f0c790a673b5ece11fb98463297c8f6ae3,9704b972d3c33904afcb818f87ccd461d988fd30910e9788031d4176df032cd0,3f504e0bc00e47e2d3674e97ef03bed09c060383c94ac723bd7c7c9e56fa4a85
historical,oilseed-soy,VNM,exp_soyflour_meal,VNM|exp_soyflour_meal,0.1556742011780821,1,409.8954,1998-2002,2008-2012,4fc8cc326ebc4cf887aa391fb5bb42f0c790a673b5ece11fb98463297c8f6ae3,9704b972d3c33904afcb818f87ccd461d988fd30910e9788031d4176df032cd0,3f504e0bc00e47e2d3674e97ef03bed09c060383c94ac723bd7c7c9e56fa4a85
historical,oilseed-soy,VNM,exp_soymeal,VNM|exp_soymeal,0.13833069389318028,1,1129.6994,1998-2002,2008-2012,4fc8cc326ebc4cf887aa391fb5bb42f0c790a673b5ece11fb98463297c8f6ae3,9704b972d3c33904afcb818f87ccd461d988fd30910e9788031d4176df032cd0,3f504e0bc00e47e2d3674e97ef03bed09c060383c94ac723bd7c7c9e56fa4a85
historical,oilseed-soy,ZA1,exp_soyflour_meal,ZA1|exp_soyflour_meal,0.22599463494151764,0,0.0,1998-2002,2008-2012,4fc8cc326ebc4cf887aa391fb5bb42f0c790a673b5ece11fb98463297c8f6ae3,9704b972d3c33904afcb818f87ccd461d988fd30910e9788031d4176df032cd0,3f504e0bc00e47e2d3674e97ef03bed09c060383c94ac723bd7c7c9e56fa4a85
historical,oilseed-soy,ZAF,exp_soyflour_meal,ZAF|exp_soyflour_meal,0.27915539808693157,1,423.5944,1998-2002,2008-2012,4fc8cc326ebc4cf887aa391fb5bb42f0c790a673b5ece11fb98463297c8f6ae3,9704b972d3c33904afcb818f87ccd461d988fd30910e9788031d4176df032cd0,3f504e0bc00e47e2d3674e97ef03bed09c060383c94ac723bd7c7c9e56fa4a85
historical,oilseed-soy,ZMB,exp_soyflour_meal,ZMB|exp_soyflour_meal,0.08787081342316312,1,1284.5238000000002,1998-2002,2008-2012,4fc8cc326ebc4cf887aa391fb5bb42f0c790a673b5ece11fb98463297c8f6ae3,9704b972d3c33904afcb818f87ccd461d988fd30910e9788031d4176df032cd0,3f504e0bc00e47e2d3674e97ef03bed09c060383c94ac723bd7c7c9e56fa4a85
historical,oilseed-soy,ZMB,exp_soyoil_crude,ZMB|exp_soyoil_crude,0.06500198632952765,0,0.0,1998-2002,2008-2012,4fc8cc326ebc4cf887aa391fb5bb42f0c790a673b5ece11fb98463297c8f6ae3,9704b972d3c33904afcb818f87ccd461d988fd30910e9788031d4176df032cd0,3f504e0bc00e47e2d3674e97ef03bed09c060383c94ac723bd7c7c9e56fa4a85
historical,oilseed-soy,ZMB,exp_soyoil_noncrude,ZMB|exp_soyoil_noncrude,0.09172402234476296,1,138.7876,1998-2002,2008-2012,4fc8cc326ebc4cf887aa391fb5bb42f0c790a673b5ece11fb98463297c8f6ae3,9704b972d3c33904afcb818f87ccd461d988fd30910e9788031d4176df032cd0,3f504e0bc00e47e2d3674e97ef03bed09c060383c94ac723bd7c7c9e56fa4a85
historical,oilseed-soy,ZWE,exp_soyoil_crude,ZWE|exp_soyoil_crude,0.11852051887117462,0,0.0,1998-2002,2008-2012,4fc8cc326ebc4cf887aa391fb5bb42f0c790a673b5ece11fb98463297c8f6ae3,9704b972d3c33904afcb818f87ccd461d988fd30910e9788031d4176df032cd0,3f504e0bc00e47e2d3674e97ef03bed09c060383c94ac723bd7c7c9e56fa4a85
main,sheep,ALB,exp_woolgrease,ALB|exp_woolgrease,0.12186129136947503,0,0.0,2008-2012,2018-2022,a430d1146a28593840e544b8b2301891e4ed531d7fd5e36b46c531b2d83dcc06,9704b972d3c33904afcb818f87ccd461d988fd30910e9788031d4176df032cd0,3f504e0bc00e47e2d3674e97ef03bed09c060383c94ac723bd7c7c9e56fa4a85
main,sheep,ALB,exp_wooltop,ALB|exp_wooltop,0.16956264039799201,0,0.0,2008-2012,2018-2022,a430d1146a28593840e544b8b2301891e4ed531d7fd5e36b46c531b2d83dcc06,9704b972d3c33904afcb818f87ccd461d988fd30910e9788031d4176df032cd0,3f504e0bc00e47e2d3674e97ef03bed09c060383c94ac723bd7c7c9e56fa4a85
main,sheep,ALB,exp_woolyarn,ALB|exp_woolyarn,0.1718697361586546,0,0.0,2008-2012,2018-2022,a430d1146a28593840e544b8b2301891e4ed531d7fd5e36b46c531b2d83dcc06,9704b972d3c33904afcb818f87ccd461d988fd30910e9788031d4176df032cd0,3f504e0bc00e47e2d3674e97ef03bed09c060383c94ac723bd7c7c9e56fa4a85
main,sheep,ARE,exp_woolyarn,ARE|exp_woolyarn,0.07873177053344713,0,0.0,2008-2012,2018-2022,a430d1146a28593840e544b8b2301891e4ed531d7fd5e36b46c531b2d83dcc06,9704b972d3c33904afcb818f87ccd461d988fd30910e9788031d4176df032cd0,3f504e0bc00e47e2d3674e97ef03bed09c060383c94ac723bd7c7c9e56fa4a85
main,sheep,ARM,exp_meat,ARM|exp_meat,0.08131914444265467,1,4614.2428,2008-2012,2018-2022,a430d1146a28593840e544b8b2301891e4ed531d7fd5e36b46c531b2d83dcc06,9704b972d3c33904afcb818f87ccd461d988fd30910e9788031d4176df032cd0,3f504e0bc00e47e2d3674e97ef03bed09c060383c94ac723bd7c7c9e56fa4a85
main,sheep,AZE,exp_meat,AZE|exp_meat,0.014528346290290471,1,685.7914,2008-2012,2018-2022,a430d1146a28593840e544b8b2301891e4ed531d7fd5e36b46c531b2d83dcc06,9704b972d3c33904afcb818f87ccd461d988fd30910e9788031d4176df032cd0,3f504e0bc00e47e2d3674e97ef03bed09c060383c94ac723bd7c7c9e56fa4a85
main,sheep,BFA,exp_meat,BFA|exp_meat,0.03454641197545258,0,0.0,2008-2012,2018-2022,a430d1146a28593840e544b8b2301891e4ed531d7fd5e36b46c531b2d83dcc06,9704b972d3c33904afcb818f87ccd461d988fd30910e9788031d4176df032cd0,3f504e0bc00e47e2d3674e97ef03bed09c060383c94ac723bd7c7c9e56fa4a85
main,sheep,BHR,exp_meat,BHR|exp_meat,0.0599660968463525,0,0.0,2008-2012,2018-2022,a430d1146a28593840e544b8b2301891e4ed531d7fd5e36b46c531b2d83dcc06,9704b972d3c33904afcb818f87ccd461d988fd30910e9788031d4176df032cd0,3f504e0bc00e47e2d3674e97ef03bed09c060383c94ac723bd7c7c9e56fa4a85
main,sheep,BIH,exp_woolgrease,BIH|exp_woolgrease,0.12238669302284784,0,0.0,2008-2012,2018-2022,a430d1146a28593840e544b8b2301891e4ed531d7fd5e36b46c531b2d83dcc06,9704b972d3c33904afcb818f87ccd461d988fd30910e9788031d4176df032cd0,3f504e0bc00e47e2d3674e97ef03bed09c060383c94ac723bd7c7c9e56fa4a85
main,sheep,BIH,exp_wooltop,BIH|exp_wooltop,0.1637659010999971,0,0.0,2008-2012,2018-2022,a430d1146a28593840e544b8b2301891e4ed531d7fd5e36b46c531b2d83dcc06,9704b972d3c33904afcb818f87ccd461d988fd30910e9788031d4176df032cd0,3f504e0bc00e47e2d3674e97ef03bed09c060383c94ac723bd7c7c9e56fa4a85
main,sheep,BLR,exp_woolgrease,BLR|exp_woolgrease,0.101686715908359,0,0.0,2008-2012,2018-2022,a430d1146a28593840e544b8b2301891e4ed531d7fd5e36b46c531b2d83dcc06,9704b972d3c33904afcb818f87ccd461d988fd30910e9788031d4176df032cd0,3f504e0bc00e47e2d3674e97ef03bed09c060383c94ac723bd7c7c9e56fa4a85
main,sheep,BOL,exp_woolgrease,BOL|exp_woolgrease,0.03866711582606259,0,0.0,2008-2012,2018-2022,a430d1146a28593840e544b8b2301891e4ed531d7fd5e36b46c531b2d83dcc06,9704b972d3c33904afcb818f87ccd461d988fd30910e9788031d4176df032cd0,3f504e0bc00e47e2d3674e97ef03bed09c060383c94ac723bd7c7c9e56fa4a85
main,sheep,BOL,exp_woolyarn,BOL|exp_woolyarn,0.04116498402602865,0,0.0,2008-2012,2018-2022,a430d1146a28593840e544b8b2301891e4ed531d7fd5e36b46c531b2d83dcc06,9704b972d3c33904afcb818f87ccd461d988fd30910e9788031d4176df032cd0,3f504e0bc00e47e2d3674e97ef03bed09c060383c94ac723bd7c7c9e56fa4a85
main,sheep,CAN,exp_woolgrease,CAN|exp_woolgrease,0.16017369663320444,1,490.3318,2008-2012,2018-2022,a430d1146a28593840e544b8b2301891e4ed531d7fd5e36b46c531b2d83dcc06,9704b972d3c33904afcb818f87ccd461d988fd30910e9788031d4176df032cd0,3f504e0bc00e47e2d3674e97ef03bed09c060383c94ac723bd7c7c9e56fa4a85
main,sheep,CHE,exp_woolgrease,CHE|exp_woolgrease,0.1958422001482777,0,0.0,2008-2012,2018-2022,a430d1146a28593840e544b8b2301891e4ed531d7fd5e36b46c531b2d83dcc06,9704b972d3c33904afcb818f87ccd461d988fd30910e9788031d4176df032cd0,3f504e0bc00e47e2d3674e97ef03bed09c060383c94ac723bd7c7c9e56fa4a85
main,sheep,CHE,exp_wooltop,CHE|exp_wooltop,0.1734934071819913,1,109.27420000000002,2008-2012,2018-2022,a430d1146a28593840e544b8b2301891e4ed531d7fd5e36b46c531b2d83dcc06,9704b972d3c33904afcb818f87ccd461d988fd30910e9788031d4176df032cd0,3f504e0bc00e47e2d3674e97ef03bed09c060383c94ac723bd7c7c9e56fa4a85
main,sheep,CMR,exp_meat,CMR|exp_meat,0.04025566974101541,0,0.0,2008-2012,2018-2022,a430d1146a28593840e544b8b2301891e4ed531d7fd5e36b46c531b2d83dcc06,9704b972d3c33904afcb818f87ccd461d988fd30910e9788031d4176df032cd0,3f504e0bc00e47e2d3674e97ef03bed09c060383c94ac723bd7c7c9e56fa4a85
main,sheep,CYP,exp_woolgrease,CYP|exp_woolgrease,0.13706589084029241,0,0.0,2008-2012,2018-2022,a430d1146a28593840e544b8b2301891e4ed531d7fd5e36b46c531b2d83dcc06,9704b972d3c33904afcb818f87ccd461d988fd30910e9788031d4176df032cd0,3f504e0bc00e47e2d3674e97ef03bed09c060383c94ac723bd7c7c9e56fa4a85
main,sheep,CYP,exp_wooltop,CYP|exp_wooltop,0.14599643326525694,0,0.0,2008-2012,2018-2022,a430d1146a28593840e544b8b2301891e4ed531d7fd5e36b46c531b2d83dcc06,9704b972d3c33904afcb818f87ccd461d988fd30910e9788031d4176df032cd0,3f504e0bc00e47e2d3674e97ef03bed09c060383c94ac723bd7c7c9e56fa4a85
main,sheep,CYP,exp_woolyarn,CYP|exp_woolyarn,0.1508611896568061,0,0.0,2008-2012,2018-2022,a430d1146a28593840e544b8b2301891e4ed531d7fd5e36b46c531b2d83dcc06,9704b972d3c33904afcb818f87ccd461d988fd30910e9788031d4176df032cd0,3f504e0bc00e47e2d3674e97ef03bed09c060383c94ac723bd7c7c9e56fa4a85
main,sheep,DJI,exp_meat,DJI|exp_meat,0.05348332023631465,0,0.0,2008-2012,2018-2022,a430d1146a28593840e544b8b2301891e4ed531d7fd5e36b46c531b2d83dcc06,9704b972d3c33904afcb818f87ccd461d988fd30910e9788031d4176df032cd0,3f504e0bc00e47e2d3674e97ef03bed09c060383c94ac723bd7c7c9e56fa4a85
main,sheep,DNK,exp_woolgrease,DNK|exp_woolgrease,0.24512232983200533,0,0.0,2008-2012,2018-2022,a430d1146a28593840e544b8b2301891e4ed531d7fd5e36b46c531b2d83dcc06,9704b972d3c33904afcb818f87ccd461d988fd30910e9788031d4176df032cd0,3f504e0bc00e47e2d3674e97ef03bed09c060383c94ac723bd7c7c9e56fa4a85
main,sheep,DZA,exp_meat,DZA|exp_meat,0.010579579216155665,0,0.0,2008-2012,2018-2022,a430d1146a28593840e544b8b2301891e4ed531d7fd5e36b46c531b2d83dcc06,9704b972d3c33904afcb818f87ccd461d988fd30910e9788031d4176df032cd0,3f504e0bc00e47e2d3674e97ef03bed09c060383c94ac723bd7c7c9e56fa4a85
main,sheep,DZA,exp_woolgrease,DZA|exp_woolgrease,0.00788372425834343,0,0.0,2008-2012,2018-2022,a430d1146a28593840e544b8b2301891e4ed531d7fd5e36b46c531b2d83dcc06,9704b972d3c33904afcb818f87ccd461d988fd30910e9788031d4176df032cd0,3f504e0bc00e47e2d3674e97ef03bed09c060383c94ac723bd7c7c9e56fa4a85
main,sheep,DZA,exp_wooltop,DZA|exp_wooltop,0.009691417665721232,0,0.0,2008-2012,2018-2022,a430d1146a28593840e544b8b2301891e4ed531d7fd5e36b46c531b2d83dcc06,9704b972d3c33904afcb818f87ccd461d988fd30910e9788031d4176df032cd0,3f504e0bc00e47e2d3674e97ef03bed09c060383c94ac723bd7c7c9e56fa4a85
main,sheep,DZA,exp_woolyarn,DZA|exp_woolyarn,0.007140454070310261,0,0.0,2008-2012,2018-2022,a430d1146a28593840e544b8b2301891e4ed531d7fd5e36b46c531b2d83dcc06,9704b972d3c33904afcb818f87ccd461d988fd30910e9788031d4176df032cd0,3f504e0bc00e47e2d3674e97ef03bed09c060383c94ac723bd7c7c9e56fa4a85
main,sheep,EGY,exp_woolgrease,EGY|exp_woolgrease,0.15019715086276492,1,704.823,2008-2012,2018-2022,a430d1146a28593840e544b8b2301891e4ed531d7fd5e36b46c531b2d83dcc06,9704b972d3c33904afcb818f87ccd461d988fd30910e9788031d4176df032cd0,3f504e0bc00e47e2d3674e97ef03bed09c060383c94ac723bd7c7c9e56fa4a85
main,sheep,ERI,exp_meat,ERI|exp_meat,0.023300306404848477,0,0.0,2008-2012,2018-2022,a430d1146a28593840e544b8b2301891e4ed531d7fd5e36b46c531b2d83dcc06,9704b972d3c33904afcb818f87ccd461d988fd30910e9788031d4176df032cd0,3f504e0bc00e47e2d3674e97ef03bed09c060383c94ac723bd7c7c9e56fa4a85
main,sheep,EST,exp_woolgrease,EST|exp_woolgrease,0.18210813140626045,0,0.0,2008-2012,2018-2022,a430d1146a28593840e544b8b2301891e4ed531d7fd5e36b46c531b2d83dcc06,9704b972d3c33904afcb818f87ccd461d988fd30910e9788031d4176df032cd0,3f504e0bc00e47e2d3674e97ef03bed09c060383c94ac723bd7c7c9e56fa4a85
main,sheep,EST,exp_wooltop,EST|exp_wooltop,0.22438099515876284,0,0.0,2008-2012,2018-2022,a430d1146a28593840e544b8b2301891e4ed531d7fd5e36b46c531b2d83dcc06,9704b972d3c33904afcb818f87ccd461d988fd30910e9788031d4176df032cd0,3f504e0bc00e47e2d3674e97ef03bed09c060383c94ac723bd7c7c9e56fa4a85
main,sheep,FIN,exp_woolgrease,FIN|exp_woolgrease,0.17012106194418433,0,0.0,2008-2012,2018-2022,a430d1146a28593840e544b8b2301891e4ed531d7fd5e36b46c531b2d83dcc06,9704b972d3c33904afcb818f87ccd461d988fd30910e9788031d4176df032cd0,3f504e0bc00e47e2d3674e97ef03bed09c060383c94ac723bd7c7c9e56fa4a85
main,sheep,FIN,exp_wooltop,FIN|exp_wooltop,0.16463886784800696,0,0.0,2008-2012,2018-2022,a430d1146a28593840e544b8b2301891e4ed531d7fd5e36b46c531b2d83dcc06,9704b972d3c33904afcb818f87ccd461d988fd30910e9788031d4176df032cd0,3f504e0bc00e47e2d3674e97ef03bed09c060383c94ac723bd7c7c9e56fa4a85
main,sheep,FIN,exp_woolyarn,FIN|exp_woolyarn,0.1726558699129134,1,122.3166,2008-2012,2018-2022,a430d1146a28593840e544b8b2301891e4ed531d7fd5e36b46c531b2d83dcc06,9704b972d3c33904afcb818f87ccd461d988fd30910e9788031d4176df032cd0,3f504e0bc00e47e2d3674e97ef03bed09c060383c94ac723bd7c7c9e56fa4a85
main,sheep,FLK,exp_woolgrease,FLK|exp_woolgrease,0.008870257013789642,0,0.0,2008-2012,2018-2022,a430d1146a28593840e544b8b2301891e4ed531d7fd5e36b46c531b2d83dcc06,9704b972d3c33904afcb818f87ccd461d988fd30910e9788031d4176df032cd0,3f504e0bc00e47e2d3674e97ef03bed09c060383c94ac723bd7c7c9e56fa4a85
main,sheep,FLK,exp_wooltop,FLK|exp_wooltop,0.00909139050461875,0,0.0,2008-2012,2018-2022,a430d1146a28593840e544b8b2301891e4ed531d7fd5e36b46c531b2d83dcc06,9704b972d3c33904afcb818f87ccd461d988fd30910e9788031d4176df032cd0,3f504e0bc00e47e2d3674e97ef03bed09c060383c94ac723bd7c7c9e56fa4a85
main,sheep,FLK,exp_woolyarn,FLK|exp_woolyarn,0.00718272098141416,0,0.0,2008-2012,2018-2022,a430d1146a28593840e544b8b2301891e4ed531d7fd5e36b46c531b2d83dcc06,9704b972d3c33904afcb818f87ccd461d988fd30910e9788031d4176df032cd0,3f504e0bc00e47e2d3674e97ef03bed09c060383c94ac723bd7c7c9e56fa4a85
main,sheep,GEO,exp_woolgrease,GEO|exp_woolgrease,0.06561523013638683,0,0.0,2008-2012,2018-2022,a430d1146a28593840e544b8b2301891e4ed531d7fd5e36b46c531b2d83dcc06,9704b972d3c33904afcb818f87ccd461d988fd30910e9788031d4176df032cd0,3f504e0bc00e47e2d3674e97ef03bed09c060383c94ac723bd7c7c9e56fa4a85
main,sheep,GEO,exp_wooltop,GEO|exp_wooltop,0.08466808661297492,0,0.0,2008-2012,2018-2022,a430d1146a28593840e544b8b2301891e4ed531d7fd5e36b46c531b2d83dcc06,9704b972d3c33904afcb818f87ccd461d988fd30910e9788031d4176df032cd0,3f504e0bc00e47e2d3674e97ef03bed09c060383c94ac723bd7c7c9e56fa4a85
main,sheep,GEO,exp_woolyarn,GEO|exp_woolyarn,0.07687527960086156,0,0.0,2008-2012,2018-2022,a430d1146a28593840e544b8b2301891e4ed531d7fd5e36b46c531b2d83dcc06,9704b972d3c33904afcb818f87ccd461d988fd30910e9788031d4176df032cd0,3f504e0bc00e47e2d3674e97ef03bed09c060383c94ac723bd7c7c9e56fa4a85
main,sheep,GRC,exp_woolgrease,GRC|exp_woolgrease,0.1670475686899841,0,0.0,2008-2012,2018-2022,a430d1146a28593840e544b8b2301891e4ed531d7fd5e36b46c531b2d83dcc06,9704b972d3c33904afcb818f87ccd461d988fd30910e9788031d4176df032cd0,3f504e0bc00e47e2d3674e97ef03bed09c060383c94ac723bd7c7c9e56fa4a85
main,sheep,GRC,exp_wooltop,GRC|exp_wooltop,0.22817955829894288,0,0.0,2008-2012,2018-2022,a430d1146a28593840e544b8b2301891e4ed531d7fd5e36b46c531b2d83dcc06,9704b972d3c33904afcb818f87ccd461d988fd30910e9788031d4176df032cd0,3f504e0bc00e47e2d3674e97ef03bed09c060383c94ac723bd7c7c9e56fa4a85
main,sheep,HKG,exp_woolgrease,HKG|exp_woolgrease,0.2719249167043679,0,0.0,2008-2012,2018-2022,a430d1146a28593840e544b8b2301891e4ed531d7fd5e36b46c531b2d83dcc06,9704b972d3c33904afcb818f87ccd461d988fd30910e9788031d4176df032cd0,3f504e0bc00e47e2d3674e97ef03bed09c060383c94ac723bd7c7c9e56fa4a85
main,sheep,HUN,exp_woolgrease,HUN|exp_woolgrease,0.17790206074381815,0,0.0,2008-2012,2018-2022,a430d1146a28593840e544b8b2301891e4ed531d7fd5e36b46c531b2d83dcc06,9704b972d3c33904afcb818f87ccd461d988fd30910e9788031d4176df032cd0,3f504e0bc00e47e2d3674e97ef03bed09c060383c94ac723bd7c7c9e56fa4a85
main,sheep,IDN,exp_meat,IDN|exp_meat,0.17504122047223947,0,0.0,2008-2012,2018-2022,a430d1146a28593840e544b8b2301891e4ed531d7fd5e36b46c531b2d83dcc06,9704b972d3c33904afcb818f87ccd461d988fd30910e9788031d4176df032cd0,3f504e0bc00e47e2d3674e97ef03bed09c060383c94ac723bd7c7c9e56fa4a85
main,sheep,IDN,exp_woolgrease,IDN|exp_woolgrease,0.1741676890659367,0,0.0,2008-2012,2018-2022,a430d1146a28593840e544b8b2301891e4ed531d7fd5e36b46c531b2d83dcc06,9704b972d3c33904afcb818f87ccd461d988fd30910e9788031d4176df032cd0,3f504e0bc00e47e2d3674e97ef03bed09c060383c94ac723bd7c7c9e56fa4a85
main,sheep,IDN,exp_wooltop,IDN|exp_wooltop,0.20823218032273733,1,135.77640000000002,2008-2012,2018-2022,a430d1146a28593840e544b8b2301891e4ed531d7fd5e36b46c531b2d83dcc06,9704b972d3c33904afcb818f87ccd461d988fd30910e9788031d4176df032cd0,3f504e0bc00e47e2d3674e97ef03bed09c060383c94ac723bd7c7c9e56fa4a85
main,sheep,IRL,exp_woolgrease,IRL|exp_woolgrease,0.10685212472598846,0,0.0,2008-2012,2018-2022,a430d1146a28593840e544b8b2301891e4ed531d7fd5e36b46c531b2d83dcc06,9704b972d3c33904afcb818f87ccd461d988fd30910e9788031d4176df032cd0,3f504e0bc00e47e2d3674e97ef03bed09c060383c94ac723bd7c7c9e56fa4a85
main,sheep,IRN,exp_woolgrease,IRN|exp_woolgrease,0.03796833164202559,0,0.0,2008-2012,2018-2022,a430d1146a28593840e544b8b2301891e4ed531d7fd5e36b46c531b2d83dcc06,9704b972d3c33904afcb818f87ccd461d988fd30910e9788031d4176df032cd0,3f504e0bc00e47e2d3674e97ef03bed09c060383c94ac723bd7c7c9e56fa4a85
main,sheep,IRN,exp_wooltop,IRN|exp_wooltop,0.05430366090747778,0,0.0,2008-2012,2018-2022,a430d1146a28593840e544b8b2301891e4ed531d7fd5e36b46c531b2d83dcc06,9704b972d3c33904afcb818f87ccd461d988fd30910e9788031d4176df032cd0,3f504e0bc00e47e2d3674e97ef03bed09c060383c94ac723bd7c7c9e56fa4a85
main,sheep,IRQ,exp_woolgrease,IRQ|exp_woolgrease,0.00186726993623167,0,0.0,2008-2012,2018-2022,a430d1146a28593840e544b8b2301891e4ed531d7fd5e36b46c531b2d83dcc06,9704b972d3c33904afcb818f87ccd461d988fd30910e9788031d4176df032cd0,3f504e0bc00e47e2d3674e97ef03bed09c060383c94ac723bd7c7c9e56fa4a85
main,sheep,IRQ,exp_wooltop,IRQ|exp_wooltop,0.0024100045696000038,0,0.0,2008-2012,2018-2022,a430d1146a28593840e544b8b2301891e4ed531d7fd5e36b46c531b2d83dcc06,9704b972d3c33904afcb818f87ccd461d988fd30910e9788031d4176df032cd0,3f504e0bc00e47e2d3674e97ef03bed09c060383c94ac723bd7c7c9e56fa4a85
main,sheep,IRQ,exp_woolyarn,IRQ|exp_woolyarn,0.0010721265949472276,0,0.0,2008-2012,2018-2022,a430d1146a28593840e544b8b2301891e4ed531d7fd5e36b46c531b2d83dcc06,9704b972d3c33904afcb818f87ccd461d988fd30910e9788031d4176df032cd0,3f504e0bc00e47e2d3674e97ef03bed09c060383c94ac723bd7c7c9e56fa4a85
main,sheep,ISL,exp_woolgrease,ISL|exp_woolgrease,0.047287629256503566,0,0.0,2008-2012,2018-2022,a430d1146a28593840e544b8b2301891e4ed531d7fd5e36b46c531b2d83dcc06,9704b972d3c33904afcb818f87ccd461d988fd30910e9788031d4176df032cd0,3f504e0bc00e47e2d3674e97ef03bed09c060383c94ac723bd7c7c9e56fa4a85
main,sheep,ISL,exp_wooltop,ISL|exp_wooltop,0.04777666914223781,1,117.4408,2008-2012,2018-2022,a430d1146a28593840e544b8b2301891e4ed531d7fd5e36b46c531b2d83dcc06,9704b972d3c33904afcb818f87ccd461d988fd30910e9788031d4176df032cd0,3f504e0bc00e47e2d3674e97ef03bed09c060383c94ac723bd7c7c9e56fa4a85
main,sheep,ISL,exp_woolyarn,ISL|exp_woolyarn,0.045661243158702895,1,445.6096,2008-2012,2018-2022,a430d1146a28593840e544b8b2301891e4ed531d7fd5e36b46c531b2d83dcc06,9704b972d3c33904afcb818f87ccd461d988fd30910e9788031d4176df032cd0,3f504e0bc00e47e2d3674e97ef03bed09c060383c94ac723bd7c7c9e56fa4a85
main,sheep,ISR,exp_meat,ISR|exp_meat,0.16383788439354752,1,2227.1752,2008-2012,2018-2022,a430d1146a28593840e544b8b2301891e4ed531d7fd5e36b46c531b2d83dcc06,9704b972d3c33904afcb818f87ccd461d988fd30910e9788031d4176df032cd0,3f504e0bc00e47e2d3674e97ef03bed09c060383c94ac723bd7c7c9e56fa4a85
main,sheep,ISR,exp_woolgrease,ISR|exp_woolgrease,0.1641222248765317,1,111.3744,2008-2012,2018-2022,a430d1146a28593840e544b8b2301891e4ed531d7fd5e36b46c531b2d83dcc06,9704b972d3c33904afcb818f87ccd461d988fd30910e9788031d4176df032cd0,3f504e0bc00e47e2d3674e97ef03bed09c060383c94ac723bd7c7c9e56fa4a85
main,sheep,ISR,exp_wooltop,ISR|exp_wooltop,0.16173719859679248,0,0.0,2008-2012,2018-2022,a430d1146a28593840e544b8b2301891e4ed531d7fd5e36b46c531b2d83dcc06,9704b972d3c33904afcb818f87ccd461d988fd30910e9788031d4176df032cd0,3f504e0bc00e47e2d3674e97ef03bed09c060383c94ac723bd7c7c9e56fa4a85
main,sheep,ISR,exp_woolyarn,ISR|exp_woolyarn,0.16369356973042787,0,0.0,2008-2012,2018-2022,a430d1146a28593840e544b8b2301891e4ed531d7fd5e36b46c531b2d83dcc06,9704b972d3c33904afcb818f87ccd461d988fd30910e9788031d4176df032cd0,3f504e0bc00e47e2d3674e97ef03bed09c060383c94ac723bd7c7c9e56fa4a85
main,sheep,JOR,exp_woolgrease,JOR|exp_woolgrease,0.11124178865656977,0,0.0,2008-2012,2018-2022,a430d1146a28593840e544b8b2301891e4ed531d7fd5e36b46c531b2d83dcc06,9704b972d3c33904afcb818f87ccd461d988fd30910e9788031d4176df032cd0,3f504e0bc00e47e2d3674e97ef03bed09c060383c94ac723bd7c7c9e56fa4a85
main,sheep,JOR,exp_wooltop,JOR|exp_wooltop,0.14638257886714254,0,0.0,2008-2012,2018-2022,a430d1146a28593840e544b8b2301891e4ed531d7fd5e36b46c531b2d83dcc06,9704b972d3c33904afcb818f87ccd461d988fd30910e9788031d4176df032cd0,3f504e0bc00e47e2d3674e97ef03bed09c060383c94ac723bd7c7c9e56fa4a85
main,sheep,JOR,exp_woolyarn,JOR|exp_woolyarn,0.1410858757891269,0,0.0,2008-2012,2018-2022,a430d1146a28593840e544b8b2301891e4ed531d7fd5e36b46c531b2d83dcc06,9704b972d3c33904afcb818f87ccd461d988fd30910e9788031d4176df032cd0,3f504e0bc00e47e2d3674e97ef03bed09c060383c94ac723bd7c7c9e56fa4a85
main,sheep,KAZ,exp_woolgrease,KAZ|exp_woolgrease,0.03316080799871062,0,0.0,2008-2012,2018-2022,a430d1146a28593840e544b8b2301891e4ed531d7fd5e36b46c531b2d83dcc06,9704b972d3c33904afcb818f87ccd461d988fd30910e9788031d4176df032cd0,3f504e0bc00e47e2d3674e97ef03bed09c060383c94ac723bd7c7c9e56fa4a85
main,sheep,KAZ,exp_woolyarn,KAZ|exp_woolyarn,0.030976208254889462,0,0.0,2008-2012,2018-2022,a430d1146a28593840e544b8b2301891e4ed531d7fd5e36b46c531b2d83dcc06,9704b972d3c33904afcb818f87ccd461d988fd30910e9788031d4176df032cd0,3f504e0bc00e47e2d3674e97ef03bed09c060383c94ac723bd7c7c9e56fa4a85
main,sheep,KEN,exp_woolgrease,KEN|exp_woolgrease,0.1480679649206141,0,0.0,2008-2012,2018-2022,a430d1146a28593840e544b8b2301891e4ed531d7fd5e36b46c531b2d83dcc06,9704b972d3c33904afcb818f87ccd461d988fd30910e9788031d4176df032cd0,3f504e0bc00e47e2d3674e97ef03bed09c060383c94ac723bd7c7c9e56fa4a85
main,sheep,KEN,exp_wooltop,KEN|exp_wooltop,0.15799257969388344,0,0.0,2008-2012,2018-2022,a430d1146a28593840e544b8b2301891e4ed531d7fd5e36b46c531b2d83dcc06,9704b972d3c33904afcb818f87ccd461d988fd30910e9788031d4176df032cd0,3f504e0bc00e47e2d3674e97ef03bed09c060383c94ac723bd7c7c9e56fa4a85
main,sheep,KEN,exp_woolyarn,KEN|exp_woolyarn,0.14522082000941625,0,0.0,2008-2012,2018-2022,a430d1146a28593840e544b8b2301891e4ed531d7fd5e36b46c531b2d83dcc06,9704b972d3c33904afcb818f87ccd461d988fd30910e9788031d4176df032cd0,3f504e0bc00e47e2d3674e97ef03bed09c060383c94ac723bd7c7c9e56fa4a85
main,sheep,KGZ,exp_woolgrease,KGZ|exp_woolgrease,0.07204312421828629,0,0.0,2008-2012,2018-2022,a430d1146a28593840e544b8b2301891e4ed531d7fd5e36b46c531b2d83dcc06,9704b972d3c33904afcb818f87ccd461d988fd30910e9788031d4176df032cd0,3f504e0bc00e47e2d3674e97ef03bed09c060383c94ac723bd7c7c9e56fa4a85
main,sheep,KOR,exp_woolgrease,KOR|exp_woolgrease,0.18911991497586428,0,0.0,2008-2012,2018-2022,a430d1146a28593840e544b8b2301891e4ed531d7fd5e36b46c531b2d83dcc06,9704b972d3c33904afcb818f87ccd461d988fd30910e9788031d4176df032cd0,3f504e0bc00e47e2d3674e97ef03bed09c060383c94ac723bd7c7c9e56fa4a85
main,sheep,KWT,exp_woolgrease,KWT|exp_woolgrease,0.013458455879234495,0,0.0,2008-2012,2018-2022,a430d1146a28593840e544b8b2301891e4ed531d7fd5e36b46c531b2d83dcc06,9704b972d3c33904afcb818f87ccd461d988fd30910e9788031d4176df032cd0,3f504e0bc00e47e2d3674e97ef03bed09c060383c94ac723bd7c7c9e56fa4a85
main,sheep,KWT,exp_wooltop,KWT|exp_wooltop,0.014168288901133445,0,0.0,2008-2012,2018-2022,a430d1146a28593840e544b8b2301891e4ed531d7fd5e36b46c531b2d83dcc06,9704b972d3c33904afcb818f87ccd461d988fd30910e9788031d4176df032cd0,3f504e0bc00e47e2d3674e97ef03bed09c060383c94ac723bd7c7c9e56fa4a85
main,sheep,KWT,exp_woolyarn,KWT|exp_woolyarn,0.011941849383402179,0,0.0,2008-2012,2018-2022,a430d1146a28593840e544b8b2301891e4ed531d7fd5e36b46c531b2d83dcc06,9704b972d3c33904afcb818f87ccd461d988fd30910e9788031d4176df032cd0,3f504e0bc00e47e2d3674e97ef03bed09c060383c94ac723bd7c7c9e56fa4a85
main,sheep,LBN,exp_meat,LBN|exp_meat,0.19802814457825435,1,207.732,2008-2012,2018-2022,a430d1146a28593840e544b8b2301891e4ed531d7fd5e36b46c531b2d83dcc06,9704b972d3c33904afcb818f87ccd461d988fd30910e9788031d4176df032cd0,3f504e0bc00e47e2d3674e97ef03bed09c060383c94ac723bd7c7c9e56fa4a85
main,sheep,LBN,exp_woolgrease,LBN|exp_woolgrease,0.1563908403965229,0,0.0,2008-2012,2018-2022,a430d1146a28593840e544b8b2301891e4ed531d7fd5e36b46c531b2d83dcc06,9704b972d3c33904afcb818f87ccd461d988fd30910e9788031d4176df032cd0,3f504e0bc00e47e2d3674e97ef03bed09c060383c94ac723bd7c7c9e56fa4a85
main,sheep,LBN,exp_wooltop,LBN|exp_wooltop,0.2131577038241348,0,0.0,2008-2012,2018-2022,a430d1146a28593840e544b8b2301891e4ed531d7fd5e36b46c531b2d83dcc06,9704b972d3c33904afcb818f87ccd461d988fd30910e9788031d4176df032cd0,3f504e0bc00e47e2d3674e97ef03bed09c060383c94ac723bd7c7c9e56fa4a85
main,sheep,LBN,exp_woolyarn,LBN|exp_woolyarn,0.209260455641617,0,0.0,2008-2012,2018-2022,a430d1146a28593840e544b8b2301891e4ed531d7fd5e36b46c531b2d83dcc06,9704b972d3c33904afcb818f87ccd461d988fd30910e9788031d4176df032cd0,3f504e0bc00e47e2d3674e97ef03bed09c060383c94ac723bd7c7c9e56fa4a85
main,sheep,LBY,exp_woolgrease,LBY|exp_woolgrease,0.005521175089601604,0,0.0,2008-2012,2018-2022,a430d1146a28593840e544b8b2301891e4ed531d7fd5e36b46c531b2d83dcc06,9704b972d3c33904afcb818f87ccd461d988fd30910e9788031d4176df032cd0,3f504e0bc00e47e2d3674e97ef03bed09c060383c94ac723bd7c7c9e56fa4a85
main,sheep,LBY,exp_wooltop,LBY|exp_wooltop,0.008555795257288881,0,0.0,2008-2012,2018-2022,a430d1146a28593840e544b8b2301891e4ed531d7fd5e36b46c531b2d83dcc06,9704b972d3c33904afcb818f87ccd461d988fd30910e9788031d4176df032cd0,3f504e0bc00e47e2d3674e97ef03bed09c060383c94ac723bd7c7c9e56fa4a85
main,sheep,LBY,exp_woolyarn,LBY|exp_woolyarn,0.005769213848290744,0,0.0,2008-2012,2018-2022,a430d1146a28593840e544b8b2301891e4ed531d7fd5e36b46c531b2d83dcc06,9704b972d3c33904afcb818f87ccd461d988fd30910e9788031d4176df032cd0,3f504e0bc00e47e2d3674e97ef03bed09c060383c94ac723bd7c7c9e56fa4a85
main,sheep,LSO,exp_meat,LSO|exp_meat,0.0709971361614089,0,0.0,2008-2012,2018-2022,a430d1146a28593840e544b8b2301891e4ed531d7fd5e36b46c531b2d83dcc06,9704b972d3c33904afcb818f87ccd461d988fd30910e9788031d4176df032cd0,3f504e0bc00e47e2d3674e97ef03bed09c060383c94ac723bd7c7c9e56fa4a85
main,sheep,LSO,exp_woolgrease,LSO|exp_woolgrease,0.04862106673499774,1,201.0624,2008-2012,2018-2022,a430d1146a28593840e544b8b2301891e4ed531d7fd5e36b46c531b2d83dcc06,9704b972d3c33904afcb818f87ccd461d988fd30910e9788031d4176df032cd0,3f504e0bc00e47e2d3674e97ef03bed09c060383c94ac723bd7c7c9e56fa4a85
main,sheep,LSO,exp_woolyarn,LSO|exp_woolyarn,0.08607754398954529,0,0.0,2008-2012,2018-2022,a430d1146a28593840e544b8b2301891e4ed531d7fd5e36b46c531b2d83dcc06,9704b972d3c33904afcb818f87ccd461d988fd30910e9788031d4176df032cd0,3f504e0bc00e47e2d3674e97ef03bed09c060383c94ac723bd7c7c9e56fa4a85
main,sheep,LTU,exp_woolgrease,LTU|exp_woolgrease,0.17297810086394758,0,0.0,2008-2012,2018-2022,a430d1146a28593840e544b8b2301891e4ed531d7fd5e36b46c531b2d83dcc06,9704b972d3c33904afcb818f87ccd461d988fd30910e9788031d4176df032cd0,3f504e0bc00e47e2d3674e97ef03bed09c060383c94ac723bd7c7c9e56fa4a85
main,sheep,LTU,exp_wooltop,LTU|exp_wooltop,0.224304978685131,1,694.5632,2008-2012,2018-2022,a430d1146a28593840e544b8b2301891e4ed531d7fd5e36b46c531b2d83dcc06,9704b972d3c33904afcb818f87ccd461d988fd30910e9788031d4176df032cd0,3f504e0bc00e47e2d3674e97ef03bed09c060383c94ac723bd7c7c9e56fa4a85
main,sheep,LVA,exp_woolgrease,LVA|exp_woolgrease,0.1822809886396918,0,0.0,2008-2012,2018-2022,a430d1146a28593840e544b8b2301891e4ed531d7fd5e36b46c531b2d83dcc06,9704b972d3c33904afcb818f87ccd461d988fd30910e9788031d4176df032cd0,3f504e0bc00e47e2d3674e97ef03bed09c060383c94ac723bd7c7c9e56fa4a85
main,sheep,LVA,exp_wooltop,LVA|exp_wooltop,0.22472109778086635,0,0.0,2008-2012,2018-2022,a430d1146a28593840e544b8b2301891e4ed531d7fd5e36b46c531b2d83dcc06,9704b972d3c33904afcb818f87ccd461d988fd30910e9788031d4176df032cd0,3f504e0bc00e47e2d3674e97ef03bed09c060383c94ac723bd7c7c9e56fa4a85
main,sheep,MAR,exp_woolgrease,MAR|exp_woolgrease,0.10136620562078337,0,0.0,2008-2012,2018-2022,a430d1146a28593840e544b8b2301891e4ed531d7fd5e36b46c531b2d83dcc06,9704b972d3c33904afcb818f87ccd461d988fd30910e9788031d4176df032cd0,3f504e0bc00e47e2d3674e97ef03bed09c060383c94ac723bd7c7c9e56fa4a85
main,sheep,MDA,exp_woolgrease,MDA|exp_woolgrease,0.10176504554936319,0,0.0,2008-2012,2018-2022,a430d1146a28593840e544b8b2301891e4ed531d7fd5e36b46c531b2d83dcc06,9704b972d3c33904afcb818f87ccd461d988fd30910e9788031d4176df032cd0,3f504e0bc00e47e2d3674e97ef03bed09c060383c94ac723bd7c7c9e56fa4a85
main,sheep,MDA,exp_wooltop,MDA|exp_wooltop,0.17316212011885762,0,0.0,2008-2012,2018-2022,a430d1146a28593840e544b8b2301891e4ed531d7fd5e36b46c531b2d83dcc06,9704b972d3c33904afcb818f87ccd461d988fd30910e9788031d4176df032cd0,3f504e0bc00e47e2d3674e97ef03bed09c060383c94ac723bd7c7c9e56fa4a85
main,sheep,MEX,exp_wooltop,MEX|exp_wooltop,0.15911766628901836,0,0.0,2008-2012,2018-2022,a430d1146a28593840e544b8b2301891e4ed531d7fd5e36b46c531b2d83dcc06,9704b972d3c33904afcb818f87ccd461d988fd30910e9788031d4176df032cd0,3f504e0bc00e47e2d3674e97ef03bed09c060383c94ac723bd7c7c9e56fa4a85
main,sheep,MKD,exp_woolgrease,MKD|exp_woolgrease,0.08909451016939503,0,0.0,2008-2012,2018-2022,a430d1146a28593840e544b8b2301891e4ed531d7fd5e36b46c531b2d83dcc06,9704b972d3c33904afcb818f87ccd461d988fd30910e9788031d4176df032cd0,3f504e0bc00e47e2d3674e97ef03bed09c060383c94ac723bd7c7c9e56fa4a85
main,sheep,MKD,exp_wooltop,MKD|exp_wooltop,0.1421252769690517,0,0.0,2008-2012,2018-2022,a430d1146a28593840e544b8b2301891e4ed531d7fd5e36b46c531b2d83dcc06,9704b972d3c33904afcb818f87ccd461d988fd30910e9788031d4176df032cd0,3f504e0bc00e47e2d3674e97ef03bed09c060383c94ac723bd7c7c9e56fa4a85
main,sheep,MLI,exp_meat,MLI|exp_meat,0.03653431998279423,0,0.0,2008-2012,2018-2022,a430d1146a28593840e544b8b2301891e4ed531d7fd5e36b46c531b2d83dcc06,9704b972d3c33904afcb818f87ccd461d988fd30910e9788031d4176df032cd0,3f504e0bc00e47e2d3674e97ef03bed09c060383c94ac723bd7c7c9e56fa4a85
main,sheep,MNG,exp_woolgrease,MNG|exp_woolgrease,0.019246998899930527,0,0.0,2008-2012,2018-2022,a430d1146a28593840e544b8b2301891e4ed531d7fd5e36b46c531b2d83dcc06,9704b972d3c33904afcb818f87ccd461d988fd30910e9788031d4176df032cd0,3f504e0bc00e47e2d3674e97ef03bed09c060383c94ac723bd7c7c9e56fa4a85
main,sheep,MNG,exp_woolyarn,MNG|exp_woolyarn,0.02109847409989912,1,479.55300000000005,2008-2012,2018-2022,a430d1146a28593840e544b8b2301891e4ed531d7fd5e36b46c531b2d83dcc06,9704b972d3c33904afcb818f87ccd461d988fd30910e9788031d4176df032cd0,3f504e0bc00e47e2d3674e97ef03bed09c060383c94ac723bd7c7c9e56fa4a85
main,sheep,MYS,exp_woolgrease,MYS|exp_woolgrease,0.1748340005329037,0,0.0,2008-2012,2018-2022,a430d1146a28593840e544b8b2301891e4ed531d7fd5e36b46c531b2d83dcc06,9704b972d3c33904afcb818f87ccd461d988fd30910e9788031d4176df032cd0,3f504e0bc00e47e2d3674e97ef03bed09c060383c94ac723bd7c7c9e56fa4a85
main,sheep,NER,exp_meat,NER|exp_meat,0.03362091508271436,0,0.0,2008-2012,2018-2022,a430d1146a28593840e544b8b2301891e4ed531d7fd5e36b46c531b2d83dcc06,9704b972d3c33904afcb818f87ccd461d988fd30910e9788031d4176df032cd0,3f504e0bc00e47e2d3674e97ef03bed09c060383c94ac723bd7c7c9e56fa4a85
main,sheep,NOR,exp_woolgrease,NOR|exp_woolgrease,0.07145909342988492,0,0.0,2008-2012,2018-2022,a430d1146a28593840e544b8b2301891e4ed531d7fd5e36b46c531b2d83dcc06,9704b972d3c33904afcb818f87ccd461d988fd30910e9788031d4176df032cd0,3f504e0bc00e47e2d3674e97ef03bed09c060383c94ac723bd7c7c9e56fa4a85
main,sheep,NOR,exp_wooltop,NOR|exp_wooltop,0.07332219483078452,0,0.0,2008-2012,2018-2022,a430d1146a28593840e544b8b2301891e4ed531d7fd5e36b46c531b2d83dcc06,9704b972d3c33904afcb818f87ccd461d988fd30910e9788031d4176df032cd0,3f504e0bc00e47e2d3674e97ef03bed09c060383c94ac723bd7c7c9e56fa4a85
main,sheep,OMN,exp_meat,OMN|exp_meat,0.044182610595739844,1,757.6846,2008-2012,2018-2022,a430d1146a28593840e544b8b2301891e4ed531d7fd5e36b46c531b2d83dcc06,9704b972d3c33904afcb818f87ccd461d988fd30910e9788031d4176df032cd0,3f504e0bc00e47e2d3674e97ef03bed09c060383c94ac723bd7c7c9e56fa4a85
main,sheep,PAK,exp_woolgrease,PAK|exp_woolgrease,0.13412536532991434,0,0.0,2008-2012,2018-2022,a430d1146a28593840e544b8b2301891e4ed531d7fd5e36b46c531b2d83dcc06,9704b972d3c33904afcb818f87ccd461d988fd30910e9788031d4176df032cd0,3f504e0bc00e47e2d3674e97ef03bed09c060383c94ac723bd7c7c9e56fa4a85
main,sheep,PAK,exp_wooltop,PAK|exp_wooltop,0.21783537907170022,0,0.0,2008-2012,2018-2022,a430d1146a28593840e544b8b2301891e4ed531d7fd5e36b46c531b2d83dcc06,9704b972d3c33904afcb818f87ccd461d988fd30910e9788031d4176df032cd0,3f504e0bc00e47e2d3674e97ef03bed09c060383c94ac723bd7c7c9e56fa4a85
main,sheep,PAK,exp_woolyarn,PAK|exp_woolyarn,0.21668742175562414,0,0.0,2008-2012,2018-2022,a430d1146a28593840e544b8b2301891e4ed531d7fd5e36b46c531b2d83dcc06,9704b972d3c33904afcb818f87ccd461d988fd30910e9788031d4176df032cd0,3f504e0bc00e47e2d3674e97ef03bed09c060383c94ac723bd7c7c9e56fa4a85
main,sheep,PAN,exp_woolyarn,PAN|exp_woolyarn,0.20962410345248356,0,0.0,2008-2012,2018-2022,a430d1146a28593840e544b8b2301891e4ed531d7fd5e36b46c531b2d83dcc06,9704b972d3c33904afcb818f87ccd461d988fd30910e9788031d4176df032cd0,3f504e0bc00e47e2d3674e97ef03bed09c060383c94ac723bd7c7c9e56fa4a85
main,sheep,PER,exp_woolgrease,PER|exp_woolgrease,0.07818304840305443,0,0.0,2008-2012,2018-2022,a430d1146a28593840e544b8b2301891e4ed531d7fd5e36b46c531b2d83dcc06,9704b972d3c33904afcb818f87ccd461d988fd30910e9788031d4176df032cd0,3f504e0bc00e47e2d3674e97ef03bed09c060383c94ac723bd7c7c9e56fa4a85
main,sheep,PHL,exp_woolgrease,PHL|exp_woolgrease,0.12521616812669087,0,0.0,2008-2012,2018-2022,a430d1146a28593840e544b8b2301891e4ed531d7fd5e36b46c531b2d83dcc06,9704b972d3c33904afcb818f87ccd461d988fd30910e9788031d4176df032cd0,3f504e0bc00e47e2d3674e97ef03bed09c060383c94ac723bd7c7c9e56fa4a85
main,sheep,PHL,exp_wooltop,PHL|exp_wooltop,0.1312296079144394,0,0.0,2008-2012,2018-2022,a430d1146a28593840e544b8b2301891e4ed531d7fd5e36b46c531b2d83dcc06,9704b972d3c33904afcb818f87ccd461d988fd30910e9788031d4176df032cd0,3f504e0bc00e47e2d3674e97ef03bed09c060383c94ac723bd7c7c9e56fa4a85
main,sheep,POL,exp_woolgrease,POL|exp_woolgrease,0.25847621615624267,0,0.0,2008-2012,2018-2022,a430d1146a28593840e544b8b2301891e4ed531d7fd5e36b46c531b2d83dcc06,9704b972d3c33904afcb818f87ccd461d988fd30910e9788031d4176df032cd0,3f504e0bc00e47e2d3674e97ef03bed09c060383c94ac723bd7c7c9e56fa4a85
main,sheep,PRT,exp_woolgrease,PRT|exp_woolgrease,0.2584985276523338,0,0.0,2008-2012,2018-2022,a430d1146a28593840e544b8b2301891e4ed531d7fd5e36b46c531b2d83dcc06,9704b972d3c33904afcb818f87ccd461d988fd30910e9788031d4176df032cd0,3f504e0bc00e47e2d3674e97ef03bed09c060383c94ac723bd7c7c9e56fa4a85
main,sheep,PRY,exp_meat,PRY|exp_meat,0.053277152677805306,0,0.0,2008-2012,2018-2022,a430d1146a28593840e544b8b2301891e4ed531d7fd5e36b46c531b2d83dcc06,9704b972d3c33904afcb818f87ccd461d988fd30910e9788031d4176df032cd0,3f504e0bc00e47e2d3674e97ef03bed09c060383c94ac723bd7c7c9e56fa4a85
main,sheep,QAT,exp_meat,QAT|exp_meat,0.009024602018533983,1,772.7316,2008-2012,2018-2022,a430d1146a28593840e544b8b2301891e4ed531d7fd5e36b46c531b2d83dcc06,9704b972d3c33904afcb818f87ccd461d988fd30910e9788031d4176df032cd0,3f504e0bc00e47e2d3674e97ef03bed09c060383c94ac723bd7c7c9e56fa4a85
main,sheep,ROU,exp_woolgrease,ROU|exp_woolgrease,0.18392071281677788,0,0.0,2008-2012,2018-2022,a430d1146a28593840e544b8b2301891e4ed531d7fd5e36b46c531b2d83dcc06,9704b972d3c33904afcb818f87ccd461d988fd30910e9788031d4176df032cd0,3f504e0bc00e47e2d3674e97ef03bed09c060383c94ac723bd7c7c9e56fa4a85
main,sheep,RUS,exp_woolgrease,RUS|exp_woolgrease,0.07958113097276683,0,0.0,2008-2012,2018-2022,a430d1146a28593840e544b8b2301891e4ed531d7fd5e36b46c531b2d83dcc06,9704b972d3c33904afcb818f87ccd461d988fd30910e9788031d4176df032cd0,3f504e0bc00e47e2d3674e97ef03bed09c060383c94ac723bd7c7c9e56fa4a85
main,sheep,SAU,exp_woolgrease,SAU|exp_woolgrease,0.03461388623691075,0,0.0,2008-2012,2018-2022,a430d1146a28593840e544b8b2301891e4ed531d7fd5e36b46c531b2d83dcc06,9704b972d3c33904afcb818f87ccd461d988fd30910e9788031d4176df032cd0,3f504e0bc00e47e2d3674e97ef03bed09c060383c94ac723bd7c7c9e56fa4a85
main,sheep,SAU,exp_woolyarn,SAU|exp_woolyarn,0.03124986885635948,0,0.0,2008-2012,2018-2022,a430d1146a28593840e544b8b2301891e4ed531d7fd5e36b46c531b2d83dcc06,9704b972d3c33904afcb818f87ccd461d988fd30910e9788031d4176df032cd0,3f504e0bc00e47e2d3674e97ef03bed09c060383c94ac723bd7c7c9e56fa4a85
main,sheep,SGP,exp_wooltop,SGP|exp_wooltop,0.13505979713102653,0,0.0,2008-2012,2018-2022,a430d1146a28593840e544b8b2301891e4ed531d7fd5e36b46c531b2d83dcc06,9704b972d3c33904afcb818f87ccd461d988fd30910e9788031d4176df032cd0,3f504e0bc00e47e2d3674e97ef03bed09c060383c94ac723bd7c7c9e56fa4a85
main,sheep,SRB,exp_woolgrease,SRB|exp_woolgrease,0.16708890017198066,1,206.5228,2008-2012,2018-2022,a430d1146a28593840e544b8b2301891e4ed531d7fd5e36b46c531b2d83dcc06,9704b972d3c33904afcb818f87ccd461d988fd30910e9788031d4176df032cd0,3f504e0bc00e47e2d3674e97ef03bed09c060383c94ac723bd7c7c9e56fa4a85
main,sheep,SRB,exp_wooltop,SRB|exp_wooltop,0.21587026453513486,0,0.0,2008-2012,2018-2022,a430d1146a28593840e544b8b2301891e4ed531d7fd5e36b46c531b2d83dcc06,9704b972d3c33904afcb818f87ccd461d988fd30910e9788031d4176df032cd0,3f504e0bc00e47e2d3674e97ef03bed09c060383c94ac723bd7c7c9e56fa4a85
main,sheep,SVK,exp_woolgrease,SVK|exp_woolgrease,0.1765488115218891,0,0.0,2008-2012,2018-2022,a430d1146a28593840e544b8b2301891e4ed531d7fd5e36b46c531b2d83dcc06,9704b972d3c33904afcb818f87ccd461d988fd30910e9788031d4176df032cd0,3f504e0bc00e47e2d3674e97ef03bed09c060383c94ac723bd7c7c9e56fa4a85
main,sheep,SWE,exp_wooltop,SWE|exp_wooltop,0.2314310758084575,0,0.0,2008-2012,2018-2022,a430d1146a28593840e544b8b2301891e4ed531d7fd5e36b46c531b2d83dcc06,9704b972d3c33904afcb818f87ccd461d988fd30910e9788031d4176df032cd0,3f504e0bc00e47e2d3674e97ef03bed09c060383c94ac723bd7c7c9e56fa4a85
main,sheep,SYR,exp_meat,SYR|exp_meat,0.18302272934709812,0,0.0,2008-2012,2018-2022,a430d1146a28593840e544b8b2301891e4ed531d7fd5e36b46c531b2d83dcc06,9704b972d3c33904afcb818f87ccd461d988fd30910e9788031d4176df032cd0,3f504e0bc00e47e2d3674e97ef03bed09c060383c94ac723bd7c7c9e56fa4a85
main,sheep,SYR,exp_woolgrease,SYR|exp_woolgrease,0.12931047621093708,0,0.0,2008-2012,2018-2022,a430d1146a28593840e544b8b2301891e4ed531d7fd5e36b46c531b2d83dcc06,9704b972d3c33904afcb818f87ccd461d988fd30910e9788031d4176df032cd0,3f504e0bc00e47e2d3674e97ef03bed09c060383c94ac723bd7c7c9e56fa4a85
main,sheep,SYR,exp_wooltop,SYR|exp_wooltop,0.21824990688988943,0,0.0,2008-2012,2018-2022,a430d1146a28593840e544b8b2301891e4ed531d7fd5e36b46c531b2d83dcc06,9704b972d3c33904afcb818f87ccd461d988fd30910e9788031d4176df032cd0,3f504e0bc00e47e2d3674e97ef03bed09c060383c94ac723bd7c7c9e56fa4a85
main,sheep,THA,exp_woolgrease,THA|exp_woolgrease,0.2153746734001395,0,0.0,2008-2012,2018-2022,a430d1146a28593840e544b8b2301891e4ed531d7fd5e36b46c531b2d83dcc06,9704b972d3c33904afcb818f87ccd461d988fd30910e9788031d4176df032cd0,3f504e0bc00e47e2d3674e97ef03bed09c060383c94ac723bd7c7c9e56fa4a85
main,sheep,TJK,exp_woolyarn,TJK|exp_woolyarn,0.0369636175569143,0,0.0,2008-2012,2018-2022,a430d1146a28593840e544b8b2301891e4ed531d7fd5e36b46c531b2d83dcc06,9704b972d3c33904afcb818f87ccd461d988fd30910e9788031d4176df032cd0,3f504e0bc00e47e2d3674e97ef03bed09c060383c94ac723bd7c7c9e56fa4a85
main,sheep,TKM,exp_woolgrease,TKM|exp_woolgrease,0.010113218848269948,0,0.0,2008-2012,2018-2022,a430d1146a28593840e544b8b2301891e4ed531d7fd5e36b46c531b2d83dcc06,9704b972d3c33904afcb818f87ccd461d988fd30910e9788031d4176df032cd0,3f504e0bc00e47e2d3674e97ef03bed09c060383c94ac723bd7c7c9e56fa4a85
main,sheep,TKM,exp_wooltop,TKM|exp_wooltop,0.018740282766830447,0,0.0,2008-2012,2018-2022,a430d1146a28593840e544b8b2301891e4ed531d7fd5e36b46c531b2d83dcc06,9704b972d3c33904afcb818f87ccd461d988fd30910e9788031d4176df032cd0,3f504e0bc00e47e2d3674e97ef03bed09c060383c94ac723bd7c7c9e56fa4a85
main,sheep,TKM,exp_woolyarn,TKM|exp_woolyarn,0.015358789974667709,0,0.0,2008-2012,2018-2022,a430d1146a28593840e544b8b2301891e4ed531d7fd5e36b46c531b2d83dcc06,9704b972d3c33904afcb818f87ccd461d988fd30910e9788031d4176df032cd0,3f504e0bc00e47e2d3674e97ef03bed09c060383c94ac723bd7c7c9e56fa4a85
main,sheep,TUN,exp_woolgrease,TUN|exp_woolgrease,0.1301665136306916,0,0.0,2008-2012,2018-2022,a430d1146a28593840e544b8b2301891e4ed531d7fd5e36b46c531b2d83dcc06,9704b972d3c33904afcb818f87ccd461d988fd30910e9788031d4176df032cd0,3f504e0bc00e47e2d3674e97ef03bed09c060383c94ac723bd7c7c9e56fa4a85
main,sheep,TUN,exp_wooltop,TUN|exp_wooltop,0.19505031950657625,0,0.0,2008-2012,2018-2022,a430d1146a28593840e544b8b2301891e4ed531d7fd5e36b46c531b2d83dcc06,9704b972d3c33904afcb818f87ccd461d988fd30910e9788031d4176df032cd0,3f504e0bc00e47e2d3674e97ef03bed09c060383c94ac723bd7c7c9e56fa4a85
main,sheep,TUR,exp_meat,TUR|exp_meat,0.30536813120067463,1,12699.3114,2008-2012,2018-2022,a430d1146a28593840e544b8b2301891e4ed531d7fd5e36b46c531b2d83dcc06,9704b972d3c33904afcb818f87ccd461d988fd30910e9788031d4176df032cd0,3f504e0bc00e47e2d3674e97ef03bed09c060383c94ac723bd7c7c9e56fa4a85
main,sheep,TUR,exp_woolgrease,TUR|exp_woolgrease,0.2513616267243093,1,133.1216,2008-2012,2018-2022,a430d1146a28593840e544b8b2301891e4ed531d7fd5e36b46c531b2d83dcc06,9704b972d3c33904afcb818f87ccd461d988fd30910e9788031d4176df032cd0,3f504e0bc00e47e2d3674e97ef03bed09c060383c94ac723bd7c7c9e56fa4a85
main,sheep,UZB,exp_woolgrease,UZB|exp_woolgrease,0.041465181133247486,0,0.0,2008-2012,2018-2022,a430d1146a28593840e544b8b2301891e4ed531d7fd5e36b46c531b2d83dcc06,9704b972d3c33904afcb818f87ccd461d988fd30910e9788031d4176df032cd0,3f504e0bc00e47e2d3674e97ef03bed09c060383c94ac723bd7c7c9e56fa4a85
main,sheep,UZB,exp_woolyarn,UZB|exp_woolyarn,0.060174109951245836,0,0.0,2008-2012,2018-2022,a430d1146a28593840e544b8b2301891e4ed531d7fd5e36b46c531b2d83dcc06,9704b972d3c33904afcb818f87ccd461d988fd30910e9788031d4176df032cd0,3f504e0bc00e47e2d3674e97ef03bed09c060383c94ac723bd7c7c9e56fa4a85
main,cotton,AFG,exp_cottonapparel_knit,AFG|exp_cottonapparel_knit,0.09374213843836154,0,0.0,2008-2012,2018-2022,a3fb8b89d0359bb60bf452519ea865bfd177f8098de9f5595ded51b18d3cbe52,9704b972d3c33904afcb818f87ccd461d988fd30910e9788031d4176df032cd0,3f504e0bc00e47e2d3674e97ef03bed09c060383c94ac723bd7c7c9e56fa4a85
main,cotton,AFG,exp_cottonapparel_woven,AFG|exp_cottonapparel_woven,0.09128367815039994,0,0.0,2008-2012,2018-2022,a3fb8b89d0359bb60bf452519ea865bfd177f8098de9f5595ded51b18d3cbe52,9704b972d3c33904afcb818f87ccd461d988fd30910e9788031d4176df032cd0,3f504e0bc00e47e2d3674e97ef03bed09c060383c94ac723bd7c7c9e56fa4a85
main,cotton,AFG,exp_cottonfabric,AFG|exp_cottonfabric,0.08115388056827418,0,0.0,2008-2012,2018-2022,a3fb8b89d0359bb60bf452519ea865bfd177f8098de9f5595ded51b18d3cbe52,9704b972d3c33904afcb818f87ccd461d988fd30910e9788031d4176df032cd0,3f504e0bc00e47e2d3674e97ef03bed09c060383c94ac723bd7c7c9e56fa4a85
main,cotton,AFG,exp_cottonhomewares,AFG|exp_cottonhomewares,0.08929899366304023,0,0.0,2008-2012,2018-2022,a3fb8b89d0359bb60bf452519ea865bfd177f8098de9f5595ded51b18d3cbe52,9704b972d3c33904afcb818f87ccd461d988fd30910e9788031d4176df032cd0,3f504e0bc00e47e2d3674e97ef03bed09c060383c94ac723bd7c7c9e56fa4a85
main,cotton,AFG,exp_cottonknitfabric,AFG|exp_cottonknitfabric,0.08592721275792714,0,0.0,2008-2012,2018-2022,a3fb8b89d0359bb60bf452519ea865bfd177f8098de9f5595ded51b18d3cbe52,9704b972d3c33904afcb818f87ccd461d988fd30910e9788031d4176df032cd0,3f504e0bc00e47e2d3674e97ef03bed09c060383c94ac723bd7c7c9e56fa4a85
main,cotton,AFG,exp_cottonsewthread,AFG|exp_cottonsewthread,0.09319224122825746,1,747.4208,2008-2012,2018-2022,a3fb8b89d0359bb60bf452519ea865bfd177f8098de9f5595ded51b18d3cbe52,9704b972d3c33904afcb818f87ccd461d988fd30910e9788031d4176df032cd0,3f504e0bc00e47e2d3674e97ef03bed09c060383c94ac723bd7c7c9e56fa4a85
main,cotton,ARG,exp_cottonsewthread,ARG|exp_cottonsewthread,0.11609480874312948,0,0.0,2008-2012,2018-2022,a3fb8b89d0359bb60bf452519ea865bfd177f8098de9f5595ded51b18d3cbe52,9704b972d3c33904afcb818f87ccd461d988fd30910e9788031d4176df032cd0,3f504e0bc00e47e2d3674e97ef03bed09c060383c94ac723bd7c7c9e56fa4a85
main,cotton,ARM,exp_cottonhomewares,ARM|exp_cottonhomewares,0.09515558924069027,1,402.5844,2008-2012,2018-2022,a3fb8b89d0359bb60bf452519ea865bfd177f8098de9f5595ded51b18d3cbe52,9704b972d3c33904afcb818f87ccd461d988fd30910e9788031d4176df032cd0,3f504e0bc00e47e2d3674e97ef03bed09c060383c94ac723bd7c7c9e56fa4a85
main,cotton,ASM,exp_cottonapparel_knit,ASM|exp_cottonapparel_knit,0.06016372687208078,0,0.0,2008-2012,2018-2022,a3fb8b89d0359bb60bf452519ea865bfd177f8098de9f5595ded51b18d3cbe52,9704b972d3c33904afcb818f87ccd461d988fd30910e9788031d4176df032cd0,3f504e0bc00e47e2d3674e97ef03bed09c060383c94ac723bd7c7c9e56fa4a85
main,cotton,ASM,exp_cottonapparel_woven,ASM|exp_cottonapparel_woven,0.0610275065867491,0,0.0,2008-2012,2018-2022,a3fb8b89d0359bb60bf452519ea865bfd177f8098de9f5595ded51b18d3cbe52,9704b972d3c33904afcb818f87ccd461d988fd30910e9788031d4176df032cd0,3f504e0bc00e47e2d3674e97ef03bed09c060383c94ac723bd7c7c9e56fa4a85
main,cotton,ASM,exp_cottonfabric,ASM|exp_cottonfabric,0.05529165554405013,0,0.0,2008-2012,2018-2022,a3fb8b89d0359bb60bf452519ea865bfd177f8098de9f5595ded51b18d3cbe52,9704b972d3c33904afcb818f87ccd461d988fd30910e9788031d4176df032cd0,3f504e0bc00e47e2d3674e97ef03bed09c060383c94ac723bd7c7c9e56fa4a85
main,cotton,ASM,exp_cottonhomewares,ASM|exp_cottonhomewares,0.05704199075895831,0,0.0,2008-2012,2018-2022,a3fb8b89d0359bb60bf452519ea865bfd177f8098de9f5595ded51b18d3cbe52,9704b972d3c33904afcb818f87ccd461d988fd30910e9788031d4176df032cd0,3f504e0bc00e47e2d3674e97ef03bed09c060383c94ac723bd7c7c9e56fa4a85
main,cotton,ASM,exp_cottonknitfabric,ASM|exp_cottonknitfabric,0.05652310740482447,0,0.0,2008-2012,2018-2022,a3fb8b89d0359bb60bf452519ea865bfd177f8098de9f5595ded51b18d3cbe52,9704b972d3c33904afcb818f87ccd461d988fd30910e9788031d4176df032cd0,3f504e0bc00e47e2d3674e97ef03bed09c060383c94ac723bd7c7c9e56fa4a85
main,cotton,ASM,exp_cottonsewthread,ASM|exp_cottonsewthread,0.06047595329123703,0,0.0,2008-2012,2018-2022,a3fb8b89d0359bb60bf452519ea865bfd177f8098de9f5595ded51b18d3cbe52,9704b972d3c33904afcb818f87ccd461d988fd30910e9788031d4176df032cd0,3f504e0bc00e47e2d3674e97ef03bed09c060383c94ac723bd7c7c9e56fa4a85
main,cotton,ASM,exp_cottonyarn,ASM|exp_cottonyarn,0.052372274484387187,0,0.0,2008-2012,2018-2022,a3fb8b89d0359bb60bf452519ea865bfd177f8098de9f5595ded51b18d3cbe52,9704b972d3c33904afcb818f87ccd461d988fd30910e9788031d4176df032cd0,3f504e0bc00e47e2d3674e97ef03bed09c060383c94ac723bd7c7c9e56fa4a85
main,cotton,ATG,exp_cottonapparel_knit,ATG|exp_cottonapparel_knit,0.12383912088497188,1,147.82379999999998,2008-2012,2018-2022,a3fb8b89d0359bb60bf452519ea865bfd177f8098de9f5595ded51b18d3cbe52,9704b972d3c33904afcb818f87ccd461d988fd30910e9788031d4176df032cd0,3f504e0bc00e47e2d3674e97ef03bed09c060383c94ac723bd7c7c9e56fa4a85
main,cotton,ATG,exp_cottonapparel_woven,ATG|exp_cottonapparel_woven,0.1251560872931982,1,144.7838,2008-2012,2018-2022,a3fb8b89d0359bb60bf452519ea865bfd177f8098de9f5595ded51b18d3cbe52,9704b972d3c33904afcb818f87ccd461d988fd30910e9788031d4176df032cd0,3f504e0bc00e47e2d3674e97ef03bed09c060383c94ac723bd7c7c9e56fa4a85
main,cotton,ATG,exp_cottonhomewares,ATG|exp_cottonhomewares,0.11823659631714481,0,0.0,2008-2012,2018-2022,a3fb8b89d0359bb60bf452519ea865bfd177f8098de9f5595ded51b18d3cbe52,9704b972d3c33904afcb818f87ccd461d988fd30910e9788031d4176df032cd0,3f504e0bc00e47e2d3674e97ef03bed09c060383c94ac723bd7c7c9e56fa4a85
main,cotton,ATG,exp_cottonknitfabric,ATG|exp_cottonknitfabric,0.11684019119019498,0,0.0,2008-2012,2018-2022,a3fb8b89d0359bb60bf452519ea865bfd177f8098de9f5595ded51b18d3cbe52,9704b972d3c33904afcb818f87ccd461d988fd30910e9788031d4176df032cd0,3f504e0bc00e47e2d3674e97ef03bed09c060383c94ac723bd7c7c9e56fa4a85
main,cotton,ATG,exp_cottonsewthread,ATG|exp_cottonsewthread,0.13160717243152076,0,0.0,2008-2012,2018-2022,a3fb8b89d0359bb60bf452519ea865bfd177f8098de9f5595ded51b18d3cbe52,9704b972d3c33904afcb818f87ccd461d988fd30910e9788031d4176df032cd0,3f504e0bc00e47e2d3674e97ef03bed09c060383c94ac723bd7c7c9e56fa4a85
main,cotton,ATG,exp_cottonyarn,ATG|exp_cottonyarn,0.10903617893901334,0,0.0,2008-2012,2018-2022,a3fb8b89d0359bb60bf452519ea865bfd177f8098de9f5595ded51b18d3cbe52,9704b972d3c33904afcb818f87ccd461d988fd30910e9788031d4176df032cd0,3f504e0bc00e47e2d3674e97ef03bed09c060383c94ac723bd7c7c9e56fa4a85
main,cotton,AUT,exp_cottonsewthread,AUT|exp_cottonsewthread,0.30527401419130645,1,306.6274,2008-2012,2018-2022,a3fb8b89d0359bb60bf452519ea865bfd177f8098de9f5595ded51b18d3cbe52,9704b972d3c33904afcb818f87ccd461d988fd30910e9788031d4176df032cd0,3f504e0bc00e47e2d3674e97ef03bed09c060383c94ac723bd7c7c9e56fa4a85
main,cotton,AZE,exp_cottonapparel_knit,AZE|exp_cottonapparel_knit,0.014673030766382494,0,0.0,2008-2012,2018-2022,a3fb8b89d0359bb60bf452519ea865bfd177f8098de9f5595ded51b18d3cbe52,9704b972d3c33904afcb818f87ccd461d988fd30910e9788031d4176df032cd0,3f504e0bc00e47e2d3674e97ef03bed09c060383c94ac723bd7c7c9e56fa4a85
main,cotton,AZE,exp_cottonknitfabric,AZE|exp_cottonknitfabric,0.014069218415832765,0,0.0,2008-2012,2018-2022,a3fb8b89d0359bb60bf452519ea865bfd177f8098de9f5595ded51b18d3cbe52,9704b972d3c33904afcb818f87ccd461d988fd30910e9788031d4176df032cd0,3f504e0bc00e47e2d3674e97ef03bed09c060383c94ac723bd7c7c9e56fa4a85
main,cotton,AZE,exp_cottonsewthread,AZE|exp_cottonsewthread,0.014832821491331383,0,0.0,2008-2012,2018-2022,a3fb8b89d0359bb60bf452519ea865bfd177f8098de9f5595ded51b18d3cbe52,9704b972d3c33904afcb818f87ccd461d988fd30910e9788031d4176df032cd0,3f504e0bc00e47e2d3674e97ef03bed09c060383c94ac723bd7c7c9e56fa4a85
main,cotton,BDI,exp_cottonapparel_knit,BDI|exp_cottonapparel_knit,0.055628051935214605,0,0.0,2008-2012,2018-2022,a3fb8b89d0359bb60bf452519ea865bfd177f8098de9f5595ded51b18d3cbe52,9704b972d3c33904afcb818f87ccd461d988fd30910e9788031d4176df032cd0,3f504e0bc00e47e2d3674e97ef03bed09c060383c94ac723bd7c7c9e56fa4a85
main,cotton,BDI,exp_cottonapparel_woven,BDI|exp_cottonapparel_woven,0.0536938026152134,0,0.0,2008-2012,2018-2022,a3fb8b89d0359bb60bf452519ea865bfd177f8098de9f5595ded51b18d3cbe52,9704b972d3c33904afcb818f87ccd461d988fd30910e9788031d4176df032cd0,3f504e0bc00e47e2d3674e97ef03bed09c060383c94ac723bd7c7c9e56fa4a85
main,cotton,BDI,exp_cottonfabric,BDI|exp_cottonfabric,0.03931236125719661,0,0.0,2008-2012,2018-2022,a3fb8b89d0359bb60bf452519ea865bfd177f8098de9f5595ded51b18d3cbe52,9704b972d3c33904afcb818f87ccd461d988fd30910e9788031d4176df032cd0,3f504e0bc00e47e2d3674e97ef03bed09c060383c94ac723bd7c7c9e56fa4a85
main,cotton,BDI,exp_cottonhomewares,BDI|exp_cottonhomewares,0.04389423365504157,0,0.0,2008-2012,2018-2022,a3fb8b89d0359bb60bf452519ea865bfd177f8098de9f5595ded51b18d3cbe52,9704b972d3c33904afcb818f87ccd461d988fd30910e9788031d4176df032cd0,3f504e0bc00e47e2d3674e97ef03bed09c060383c94ac723bd7c7c9e56fa4a85
main,cotton,BDI,exp_cottonknitfabric,BDI|exp_cottonknitfabric,0.04326511471500914,0,0.0,2008-2012,2018-2022,a3fb8b89d0359bb60bf452519ea865bfd177f8098de9f5595ded51b18d3cbe52,9704b972d3c33904afcb818f87ccd461d988fd30910e9788031d4176df032cd0,3f504e0bc00e47e2d3674e97ef03bed09c060383c94ac723bd7c7c9e56fa4a85
main,cotton,BDI,exp_cottonsewthread,BDI|exp_cottonsewthread,0.05355129773113454,0,0.0,2008-2012,2018-2022,a3fb8b89d0359bb60bf452519ea865bfd177f8098de9f5595ded51b18d3cbe52,9704b972d3c33904afcb818f87ccd461d988fd30910e9788031d4176df032cd0,3f504e0bc00e47e2d3674e97ef03bed09c060383c94ac723bd7c7c9e56fa4a85
main,cotton,BDI,exp_cottonyarn,BDI|exp_cottonyarn,0.03865238566628038,0,0.0,2008-2012,2018-2022,a3fb8b89d0359bb60bf452519ea865bfd177f8098de9f5595ded51b18d3cbe52,9704b972d3c33904afcb818f87ccd461d988fd30910e9788031d4176df032cd0,3f504e0bc00e47e2d3674e97ef03bed09c060383c94ac723bd7c7c9e56fa4a85
main,cotton,BEN,exp_cottonapparel_knit,BEN|exp_cottonapparel_knit,0.05847291012917978,0,0.0,2008-2012,2018-2022,a3fb8b89d0359bb60bf452519ea865bfd177f8098de9f5595ded51b18d3cbe52,9704b972d3c33904afcb818f87ccd461d988fd30910e9788031d4176df032cd0,3f504e0bc00e47e2d3674e97ef03bed09c060383c94ac723bd7c7c9e56fa4a85
main,cotton,BEN,exp_cottonapparel_woven,BEN|exp_cottonapparel_woven,0.05626360199339631,0,0.0,2008-2012,2018-2022,a3fb8b89d0359bb60bf452519ea865bfd177f8098de9f5595ded51b18d3cbe52,9704b972d3c33904afcb818f87ccd461d988fd30910e9788031d4176df032cd0,3f504e0bc00e47e2d3674e97ef03bed09c060383c94ac723bd7c7c9e56fa4a85
main,cotton,BEN,exp_cottonhomewares,BEN|exp_cottonhomewares,0.04937386090742471,0,0.0,2008-2012,2018-2022,a3fb8b89d0359bb60bf452519ea865bfd177f8098de9f5595ded51b18d3cbe52,9704b972d3c33904afcb818f87ccd461d988fd30910e9788031d4176df032cd0,3f504e0bc00e47e2d3674e97ef03bed09c060383c94ac723bd7c7c9e56fa4a85
main,cotton,BEN,exp_cottonknitfabric,BEN|exp_cottonknitfabric,0.04924237701154495,0,0.0,2008-2012,2018-2022,a3fb8b89d0359bb60bf452519ea865bfd177f8098de9f5595ded51b18d3cbe52,9704b972d3c33904afcb818f87ccd461d988fd30910e9788031d4176df032cd0,3f504e0bc00e47e2d3674e97ef03bed09c060383c94ac723bd7c7c9e56fa4a85
main,cotton,BEN,exp_cottonsewthread,BEN|exp_cottonsewthread,0.05729586719677939,0,0.0,2008-2012,2018-2022,a3fb8b89d0359bb60bf452519ea865bfd177f8098de9f5595ded51b18d3cbe52,9704b972d3c33904afcb818f87ccd461d988fd30910e9788031d4176df032cd0,3f504e0bc00e47e2d3674e97ef03bed09c060383c94ac723bd7c7c9e56fa4a85
main,cotton,BFA,exp_cottonapparel_knit,BFA|exp_cottonapparel_knit,0.04699690723818123,0,0.0,2008-2012,2018-2022,a3fb8b89d0359bb60bf452519ea865bfd177f8098de9f5595ded51b18d3cbe52,9704b972d3c33904afcb818f87ccd461d988fd30910e9788031d4176df032cd0,3f504e0bc00e47e2d3674e97ef03bed09c060383c94ac723bd7c7c9e56fa4a85
main,cotton,BFA,exp_cottonapparel_woven,BFA|exp_cottonapparel_woven,0.0436434969015772,0,0.0,2008-2012,2018-2022,a3fb8b89d0359bb60bf452519ea865bfd177f8098de9f5595ded51b18d3cbe52,9704b972d3c33904afcb818f87ccd461d988fd30910e9788031d4176df032cd0,3f504e0bc00e47e2d3674e97ef03bed09c060383c94ac723bd7c7c9e56fa4a85
main,cotton,BFA,exp_cottonhomewares,BFA|exp_cottonhomewares,0.038356843688543994,0,0.0,2008-2012,2018-2022,a3fb8b89d0359bb60bf452519ea865bfd177f8098de9f5595ded51b18d3cbe52,9704b972d3c33904afcb818f87ccd461d988fd30910e9788031d4176df032cd0,3f504e0bc00e47e2d3674e97ef03bed09c060383c94ac723bd7c7c9e56fa4a85
main,cotton,BFA,exp_cottonknitfabric,BFA|exp_cottonknitfabric,0.03711171632863615,0,0.0,2008-2012,2018-2022,a3fb8b89d0359bb60bf452519ea865bfd177f8098de9f5595ded51b18d3cbe52,9704b972d3c33904afcb818f87ccd461d988fd30910e9788031d4176df032cd0,3f504e0bc00e47e2d3674e97ef03bed09c060383c94ac723bd7c7c9e56fa4a85
main,cotton,BFA,exp_cottonsewthread,BFA|exp_cottonsewthread,0.044609863505137966,0,0.0,2008-2012,2018-2022,a3fb8b89d0359bb60bf452519ea865bfd177f8098de9f5595ded51b18d3cbe52,9704b972d3c33904afcb818f87ccd461d988fd30910e9788031d4176df032cd0,3f504e0bc00e47e2d3674e97ef03bed09c060383c94ac723bd7c7c9e56fa4a85
main,cotton,BGD,exp_cottonsewthread,BGD|exp_cottonsewthread,0.16362859210825997,0,0.0,2008-2012,2018-2022,a3fb8b89d0359bb60bf452519ea865bfd177f8098de9f5595ded51b18d3cbe52,9704b972d3c33904afcb818f87ccd461d988fd30910e9788031d4176df032cd0,3f504e0bc00e47e2d3674e97ef03bed09c060383c94ac723bd7c7c9e56fa4a85
main,cotton,BHR,exp_cottonknitfabric,BHR|exp_cottonknitfabric,0.06493151483200768,0,0.0,2008-2012,2018-2022,a3fb8b89d0359bb60bf452519ea865bfd177f8098de9f5595ded51b18d3cbe52,9704b972d3c33904afcb818f87ccd461d988fd30910e9788031d4176df032cd0,3f504e0bc00e47e2d3674e97ef03bed09c060383c94ac723bd7c7c9e56fa4a85
main,cotton,BHR,exp_cottonsewthread,BHR|exp_cottonsewthread,0.07199233687783234,0,0.0,2008-2012,2018-2022,a3fb8b89d0359bb60bf452519ea865bfd177f8098de9f5595ded51b18d3cbe52,9704b972d3c33904afcb818f87ccd461d988fd30910e9788031d4176df032cd0,3f504e0bc00e47e2d3674e97ef03bed09c060383c94ac723bd7c7c9e56fa4a85
main,cotton,BHS,exp_cottonapparel_woven,BHS|exp_cottonapparel_woven,0.036796775258570065,0,0.0,2008-2012,2018-2022,a3fb8b89d0359bb60bf452519ea865bfd177f8098de9f5595ded51b18d3cbe52,9704b972d3c33904afcb818f87ccd461d988fd30910e9788031d4176df032cd0,3f504e0bc00e47e2d3674e97ef03bed09c060383c94ac723bd7c7c9e56fa4a85
main,cotton,BHS,exp_cottonhomewares,BHS|exp_cottonhomewares,0.03164937246704254,1,118.24479999999998,2008-2012,2018-2022,a3fb8b89d0359bb60bf452519ea865bfd177f8098de9f5595ded51b18d3cbe52,9704b972d3c33904afcb818f87ccd461d988fd30910e9788031d4176df032cd0,3f504e0bc00e47e2d3674e97ef03bed09c060383c94ac723bd7c7c9e56fa4a85
main,cotton,BIH,exp_cottonsewthread,BIH|exp_cottonsewthread,0.19138476198225685,0,0.0,2008-2012,2018-2022,a3fb8b89d0359bb60bf452519ea865bfd177f8098de9f5595ded51b18d3cbe52,9704b972d3c33904afcb818f87ccd461d988fd30910e9788031d4176df032cd0,3f504e0bc00e47e2d3674e97ef03bed09c060383c94ac723bd7c7c9e56fa4a85
main,cotton,BLR,exp_cottonsewthread,BLR|exp_cottonsewthread,0.1304012221110195,0,0.0,2008-2012,2018-2022,a3fb8b89d0359bb60bf452519ea865bfd177f8098de9f5595ded51b18d3cbe52,9704b972d3c33904afcb818f87ccd461d988fd30910e9788031d4176df032cd0,3f504e0bc00e47e2d3674e97ef03bed09c060383c94ac723bd7c7c9e56fa4a85
main,cotton,BLZ,exp_cottonapparel_knit,BLZ|exp_cottonapparel_knit,0.13450150824822038,1,432.4156,2008-2012,2018-2022,a3fb8b89d0359bb60bf452519ea865bfd177f8098de9f5595ded51b18d3cbe52,9704b972d3c33904afcb818f87ccd461d988fd30910e9788031d4176df032cd0,3f504e0bc00e47e2d3674e97ef03bed09c060383c94ac723bd7c7c9e56fa4a85
main,cotton,BLZ,exp_cottonapparel_woven,BLZ|exp_cottonapparel_woven,0.13622203457696747,0,0.0,2008-2012,2018-2022,a3fb8b89d0359bb60bf452519ea865bfd177f8098de9f5595ded51b18d3cbe52,9704b972d3c33904afcb818f87ccd461d988fd30910e9788031d4176df032cd0,3f504e0bc00e47e2d3674e97ef03bed09c060383c94ac723bd7c7c9e56fa4a85
main,cotton,BLZ,exp_cottonfabric,BLZ|exp_cottonfabric,0.12285985319569541,0,0.0,2008-2012,2018-2022,a3fb8b89d0359bb60bf452519ea865bfd177f8098de9f5595ded51b18d3cbe52,9704b972d3c33904afcb818f87ccd461d988fd30910e9788031d4176df032cd0,3f504e0bc00e47e2d3674e97ef03bed09c060383c94ac723bd7c7c9e56fa4a85
main,cotton,BLZ,exp_cottonhomewares,BLZ|exp_cottonhomewares,0.12756228723399737,0,0.0,2008-2012,2018-2022,a3fb8b89d0359bb60bf452519ea865bfd177f8098de9f5595ded51b18d3cbe52,9704b972d3c33904afcb818f87ccd461d988fd30910e9788031d4176df032cd0,3f504e0bc00e47e2d3674e97ef03bed09c060383c94ac723bd7c7c9e56fa4a85
main,cotton,BLZ,exp_cottonknitfabric,BLZ|exp_cottonknitfabric,0.12643775922407438,0,0.0,2008-2012,2018-2022,a3fb8b89d0359bb60bf452519ea865bfd177f8098de9f5595ded51b18d3cbe52,9704b972d3c33904afcb818f87ccd461d988fd30910e9788031d4176df032cd0,3f504e0bc00e47e2d3674e97ef03bed09c060383c94ac723bd7c7c9e56fa4a85
main,cotton,BLZ,exp_cottonsewthread,BLZ|exp_cottonsewthread,0.13821265855613138,0,0.0,2008-2012,2018-2022,a3fb8b89d0359bb60bf452519ea865bfd177f8098de9f5595ded51b18d3cbe52,9704b972d3c33904afcb818f87ccd461d988fd30910e9788031d4176df032cd0,3f504e0bc00e47e2d3674e97ef03bed09c060383c94ac723bd7c7c9e56fa4a85
main,cotton,BLZ,exp_cottonyarn,BLZ|exp_cottonyarn,0.11743400466464617,0,0.0,2008-2012,2018-2022,a3fb8b89d0359bb60bf452519ea865bfd177f8098de9f5595ded51b18d3cbe52,9704b972d3c33904afcb818f87ccd461d988fd30910e9788031d4176df032cd0,3f504e0bc00e47e2d3674e97ef03bed09c060383c94ac723bd7c7c9e56fa4a85
main,cotton,BRB,exp_cottonhomewares,BRB|exp_cottonhomewares,0.13122897917616322,0,0.0,2008-2012,2018-2022,a3fb8b89d0359bb60bf452519ea865bfd177f8098de9f5595ded51b18d3cbe52,9704b972d3c33904afcb818f87ccd461d988fd30910e9788031d4176df032cd0,3f504e0bc00e47e2d3674e97ef03bed09c060383c94ac723bd7c7c9e56fa4a85
main,cotton,BRB,exp_cottonknitfabric,BRB|exp_cottonknitfabric,0.12898928122021774,0,0.0,2008-2012,2018-2022,a3fb8b89d0359bb60bf452519ea865bfd177f8098de9f5595ded51b18d3cbe52,9704b972d3c33904afcb818f87ccd461d988fd30910e9788031d4176df032cd0,3f504e0bc00e47e2d3674e97ef03bed09c060383c94ac723bd7c7c9e56fa4a85
main,cotton,BRB,exp_cottonsewthread,BRB|exp_cottonsewthread,0.14880337167147825,0,0.0,2008-2012,2018-2022,a3fb8b89d0359bb60bf452519ea865bfd177f8098de9f5595ded51b18d3cbe52,9704b972d3c33904afcb818f87ccd461d988fd30910e9788031d4176df032cd0,3f504e0bc00e47e2d3674e97ef03bed09c060383c94ac723bd7c7c9e56fa4a85
main,cotton,BRB,exp_cottonyarn,BRB|exp_cottonyarn,0.1166197484945788,0,0.0,2008-2012,2018-2022,a3fb8b89d0359bb60bf452519ea865bfd177f8098de9f5595ded51b18d3cbe52,9704b972d3c33904afcb818f87ccd461d988fd30910e9788031d4176df032cd0,3f504e0bc00e47e2d3674e97ef03bed09c060383c94ac723bd7c7c9e56fa4a85
main,cotton,BRN,exp_cottonhomewares,BRN|exp_cottonhomewares,0.013532785650617564,0,0.0,2008-2012,2018-2022,a3fb8b89d0359bb60bf452519ea865bfd177f8098de9f5595ded51b18d3cbe52,9704b972d3c33904afcb818f87ccd461d988fd30910e9788031d4176df032cd0,3f504e0bc00e47e2d3674e97ef03bed09c060383c94ac723bd7c7c9e56fa4a85
main,cotton,BWA,exp_cottonknitfabric,BWA|exp_cottonknitfabric,0.06867804644507938,0,0.0,2008-2012,2018-2022,a3fb8b89d0359bb60bf452519ea865bfd177f8098de9f5595ded51b18d3cbe52,9704b972d3c33904afcb818f87ccd461d988fd30910e9788031d4176df032cd0,3f504e0bc00e47e2d3674e97ef03bed09c060383c94ac723bd7c7c9e56fa4a85
main,cotton,BWA,exp_cottonsewthread,BWA|exp_cottonsewthread,0.08137285576744498,0,0.0,2008-2012,2018-2022,a3fb8b89d0359bb60bf452519ea865bfd177f8098de9f5595ded51b18d3cbe52,9704b972d3c33904afcb818f87ccd461d988fd30910e9788031d4176df032cd0,3f504e0bc00e47e2d3674e97ef03bed09c060383c94ac723bd7c7c9e56fa4a85
main,cotton,BWA,exp_cottonyarn,BWA|exp_cottonyarn,0.06331588809337993,0,0.0,2008-2012,2018-2022,a3fb8b89d0359bb60bf452519ea865bfd177f8098de9f5595ded51b18d3cbe52,9704b972d3c33904afcb818f87ccd461d988fd30910e9788031d4176df032cd0,3f504e0bc00e47e2d3674e97ef03bed09c060383c94ac723bd7c7c9e56fa4a85
main,cotton,CAF,exp_cottonapparel_knit,CAF|exp_cottonapparel_knit,0.033689460621701146,0,0.0,2008-2012,2018-2022,a3fb8b89d0359bb60bf452519ea865bfd177f8098de9f5595ded51b18d3cbe52,9704b972d3c33904afcb818f87ccd461d988fd30910e9788031d4176df032cd0,3f504e0bc00e47e2d3674e97ef03bed09c060383c94ac723bd7c7c9e56fa4a85
main,cotton,CAF,exp_cottonapparel_woven,CAF|exp_cottonapparel_woven,0.032856759263727164,0,0.0,2008-2012,2018-2022,a3fb8b89d0359bb60bf452519ea865bfd177f8098de9f5595ded51b18d3cbe52,9704b972d3c33904afcb818f87ccd461d988fd30910e9788031d4176df032cd0,3f504e0bc00e47e2d3674e97ef03bed09c060383c94ac723bd7c7c9e56fa4a85
main,cotton,CAF,exp_cottonfabric,CAF|exp_cottonfabric,0.0250961147571436,0,0.0,2008-2012,2018-2022,a3fb8b89d0359bb60bf452519ea865bfd177f8098de9f5595ded51b18d3cbe52,9704b972d3c33904afcb818f87ccd461d988fd30910e9788031d4176df032cd0,3f504e0bc00e47e2d3674e97ef03bed09c060383c94ac723bd7c7c9e56fa4a85
main,cotton,CAF,exp_cottonhomewares,CAF|exp_cottonhomewares,0.029310183376331712,0,0.0,2008-2012,2018-2022,a3fb8b89d0359bb60bf452519ea865bfd177f8098de9f5595ded51b18d3cbe52,9704b972d3c33904afcb818f87ccd461d988fd30910e9788031d4176df032cd0,3f504e0bc00e47e2d3674e97ef03bed09c060383c94ac723bd7c7c9e56fa4a85
main,cotton,CAF,exp_cottonknitfabric,CAF|exp_cottonknitfabric,0.02691134828640956,0,0.0,2008-2012,2018-2022,a3fb8b89d0359bb60bf452519ea865bfd177f8098de9f5595ded51b18d3cbe52,9704b972d3c33904afcb818f87ccd461d988fd30910e9788031d4176df032cd0,3f504e0bc00e47e2d3674e97ef03bed09c060383c94ac723bd7c7c9e56fa4a85
main,cotton,CAF,exp_cottonsewthread,CAF|exp_cottonsewthread,0.032669888581893985,0,0.0,2008-2012,2018-2022,a3fb8b89d0359bb60bf452519ea865bfd177f8098de9f5595ded51b18d3cbe52,9704b972d3c33904afcb818f87ccd461d988fd30910e9788031d4176df032cd0,3f504e0bc00e47e2d3674e97ef03bed09c060383c94ac723bd7c7c9e56fa4a85
main,cotton,CAF,exp_cottonyarn,CAF|exp_cottonyarn,0.02492323486245376,0,0.0,2008-2012,2018-2022,a3fb8b89d0359bb60bf452519ea865bfd177f8098de9f5595ded51b18d3cbe52,9704b972d3c33904afcb818f87ccd461d988fd30910e9788031d4176df032cd0,3f504e0bc00e47e2d3674e97ef03bed09c060383c94ac723bd7c7c9e56fa4a85
main,cotton,CAN,exp_cottonsewthread,CAN|exp_cottonsewthread,0.1490094672401334,1,255.0814,2008-2012,2018-2022,a3fb8b89d0359bb60bf452519ea865bfd177f8098de9f5595ded51b18d3cbe52,9704b972d3c33904afcb818f87ccd461d988fd30910e9788031d4176df032cd0,3f504e0bc00e47e2d3674e97ef03bed09c060383c94ac723bd7c7c9e56fa4a85
main,cotton,CHE,exp_cottonsewthread,CHE|exp_cottonsewthread,0.17029600691153934,0,0.0,2008-2012,2018-2022,a3fb8b89d0359bb60bf452519ea865bfd177f8098de9f5595ded51b18d3cbe52,9704b972d3c33904afcb818f87ccd461d988fd30910e9788031d4176df032cd0,3f504e0bc00e47e2d3674e97ef03bed09c060383c94ac723bd7c7c9e56fa4a85
main,cotton,CHL,exp_cottonknitfabric,CHL|exp_cottonknitfabric,0.07576430408002144,0,0.0,2008-2012,2018-2022,a3fb8b89d0359bb60bf452519ea865bfd177f8098de9f5595ded51b18d3cbe52,9704b972d3c33904afcb818f87ccd461d988fd30910e9788031d4176df032cd0,3f504e0bc00e47e2d3674e97ef03bed09c060383c94ac723bd7c7c9e56fa4a85
main,cotton,CIV,exp_cottonhomewares,CIV|exp_cottonhomewares,0.046240673344766274,0,0.0,2008-2012,2018-2022,a3fb8b89d0359bb60bf452519ea865bfd177f8098de9f5595ded51b18d3cbe52,9704b972d3c33904afcb818f87ccd461d988fd30910e9788031d4176df032cd0,3f504e0bc00e47e2d3674e97ef03bed09c060383c94ac723bd7c7c9e56fa4a85
main,cotton,CIV,exp_cottonknitfabric,CIV|exp_cottonknitfabric,0.044656677130065325,0,0.0,2008-2012,2018-2022,a3fb8b89d0359bb60bf452519ea865bfd177f8098de9f5595ded51b18d3cbe52,9704b972d3c33904afcb818f87ccd461d988fd30910e9788031d4176df032cd0,3f504e0bc00e47e2d3674e97ef03bed09c060383c94ac723bd7c7c9e56fa4a85
main,cotton,CIV,exp_cottonsewthread,CIV|exp_cottonsewthread,0.054767470549828355,0,0.0,2008-2012,2018-2022,a3fb8b89d0359bb60bf452519ea865bfd177f8098de9f5595ded51b18d3cbe52,9704b972d3c33904afcb818f87ccd461d988fd30910e9788031d4176df032cd0,3f504e0bc00e47e2d3674e97ef03bed09c060383c94ac723bd7c7c9e56fa4a85
main,cotton,CIV,exp_cottonyarn,CIV|exp_cottonyarn,0.04012260984962126,0,0.0,2008-2012,2018-2022,a3fb8b89d0359bb60bf452519ea865bfd177f8098de9f5595ded51b18d3cbe52,9704b972d3c33904afcb818f87ccd461d988fd30910e9788031d4176df032cd0,3f504e0bc00e47e2d3674e97ef03bed09c060383c94ac723bd7c7c9e56fa4a85
main,cotton,CMR,exp_cottonapparel_woven,CMR|exp_cottonapparel_woven,0.05186069995768237,0,0.0,2008-2012,2018-2022,a3fb8b89d0359bb60bf452519ea865bfd177f8098de9f5595ded51b18d3cbe52,9704b972d3c33904afcb818f87ccd461d988fd30910e9788031d4176df032cd0,3f504e0bc00e47e2d3674e97ef03bed09c060383c94ac723bd7c7c9e56fa4a85
main,cotton,CMR,exp_cottonhomewares,CMR|exp_cottonhomewares,0.04411199970453107,0,0.0,2008-2012,2018-2022,a3fb8b89d0359bb60bf452519ea865bfd177f8098de9f5595ded51b18d3cbe52,9704b972d3c33904afcb818f87ccd461d988fd30910e9788031d4176df032cd0,3f504e0bc00e47e2d3674e97ef03bed09c060383c94ac723bd7c7c9e56fa4a85
main,cotton,CMR,exp_cottonknitfabric,CMR|exp_cottonknitfabric,0.04231950878801503,0,0.0,2008-2012,2018-2022,a3fb8b89d0359bb60bf452519ea865bfd177f8098de9f5595ded51b18d3cbe52,9704b972d3c33904afcb818f87ccd461d988fd30910e9788031d4176df032cd0,3f504e0bc00e47e2d3674e97ef03bed09c060383c94ac723bd7c7c9e56fa4a85
main,cotton,CMR,exp_cottonsewthread,CMR|exp_cottonsewthread,0.0514104798088092,0,0.0,2008-2012,2018-2022,a3fb8b89d0359bb60bf452519ea865bfd177f8098de9f5595ded51b18d3cbe52,9704b972d3c33904afcb818f87ccd461d988fd30910e9788031d4176df032cd0,3f504e0bc00e47e2d3674e97ef03bed09c060383c94ac723bd7c7c9e56fa4a85
main,cotton,CMR,exp_cottonyarn,CMR|exp_cottonyarn,0.03853403259928083,0,0.0,2008-2012,2018-2022,a3fb8b89d0359bb60bf452519ea865bfd177f8098de9f5595ded51b18d3cbe52,9704b972d3c33904afcb818f87ccd461d988fd30910e9788031d4176df032cd0,3f504e0bc00e47e2d3674e97ef03bed09c060383c94ac723bd7c7c9e56fa4a85
main,cotton,COD,exp_cottonapparel_woven,COD|exp_cottonapparel_woven,0.0194540099737544,0,0.0,2008-2012,2018-2022,a3fb8b89d0359bb60bf452519ea865bfd177f8098de9f5595ded51b18d3cbe52,9704b972d3c33904afcb818f87ccd461d988fd30910e9788031d4176df032cd0,3f504e0bc00e47e2d3674e97ef03bed09c060383c94ac723bd7c7c9e56fa4a85
main,cotton,COD,exp_cottonhomewares,COD|exp_cottonhomewares,0.015201576038563754,0,0.0,2008-2012,2018-2022,a3fb8b89d0359bb60bf452519ea865bfd177f8098de9f5595ded51b18d3cbe52,9704b972d3c33904afcb818f87ccd461d988fd30910e9788031d4176df032cd0,3f504e0bc00e47e2d3674e97ef03bed09c060383c94ac723bd7c7c9e56fa4a85
main,cotton,COG,exp_cottonapparel_woven,COG|exp_cottonapparel_woven,0.01843396463510324,1,102.9468,2008-2012,2018-2022,a3fb8b89d0359bb60bf452519ea865bfd177f8098de9f5595ded51b18d3cbe52,9704b972d3c33904afcb818f87ccd461d988fd30910e9788031d4176df032cd0,3f504e0bc00e47e2d3674e97ef03bed09c060383c94ac723bd7c7c9e56fa4a85
main,cotton,COG,exp_cottonhomewares,COG|exp_cottonhomewares,0.014692132309927823,0,0.0,2008-2012,2018-2022,a3fb8b89d0359bb60bf452519ea865bfd177f8098de9f5595ded51b18d3cbe52,9704b972d3c33904afcb818f87ccd461d988fd30910e9788031d4176df032cd0,3f504e0bc00e47e2d3674e97ef03bed09c060383c94ac723bd7c7c9e56fa4a85
main,cotton,COG,exp_cottonknitfabric,COG|exp_cottonknitfabric,0.01564030929682646,0,0.0,2008-2012,2018-2022,a3fb8b89d0359bb60bf452519ea865bfd177f8098de9f5595ded51b18d3cbe52,9704b972d3c33904afcb818f87ccd461d988fd30910e9788031d4176df032cd0,3f504e0bc00e47e2d3674e97ef03bed09c060383c94ac723bd7c7c9e56fa4a85
main,cotton,COG,exp_cottonsewthread,COG|exp_cottonsewthread,0.01797479001240095,0,0.0,2008-2012,2018-2022,a3fb8b89d0359bb60bf452519ea865bfd177f8098de9f5595ded51b18d3cbe52,9704b972d3c33904afcb818f87ccd461d988fd30910e9788031d4176df032cd0,3f504e0bc00e47e2d3674e97ef03bed09c060383c94ac723bd7c7c9e56fa4a85
main,cotton,COG,exp_cottonyarn,COG|exp_cottonyarn,0.014141867056481072,0,0.0,2008-2012,2018-2022,a3fb8b89d0359bb60bf452519ea865bfd177f8098de9f5595ded51b18d3cbe52,9704b972d3c33904afcb818f87ccd461d988fd30910e9788031d4176df032cd0,3f504e0bc00e47e2d3674e97ef03bed09c060383c94ac723bd7c7c9e56fa4a85
main,cotton,COL,exp_cottonsewthread,COL|exp_cottonsewthread,0.12411354020279063,0,0.0,2008-2012,2018-2022,a3fb8b89d0359bb60bf452519ea865bfd177f8098de9f5595ded51b18d3cbe52,9704b972d3c33904afcb818f87ccd461d988fd30910e9788031d4176df032cd0,3f504e0bc00e47e2d3674e97ef03bed09c060383c94ac723bd7c7c9e56fa4a85
main,cotton,CRI,exp_cottonknitfabric,CRI|exp_cottonknitfabric,0.10496691575781576,1,235.884,2008-2012,2018-2022,a3fb8b89d0359bb60bf452519ea865bfd177f8098de9f5595ded51b18d3cbe52,9704b972d3c33904afcb818f87ccd461d988fd30910e9788031d4176df032cd0,3f504e0bc00e47e2d3674e97ef03bed09c060383c94ac723bd7c7c9e56fa4a85
main,cotton,CRI,exp_cottonsewthread,CRI|exp_cottonsewthread,0.1181880989862356,1,704.7664,2008-2012,2018-2022,a3fb8b89d0359bb60bf452519ea865bfd177f8098de9f5595ded51b18d3cbe52,9704b972d3c33904afcb818f87ccd461d988fd30910e9788031d4176df032cd0,3f504e0bc00e47e2d3674e97ef03bed09c060383c94ac723bd7c7c9e56fa4a85
main,cotton,CRI,exp_cottonyarn,CRI|exp_cottonyarn,0.08922540583553708,1,37849.67259999999,2008-2012,2018-2022,a3fb8b89d0359bb60bf452519ea865bfd177f8098de9f5595ded51b18d3cbe52,9704b972d3c33904afcb818f87ccd461d988fd30910e9788031d4176df032cd0,3f504e0bc00e47e2d3674e97ef03bed09c060383c94ac723bd7c7c9e56fa4a85
main,cotton,CYP,exp_cottonknitfabric,CYP|exp_cottonknitfabric,0.14079242315591298,0,0.0,2008-2012,2018-2022,a3fb8b89d0359bb60bf452519ea865bfd177f8098de9f5595ded51b18d3cbe52,9704b972d3c33904afcb818f87ccd461d988fd30910e9788031d4176df032cd0,3f504e0bc00e47e2d3674e97ef03bed09c060383c94ac723bd7c7c9e56fa4a85
main,cotton,CYP,exp_cottonyarn,CYP|exp_cottonyarn,0.13253960542008966,1,108.4546,2008-2012,2018-2022,a3fb8b89d0359bb60bf452519ea865bfd177f8098de9f5595ded51b18d3cbe52,9704b972d3c33904afcb818f87ccd461d988fd30910e9788031d4176df032cd0,3f504e0bc00e47e2d3674e97ef03bed09c060383c94ac723bd7c7c9e56fa4a85
main,cotton,DJI,exp_cottonapparel_knit,DJI|exp_cottonapparel_knit,0.0485432245371536,0,0.0,2008-2012,2018-2022,a3fb8b89d0359bb60bf452519ea865bfd177f8098de9f5595ded51b18d3cbe52,9704b972d3c33904afcb818f87ccd461d988fd30910e9788031d4176df032cd0,3f504e0bc00e47e2d3674e97ef03bed09c060383c94ac723bd7c7c9e56fa4a85
main,cotton,DJI,exp_cottonapparel_woven,DJI|exp_cottonapparel_woven,0.048042875006488815,0,0.0,2008-2012,2018-2022,a3fb8b89d0359bb60bf452519ea865bfd177f8098de9f5595ded51b18d3cbe52,9704b972d3c33904afcb818f87ccd461d988fd30910e9788031d4176df032cd0,3f504e0bc00e47e2d3674e97ef03bed09c060383c94ac723bd7c7c9e56fa4a85
main,cotton,DJI,exp_cottonfabric,DJI|exp_cottonfabric,0.035391417360268566,0,0.0,2008-2012,2018-2022,a3fb8b89d0359bb60bf452519ea865bfd177f8098de9f5595ded51b18d3cbe52,9704b972d3c33904afcb818f87ccd461d988fd30910e9788031d4176df032cd0,3f504e0bc00e47e2d3674e97ef03bed09c060383c94ac723bd7c7c9e56fa4a85
main,cotton,DJI,exp_cottonhomewares,DJI|exp_cottonhomewares,0.04570951676934025,0,0.0,2008-2012,2018-2022,a3fb8b89d0359bb60bf452519ea865bfd177f8098de9f5595ded51b18d3cbe52,9704b972d3c33904afcb818f87ccd461d988fd30910e9788031d4176df032cd0,3f504e0bc00e47e2d3674e97ef03bed09c060383c94ac723bd7c7c9e56fa4a85
main,cotton,DJI,exp_cottonknitfabric,DJI|exp_cottonknitfabric,0.03870216219611545,1,165.7354,2008-2012,2018-2022,a3fb8b89d0359bb60bf452519ea865bfd177f8098de9f5595ded51b18d3cbe52,9704b972d3c33904afcb818f87ccd461d988fd30910e9788031d4176df032cd0,3f504e0bc00e47e2d3674e97ef03bed09c060383c94ac723bd7c7c9e56fa4a85
main,cotton,DJI,exp_cottonsewthread,DJI|exp_cottonsewthread,0.0472722449173609,0,0.0,2008-2012,2018-2022,a3fb8b89d0359bb60bf452519ea865bfd177f8098de9f5595ded51b18d3cbe52,9704b972d3c33904afcb818f87ccd461d988fd30910e9788031d4176df032cd0,3f504e0bc00e47e2d3674e97ef03bed09c060383c94ac723bd7c7c9e56fa4a85
main,cotton,DJI,exp_cottonyarn,DJI|exp_cottonyarn,0.03498570982284716,0,0.0,2008-2012,2018-2022,a3fb8b89d0359bb60bf452519ea865bfd177f8098de9f5595ded51b18d3cbe52,9704b972d3c33904afcb818f87ccd461d988fd30910e9788031d4176df032cd0,3f504e0bc00e47e2d3674e97ef03bed09c060383c94ac723bd7c7c9e56fa4a85
main,cotton,DOM,exp_cottonhomewares,DOM|exp_cottonhomewares,0.16966236956771613,1,680.4282000000001,2008-2012,2018-2022,a3fb8b89d0359bb60bf452519ea865bfd177f8098de9f5595ded51b18d3cbe52,9704b972d3c33904afcb818f87ccd461d988fd30910e9788031d4176df032cd0,3f504e0bc00e47e2d3674e97ef03bed09c060383c94ac723bd7c7c9e56fa4a85
main,cotton,DZA,exp_cottonhomewares,DZA|exp_cottonhomewares,0.009906008108460729,0,0.0,2008-2012,2018-2022,a3fb8b89d0359bb60bf452519ea865bfd177f8098de9f5595ded51b18d3cbe52,9704b972d3c33904afcb818f87ccd461d988fd30910e9788031d4176df032cd0,3f504e0bc00e47e2d3674e97ef03bed09c060383c94ac723bd7c7c9e56fa4a85
main,cotton,ERI,exp_cottonhomewares,ERI|exp_cottonhomewares,0.027529142551195464,0,0.0,2008-2012,2018-2022,a3fb8b89d0359bb60bf452519ea865bfd177f8098de9f5595ded51b18d3cbe52,9704b972d3c33904afcb818f87ccd461d988fd30910e9788031d4176df032cd0,3f504e0bc00e47e2d3674e97ef03bed09c060383c94ac723bd7c7c9e56fa4a85
main,cotton,ERI,exp_cottonknitfabric,ERI|exp_cottonknitfabric,0.028029412491167967,0,0.0,2008-2012,2018-2022,a3fb8b89d0359bb60bf452519ea865bfd177f8098de9f5595ded51b18d3cbe52,9704b972d3c33904afcb818f87ccd461d988fd30910e9788031d4176df032cd0,3f504e0bc00e47e2d3674e97ef03bed09c060383c94ac723bd7c7c9e56fa4a85
main,cotton,ETH,exp_cottonsewthread,ETH|exp_cottonsewthread,0.12475773482947933,0,0.0,2008-2012,2018-2022,a3fb8b89d0359bb60bf452519ea865bfd177f8098de9f5595ded51b18d3cbe52,9704b972d3c33904afcb818f87ccd461d988fd30910e9788031d4176df032cd0,3f504e0bc00e47e2d3674e97ef03bed09c060383c94ac723bd7c7c9e56fa4a85
main,cotton,FJI,exp_cottonhomewares,FJI|exp_cottonhomewares,0.1677195739989749,0,0.0,2008-2012,2018-2022,a3fb8b89d0359bb60bf452519ea865bfd177f8098de9f5595ded51b18d3cbe52,9704b972d3c33904afcb818f87ccd461d988fd30910e9788031d4176df032cd0,3f504e0bc00e47e2d3674e97ef03bed09c060383c94ac723bd7c7c9e56fa4a85
main,cotton,GAB,exp_cottonapparel_knit,GAB|exp_cottonapparel_knit,0.011503484288848217,0,0.0,2008-2012,2018-2022,a3fb8b89d0359bb60bf452519ea865bfd177f8098de9f5595ded51b18d3cbe52,9704b972d3c33904afcb818f87ccd461d988fd30910e9788031d4176df032cd0,3f504e0bc00e47e2d3674e97ef03bed09c060383c94ac723bd7c7c9e56fa4a85
main,cotton,GAB,exp_cottonapparel_woven,GAB|exp_cottonapparel_woven,0.011790582922505679,0,0.0,2008-2012,2018-2022,a3fb8b89d0359bb60bf452519ea865bfd177f8098de9f5595ded51b18d3cbe52,9704b972d3c33904afcb818f87ccd461d988fd30910e9788031d4176df032cd0,3f504e0bc00e47e2d3674e97ef03bed09c060383c94ac723bd7c7c9e56fa4a85
main,cotton,GAB,exp_cottonfabric,GAB|exp_cottonfabric,0.008438537867723254,0,0.0,2008-2012,2018-2022,a3fb8b89d0359bb60bf452519ea865bfd177f8098de9f5595ded51b18d3cbe52,9704b972d3c33904afcb818f87ccd461d988fd30910e9788031d4176df032cd0,3f504e0bc00e47e2d3674e97ef03bed09c060383c94ac723bd7c7c9e56fa4a85
main,cotton,GAB,exp_cottonhomewares,GAB|exp_cottonhomewares,0.009335093899068052,0,0.0,2008-2012,2018-2022,a3fb8b89d0359bb60bf452519ea865bfd177f8098de9f5595ded51b18d3cbe52,9704b972d3c33904afcb818f87ccd461d988fd30910e9788031d4176df032cd0,3f504e0bc00e47e2d3674e97ef03bed09c060383c94ac723bd7c7c9e56fa4a85
main,cotton,GAB,exp_cottonknitfabric,GAB|exp_cottonknitfabric,0.009377526300731371,0,0.0,2008-2012,2018-2022,a3fb8b89d0359bb60bf452519ea865bfd177f8098de9f5595ded51b18d3cbe52,9704b972d3c33904afcb818f87ccd461d988fd30910e9788031d4176df032cd0,3f504e0bc00e47e2d3674e97ef03bed09c060383c94ac723bd7c7c9e56fa4a85
main,cotton,GAB,exp_cottonsewthread,GAB|exp_cottonsewthread,0.011484739359516015,0,0.0,2008-2012,2018-2022,a3fb8b89d0359bb60bf452519ea865bfd177f8098de9f5595ded51b18d3cbe52,9704b972d3c33904afcb818f87ccd461d988fd30910e9788031d4176df032cd0,3f504e0bc00e47e2d3674e97ef03bed09c060383c94ac723bd7c7c9e56fa4a85
main,cotton,GAB,exp_cottonyarn,GAB|exp_cottonyarn,0.007960346633713351,0,0.0,2008-2012,2018-2022,a3fb8b89d0359bb60bf452519ea865bfd177f8098de9f5595ded51b18d3cbe52,9704b972d3c33904afcb818f87ccd461d988fd30910e9788031d4176df032cd0,3f504e0bc00e47e2d3674e97ef03bed09c060383c94ac723bd7c7c9e56fa4a85
main,cotton,GEO,exp_cottonhomewares,GEO|exp_cottonhomewares,0.0898577960998401,1,113.627,2008-2012,2018-2022,a3fb8b89d0359bb60bf452519ea865bfd177f8098de9f5595ded51b18d3cbe52,9704b972d3c33904afcb818f87ccd461d988fd30910e9788031d4176df032cd0,3f504e0bc00e47e2d3674e97ef03bed09c060383c94ac723bd7c7c9e56fa4a85
main,cotton,GHA,exp_cottonapparel_woven,GHA|exp_cottonapparel_woven,0.06488200804550848,0,0.0,2008-2012,2018-2022,a3fb8b89d0359bb60bf452519ea865bfd177f8098de9f5595ded51b18d3cbe52,9704b972d3c33904afcb818f87ccd461d988fd30910e9788031d4176df032cd0,3f504e0bc00e47e2d3674e97ef03bed09c060383c94ac723bd7c7c9e56fa4a85
main,cotton,GHA,exp_cottonhomewares,GHA|exp_cottonhomewares,0.05252575551965119,0,0.0,2008-2012,2018-2022,a3fb8b89d0359bb60bf452519ea865bfd177f8098de9f5595ded51b18d3cbe52,9704b972d3c33904afcb818f87ccd461d988fd30910e9788031d4176df032cd0,3f504e0bc00e47e2d3674e97ef03bed09c060383c94ac723bd7c7c9e56fa4a85
main,cotton,GHA,exp_cottonknitfabric,GHA|exp_cottonknitfabric,0.05244738100198988,0,0.0,2008-2012,2018-2022,a3fb8b89d0359bb60bf452519ea865bfd177f8098de9f5595ded51b18d3cbe52,9704b972d3c33904afcb818f87ccd461d988fd30910e9788031d4176df032cd0,3f504e0bc00e47e2d3674e97ef03bed09c060383c94ac723bd7c7c9e56fa4a85
main,cotton,GHA,exp_cottonyarn,GHA|exp_cottonyarn,0.0475487533121639,0,0.0,2008-2012,2018-2022,a3fb8b89d0359bb60bf452519ea865bfd177f8098de9f5595ded51b18d3cbe52,9704b972d3c33904afcb818f87ccd461d988fd30910e9788031d4176df032cd0,3f504e0bc00e47e2d3674e97ef03bed09c060383c94ac723bd7c7c9e56fa4a85
main,cotton,GIN,exp_cottonapparel_knit,GIN|exp_cottonapparel_knit,0.025604783747052863,0,0.0,2008-2012,2018-2022,a3fb8b89d0359bb60bf452519ea865bfd177f8098de9f5595ded51b18d3cbe52,9704b972d3c33904afcb818f87ccd461d988fd30910e9788031d4176df032cd0,3f504e0bc00e47e2d3674e97ef03bed09c060383c94ac723bd7c7c9e56fa4a85
main,cotton,GIN,exp_cottonapparel_woven,GIN|exp_cottonapparel_woven,0.024805100001787313,0,0.0,2008-2012,2018-2022,a3fb8b89d0359bb60bf452519ea865bfd177f8098de9f5595ded51b18d3cbe52,9704b972d3c33904afcb818f87ccd461d988fd30910e9788031d4176df032cd0,3f504e0bc00e47e2d3674e97ef03bed09c060383c94ac723bd7c7c9e56fa4a85
main,cotton,GIN,exp_cottonhomewares,GIN|exp_cottonhomewares,0.016780068316486846,0,0.0,2008-2012,2018-2022,a3fb8b89d0359bb60bf452519ea865bfd177f8098de9f5595ded51b18d3cbe52,9704b972d3c33904afcb818f87ccd461d988fd30910e9788031d4176df032cd0,3f504e0bc00e47e2d3674e97ef03bed09c060383c94ac723bd7c7c9e56fa4a85
main,cotton,GIN,exp_cottonknitfabric,GIN|exp_cottonknitfabric,0.0179855647558295,0,0.0,2008-2012,2018-2022,a3fb8b89d0359bb60bf452519ea865bfd177f8098de9f5595ded51b18d3cbe52,9704b972d3c33904afcb818f87ccd461d988fd30910e9788031d4176df032cd0,3f504e0bc00e47e2d3674e97ef03bed09c060383c94ac723bd7c7c9e56fa4a85
main,cotton,GIN,exp_cottonsewthread,GIN|exp_cottonsewthread,0.02347548868894638,0,0.0,2008-2012,2018-2022,a3fb8b89d0359bb60bf452519ea865bfd177f8098de9f5595ded51b18d3cbe52,9704b972d3c33904afcb818f87ccd461d988fd30910e9788031d4176df032cd0,3f504e0bc00e47e2d3674e97ef03bed09c060383c94ac723bd7c7c9e56fa4a85
main,cotton,GIN,exp_cottonyarn,GIN|exp_cottonyarn,0.01571776489495283,0,0.0,2008-2012,2018-2022,a3fb8b89d0359bb60bf452519ea865bfd177f8098de9f5595ded51b18d3cbe52,9704b972d3c33904afcb818f87ccd461d988fd30910e9788031d4176df032cd0,3f504e0bc00e47e2d3674e97ef03bed09c060383c94ac723bd7c7c9e56fa4a85
main,cotton,GMB,exp_cottonapparel_woven,GMB|exp_cottonapparel_woven,0.0901877664740594,0,0.0,2008-2012,2018-2022,a3fb8b89d0359bb60bf452519ea865bfd177f8098de9f5595ded51b18d3cbe52,9704b972d3c33904afcb818f87ccd461d988fd30910e9788031d4176df032cd0,3f504e0bc00e47e2d3674e97ef03bed09c060383c94ac723bd7c7c9e56fa4a85
main,cotton,GMB,exp_cottonhomewares,GMB|exp_cottonhomewares,0.07684049396031645,0,0.0,2008-2012,2018-2022,a3fb8b89d0359bb60bf452519ea865bfd177f8098de9f5595ded51b18d3cbe52,9704b972d3c33904afcb818f87ccd461d988fd30910e9788031d4176df032cd0,3f504e0bc00e47e2d3674e97ef03bed09c060383c94ac723bd7c7c9e56fa4a85
main,cotton,HND,exp_cottonhomewares,HND|exp_cottonhomewares,0.1225088032513329,0,0.0,2008-2012,2018-2022,a3fb8b89d0359bb60bf452519ea865bfd177f8098de9f5595ded51b18d3cbe52,9704b972d3c33904afcb818f87ccd461d988fd30910e9788031d4176df032cd0,3f504e0bc00e47e2d3674e97ef03bed09c060383c94ac723bd7c7c9e56fa4a85
main,cotton,HTI,exp_cottonhomewares,HTI|exp_cottonhomewares,0.05072423652667747,0,0.0,2008-2012,2018-2022,a3fb8b89d0359bb60bf452519ea865bfd177f8098de9f5595ded51b18d3cbe52,9704b972d3c33904afcb818f87ccd461d988fd30910e9788031d4176df032cd0,3f504e0bc00e47e2d3674e97ef03bed09c060383c94ac723bd7c7c9e56fa4a85
main,cotton,IOT,exp_cottonapparel_knit,IOT|exp_cottonapparel_knit,0.06288893527961652,0,0.0,2008-2012,2018-2022,a3fb8b89d0359bb60bf452519ea865bfd177f8098de9f5595ded51b18d3cbe52,9704b972d3c33904afcb818f87ccd461d988fd30910e9788031d4176df032cd0,3f504e0bc00e47e2d3674e97ef03bed09c060383c94ac723bd7c7c9e56fa4a85
main,cotton,IOT,exp_cottonapparel_woven,IOT|exp_cottonapparel_woven,0.06432028438223646,0,0.0,2008-2012,2018-2022,a3fb8b89d0359bb60bf452519ea865bfd177f8098de9f5595ded51b18d3cbe52,9704b972d3c33904afcb818f87ccd461d988fd30910e9788031d4176df032cd0,3f504e0bc00e47e2d3674e97ef03bed09c060383c94ac723bd7c7c9e56fa4a85
main,cotton,IOT,exp_cottonfabric,IOT|exp_cottonfabric,0.047487599001795174,0,0.0,2008-2012,2018-2022,a3fb8b89d0359bb60bf452519ea865bfd177f8098de9f5595ded51b18d3cbe52,9704b972d3c33904afcb818f87ccd461d988fd30910e9788031d4176df032cd0,3f504e0bc00e47e2d3674e97ef03bed09c060383c94ac723bd7c7c9e56fa4a85
main,cotton,IOT,exp_cottonhomewares,IOT|exp_cottonhomewares,0.05357577216871795,0,0.0,2008-2012,2018-2022,a3fb8b89d0359bb60bf452519ea865bfd177f8098de9f5595ded51b18d3cbe52,9704b972d3c33904afcb818f87ccd461d988fd30910e9788031d4176df032cd0,3f504e0bc00e47e2d3674e97ef03bed09c060383c94ac723bd7c7c9e56fa4a85
main,cotton,IOT,exp_cottonknitfabric,IOT|exp_cottonknitfabric,0.05046772612816264,0,0.0,2008-2012,2018-2022,a3fb8b89d0359bb60bf452519ea865bfd177f8098de9f5595ded51b18d3cbe52,9704b972d3c33904afcb818f87ccd461d988fd30910e9788031d4176df032cd0,3f504e0bc00e47e2d3674e97ef03bed09c060383c94ac723bd7c7c9e56fa4a85
main,cotton,IOT,exp_cottonsewthread,IOT|exp_cottonsewthread,0.05553822002031947,0,0.0,2008-2012,2018-2022,a3fb8b89d0359bb60bf452519ea865bfd177f8098de9f5595ded51b18d3cbe52,9704b972d3c33904afcb818f87ccd461d988fd30910e9788031d4176df032cd0,3f504e0bc00e47e2d3674e97ef03bed09c060383c94ac723bd7c7c9e56fa4a85
main,cotton,IRL,exp_cottonsewthread,IRL|exp_cottonsewthread,0.08339999818410326,0,0.0,2008-2012,2018-2022,a3fb8b89d0359bb60bf452519ea865bfd177f8098de9f5595ded51b18d3cbe52,9704b972d3c33904afcb818f87ccd461d988fd30910e9788031d4176df032cd0,3f504e0bc00e47e2d3674e97ef03bed09c060383c94ac723bd7c7c9e56fa4a85
main,cotton,IRN,exp_cottonknitfabric,IRN|exp_cottonknitfabric,0.050039964884194085,0,0.0,2008-2012,2018-2022,a3fb8b89d0359bb60bf452519ea865bfd177f8098de9f5595ded51b18d3cbe52,9704b972d3c33904afcb818f87ccd461d988fd30910e9788031d4176df032cd0,3f504e0bc00e47e2d3674e97ef03bed09c060383c94ac723bd7c7c9e56fa4a85
main,cotton,IRQ,exp_cottonapparel_knit,IRQ|exp_cottonapparel_knit,0.0021597282905482136,0,0.0,2008-2012,2018-2022,a3fb8b89d0359bb60bf452519ea865bfd177f8098de9f5595ded51b18d3cbe52,9704b972d3c33904afcb818f87ccd461d988fd30910e9788031d4176df032cd0,3f504e0bc00e47e2d3674e97ef03bed09c060383c94ac723bd7c7c9e56fa4a85
main,cotton,IRQ,exp_cottonapparel_woven,IRQ|exp_cottonapparel_woven,0.0018929778670615188,0,0.0,2008-2012,2018-2022,a3fb8b89d0359bb60bf452519ea865bfd177f8098de9f5595ded51b18d3cbe52,9704b972d3c33904afcb818f87ccd461d988fd30910e9788031d4176df032cd0,3f504e0bc00e47e2d3674e97ef03bed09c060383c94ac723bd7c7c9e56fa4a85
main,cotton,IRQ,exp_cottonfabric,IRQ|exp_cottonfabric,0.0017106814268511613,1,328.43240000000003,2008-2012,2018-2022,a3fb8b89d0359bb60bf452519ea865bfd177f8098de9f5595ded51b18d3cbe52,9704b972d3c33904afcb818f87ccd461d988fd30910e9788031d4176df032cd0,3f504e0bc00e47e2d3674e97ef03bed09c060383c94ac723bd7c7c9e56fa4a85
main,cotton,IRQ,exp_cottonhomewares,IRQ|exp_cottonhomewares,0.0021120462606110295,0,0.0,2008-2012,2018-2022,a3fb8b89d0359bb60bf452519ea865bfd177f8098de9f5595ded51b18d3cbe52,9704b972d3c33904afcb818f87ccd461d988fd30910e9788031d4176df032cd0,3f504e0bc00e47e2d3674e97ef03bed09c060383c94ac723bd7c7c9e56fa4a85
main,cotton,IRQ,exp_cottonknitfabric,IRQ|exp_cottonknitfabric,0.001805726076258716,0,0.0,2008-2012,2018-2022,a3fb8b89d0359bb60bf452519ea865bfd177f8098de9f5595ded51b18d3cbe52,9704b972d3c33904afcb818f87ccd461d988fd30910e9788031d4176df032cd0,3f504e0bc00e47e2d3674e97ef03bed09c060383c94ac723bd7c7c9e56fa4a85
main,cotton,IRQ,exp_cottonsewthread,IRQ|exp_cottonsewthread,0.002140292795110838,0,0.0,2008-2012,2018-2022,a3fb8b89d0359bb60bf452519ea865bfd177f8098de9f5595ded51b18d3cbe52,9704b972d3c33904afcb818f87ccd461d988fd30910e9788031d4176df032cd0,3f504e0bc00e47e2d3674e97ef03bed09c060383c94ac723bd7c7c9e56fa4a85
main,cotton,IRQ,exp_cottonyarn,IRQ|exp_cottonyarn,0.0021023115544722016,0,0.0,2008-2012,2018-2022,a3fb8b89d0359bb60bf452519ea865bfd177f8098de9f5595ded51b18d3cbe52,9704b972d3c33904afcb818f87ccd461d988fd30910e9788031d4176df032cd0,3f504e0bc00e47e2d3674e97ef03bed09c060383c94ac723bd7c7c9e56fa4a85
main,cotton,ISL,exp_cottonapparel_knit,ISL|exp_cottonapparel_knit,0.04791666948798003,0,0.0,2008-2012,2018-2022,a3fb8b89d0359bb60bf452519ea865bfd177f8098de9f5595ded51b18d3cbe52,9704b972d3c33904afcb818f87ccd461d988fd30910e9788031d4176df032cd0,3f504e0bc00e47e2d3674e97ef03bed09c060383c94ac723bd7c7c9e56fa4a85
main,cotton,ISL,exp_cottonapparel_woven,ISL|exp_cottonapparel_woven,0.04913900197605814,0,0.0,2008-2012,2018-2022,a3fb8b89d0359bb60bf452519ea865bfd177f8098de9f5595ded51b18d3cbe52,9704b972d3c33904afcb818f87ccd461d988fd30910e9788031d4176df032cd0,3f504e0bc00e47e2d3674e97ef03bed09c060383c94ac723bd7c7c9e56fa4a85
main,cotton,ISL,exp_cottonfabric,ISL|exp_cottonfabric,0.03911563335236659,0,0.0,2008-2012,2018-2022,a3fb8b89d0359bb60bf452519ea865bfd177f8098de9f5595ded51b18d3cbe52,9704b972d3c33904afcb818f87ccd461d988fd30910e9788031d4176df032cd0,3f504e0bc00e47e2d3674e97ef03bed09c060383c94ac723bd7c7c9e56fa4a85
main,cotton,ISL,exp_cottonhomewares,ISL|exp_cottonhomewares,0.04340414619562094,0,0.0,2008-2012,2018-2022,a3fb8b89d0359bb60bf452519ea865bfd177f8098de9f5595ded51b18d3cbe52,9704b972d3c33904afcb818f87ccd461d988fd30910e9788031d4176df032cd0,3f504e0bc00e47e2d3674e97ef03bed09c060383c94ac723bd7c7c9e56fa4a85
main,cotton,ISL,exp_cottonknitfabric,ISL|exp_cottonknitfabric,0.03940652932740364,0,0.0,2008-2012,2018-2022,a3fb8b89d0359bb60bf452519ea865bfd177f8098de9f5595ded51b18d3cbe52,9704b972d3c33904afcb818f87ccd461d988fd30910e9788031d4176df032cd0,3f504e0bc00e47e2d3674e97ef03bed09c060383c94ac723bd7c7c9e56fa4a85
main,cotton,ISL,exp_cottonsewthread,ISL|exp_cottonsewthread,0.0459933171436023,0,0.0,2008-2012,2018-2022,a3fb8b89d0359bb60bf452519ea865bfd177f8098de9f5595ded51b18d3cbe52,9704b972d3c33904afcb818f87ccd461d988fd30910e9788031d4176df032cd0,3f504e0bc00e47e2d3674e97ef03bed09c060383c94ac723bd7c7c9e56fa4a85
main,cotton,ISL,exp_cottonyarn,ISL|exp_cottonyarn,0.03650047020841046,0,0.0,2008-2012,2018-2022,a3fb8b89d0359bb60bf452519ea865bfd177f8098de9f5595ded51b18d3cbe52,9704b972d3c33904afcb818f87ccd461d988fd30910e9788031d4176df032cd0,3f504e0bc00e47e2d3674e97ef03bed09c060383c94ac723bd7c7c9e56fa4a85
main,cotton,JAM,exp_cottonapparel_woven,JAM|exp_cottonapparel_woven,0.06809166060724943,0,0.0,2008-2012,2018-2022,a3fb8b89d0359bb60bf452519ea865bfd177f8098de9f5595ded51b18d3cbe52,9704b972d3c33904afcb818f87ccd461d988fd30910e9788031d4176df032cd0,3f504e0bc00e47e2d3674e97ef03bed09c060383c94ac723bd7c7c9e56fa4a85
main,cotton,JAM,exp_cottonfabric,JAM|exp_cottonfabric,0.04895666767363111,0,0.0,2008-2012,2018-2022,a3fb8b89d0359bb60bf452519ea865bfd177f8098de9f5595ded51b18d3cbe52,9704b972d3c33904afcb818f87ccd461d988fd30910e9788031d4176df032cd0,3f504e0bc00e47e2d3674e97ef03bed09c060383c94ac723bd7c7c9e56fa4a85
main,cotton,JAM,exp_cottonhomewares,JAM|exp_cottonhomewares,0.05634247592319812,0,0.0,2008-2012,2018-2022,a3fb8b89d0359bb60bf452519ea865bfd177f8098de9f5595ded51b18d3cbe52,9704b972d3c33904afcb818f87ccd461d988fd30910e9788031d4176df032cd0,3f504e0bc00e47e2d3674e97ef03bed09c060383c94ac723bd7c7c9e56fa4a85
main,cotton,JAM,exp_cottonknitfabric,JAM|exp_cottonknitfabric,0.053514853500921875,0,0.0,2008-2012,2018-2022,a3fb8b89d0359bb60bf452519ea865bfd177f8098de9f5595ded51b18d3cbe52,9704b972d3c33904afcb818f87ccd461d988fd30910e9788031d4176df032cd0,3f504e0bc00e47e2d3674e97ef03bed09c060383c94ac723bd7c7c9e56fa4a85
main,cotton,JAM,exp_cottonsewthread,JAM|exp_cottonsewthread,0.06609925513293705,0,0.0,2008-2012,2018-2022,a3fb8b89d0359bb60bf452519ea865bfd177f8098de9f5595ded51b18d3cbe52,9704b972d3c33904afcb818f87ccd461d988fd30910e9788031d4176df032cd0,3f504e0bc00e47e2d3674e97ef03bed09c060383c94ac723bd7c7c9e56fa4a85
main,cotton,JAM,exp_cottonyarn,JAM|exp_cottonyarn,0.04783909025743835,0,0.0,2008-2012,2018-2022,a3fb8b89d0359bb60bf452519ea865bfd177f8098de9f5595ded51b18d3cbe52,9704b972d3c33904afcb818f87ccd461d988fd30910e9788031d4176df032cd0,3f504e0bc00e47e2d3674e97ef03bed09c060383c94ac723bd7c7c9e56fa4a85
main,cotton,KAZ,exp_cottonknitfabric,KAZ|exp_cottonknitfabric,0.031950771472355415,0,0.0,2008-2012,2018-2022,a3fb8b89d0359bb60bf452519ea865bfd177f8098de9f5595ded51b18d3cbe52,9704b972d3c33904afcb818f87ccd461d988fd30910e9788031d4176df032cd0,3f504e0bc00e47e2d3674e97ef03bed09c060383c94ac723bd7c7c9e56fa4a85
main,cotton,KAZ,exp_cottonsewthread,KAZ|exp_cottonsewthread,0.03336506548525587,0,0.0,2008-2012,2018-2022,a3fb8b89d0359bb60bf452519ea865bfd177f8098de9f5595ded51b18d3cbe52,9704b972d3c33904afcb818f87ccd461d988fd30910e9788031d4176df032cd0,3f504e0bc00e47e2d3674e97ef03bed09c060383c94ac723bd7c7c9e56fa4a85
main,cotton,KEN,exp_cottonsewthread,KEN|exp_cottonsewthread,0.20588901349265099,0,0.0,2008-2012,2018-2022,a3fb8b89d0359bb60bf452519ea865bfd177f8098de9f5595ded51b18d3cbe52,9704b972d3c33904afcb818f87ccd461d988fd30910e9788031d4176df032cd0,3f504e0bc00e47e2d3674e97ef03bed09c060383c94ac723bd7c7c9e56fa4a85
main,cotton,KGZ,exp_cottonknitfabric,KGZ|exp_cottonknitfabric,0.10522988750422572,1,320.285,2008-2012,2018-2022,a3fb8b89d0359bb60bf452519ea865bfd177f8098de9f5595ded51b18d3cbe52,9704b972d3c33904afcb818f87ccd461d988fd30910e9788031d4176df032cd0,3f504e0bc00e47e2d3674e97ef03bed09c060383c94ac723bd7c7c9e56fa4a85
main,cotton,KGZ,exp_cottonsewthread,KGZ|exp_cottonsewthread,0.11559757863036872,0,0.0,2008-2012,2018-2022,a3fb8b89d0359bb60bf452519ea865bfd177f8098de9f5595ded51b18d3cbe52,9704b972d3c33904afcb818f87ccd461d988fd30910e9788031d4176df032cd0,3f504e0bc00e47e2d3674e97ef03bed09c060383c94ac723bd7c7c9e56fa4a85
main,cotton,KIR,exp_cottonapparel_knit,KIR|exp_cottonapparel_knit,0.024422418801483065,0,0.0,2008-2012,2018-2022,a3fb8b89d0359bb60bf452519ea865bfd177f8098de9f5595ded51b18d3cbe52,9704b972d3c33904afcb818f87ccd461d988fd30910e9788031d4176df032cd0,3f504e0bc00e47e2d3674e97ef03bed09c060383c94ac723bd7c7c9e56fa4a85
main,cotton,KIR,exp_cottonapparel_woven,KIR|exp_cottonapparel_woven,0.024966431617350154,0,0.0,2008-2012,2018-2022,a3fb8b89d0359bb60bf452519ea865bfd177f8098de9f5595ded51b18d3cbe52,9704b972d3c33904afcb818f87ccd461d988fd30910e9788031d4176df032cd0,3f504e0bc00e47e2d3674e97ef03bed09c060383c94ac723bd7c7c9e56fa4a85
main,cotton,KIR,exp_cottonfabric,KIR|exp_cottonfabric,0.018923953348027704,0,0.0,2008-2012,2018-2022,a3fb8b89d0359bb60bf452519ea865bfd177f8098de9f5595ded51b18d3cbe52,9704b972d3c33904afcb818f87ccd461d988fd30910e9788031d4176df032cd0,3f504e0bc00e47e2d3674e97ef03bed09c060383c94ac723bd7c7c9e56fa4a85
main,cotton,KIR,exp_cottonhomewares,KIR|exp_cottonhomewares,0.020378146450620315,0,0.0,2008-2012,2018-2022,a3fb8b89d0359bb60bf452519ea865bfd177f8098de9f5595ded51b18d3cbe52,9704b972d3c33904afcb818f87ccd461d988fd30910e9788031d4176df032cd0,3f504e0bc00e47e2d3674e97ef03bed09c060383c94ac723bd7c7c9e56fa4a85
main,cotton,KIR,exp_cottonknitfabric,KIR|exp_cottonknitfabric,0.021214419693089244,0,0.0,2008-2012,2018-2022,a3fb8b89d0359bb60bf452519ea865bfd177f8098de9f5595ded51b18d3cbe52,9704b972d3c33904afcb818f87ccd461d988fd30910e9788031d4176df032cd0,3f504e0bc00e47e2d3674e97ef03bed09c060383c94ac723bd7c7c9e56fa4a85
main,cotton,KIR,exp_cottonsewthread,KIR|exp_cottonsewthread,0.023579227190952456,0,0.0,2008-2012,2018-2022,a3fb8b89d0359bb60bf452519ea865bfd177f8098de9f5595ded51b18d3cbe52,9704b972d3c33904afcb818f87ccd461d988fd30910e9788031d4176df032cd0,3f504e0bc00e47e2d3674e97ef03bed09c060383c94ac723bd7c7c9e56fa4a85
main,cotton,KIR,exp_cottonyarn,KIR|exp_cottonyarn,0.018447337701944882,0,0.0,2008-2012,2018-2022,a3fb8b89d0359bb60bf452519ea865bfd177f8098de9f5595ded51b18d3cbe52,9704b972d3c33904afcb818f87ccd461d988fd30910e9788031d4176df032cd0,3f504e0bc00e47e2d3674e97ef03bed09c060383c94ac723bd7c7c9e56fa4a85
main,cotton,KWT,exp_cottonhomewares,KWT|exp_cottonhomewares,0.01386238171526473,1,112.4324,2008-2012,2018-2022,a3fb8b89d0359bb60bf452519ea865bfd177f8098de9f5595ded51b18d3cbe52,9704b972d3c33904afcb818f87ccd461d988fd30910e9788031d4176df032cd0,3f504e0bc00e47e2d3674e97ef03bed09c060383c94ac723bd7c7c9e56fa4a85
main,cotton,LBR,exp_cottonapparel_knit,LBR|exp_cottonapparel_knit,0.020464833321723018,0,0.0,2008-2012,2018-2022,a3fb8b89d0359bb60bf452519ea865bfd177f8098de9f5595ded51b18d3cbe52,9704b972d3c33904afcb818f87ccd461d988fd30910e9788031d4176df032cd0,3f504e0bc00e47e2d3674e97ef03bed09c060383c94ac723bd7c7c9e56fa4a85
main,cotton,LBR,exp_cottonapparel_woven,LBR|exp_cottonapparel_woven,0.019891416230666314,0,0.0,2008-2012,2018-2022,a3fb8b89d0359bb60bf452519ea865bfd177f8098de9f5595ded51b18d3cbe52,9704b972d3c33904afcb818f87ccd461d988fd30910e9788031d4176df032cd0,3f504e0bc00e47e2d3674e97ef03bed09c060383c94ac723bd7c7c9e56fa4a85
main,cotton,LBR,exp_cottonfabric,LBR|exp_cottonfabric,0.013933436615089565,0,0.0,2008-2012,2018-2022,a3fb8b89d0359bb60bf452519ea865bfd177f8098de9f5595ded51b18d3cbe52,9704b972d3c33904afcb818f87ccd461d988fd30910e9788031d4176df032cd0,3f504e0bc00e47e2d3674e97ef03bed09c060383c94ac723bd7c7c9e56fa4a85
main,cotton,LBR,exp_cottonhomewares,LBR|exp_cottonhomewares,0.015962058076103805,0,0.0,2008-2012,2018-2022,a3fb8b89d0359bb60bf452519ea865bfd177f8098de9f5595ded51b18d3cbe52,9704b972d3c33904afcb818f87ccd461d988fd30910e9788031d4176df032cd0,3f504e0bc00e47e2d3674e97ef03bed09c060383c94ac723bd7c7c9e56fa4a85
main,cotton,LBR,exp_cottonknitfabric,LBR|exp_cottonknitfabric,0.016043922566692896,0,0.0,2008-2012,2018-2022,a3fb8b89d0359bb60bf452519ea865bfd177f8098de9f5595ded51b18d3cbe52,9704b972d3c33904afcb818f87ccd461d988fd30910e9788031d4176df032cd0,3f504e0bc00e47e2d3674e97ef03bed09c060383c94ac723bd7c7c9e56fa4a85
main,cotton,LBR,exp_cottonsewthread,LBR|exp_cottonsewthread,0.0182258223436832,0,0.0,2008-2012,2018-2022,a3fb8b89d0359bb60bf452519ea865bfd177f8098de9f5595ded51b18d3cbe52,9704b972d3c33904afcb818f87ccd461d988fd30910e9788031d4176df032cd0,3f504e0bc00e47e2d3674e97ef03bed09c060383c94ac723bd7c7c9e56fa4a85
main,cotton,LBR,exp_cottonyarn,LBR|exp_cottonyarn,0.013752707046361673,0,0.0,2008-2012,2018-2022,a3fb8b89d0359bb60bf452519ea865bfd177f8098de9f5595ded51b18d3cbe52,9704b972d3c33904afcb818f87ccd461d988fd30910e9788031d4176df032cd0,3f504e0bc00e47e2d3674e97ef03bed09c060383c94ac723bd7c7c9e56fa4a85
main,cotton,LBY,exp_cottonapparel_woven,LBY|exp_cottonapparel_woven,0.0069420763534882406,0,0.0,2008-2012,2018-2022,a3fb8b89d0359bb60bf452519ea865bfd177f8098de9f5595ded51b18d3cbe52,9704b972d3c33904afcb818f87ccd461d988fd30910e9788031d4176df032cd0,3f504e0bc00e47e2d3674e97ef03bed09c060383c94ac723bd7c7c9e56fa4a85
main,cotton,LBY,exp_cottonfabric,LBY|exp_cottonfabric,0.005964797136620102,0,0.0,2008-2012,2018-2022,a3fb8b89d0359bb60bf452519ea865bfd177f8098de9f5595ded51b18d3cbe52,9704b972d3c33904afcb818f87ccd461d988fd30910e9788031d4176df032cd0,3f504e0bc00e47e2d3674e97ef03bed09c060383c94ac723bd7c7c9e56fa4a85
main,cotton,LBY,exp_cottonknitfabric,LBY|exp_cottonknitfabric,0.006889166773250777,0,0.0,2008-2012,2018-2022,a3fb8b89d0359bb60bf452519ea865bfd177f8098de9f5595ded51b18d3cbe52,9704b972d3c33904afcb818f87ccd461d988fd30910e9788031d4176df032cd0,3f504e0bc00e47e2d3674e97ef03bed09c060383c94ac723bd7c7c9e56fa4a85
main,cotton,LBY,exp_cottonsewthread,LBY|exp_cottonsewthread,0.00773943389922873,0,0.0,2008-2012,2018-2022,a3fb8b89d0359bb60bf452519ea865bfd177f8098de9f5595ded51b18d3cbe52,9704b972d3c33904afcb818f87ccd461d988fd30910e9788031d4176df032cd0,3f504e0bc00e47e2d3674e97ef03bed09c060383c94ac723bd7c7c9e56fa4a85
main,cotton,LBY,exp_cottonyarn,LBY|exp_cottonyarn,0.006512142255915578,0,0.0,2008-2012,2018-2022,a3fb8b89d0359bb60bf452519ea865bfd177f8098de9f5595ded51b18d3cbe52,9704b972d3c33904afcb818f87ccd461d988fd30910e9788031d4176df032cd0,3f504e0bc00e47e2d3674e97ef03bed09c060383c94ac723bd7c7c9e56fa4a85
main,cotton,LKA,exp_cottonsewthread,LKA|exp_cottonsewthread,0.22434649367199933,1,186.3846,2008-2012,2018-2022,a3fb8b89d0359bb60bf452519ea865bfd177f8098de9f5595ded51b18d3cbe52,9704b972d3c33904afcb818f87ccd461d988fd30910e9788031d4176df032cd0,3f504e0bc00e47e2d3674e97ef03bed09c060383c94ac723bd7c7c9e56fa4a85
main,cotton,LSO,exp_cottonhomewares,LSO|exp_cottonhomewares,0.12086928888624296,0,0.0,2008-2012,2018-2022,a3fb8b89d0359bb60bf452519ea865bfd177f8098de9f5595ded51b18d3cbe52,9704b972d3c33904afcb818f87ccd461d988fd30910e9788031d4176df032cd0,3f504e0bc00e47e2d3674e97ef03bed09c060383c94ac723bd7c7c9e56fa4a85
main,cotton,LSO,exp_cottonknitfabric,LSO|exp_cottonknitfabric,0.11502239215206317,1,150.0396,2008-2012,2018-2022,a3fb8b89d0359bb60bf452519ea865bfd177f8098de9f5595ded51b18d3cbe52,9704b972d3c33904afcb818f87ccd461d988fd30910e9788031d4176df032cd0,3f504e0bc00e47e2d3674e97ef03bed09c060383c94ac723bd7c7c9e56fa4a85
main,cotton,LSO,exp_cottonsewthread,LSO|exp_cottonsewthread,0.12606509345768085,1,1234.8108,2008-2012,2018-2022,a3fb8b89d0359bb60bf452519ea865bfd177f8098de9f5595ded51b18d3cbe52,9704b972d3c33904afcb818f87ccd461d988fd30910e9788031d4176df032cd0,3f504e0bc00e47e2d3674e97ef03bed09c060383c94ac723bd7c7c9e56fa4a85
main,cotton,LTU,exp_cottonsewthread,LTU|exp_cottonsewthread,0.24539671697181528,0,0.0,2008-2012,2018-2022,a3fb8b89d0359bb60bf452519ea865bfd177f8098de9f5595ded51b18d3cbe52,9704b972d3c33904afcb818f87ccd461d988fd30910e9788031d4176df032cd0,3f504e0bc00e47e2d3674e97ef03bed09c060383c94ac723bd7c7c9e56fa4a85
main,cotton,LUX,exp_cottonknitfabric,LUX|exp_cottonknitfabric,0.12388828322440269,0,0.0,2008-2012,2018-2022,a3fb8b89d0359bb60bf452519ea865bfd177f8098de9f5595ded51b18d3cbe52,9704b972d3c33904afcb818f87ccd461d988fd30910e9788031d4176df032cd0,3f504e0bc00e47e2d3674e97ef03bed09c060383c94ac723bd7c7c9e56fa4a85
main,cotton,MAC,exp_cottonhomewares,MAC|exp_cottonhomewares,0.20266784781890013,0,0.0,2008-2012,2018-2022,a3fb8b89d0359bb60bf452519ea865bfd177f8098de9f5595ded51b18d3cbe52,9704b972d3c33904afcb818f87ccd461d988fd30910e9788031d4176df032cd0,3f504e0bc00e47e2d3674e97ef03bed09c060383c94ac723bd7c7c9e56fa4a85
main,cotton,MDA,exp_cottonsewthread,MDA|exp_cottonsewthread,0.20175771072913387,0,0.0,2008-2012,2018-2022,a3fb8b89d0359bb60bf452519ea865bfd177f8098de9f5595ded51b18d3cbe52,9704b972d3c33904afcb818f87ccd461d988fd30910e9788031d4176df032cd0,3f504e0bc00e47e2d3674e97ef03bed09c060383c94ac723bd7c7c9e56fa4a85
main,cotton,MDG,exp_cottonsewthread,MDG|exp_cottonsewthread,0.17040006969883428,0,0.0,2008-2012,2018-2022,a3fb8b89d0359bb60bf452519ea865bfd177f8098de9f5595ded51b18d3cbe52,9704b972d3c33904afcb818f87ccd461d988fd30910e9788031d4176df032cd0,3f504e0bc00e47e2d3674e97ef03bed09c060383c94ac723bd7c7c9e56fa4a85
main,cotton,MLI,exp_cottonapparel_knit,MLI|exp_cottonapparel_knit,0.045049979183058295,0,0.0,2008-2012,2018-2022,a3fb8b89d0359bb60bf452519ea865bfd177f8098de9f5595ded51b18d3cbe52,9704b972d3c33904afcb818f87ccd461d988fd30910e9788031d4176df032cd0,3f504e0bc00e47e2d3674e97ef03bed09c060383c94ac723bd7c7c9e56fa4a85
main,cotton,MLI,exp_cottonapparel_woven,MLI|exp_cottonapparel_woven,0.04201522231486493,0,0.0,2008-2012,2018-2022,a3fb8b89d0359bb60bf452519ea865bfd177f8098de9f5595ded51b18d3cbe52,9704b972d3c33904afcb818f87ccd461d988fd30910e9788031d4176df032cd0,3f504e0bc00e47e2d3674e97ef03bed09c060383c94ac723bd7c7c9e56fa4a85
main,cotton,MLI,exp_cottonhomewares,MLI|exp_cottonhomewares,0.03760337910969056,0,0.0,2008-2012,2018-2022,a3fb8b89d0359bb60bf452519ea865bfd177f8098de9f5595ded51b18d3cbe52,9704b972d3c33904afcb818f87ccd461d988fd30910e9788031d4176df032cd0,3f504e0bc00e47e2d3674e97ef03bed09c060383c94ac723bd7c7c9e56fa4a85
main,cotton,MLI,exp_cottonknitfabric,MLI|exp_cottonknitfabric,0.03535414029296266,0,0.0,2008-2012,2018-2022,a3fb8b89d0359bb60bf452519ea865bfd177f8098de9f5595ded51b18d3cbe52,9704b972d3c33904afcb818f87ccd461d988fd30910e9788031d4176df032cd0,3f504e0bc00e47e2d3674e97ef03bed09c060383c94ac723bd7c7c9e56fa4a85
main,cotton,MLI,exp_cottonsewthread,MLI|exp_cottonsewthread,0.04422409315190296,0,0.0,2008-2012,2018-2022,a3fb8b89d0359bb60bf452519ea865bfd177f8098de9f5595ded51b18d3cbe52,9704b972d3c33904afcb818f87ccd461d988fd30910e9788031d4176df032cd0,3f504e0bc00e47e2d3674e97ef03bed09c060383c94ac723bd7c7c9e56fa4a85
main,cotton,MLT,exp_cottonhomewares,MLT|exp_cottonhomewares,0.05627858376319265,0,0.0,2008-2012,2018-2022,a3fb8b89d0359bb60bf452519ea865bfd177f8098de9f5595ded51b18d3cbe52,9704b972d3c33904afcb818f87ccd461d988fd30910e9788031d4176df032cd0,3f504e0bc00e47e2d3674e97ef03bed09c060383c94ac723bd7c7c9e56fa4a85
main,cotton,MLT,exp_cottonknitfabric,MLT|exp_cottonknitfabric,0.05484846450695471,0,0.0,2008-2012,2018-2022,a3fb8b89d0359bb60bf452519ea865bfd177f8098de9f5595ded51b18d3cbe52,9704b972d3c33904afcb818f87ccd461d988fd30910e9788031d4176df032cd0,3f504e0bc00e47e2d3674e97ef03bed09c060383c94ac723bd7c7c9e56fa4a85
main,cotton,MLT,exp_cottonsewthread,MLT|exp_cottonsewthread,0.06216767966571713,0,0.0,2008-2012,2018-2022,a3fb8b89d0359bb60bf452519ea865bfd177f8098de9f5595ded51b18d3cbe52,9704b972d3c33904afcb818f87ccd461d988fd30910e9788031d4176df032cd0,3f504e0bc00e47e2d3674e97ef03bed09c060383c94ac723bd7c7c9e56fa4a85
main,cotton,MLT,exp_cottonyarn,MLT|exp_cottonyarn,0.04890224895258141,0,0.0,2008-2012,2018-2022,a3fb8b89d0359bb60bf452519ea865bfd177f8098de9f5595ded51b18d3cbe52,9704b972d3c33904afcb818f87ccd461d988fd30910e9788031d4176df032cd0,3f504e0bc00e47e2d3674e97ef03bed09c060383c94ac723bd7c7c9e56fa4a85
main,cotton,MMR,exp_cottonhomewares,MMR|exp_cottonhomewares,0.0989952910827254,0,0.0,2008-2012,2018-2022,a3fb8b89d0359bb60bf452519ea865bfd177f8098de9f5595ded51b18d3cbe52,9704b972d3c33904afcb818f87ccd461d988fd30910e9788031d4176df032cd0,3f504e0bc00e47e2d3674e97ef03bed09c060383c94ac723bd7c7c9e56fa4a85
main,cotton,MMR,exp_cottonknitfabric,MMR|exp_cottonknitfabric,0.08892076218202796,0,0.0,2008-2012,2018-2022,a3fb8b89d0359bb60bf452519ea865bfd177f8098de9f5595ded51b18d3cbe52,9704b972d3c33904afcb818f87ccd461d988fd30910e9788031d4176df032cd0,3f504e0bc00e47e2d3674e97ef03bed09c060383c94ac723bd7c7c9e56fa4a85
main,cotton,MMR,exp_cottonsewthread,MMR|exp_cottonsewthread,0.10322481154211843,1,123.636,2008-2012,2018-2022,a3fb8b89d0359bb60bf452519ea865bfd177f8098de9f5595ded51b18d3cbe52,9704b972d3c33904afcb818f87ccd461d988fd30910e9788031d4176df032cd0,3f504e0bc00e47e2d3674e97ef03bed09c060383c94ac723bd7c7c9e56fa4a85
main,cotton,MNG,exp_cottonhomewares,MNG|exp_cottonhomewares,0.02272659631899556,0,0.0,2008-2012,2018-2022,a3fb8b89d0359bb60bf452519ea865bfd177f8098de9f5595ded51b18d3cbe52,9704b972d3c33904afcb818f87ccd461d988fd30910e9788031d4176df032cd0,3f504e0bc00e47e2d3674e97ef03bed09c060383c94ac723bd7c7c9e56fa4a85
main,cotton,MOZ,exp_cottonapparel_knit,MOZ|exp_cottonapparel_knit,0.06071531130787631,0,0.0,2008-2012,2018-2022,a3fb8b89d0359bb60bf452519ea865bfd177f8098de9f5595ded51b18d3cbe52,9704b972d3c33904afcb818f87ccd461d988fd30910e9788031d4176df032cd0,3f504e0bc00e47e2d3674e97ef03bed09c060383c94ac723bd7c7c9e56fa4a85
main,cotton,MOZ,exp_cottonfabric,MOZ|exp_cottonfabric,0.040941361855356295,0,0.0,2008-2012,2018-2022,a3fb8b89d0359bb60bf452519ea865bfd177f8098de9f5595ded51b18d3cbe52,9704b972d3c33904afcb818f87ccd461d988fd30910e9788031d4176df032cd0,3f504e0bc00e47e2d3674e97ef03bed09c060383c94ac723bd7c7c9e56fa4a85
main,cotton,MOZ,exp_cottonhomewares,MOZ|exp_cottonhomewares,0.04679655550949652,0,0.0,2008-2012,2018-2022,a3fb8b89d0359bb60bf452519ea865bfd177f8098de9f5595ded51b18d3cbe52,9704b972d3c33904afcb818f87ccd461d988fd30910e9788031d4176df032cd0,3f504e0bc00e47e2d3674e97ef03bed09c060383c94ac723bd7c7c9e56fa4a85
main,cotton,MOZ,exp_cottonknitfabric,MOZ|exp_cottonknitfabric,0.046966169909643134,0,0.0,2008-2012,2018-2022,a3fb8b89d0359bb60bf452519ea865bfd177f8098de9f5595ded51b18d3cbe52,9704b972d3c33904afcb818f87ccd461d988fd30910e9788031d4176df032cd0,3f504e0bc00e47e2d3674e97ef03bed09c060383c94ac723bd7c7c9e56fa4a85
main,cotton,MOZ,exp_cottonsewthread,MOZ|exp_cottonsewthread,0.055105601137643394,0,0.0,2008-2012,2018-2022,a3fb8b89d0359bb60bf452519ea865bfd177f8098de9f5595ded51b18d3cbe52,9704b972d3c33904afcb818f87ccd461d988fd30910e9788031d4176df032cd0,3f504e0bc00e47e2d3674e97ef03bed09c060383c94ac723bd7c7c9e56fa4a85
main,cotton,MRT,exp_cottonapparel_woven,MRT|exp_cottonapparel_woven,0.02385585475712121,1,106.221,2008-2012,2018-2022,a3fb8b89d0359bb60bf452519ea865bfd177f8098de9f5595ded51b18d3cbe52,9704b972d3c33904afcb818f87ccd461d988fd30910e9788031d4176df032cd0,3f504e0bc00e47e2d3674e97ef03bed09c060383c94ac723bd7c7c9e56fa4a85
main,cotton,MRT,exp_cottonhomewares,MRT|exp_cottonhomewares,0.017425306672778453,0,0.0,2008-2012,2018-2022,a3fb8b89d0359bb60bf452519ea865bfd177f8098de9f5595ded51b18d3cbe52,9704b972d3c33904afcb818f87ccd461d988fd30910e9788031d4176df032cd0,3f504e0bc00e47e2d3674e97ef03bed09c060383c94ac723bd7c7c9e56fa4a85
main,cotton,MUS,exp_cottonsewthread,MUS|exp_cottonsewthread,0.25150986375929896,1,184.5258,2008-2012,2018-2022,a3fb8b89d0359bb60bf452519ea865bfd177f8098de9f5595ded51b18d3cbe52,9704b972d3c33904afcb818f87ccd461d988fd30910e9788031d4176df032cd0,3f504e0bc00e47e2d3674e97ef03bed09c060383c94ac723bd7c7c9e56fa4a85
main,cotton,MWI,exp_cottonhomewares,MWI|exp_cottonhomewares,0.0658381931051654,0,0.0,2008-2012,2018-2022,a3fb8b89d0359bb60bf452519ea865bfd177f8098de9f5595ded51b18d3cbe52,9704b972d3c33904afcb818f87ccd461d988fd30910e9788031d4176df032cd0,3f504e0bc00e47e2d3674e97ef03bed09c060383c94ac723bd7c7c9e56fa4a85
main,cotton,MWI,exp_cottonknitfabric,MWI|exp_cottonknitfabric,0.06347825685062652,0,0.0,2008-2012,2018-2022,a3fb8b89d0359bb60bf452519ea865bfd177f8098de9f5595ded51b18d3cbe52,9704b972d3c33904afcb818f87ccd461d988fd30910e9788031d4176df032cd0,3f504e0bc00e47e2d3674e97ef03bed09c060383c94ac723bd7c7c9e56fa4a85
main,cotton,NER,exp_cottonapparel_knit,NER|exp_cottonapparel_knit,0.042424094622703336,0,0.0,2008-2012,2018-2022,a3fb8b89d0359bb60bf452519ea865bfd177f8098de9f5595ded51b18d3cbe52,9704b972d3c33904afcb818f87ccd461d988fd30910e9788031d4176df032cd0,3f504e0bc00e47e2d3674e97ef03bed09c060383c94ac723bd7c7c9e56fa4a85
main,cotton,NER,exp_cottonapparel_woven,NER|exp_cottonapparel_woven,0.039897235180193905,0,0.0,2008-2012,2018-2022,a3fb8b89d0359bb60bf452519ea865bfd177f8098de9f5595ded51b18d3cbe52,9704b972d3c33904afcb818f87ccd461d988fd30910e9788031d4176df032cd0,3f504e0bc00e47e2d3674e97ef03bed09c060383c94ac723bd7c7c9e56fa4a85
main,cotton,NER,exp_cottonhomewares,NER|exp_cottonhomewares,0.03383978352581944,0,0.0,2008-2012,2018-2022,a3fb8b89d0359bb60bf452519ea865bfd177f8098de9f5595ded51b18d3cbe52,9704b972d3c33904afcb818f87ccd461d988fd30910e9788031d4176df032cd0,3f504e0bc00e47e2d3674e97ef03bed09c060383c94ac723bd7c7c9e56fa4a85
main,cotton,NER,exp_cottonknitfabric,NER|exp_cottonknitfabric,0.03148252649141322,0,0.0,2008-2012,2018-2022,a3fb8b89d0359bb60bf452519ea865bfd177f8098de9f5595ded51b18d3cbe52,9704b972d3c33904afcb818f87ccd461d988fd30910e9788031d4176df032cd0,3f504e0bc00e47e2d3674e97ef03bed09c060383c94ac723bd7c7c9e56fa4a85
main,cotton,NER,exp_cottonsewthread,NER|exp_cottonsewthread,0.03884427240920312,0,0.0,2008-2012,2018-2022,a3fb8b89d0359bb60bf452519ea865bfd177f8098de9f5595ded51b18d3cbe52,9704b972d3c33904afcb818f87ccd461d988fd30910e9788031d4176df032cd0,3f504e0bc00e47e2d3674e97ef03bed09c060383c94ac723bd7c7c9e56fa4a85
main,cotton,NER,exp_cottonyarn,NER|exp_cottonyarn,0.028282558073224513,0,0.0,2008-2012,2018-2022,a3fb8b89d0359bb60bf452519ea865bfd177f8098de9f5595ded51b18d3cbe52,9704b972d3c33904afcb818f87ccd461d988fd30910e9788031d4176df032cd0,3f504e0bc00e47e2d3674e97ef03bed09c060383c94ac723bd7c7c9e56fa4a85
main,cotton,NGA,exp_cottonapparel_knit,NGA|exp_cottonapparel_knit,0.023213994795287046,0,0.0,2008-2012,2018-2022,a3fb8b89d0359bb60bf452519ea865bfd177f8098de9f5595ded51b18d3cbe52,9704b972d3c33904afcb818f87ccd461d988fd30910e9788031d4176df032cd0,3f504e0bc00e47e2d3674e97ef03bed09c060383c94ac723bd7c7c9e56fa4a85
main,cotton,NGA,exp_cottonapparel_woven,NGA|exp_cottonapparel_woven,0.021598567118219548,0,0.0,2008-2012,2018-2022,a3fb8b89d0359bb60bf452519ea865bfd177f8098de9f5595ded51b18d3cbe52,9704b972d3c33904afcb818f87ccd461d988fd30910e9788031d4176df032cd0,3f504e0bc00e47e2d3674e97ef03bed09c060383c94ac723bd7c7c9e56fa4a85
main,cotton,NGA,exp_cottonknitfabric,NGA|exp_cottonknitfabric,0.019489381242928996,0,0.0,2008-2012,2018-2022,a3fb8b89d0359bb60bf452519ea865bfd177f8098de9f5595ded51b18d3cbe52,9704b972d3c33904afcb818f87ccd461d988fd30910e9788031d4176df032cd0,3f504e0bc00e47e2d3674e97ef03bed09c060383c94ac723bd7c7c9e56fa4a85
main,cotton,NPL,exp_cottonknitfabric,NPL|exp_cottonknitfabric,0.19063090958177129,0,0.0,2008-2012,2018-2022,a3fb8b89d0359bb60bf452519ea865bfd177f8098de9f5595ded51b18d3cbe52,9704b972d3c33904afcb818f87ccd461d988fd30910e9788031d4176df032cd0,3f504e0bc00e47e2d3674e97ef03bed09c060383c94ac723bd7c7c9e56fa4a85
main,cotton,NZL,exp_cottonsewthread,NZL|exp_cottonsewthread,0.14648684807785894,0,0.0,2008-2012,2018-2022,a3fb8b89d0359bb60bf452519ea865bfd177f8098de9f5595ded51b18d3cbe52,9704b972d3c33904afcb818f87ccd461d988fd30910e9788031d4176df032cd0,3f504e0bc00e47e2d3674e97ef03bed09c060383c94ac723bd7c7c9e56fa4a85
main,cotton,OMN,exp_cottonknitfabric,OMN|exp_cottonknitfabric,0.04296743374274639,0,0.0,2008-2012,2018-2022,a3fb8b89d0359bb60bf452519ea865bfd177f8098de9f5595ded51b18d3cbe52,9704b972d3c33904afcb818f87ccd461d988fd30910e9788031d4176df032cd0,3f504e0bc00e47e2d3674e97ef03bed09c060383c94ac723bd7c7c9e56fa4a85
main,cotton,PAN,exp_cottonknitfabric,PAN|exp_cottonknitfabric,0.2420588519766865,1,137.3352,2008-2012,2018-2022,a3fb8b89d0359bb60bf452519ea865bfd177f8098de9f5595ded51b18d3cbe52,9704b972d3c33904afcb818f87ccd461d988fd30910e9788031d4176df032cd0,3f504e0bc00e47e2d3674e97ef03bed09c060383c94ac723bd7c7c9e56fa4a85
main,cotton,PRK,exp_cottonhomewares,PRK|exp_cottonhomewares,0.1454490861277654,0,0.0,2008-2012,2018-2022,a3fb8b89d0359bb60bf452519ea865bfd177f8098de9f5595ded51b18d3cbe52,9704b972d3c33904afcb818f87ccd461d988fd30910e9788031d4176df032cd0,3f504e0bc00e47e2d3674e97ef03bed09c060383c94ac723bd7c7c9e56fa4a85
main,cotton,PRK,exp_cottonknitfabric,PRK|exp_cottonknitfabric,0.14605586947510524,0,0.0,2008-2012,2018-2022,a3fb8b89d0359bb60bf452519ea865bfd177f8098de9f5595ded51b18d3cbe52,9704b972d3c33904afcb818f87ccd461d988fd30910e9788031d4176df032cd0,3f504e0bc00e47e2d3674e97ef03bed09c060383c94ac723bd7c7c9e56fa4a85
main,cotton,PRY,exp_cottonknitfabric,PRY|exp_cottonknitfabric,0.044537334082927635,1,366.3648,2008-2012,2018-2022,a3fb8b89d0359bb60bf452519ea865bfd177f8098de9f5595ded51b18d3cbe52,9704b972d3c33904afcb818f87ccd461d988fd30910e9788031d4176df032cd0,3f504e0bc00e47e2d3674e97ef03bed09c060383c94ac723bd7c7c9e56fa4a85
main,cotton,PRY,exp_cottonsewthread,PRY|exp_cottonsewthread,0.04934838070159437,0,0.0,2008-2012,2018-2022,a3fb8b89d0359bb60bf452519ea865bfd177f8098de9f5595ded51b18d3cbe52,9704b972d3c33904afcb818f87ccd461d988fd30910e9788031d4176df032cd0,3f504e0bc00e47e2d3674e97ef03bed09c060383c94ac723bd7c7c9e56fa4a85
main,cotton,PSE,exp_cottonapparel_knit,PSE|exp_cottonapparel_knit,0.16340672931358285,0,0.0,2008-2012,2018-2022,a3fb8b89d0359bb60bf452519ea865bfd177f8098de9f5595ded51b18d3cbe52,9704b972d3c33904afcb818f87ccd461d988fd30910e9788031d4176df032cd0,3f504e0bc00e47e2d3674e97ef03bed09c060383c94ac723bd7c7c9e56fa4a85
main,cotton,PSE,exp_cottonhomewares,PSE|exp_cottonhomewares,0.15021635305938996,0,0.0,2008-2012,2018-2022,a3fb8b89d0359bb60bf452519ea865bfd177f8098de9f5595ded51b18d3cbe52,9704b972d3c33904afcb818f87ccd461d988fd30910e9788031d4176df032cd0,3f504e0bc00e47e2d3674e97ef03bed09c060383c94ac723bd7c7c9e56fa4a85
main,cotton,PSE,exp_cottonknitfabric,PSE|exp_cottonknitfabric,0.128565518931917,0,0.0,2008-2012,2018-2022,a3fb8b89d0359bb60bf452519ea865bfd177f8098de9f5595ded51b18d3cbe52,9704b972d3c33904afcb818f87ccd461d988fd30910e9788031d4176df032cd0,3f504e0bc00e47e2d3674e97ef03bed09c060383c94ac723bd7c7c9e56fa4a85
main,cotton,RWA,exp_cottonapparel_woven,RWA|exp_cottonapparel_woven,0.06435876367539127,0,0.0,2008-2012,2018-2022,a3fb8b89d0359bb60bf452519ea865bfd177f8098de9f5595ded51b18d3cbe52,9704b972d3c33904afcb818f87ccd461d988fd30910e9788031d4176df032cd0,3f504e0bc00e47e2d3674e97ef03bed09c060383c94ac723bd7c7c9e56fa4a85
main,cotton,RWA,exp_cottonhomewares,RWA|exp_cottonhomewares,0.05392243429743321,0,0.0,2008-2012,2018-2022,a3fb8b89d0359bb60bf452519ea865bfd177f8098de9f5595ded51b18d3cbe52,9704b972d3c33904afcb818f87ccd461d988fd30910e9788031d4176df032cd0,3f504e0bc00e47e2d3674e97ef03bed09c060383c94ac723bd7c7c9e56fa4a85
main,cotton,SAU,exp_cottonknitfabric,SAU|exp_cottonknitfabric,0.03499233318228309,0,0.0,2008-2012,2018-2022,a3fb8b89d0359bb60bf452519ea865bfd177f8098de9f5595ded51b18d3cbe52,9704b972d3c33904afcb818f87ccd461d988fd30910e9788031d4176df032cd0,3f504e0bc00e47e2d3674e97ef03bed09c060383c94ac723bd7c7c9e56fa4a85
main,cotton,SAU,exp_cottonsewthread,SAU|exp_cottonsewthread,0.039044890031228956,0,0.0,2008-2012,2018-2022,a3fb8b89d0359bb60bf452519ea865bfd177f8098de9f5595ded51b18d3cbe52,9704b972d3c33904afcb818f87ccd461d988fd30910e9788031d4176df032cd0,3f504e0bc00e47e2d3674e97ef03bed09c060383c94ac723bd7c7c9e56fa4a85
main,cotton,SDN,exp_cottonapparel_knit,SDN|exp_cottonapparel_knit,0.018868401181071495,0,0.0,2008-2012,2018-2022,a3fb8b89d0359bb60bf452519ea865bfd177f8098de9f5595ded51b18d3cbe52,9704b972d3c33904afcb818f87ccd461d988fd30910e9788031d4176df032cd0,3f504e0bc00e47e2d3674e97ef03bed09c060383c94ac723bd7c7c9e56fa4a85
main,cotton,SDN,exp_cottonapparel_woven,SDN|exp_cottonapparel_woven,0.017876724613300105,0,0.0,2008-2012,2018-2022,a3fb8b89d0359bb60bf452519ea865bfd177f8098de9f5595ded51b18d3cbe52,9704b972d3c33904afcb818f87ccd461d988fd30910e9788031d4176df032cd0,3f504e0bc00e47e2d3674e97ef03bed09c060383c94ac723bd7c7c9e56fa4a85
main,cotton,SDN,exp_cottonfabric,SDN|exp_cottonfabric,0.011291164168370995,0,0.0,2008-2012,2018-2022,a3fb8b89d0359bb60bf452519ea865bfd177f8098de9f5595ded51b18d3cbe52,9704b972d3c33904afcb818f87ccd461d988fd30910e9788031d4176df032cd0,3f504e0bc00e47e2d3674e97ef03bed09c060383c94ac723bd7c7c9e56fa4a85
main,cotton,SDN,exp_cottonhomewares,SDN|exp_cottonhomewares,0.015280704269251802,0,0.0,2008-2012,2018-2022,a3fb8b89d0359bb60bf452519ea865bfd177f8098de9f5595ded51b18d3cbe52,9704b972d3c33904afcb818f87ccd461d988fd30910e9788031d4176df032cd0,3f504e0bc00e47e2d3674e97ef03bed09c060383c94ac723bd7c7c9e56fa4a85
main,cotton,SDN,exp_cottonknitfabric,SDN|exp_cottonknitfabric,0.013274406675798005,0,0.0,2008-2012,2018-2022,a3fb8b89d0359bb60bf452519ea865bfd177f8098de9f5595ded51b18d3cbe52,9704b972d3c33904afcb818f87ccd461d988fd30910e9788031d4176df032cd0,3f504e0bc00e47e2d3674e97ef03bed09c060383c94ac723bd7c7c9e56fa4a85
main,cotton,SDN,exp_cottonsewthread,SDN|exp_cottonsewthread,0.016764417128784074,0,0.0,2008-2012,2018-2022,a3fb8b89d0359bb60bf452519ea865bfd177f8098de9f5595ded51b18d3cbe52,9704b972d3c33904afcb818f87ccd461d988fd30910e9788031d4176df032cd0,3f504e0bc00e47e2d3674e97ef03bed09c060383c94ac723bd7c7c9e56fa4a85
main,cotton,SDN,exp_cottonyarn,SDN|exp_cottonyarn,0.012584767045125721,1,260.5024,2008-2012,2018-2022,a3fb8b89d0359bb60bf452519ea865bfd177f8098de9f5595ded51b18d3cbe52,9704b972d3c33904afcb818f87ccd461d988fd30910e9788031d4176df032cd0,3f504e0bc00e47e2d3674e97ef03bed09c060383c94ac723bd7c7c9e56fa4a85
main,cotton,SEN,exp_cottonapparel_knit,SEN|exp_cottonapparel_knit,0.12883777512211342,0,0.0,2008-2012,2018-2022,a3fb8b89d0359bb60bf452519ea865bfd177f8098de9f5595ded51b18d3cbe52,9704b972d3c33904afcb818f87ccd461d988fd30910e9788031d4176df032cd0,3f504e0bc00e47e2d3674e97ef03bed09c060383c94ac723bd7c7c9e56fa4a85
main,cotton,SEN,exp_cottonapparel_woven,SEN|exp_cottonapparel_woven,0.12402313418737736,0,0.0,2008-2012,2018-2022,a3fb8b89d0359bb60bf452519ea865bfd177f8098de9f5595ded51b18d3cbe52,9704b972d3c33904afcb818f87ccd461d988fd30910e9788031d4176df032cd0,3f504e0bc00e47e2d3674e97ef03bed09c060383c94ac723bd7c7c9e56fa4a85
main,cotton,SEN,exp_cottonhomewares,SEN|exp_cottonhomewares,0.10356699480081313,0,0.0,2008-2012,2018-2022,a3fb8b89d0359bb60bf452519ea865bfd177f8098de9f5595ded51b18d3cbe52,9704b972d3c33904afcb818f87ccd461d988fd30910e9788031d4176df032cd0,3f504e0bc00e47e2d3674e97ef03bed09c060383c94ac723bd7c7c9e56fa4a85
main,cotton,SEN,exp_cottonknitfabric,SEN|exp_cottonknitfabric,0.09720522971509482,0,0.0,2008-2012,2018-2022,a3fb8b89d0359bb60bf452519ea865bfd177f8098de9f5595ded51b18d3cbe52,9704b972d3c33904afcb818f87ccd461d988fd30910e9788031d4176df032cd0,3f504e0bc00e47e2d3674e97ef03bed09c060383c94ac723bd7c7c9e56fa4a85
main,cotton,SEN,exp_cottonsewthread,SEN|exp_cottonsewthread,0.1185868101117477,0,0.0,2008-2012,2018-2022,a3fb8b89d0359bb60bf452519ea865bfd177f8098de9f5595ded51b18d3cbe52,9704b972d3c33904afcb818f87ccd461d988fd30910e9788031d4176df032cd0,3f504e0bc00e47e2d3674e97ef03bed09c060383c94ac723bd7c7c9e56fa4a85
main,cotton,SLE,exp_cottonapparel_woven,SLE|exp_cottonapparel_woven,0.0614336442361546,0,0.0,2008-2012,2018-2022,a3fb8b89d0359bb60bf452519ea865bfd177f8098de9f5595ded51b18d3cbe52,9704b972d3c33904afcb818f87ccd461d988fd30910e9788031d4176df032cd0,3f504e0bc00e47e2d3674e97ef03bed09c060383c94ac723bd7c7c9e56fa4a85
main,cotton,SLE,exp_cottonhomewares,SLE|exp_cottonhomewares,0.052277906078713854,0,0.0,2008-2012,2018-2022,a3fb8b89d0359bb60bf452519ea865bfd177f8098de9f5595ded51b18d3cbe52,9704b972d3c33904afcb818f87ccd461d988fd30910e9788031d4176df032cd0,3f504e0bc00e47e2d3674e97ef03bed09c060383c94ac723bd7c7c9e56fa4a85
main,cotton,SLE,exp_cottonknitfabric,SLE|exp_cottonknitfabric,0.05094604297622303,0,0.0,2008-2012,2018-2022,a3fb8b89d0359bb60bf452519ea865bfd177f8098de9f5595ded51b18d3cbe52,9704b972d3c33904afcb818f87ccd461d988fd30910e9788031d4176df032cd0,3f504e0bc00e47e2d3674e97ef03bed09c060383c94ac723bd7c7c9e56fa4a85
main,cotton,SLV,exp_cottonsewthread,SLV|exp_cottonsewthread,0.17018160625182066,1,232.2756,2008-2012,2018-2022,a3fb8b89d0359bb60bf452519ea865bfd177f8098de9f5595ded51b18d3cbe52,9704b972d3c33904afcb818f87ccd461d988fd30910e9788031d4176df032cd0,3f504e0bc00e47e2d3674e97ef03bed09c060383c94ac723bd7c7c9e56fa4a85
main,cotton,SMR,exp_cottonhomewares,SMR|exp_cottonhomewares,0.12928374394306416,0,0.0,2008-2012,2018-2022,a3fb8b89d0359bb60bf452519ea865bfd177f8098de9f5595ded51b18d3cbe52,9704b972d3c33904afcb818f87ccd461d988fd30910e9788031d4176df032cd0,3f504e0bc00e47e2d3674e97ef03bed09c060383c94ac723bd7c7c9e56fa4a85
main,cotton,SWE,exp_cottonsewthread,SWE|exp_cottonsewthread,0.21579780625723924,0,0.0,2008-2012,2018-2022,a3fb8b89d0359bb60bf452519ea865bfd177f8098de9f5595ded51b18d3cbe52,9704b972d3c33904afcb818f87ccd461d988fd30910e9788031d4176df032cd0,3f504e0bc00e47e2d3674e97ef03bed09c060383c94ac723bd7c7c9e56fa4a85
main,cotton,SWZ,exp_cottonhomewares,SWZ|exp_cottonhomewares,0.14939876644342134,0,0.0,2008-2012,2018-2022,a3fb8b89d0359bb60bf452519ea865bfd177f8098de9f5595ded51b18d3cbe52,9704b972d3c33904afcb818f87ccd461d988fd30910e9788031d4176df032cd0,3f504e0bc00e47e2d3674e97ef03bed09c060383c94ac723bd7c7c9e56fa4a85
main,cotton,SYC,exp_cottonapparel_knit,SYC|exp_cottonapparel_knit,0.04638802143914725,0,0.0,2008-2012,2018-2022,a3fb8b89d0359bb60bf452519ea865bfd177f8098de9f5595ded51b18d3cbe52,9704b972d3c33904afcb818f87ccd461d988fd30910e9788031d4176df032cd0,3f504e0bc00e47e2d3674e97ef03bed09c060383c94ac723bd7c7c9e56fa4a85
main,cotton,SYC,exp_cottonapparel_woven,SYC|exp_cottonapparel_woven,0.046820082753190405,0,0.0,2008-2012,2018-2022,a3fb8b89d0359bb60bf452519ea865bfd177f8098de9f5595ded51b18d3cbe52,9704b972d3c33904afcb818f87ccd461d988fd30910e9788031d4176df032cd0,3f504e0bc00e47e2d3674e97ef03bed09c060383c94ac723bd7c7c9e56fa4a85
main,cotton,SYC,exp_cottonfabric,SYC|exp_cottonfabric,0.03442742346938452,0,0.0,2008-2012,2018-2022,a3fb8b89d0359bb60bf452519ea865bfd177f8098de9f5595ded51b18d3cbe52,9704b972d3c33904afcb818f87ccd461d988fd30910e9788031d4176df032cd0,3f504e0bc00e47e2d3674e97ef03bed09c060383c94ac723bd7c7c9e56fa4a85
main,cotton,SYC,exp_cottonhomewares,SYC|exp_cottonhomewares,0.036955404876528944,0,0.0,2008-2012,2018-2022,a3fb8b89d0359bb60bf452519ea865bfd177f8098de9f5595ded51b18d3cbe52,9704b972d3c33904afcb818f87ccd461d988fd30910e9788031d4176df032cd0,3f504e0bc00e47e2d3674e97ef03bed09c060383c94ac723bd7c7c9e56fa4a85
main,cotton,SYC,exp_cottonknitfabric,SYC|exp_cottonknitfabric,0.03724881855887796,0,0.0,2008-2012,2018-2022,a3fb8b89d0359bb60bf452519ea865bfd177f8098de9f5595ded51b18d3cbe52,9704b972d3c33904afcb818f87ccd461d988fd30910e9788031d4176df032cd0,3f504e0bc00e47e2d3674e97ef03bed09c060383c94ac723bd7c7c9e56fa4a85
main,cotton,SYC,exp_cottonsewthread,SYC|exp_cottonsewthread,0.042207749309875676,0,0.0,2008-2012,2018-2022,a3fb8b89d0359bb60bf452519ea865bfd177f8098de9f5595ded51b18d3cbe52,9704b972d3c33904afcb818f87ccd461d988fd30910e9788031d4176df032cd0,3f504e0bc00e47e2d3674e97ef03bed09c060383c94ac723bd7c7c9e56fa4a85
main,cotton,SYC,exp_cottonyarn,SYC|exp_cottonyarn,0.03283146023666262,0,0.0,2008-2012,2018-2022,a3fb8b89d0359bb60bf452519ea865bfd177f8098de9f5595ded51b18d3cbe52,9704b972d3c33904afcb818f87ccd461d988fd30910e9788031d4176df032cd0,3f504e0bc00e47e2d3674e97ef03bed09c060383c94ac723bd7c7c9e56fa4a85
main,cotton,TCD,exp_cottonapparel_knit,TCD|exp_cottonapparel_knit,0.003936764624117004,0,0.0,2008-2012,2018-2022,a3fb8b89d0359bb60bf452519ea865bfd177f8098de9f5595ded51b18d3cbe52,9704b972d3c33904afcb818f87ccd461d988fd30910e9788031d4176df032cd0,3f504e0bc00e47e2d3674e97ef03bed09c060383c94ac723bd7c7c9e56fa4a85
main,cotton,TCD,exp_cottonapparel_woven,TCD|exp_cottonapparel_woven,0.003747858529453174,0,0.0,2008-2012,2018-2022,a3fb8b89d0359bb60bf452519ea865bfd177f8098de9f5595ded51b18d3cbe52,9704b972d3c33904afcb818f87ccd461d988fd30910e9788031d4176df032cd0,3f504e0bc00e47e2d3674e97ef03bed09c060383c94ac723bd7c7c9e56fa4a85
main,cotton,TCD,exp_cottonfabric,TCD|exp_cottonfabric,0.0030380416816620215,0,0.0,2008-2012,2018-2022,a3fb8b89d0359bb60bf452519ea865bfd177f8098de9f5595ded51b18d3cbe52,9704b972d3c33904afcb818f87ccd461d988fd30910e9788031d4176df032cd0,3f504e0bc00e47e2d3674e97ef03bed09c060383c94ac723bd7c7c9e56fa4a85
main,cotton,TCD,exp_cottonhomewares,TCD|exp_cottonhomewares,0.003585126013253241,0,0.0,2008-2012,2018-2022,a3fb8b89d0359bb60bf452519ea865bfd177f8098de9f5595ded51b18d3cbe52,9704b972d3c33904afcb818f87ccd461d988fd30910e9788031d4176df032cd0,3f504e0bc00e47e2d3674e97ef03bed09c060383c94ac723bd7c7c9e56fa4a85
main,cotton,TCD,exp_cottonknitfabric,TCD|exp_cottonknitfabric,0.0031927256979772905,0,0.0,2008-2012,2018-2022,a3fb8b89d0359bb60bf452519ea865bfd177f8098de9f5595ded51b18d3cbe52,9704b972d3c33904afcb818f87ccd461d988fd30910e9788031d4176df032cd0,3f504e0bc00e47e2d3674e97ef03bed09c060383c94ac723bd7c7c9e56fa4a85
main,cotton,TCD,exp_cottonsewthread,TCD|exp_cottonsewthread,0.003983091457585425,0,0.0,2008-2012,2018-2022,a3fb8b89d0359bb60bf452519ea865bfd177f8098de9f5595ded51b18d3cbe52,9704b972d3c33904afcb818f87ccd461d988fd30910e9788031d4176df032cd0,3f504e0bc00e47e2d3674e97ef03bed09c060383c94ac723bd7c7c9e56fa4a85
main,cotton,TCD,exp_cottonyarn,TCD|exp_cottonyarn,0.0032586476402710484,0,0.0,2008-2012,2018-2022,a3fb8b89d0359bb60bf452519ea865bfd177f8098de9f5595ded51b18d3cbe52,9704b972d3c33904afcb818f87ccd461d988fd30910e9788031d4176df032cd0,3f504e0bc00e47e2d3674e97ef03bed09c060383c94ac723bd7c7c9e56fa4a85
main,cotton,TGO,exp_cottonhomewares,TGO|exp_cottonhomewares,0.08696644128889564,0,0.0,2008-2012,2018-2022,a3fb8b89d0359bb60bf452519ea865bfd177f8098de9f5595ded51b18d3cbe52,9704b972d3c33904afcb818f87ccd461d988fd30910e9788031d4176df032cd0,3f504e0bc00e47e2d3674e97ef03bed09c060383c94ac723bd7c7c9e56fa4a85
main,cotton,TGO,exp_cottonknitfabric,TGO|exp_cottonknitfabric,0.0832353870088689,0,0.0,2008-2012,2018-2022,a3fb8b89d0359bb60bf452519ea865bfd177f8098de9f5595ded51b18d3cbe52,9704b972d3c33904afcb818f87ccd461d988fd30910e9788031d4176df032cd0,3f504e0bc00e47e2d3674e97ef03bed09c060383c94ac723bd7c7c9e56fa4a85
main,cotton,TGO,exp_cottonsewthread,TGO|exp_cottonsewthread,0.09738563631715104,0,0.0,2008-2012,2018-2022,a3fb8b89d0359bb60bf452519ea865bfd177f8098de9f5595ded51b18d3cbe52,9704b972d3c33904afcb818f87ccd461d988fd30910e9788031d4176df032cd0,3f504e0bc00e47e2d3674e97ef03bed09c060383c94ac723bd7c7c9e56fa4a85
main,cotton,TGO,exp_cottonyarn,TGO|exp_cottonyarn,0.07610593439964802,0,0.0,2008-2012,2018-2022,a3fb8b89d0359bb60bf452519ea865bfd177f8098de9f5595ded51b18d3cbe52,9704b972d3c33904afcb818f87ccd461d988fd30910e9788031d4176df032cd0,3f504e0bc00e47e2d3674e97ef03bed09c060383c94ac723bd7c7c9e56fa4a85
main,cotton,TJK,exp_cottonapparel_knit,TJK|exp_cottonapparel_knit,0.05403688490892924,1,114.5244,2008-2012,2018-2022,a3fb8b89d0359bb60bf452519ea865bfd177f8098de9f5595ded51b18d3cbe52,9704b972d3c33904afcb818f87ccd461d988fd30910e9788031d4176df032cd0,3f504e0bc00e47e2d3674e97ef03bed09c060383c94ac723bd7c7c9e56fa4a85
main,cotton,TJK,exp_cottonhomewares,TJK|exp_cottonhomewares,0.04988672712643711,0,0.0,2008-2012,2018-2022,a3fb8b89d0359bb60bf452519ea865bfd177f8098de9f5595ded51b18d3cbe52,9704b972d3c33904afcb818f87ccd461d988fd30910e9788031d4176df032cd0,3f504e0bc00e47e2d3674e97ef03bed09c060383c94ac723bd7c7c9e56fa4a85
main,cotton,TJK,exp_cottonsewthread,TJK|exp_cottonsewthread,0.048119797974979645,0,0.0,2008-2012,2018-2022,a3fb8b89d0359bb60bf452519ea865bfd177f8098de9f5595ded51b18d3cbe52,9704b972d3c33904afcb818f87ccd461d988fd30910e9788031d4176df032cd0,3f504e0bc00e47e2d3674e97ef03bed09c060383c94ac723bd7c7c9e56fa4a85
main,cotton,TKL,exp_cottonapparel_knit,TKL|exp_cottonapparel_knit,0.1899871171860144,1,223.172,2008-2012,2018-2022,a3fb8b89d0359bb60bf452519ea865bfd177f8098de9f5595ded51b18d3cbe52,9704b972d3c33904afcb818f87ccd461d988fd30910e9788031d4176df032cd0,3f504e0bc00e47e2d3674e97ef03bed09c060383c94ac723bd7c7c9e56fa4a85
main,cotton,TKL,exp_cottonfabric,TKL|exp_cottonfabric,0.14008162777387081,1,102.4672,2008-2012,2018-2022,a3fb8b89d0359bb60bf452519ea865bfd177f8098de9f5595ded51b18d3cbe52,9704b972d3c33904afcb818f87ccd461d988fd30910e9788031d4176df032cd0,3f504e0bc00e47e2d3674e97ef03bed09c060383c94ac723bd7c7c9e56fa4a85
main,cotton,TKL,exp_cottonknitfabric,TKL|exp_cottonknitfabric,0.15198174236641654,0,0.0,2008-2012,2018-2022,a3fb8b89d0359bb60bf452519ea865bfd177f8098de9f5595ded51b18d3cbe52,9704b972d3c33904afcb818f87ccd461d988fd30910e9788031d4176df032cd0,3f504e0bc00e47e2d3674e97ef03bed09c060383c94ac723bd7c7c9e56fa4a85
main,cotton,TKL,exp_cottonsewthread,TKL|exp_cottonsewthread,0.1580675520217494,0,0.0,2008-2012,2018-2022,a3fb8b89d0359bb60bf452519ea865bfd177f8098de9f5595ded51b18d3cbe52,9704b972d3c33904afcb818f87ccd461d988fd30910e9788031d4176df032cd0,3f504e0bc00e47e2d3674e97ef03bed09c060383c94ac723bd7c7c9e56fa4a85
main,cotton,TKM,exp_cottonsewthread,TKM|exp_cottonsewthread,0.02249940876978356,0,0.0,2008-2012,2018-2022,a3fb8b89d0359bb60bf452519ea865bfd177f8098de9f5595ded51b18d3cbe52,9704b972d3c33904afcb818f87ccd461d988fd30910e9788031d4176df032cd0,3f504e0bc00e47e2d3674e97ef03bed09c060383c94ac723bd7c7c9e56fa4a85
main,cotton,TTO,exp_cottonhomewares,TTO|exp_cottonhomewares,0.03075162568724945,0,0.0,2008-2012,2018-2022,a3fb8b89d0359bb60bf452519ea865bfd177f8098de9f5595ded51b18d3cbe52,9704b972d3c33904afcb818f87ccd461d988fd30910e9788031d4176df032cd0,3f504e0bc00e47e2d3674e97ef03bed09c060383c94ac723bd7c7c9e56fa4a85
main,cotton,TZA,exp_cottonhomewares,TZA|exp_cottonhomewares,0.13193412371133068,1,160.1396,2008-2012,2018-2022,a3fb8b89d0359bb60bf452519ea865bfd177f8098de9f5595ded51b18d3cbe52,9704b972d3c33904afcb818f87ccd461d988fd30910e9788031d4176df032cd0,3f504e0bc00e47e2d3674e97ef03bed09c060383c94ac723bd7c7c9e56fa4a85
main,cotton,UGA,exp_cottonhomewares,UGA|exp_cottonhomewares,0.13263655273693997,0,0.0,2008-2012,2018-2022,a3fb8b89d0359bb60bf452519ea865bfd177f8098de9f5595ded51b18d3cbe52,9704b972d3c33904afcb818f87ccd461d988fd30910e9788031d4176df032cd0,3f504e0bc00e47e2d3674e97ef03bed09c060383c94ac723bd7c7c9e56fa4a85
main,cotton,UGA,exp_cottonknitfabric,UGA|exp_cottonknitfabric,0.12524880324535795,0,0.0,2008-2012,2018-2022,a3fb8b89d0359bb60bf452519ea865bfd177f8098de9f5595ded51b18d3cbe52,9704b972d3c33904afcb818f87ccd461d988fd30910e9788031d4176df032cd0,3f504e0bc00e47e2d3674e97ef03bed09c060383c94ac723bd7c7c9e56fa4a85
main,cotton,UGA,exp_cottonsewthread,UGA|exp_cottonsewthread,0.15009205681350954,1,218.2046,2008-2012,2018-2022,a3fb8b89d0359bb60bf452519ea865bfd177f8098de9f5595ded51b18d3cbe52,9704b972d3c33904afcb818f87ccd461d988fd30910e9788031d4176df032cd0,3f504e0bc00e47e2d3674e97ef03bed09c060383c94ac723bd7c7c9e56fa4a85
main,cotton,UKR,exp_cottonsewthread,UKR|exp_cottonsewthread,0.17215154060664295,0,0.0,2008-2012,2018-2022,a3fb8b89d0359bb60bf452519ea865bfd177f8098de9f5595ded51b18d3cbe52,9704b972d3c33904afcb818f87ccd461d988fd30910e9788031d4176df032cd0,3f504e0bc00e47e2d3674e97ef03bed09c060383c94ac723bd7c7c9e56fa4a85
main,cotton,URY,exp_cottonsewthread,URY|exp_cottonsewthread,0.09658288529722363,0,0.0,2008-2012,2018-2022,a3fb8b89d0359bb60bf452519ea865bfd177f8098de9f5595ded51b18d3cbe52,9704b972d3c33904afcb818f87ccd461d988fd30910e9788031d4176df032cd0,3f504e0bc00e47e2d3674e97ef03bed09c060383c94ac723bd7c7c9e56fa4a85
main,cotton,UZB,exp_cottonsewthread,UZB|exp_cottonsewthread,0.07957887734326173,1,153.6558,2008-2012,2018-2022,a3fb8b89d0359bb60bf452519ea865bfd177f8098de9f5595ded51b18d3cbe52,9704b972d3c33904afcb818f87ccd461d988fd30910e9788031d4176df032cd0,3f504e0bc00e47e2d3674e97ef03bed09c060383c94ac723bd7c7c9e56fa4a85
main,cotton,VCT,exp_cottonapparel_woven,VCT|exp_cottonapparel_woven,0.05905396924631442,0,0.0,2008-2012,2018-2022,a3fb8b89d0359bb60bf452519ea865bfd177f8098de9f5595ded51b18d3cbe52,9704b972d3c33904afcb818f87ccd461d988fd30910e9788031d4176df032cd0,3f504e0bc00e47e2d3674e97ef03bed09c060383c94ac723bd7c7c9e56fa4a85
main,cotton,VCT,exp_cottonhomewares,VCT|exp_cottonhomewares,0.049280982299303625,0,0.0,2008-2012,2018-2022,a3fb8b89d0359bb60bf452519ea865bfd177f8098de9f5595ded51b18d3cbe52,9704b972d3c33904afcb818f87ccd461d988fd30910e9788031d4176df032cd0,3f504e0bc00e47e2d3674e97ef03bed09c060383c94ac723bd7c7c9e56fa4a85
main,cotton,VGB,exp_cottonapparel_knit,VGB|exp_cottonapparel_knit,0.05457907165952016,0,0.0,2008-2012,2018-2022,a3fb8b89d0359bb60bf452519ea865bfd177f8098de9f5595ded51b18d3cbe52,9704b972d3c33904afcb818f87ccd461d988fd30910e9788031d4176df032cd0,3f504e0bc00e47e2d3674e97ef03bed09c060383c94ac723bd7c7c9e56fa4a85
main,cotton,VGB,exp_cottonapparel_woven,VGB|exp_cottonapparel_woven,0.0554241533157386,0,0.0,2008-2012,2018-2022,a3fb8b89d0359bb60bf452519ea865bfd177f8098de9f5595ded51b18d3cbe52,9704b972d3c33904afcb818f87ccd461d988fd30910e9788031d4176df032cd0,3f504e0bc00e47e2d3674e97ef03bed09c060383c94ac723bd7c7c9e56fa4a85
main,cotton,VGB,exp_cottonhomewares,VGB|exp_cottonhomewares,0.0533998995781106,0,0.0,2008-2012,2018-2022,a3fb8b89d0359bb60bf452519ea865bfd177f8098de9f5595ded51b18d3cbe52,9704b972d3c33904afcb818f87ccd461d988fd30910e9788031d4176df032cd0,3f504e0bc00e47e2d3674e97ef03bed09c060383c94ac723bd7c7c9e56fa4a85
main,cotton,VGB,exp_cottonknitfabric,VGB|exp_cottonknitfabric,0.05334482394900774,0,0.0,2008-2012,2018-2022,a3fb8b89d0359bb60bf452519ea865bfd177f8098de9f5595ded51b18d3cbe52,9704b972d3c33904afcb818f87ccd461d988fd30910e9788031d4176df032cd0,3f504e0bc00e47e2d3674e97ef03bed09c060383c94ac723bd7c7c9e56fa4a85
main,cotton,VGB,exp_cottonsewthread,VGB|exp_cottonsewthread,0.05441693554305425,0,0.0,2008-2012,2018-2022,a3fb8b89d0359bb60bf452519ea865bfd177f8098de9f5595ded51b18d3cbe52,9704b972d3c33904afcb818f87ccd461d988fd30910e9788031d4176df032cd0,3f504e0bc00e47e2d3674e97ef03bed09c060383c94ac723bd7c7c9e56fa4a85
main,cotton,WSM,exp_cottonapparel_knit,WSM|exp_cottonapparel_knit,0.0835230194088965,0,0.0,2008-2012,2018-2022,a3fb8b89d0359bb60bf452519ea865bfd177f8098de9f5595ded51b18d3cbe52,9704b972d3c33904afcb818f87ccd461d988fd30910e9788031d4176df032cd0,3f504e0bc00e47e2d3674e97ef03bed09c060383c94ac723bd7c7c9e56fa4a85
main,cotton,WSM,exp_cottonapparel_woven,WSM|exp_cottonapparel_woven,0.08619853659823107,0,0.0,2008-2012,2018-2022,a3fb8b89d0359bb60bf452519ea865bfd177f8098de9f5595ded51b18d3cbe52,9704b972d3c33904afcb818f87ccd461d988fd30910e9788031d4176df032cd0,3f504e0bc00e47e2d3674e97ef03bed09c060383c94ac723bd7c7c9e56fa4a85
main,cotton,WSM,exp_cottonfabric,WSM|exp_cottonfabric,0.07938781435110939,0,0.0,2008-2012,2018-2022,a3fb8b89d0359bb60bf452519ea865bfd177f8098de9f5595ded51b18d3cbe52,9704b972d3c33904afcb818f87ccd461d988fd30910e9788031d4176df032cd0,3f504e0bc00e47e2d3674e97ef03bed09c060383c94ac723bd7c7c9e56fa4a85
main,cotton,WSM,exp_cottonhomewares,WSM|exp_cottonhomewares,0.08055385159898548,0,0.0,2008-2012,2018-2022,a3fb8b89d0359bb60bf452519ea865bfd177f8098de9f5595ded51b18d3cbe52,9704b972d3c33904afcb818f87ccd461d988fd30910e9788031d4176df032cd0,3f504e0bc00e47e2d3674e97ef03bed09c060383c94ac723bd7c7c9e56fa4a85
main,cotton,WSM,exp_cottonknitfabric,WSM|exp_cottonknitfabric,0.08198871781234296,0,0.0,2008-2012,2018-2022,a3fb8b89d0359bb60bf452519ea865bfd177f8098de9f5595ded51b18d3cbe52,9704b972d3c33904afcb818f87ccd461d988fd30910e9788031d4176df032cd0,3f504e0bc00e47e2d3674e97ef03bed09c060383c94ac723bd7c7c9e56fa4a85
main,cotton,YEM,exp_cottonapparel_knit,YEM|exp_cottonapparel_knit,0.051826375654710544,0,0.0,2008-2012,2018-2022,a3fb8b89d0359bb60bf452519ea865bfd177f8098de9f5595ded51b18d3cbe52,9704b972d3c33904afcb818f87ccd461d988fd30910e9788031d4176df032cd0,3f504e0bc00e47e2d3674e97ef03bed09c060383c94ac723bd7c7c9e56fa4a85
main,cotton,YEM,exp_cottonfabric,YEM|exp_cottonfabric,0.032211629341998414,0,0.0,2008-2012,2018-2022,a3fb8b89d0359bb60bf452519ea865bfd177f8098de9f5595ded51b18d3cbe52,9704b972d3c33904afcb818f87ccd461d988fd30910e9788031d4176df032cd0,3f504e0bc00e47e2d3674e97ef03bed09c060383c94ac723bd7c7c9e56fa4a85
main,cotton,YEM,exp_cottonhomewares,YEM|exp_cottonhomewares,0.038356295028815275,0,0.0,2008-2012,2018-2022,a3fb8b89d0359bb60bf452519ea865bfd177f8098de9f5595ded51b18d3cbe52,9704b972d3c33904afcb818f87ccd461d988fd30910e9788031d4176df032cd0,3f504e0bc00e47e2d3674e97ef03bed09c060383c94ac723bd7c7c9e56fa4a85
main,cotton,YEM,exp_cottonknitfabric,YEM|exp_cottonknitfabric,0.036223604436358636,0,0.0,2008-2012,2018-2022,a3fb8b89d0359bb60bf452519ea865bfd177f8098de9f5595ded51b18d3cbe52,9704b972d3c33904afcb818f87ccd461d988fd30910e9788031d4176df032cd0,3f504e0bc00e47e2d3674e97ef03bed09c060383c94ac723bd7c7c9e56fa4a85
main,cotton,YEM,exp_cottonsewthread,YEM|exp_cottonsewthread,0.0454640963838979,0,0.0,2008-2012,2018-2022,a3fb8b89d0359bb60bf452519ea865bfd177f8098de9f5595ded51b18d3cbe52,9704b972d3c33904afcb818f87ccd461d988fd30910e9788031d4176df032cd0,3f504e0bc00e47e2d3674e97ef03bed09c060383c94ac723bd7c7c9e56fa4a85
main,cotton,YEM,exp_cottonyarn,YEM|exp_cottonyarn,0.03265625907559645,0,0.0,2008-2012,2018-2022,a3fb8b89d0359bb60bf452519ea865bfd177f8098de9f5595ded51b18d3cbe52,9704b972d3c33904afcb818f87ccd461d988fd30910e9788031d4176df032cd0,3f504e0bc00e47e2d3674e97ef03bed09c060383c94ac723bd7c7c9e56fa4a85
main,cotton,ZMB,exp_cottonapparel_knit,ZMB|exp_cottonapparel_knit,0.05197295196391456,0,0.0,2008-2012,2018-2022,a3fb8b89d0359bb60bf452519ea865bfd177f8098de9f5595ded51b18d3cbe52,9704b972d3c33904afcb818f87ccd461d988fd30910e9788031d4176df032cd0,3f504e0bc00e47e2d3674e97ef03bed09c060383c94ac723bd7c7c9e56fa4a85
main,cotton,ZMB,exp_cottonapparel_woven,ZMB|exp_cottonapparel_woven,0.04928496113177536,0,0.0,2008-2012,2018-2022,a3fb8b89d0359bb60bf452519ea865bfd177f8098de9f5595ded51b18d3cbe52,9704b972d3c33904afcb818f87ccd461d988fd30910e9788031d4176df032cd0,3f504e0bc00e47e2d3674e97ef03bed09c060383c94ac723bd7c7c9e56fa4a85
main,cotton,ZMB,exp_cottonhomewares,ZMB|exp_cottonhomewares,0.04375038204523393,0,0.0,2008-2012,2018-2022,a3fb8b89d0359bb60bf452519ea865bfd177f8098de9f5595ded51b18d3cbe52,9704b972d3c33904afcb818f87ccd461d988fd30910e9788031d4176df032cd0,3f504e0bc00e47e2d3674e97ef03bed09c060383c94ac723bd7c7c9e56fa4a85
main,cotton,ZMB,exp_cottonknitfabric,ZMB|exp_cottonknitfabric,0.04380583681320242,0,0.0,2008-2012,2018-2022,a3fb8b89d0359bb60bf452519ea865bfd177f8098de9f5595ded51b18d3cbe52,9704b972d3c33904afcb818f87ccd461d988fd30910e9788031d4176df032cd0,3f504e0bc00e47e2d3674e97ef03bed09c060383c94ac723bd7c7c9e56fa4a85
main,cotton,ZMB,exp_cottonsewthread,ZMB|exp_cottonsewthread,0.05304048181855251,0,0.0,2008-2012,2018-2022,a3fb8b89d0359bb60bf452519ea865bfd177f8098de9f5595ded51b18d3cbe52,9704b972d3c33904afcb818f87ccd461d988fd30910e9788031d4176df032cd0,3f504e0bc00e47e2d3674e97ef03bed09c060383c94ac723bd7c7c9e56fa4a85
main,cotton,ZWE,exp_cottonapparel_knit,ZWE|exp_cottonapparel_knit,0.09094518677222078,1,111.5126,2008-2012,2018-2022,a3fb8b89d0359bb60bf452519ea865bfd177f8098de9f5595ded51b18d3cbe52,9704b972d3c33904afcb818f87ccd461d988fd30910e9788031d4176df032cd0,3f504e0bc00e47e2d3674e97ef03bed09c060383c94ac723bd7c7c9e56fa4a85
main,cotton,ZWE,exp_cottonhomewares,ZWE|exp_cottonhomewares,0.07882274914069856,0,0.0,2008-2012,2018-2022,a3fb8b89d0359bb60bf452519ea865bfd177f8098de9f5595ded51b18d3cbe52,9704b972d3c33904afcb818f87ccd461d988fd30910e9788031d4176df032cd0,3f504e0bc00e47e2d3674e97ef03bed09c060383c94ac723bd7c7c9e56fa4a85
main,cotton,ZWE,exp_cottonknitfabric,ZWE|exp_cottonknitfabric,0.07344797716494826,0,0.0,2008-2012,2018-2022,a3fb8b89d0359bb60bf452519ea865bfd177f8098de9f5595ded51b18d3cbe52,9704b972d3c33904afcb818f87ccd461d988fd30910e9788031d4176df032cd0,3f504e0bc00e47e2d3674e97ef03bed09c060383c94ac723bd7c7c9e56fa4a85
main,cotton,ZWE,exp_cottonsewthread,ZWE|exp_cottonsewthread,0.09081436965169454,0,0.0,2008-2012,2018-2022,a3fb8b89d0359bb60bf452519ea865bfd177f8098de9f5595ded51b18d3cbe52,9704b972d3c33904afcb818f87ccd461d988fd30910e9788031d4176df032cd0,3f504e0bc00e47e2d3674e97ef03bed09c060383c94ac723bd7c7c9e56fa4a85
main,aluminium,AFG,exp_semis_barrod,AFG|exp_semis_barrod,0.09243562303639692,0,0.0,2008-2012,2018-2022,13d858d19a0b7ba67369b7bf2346fa425e379e835b4ea6e83703340c719aa547,9704b972d3c33904afcb818f87ccd461d988fd30910e9788031d4176df032cd0,3f504e0bc00e47e2d3674e97ef03bed09c060383c94ac723bd7c7c9e56fa4a85
main,aluminium,AFG,exp_semis_wire,AFG|exp_semis_wire,0.08620245489272058,0,0.0,2008-2012,2018-2022,13d858d19a0b7ba67369b7bf2346fa425e379e835b4ea6e83703340c719aa547,9704b972d3c33904afcb818f87ccd461d988fd30910e9788031d4176df032cd0,3f504e0bc00e47e2d3674e97ef03bed09c060383c94ac723bd7c7c9e56fa4a85
main,aluminium,ALB,exp_semis_wire,ALB|exp_semis_wire,0.1537756966152452,0,0.0,2008-2012,2018-2022,13d858d19a0b7ba67369b7bf2346fa425e379e835b4ea6e83703340c719aa547,9704b972d3c33904afcb818f87ccd461d988fd30910e9788031d4176df032cd0,3f504e0bc00e47e2d3674e97ef03bed09c060383c94ac723bd7c7c9e56fa4a85
main,aluminium,ARG,exp_aluminium_hydroxide,ARG|exp_aluminium_hydroxide,0.13650652669297064,0,0.0,2008-2012,2018-2022,13d858d19a0b7ba67369b7bf2346fa425e379e835b4ea6e83703340c719aa547,9704b972d3c33904afcb818f87ccd461d988fd30910e9788031d4176df032cd0,3f504e0bc00e47e2d3674e97ef03bed09c060383c94ac723bd7c7c9e56fa4a85
main,aluminium,ARG,exp_aluminium_oxide,ARG|exp_aluminium_oxide,0.14405570415091076,1,117.6964,2008-2012,2018-2022,13d858d19a0b7ba67369b7bf2346fa425e379e835b4ea6e83703340c719aa547,9704b972d3c33904afcb818f87ccd461d988fd30910e9788031d4176df032cd0,3f504e0bc00e47e2d3674e97ef03bed09c060383c94ac723bd7c7c9e56fa4a85
main,aluminium,ARG,exp_corundum,ARG|exp_corundum,0.11108391020165304,0,0.0,2008-2012,2018-2022,13d858d19a0b7ba67369b7bf2346fa425e379e835b4ea6e83703340c719aa547,9704b972d3c33904afcb818f87ccd461d988fd30910e9788031d4176df032cd0,3f504e0bc00e47e2d3674e97ef03bed09c060383c94ac723bd7c7c9e56fa4a85
main,aluminium,ARM,exp_semis_barrod,ARM|exp_semis_barrod,0.09989001231485924,1,124.9314,2008-2012,2018-2022,13d858d19a0b7ba67369b7bf2346fa425e379e835b4ea6e83703340c719aa547,9704b972d3c33904afcb818f87ccd461d988fd30910e9788031d4176df032cd0,3f504e0bc00e47e2d3674e97ef03bed09c060383c94ac723bd7c7c9e56fa4a85
main,aluminium,ARM,exp_semis_tube,ARM|exp_semis_tube,0.08417900413022185,0,0.0,2008-2012,2018-2022,13d858d19a0b7ba67369b7bf2346fa425e379e835b4ea6e83703340c719aa547,9704b972d3c33904afcb818f87ccd461d988fd30910e9788031d4176df032cd0,3f504e0bc00e47e2d3674e97ef03bed09c060383c94ac723bd7c7c9e56fa4a85
main,aluminium,ARM,exp_semis_wire,ARM|exp_semis_wire,0.07991497372683949,0,0.0,2008-2012,2018-2022,13d858d19a0b7ba67369b7bf2346fa425e379e835b4ea6e83703340c719aa547,9704b972d3c33904afcb818f87ccd461d988fd30910e9788031d4176df032cd0,3f504e0bc00e47e2d3674e97ef03bed09c060383c94ac723bd7c7c9e56fa4a85
main,aluminium,ATG,exp_aluminium_hydroxide,ATG|exp_aluminium_hydroxide,0.1280942030264075,0,0.0,2008-2012,2018-2022,13d858d19a0b7ba67369b7bf2346fa425e379e835b4ea6e83703340c719aa547,9704b972d3c33904afcb818f87ccd461d988fd30910e9788031d4176df032cd0,3f504e0bc00e47e2d3674e97ef03bed09c060383c94ac723bd7c7c9e56fa4a85
main,aluminium,ATG,exp_aluminium_oxide,ATG|exp_aluminium_oxide,0.11628252601950427,0,0.0,2008-2012,2018-2022,13d858d19a0b7ba67369b7bf2346fa425e379e835b4ea6e83703340c719aa547,9704b972d3c33904afcb818f87ccd461d988fd30910e9788031d4176df032cd0,3f504e0bc00e47e2d3674e97ef03bed09c060383c94ac723bd7c7c9e56fa4a85
main,aluminium,ATG,exp_corundum,ATG|exp_corundum,0.12237606626024347,0,0.0,2008-2012,2018-2022,13d858d19a0b7ba67369b7bf2346fa425e379e835b4ea6e83703340c719aa547,9704b972d3c33904afcb818f87ccd461d988fd30910e9788031d4176df032cd0,3f504e0bc00e47e2d3674e97ef03bed09c060383c94ac723bd7c7c9e56fa4a85
main,aluminium,ATG,exp_semis_wire,ATG|exp_semis_wire,0.12784684706300398,0,0.0,2008-2012,2018-2022,13d858d19a0b7ba67369b7bf2346fa425e379e835b4ea6e83703340c719aa547,9704b972d3c33904afcb818f87ccd461d988fd30910e9788031d4176df032cd0,3f504e0bc00e47e2d3674e97ef03bed09c060383c94ac723bd7c7c9e56fa4a85
main,aluminium,ATG,exp_unwrought,ATG|exp_unwrought,0.1407247574204149,0,0.0,2008-2012,2018-2022,13d858d19a0b7ba67369b7bf2346fa425e379e835b4ea6e83703340c719aa547,9704b972d3c33904afcb818f87ccd461d988fd30910e9788031d4176df032cd0,3f504e0bc00e47e2d3674e97ef03bed09c060383c94ac723bd7c7c9e56fa4a85
main,aluminium,AUT,exp_aluminium_hydroxide,AUT|exp_aluminium_hydroxide,0.3453766230304296,0,0.0,2008-2012,2018-2022,13d858d19a0b7ba67369b7bf2346fa425e379e835b4ea6e83703340c719aa547,9704b972d3c33904afcb818f87ccd461d988fd30910e9788031d4176df032cd0,3f504e0bc00e47e2d3674e97ef03bed09c060383c94ac723bd7c7c9e56fa4a85
main,aluminium,AZE,exp_corundum,AZE|exp_corundum,0.009440396150914463,0,0.0,2008-2012,2018-2022,13d858d19a0b7ba67369b7bf2346fa425e379e835b4ea6e83703340c719aa547,9704b972d3c33904afcb818f87ccd461d988fd30910e9788031d4176df032cd0,3f504e0bc00e47e2d3674e97ef03bed09c060383c94ac723bd7c7c9e56fa4a85
main,aluminium,AZE,exp_semis_foil,AZE|exp_semis_foil,0.011400280588042317,1,761.8363999999999,2008-2012,2018-2022,13d858d19a0b7ba67369b7bf2346fa425e379e835b4ea6e83703340c719aa547,9704b972d3c33904afcb818f87ccd461d988fd30910e9788031d4176df032cd0,3f504e0bc00e47e2d3674e97ef03bed09c060383c94ac723bd7c7c9e56fa4a85
main,aluminium,AZE,exp_semis_plate,AZE|exp_semis_plate,0.013865800102827891,1,67089.415,2008-2012,2018-2022,13d858d19a0b7ba67369b7bf2346fa425e379e835b4ea6e83703340c719aa547,9704b972d3c33904afcb818f87ccd461d988fd30910e9788031d4176df032cd0,3f504e0bc00e47e2d3674e97ef03bed09c060383c94ac723bd7c7c9e56fa4a85
main,aluminium,AZE,exp_semis_tube,AZE|exp_semis_tube,0.012263654788538069,0,0.0,2008-2012,2018-2022,13d858d19a0b7ba67369b7bf2346fa425e379e835b4ea6e83703340c719aa547,9704b972d3c33904afcb818f87ccd461d988fd30910e9788031d4176df032cd0,3f504e0bc00e47e2d3674e97ef03bed09c060383c94ac723bd7c7c9e56fa4a85
main,aluminium,AZE,exp_semis_wire,AZE|exp_semis_wire,0.014483379439045313,1,642.6994,2008-2012,2018-2022,13d858d19a0b7ba67369b7bf2346fa425e379e835b4ea6e83703340c719aa547,9704b972d3c33904afcb818f87ccd461d988fd30910e9788031d4176df032cd0,3f504e0bc00e47e2d3674e97ef03bed09c060383c94ac723bd7c7c9e56fa4a85
main,aluminium,BEN,exp_semis_foil,BEN|exp_semis_foil,0.03830516542211685,0,0.0,2008-2012,2018-2022,13d858d19a0b7ba67369b7bf2346fa425e379e835b4ea6e83703340c719aa547,9704b972d3c33904afcb818f87ccd461d988fd30910e9788031d4176df032cd0,3f504e0bc00e47e2d3674e97ef03bed09c060383c94ac723bd7c7c9e56fa4a85
main,aluminium,BGR,exp_corundum,BGR|exp_corundum,0.2240320776806654,0,0.0,2008-2012,2018-2022,13d858d19a0b7ba67369b7bf2346fa425e379e835b4ea6e83703340c719aa547,9704b972d3c33904afcb818f87ccd461d988fd30910e9788031d4176df032cd0,3f504e0bc00e47e2d3674e97ef03bed09c060383c94ac723bd7c7c9e56fa4a85
main,aluminium,BHR,exp_corundum,BHR|exp_corundum,0.048851795625833146,1,26671.6244,2008-2012,2018-2022,13d858d19a0b7ba67369b7bf2346fa425e379e835b4ea6e83703340c719aa547,9704b972d3c33904afcb818f87ccd461d988fd30910e9788031d4176df032cd0,3f504e0bc00e47e2d3674e97ef03bed09c060383c94ac723bd7c7c9e56fa4a85
main,aluminium,BHS,exp_semis_barrod,BHS|exp_semis_barrod,0.0356069880653418,0,0.0,2008-2012,2018-2022,13d858d19a0b7ba67369b7bf2346fa425e379e835b4ea6e83703340c719aa547,9704b972d3c33904afcb818f87ccd461d988fd30910e9788031d4176df032cd0,3f504e0bc00e47e2d3674e97ef03bed09c060383c94ac723bd7c7c9e56fa4a85
main,aluminium,BHS,exp_semis_foil,BHS|exp_semis_foil,0.03266799557402153,0,0.0,2008-2012,2018-2022,13d858d19a0b7ba67369b7bf2346fa425e379e835b4ea6e83703340c719aa547,9704b972d3c33904afcb818f87ccd461d988fd30910e9788031d4176df032cd0,3f504e0bc00e47e2d3674e97ef03bed09c060383c94ac723bd7c7c9e56fa4a85
main,aluminium,BHS,exp_semis_plate,BHS|exp_semis_plate,0.03391782146893792,1,5710.0544,2008-2012,2018-2022,13d858d19a0b7ba67369b7bf2346fa425e379e835b4ea6e83703340c719aa547,9704b972d3c33904afcb818f87ccd461d988fd30910e9788031d4176df032cd0,3f504e0bc00e47e2d3674e97ef03bed09c060383c94ac723bd7c7c9e56fa4a85
main,aluminium,BHS,exp_semis_tube,BHS|exp_semis_tube,0.03214400918346805,0,0.0,2008-2012,2018-2022,13d858d19a0b7ba67369b7bf2346fa425e379e835b4ea6e83703340c719aa547,9704b972d3c33904afcb818f87ccd461d988fd30910e9788031d4176df032cd0,3f504e0bc00e47e2d3674e97ef03bed09c060383c94ac723bd7c7c9e56fa4a85
main,aluminium,BHS,exp_semis_wire,BHS|exp_semis_wire,0.030484954569914024,1,1016.1292,2008-2012,2018-2022,13d858d19a0b7ba67369b7bf2346fa425e379e835b4ea6e83703340c719aa547,9704b972d3c33904afcb818f87ccd461d988fd30910e9788031d4176df032cd0,3f504e0bc00e47e2d3674e97ef03bed09c060383c94ac723bd7c7c9e56fa4a85
main,aluminium,BIH,exp_corundum,BIH|exp_corundum,0.14875816734099942,1,643.134,2008-2012,2018-2022,13d858d19a0b7ba67369b7bf2346fa425e379e835b4ea6e83703340c719aa547,9704b972d3c33904afcb818f87ccd461d988fd30910e9788031d4176df032cd0,3f504e0bc00e47e2d3674e97ef03bed09c060383c94ac723bd7c7c9e56fa4a85
main,aluminium,BIH,exp_semis_foil,BIH|exp_semis_foil,0.17556649116950732,1,482.1276,2008-2012,2018-2022,13d858d19a0b7ba67369b7bf2346fa425e379e835b4ea6e83703340c719aa547,9704b972d3c33904afcb818f87ccd461d988fd30910e9788031d4176df032cd0,3f504e0bc00e47e2d3674e97ef03bed09c060383c94ac723bd7c7c9e56fa4a85
main,aluminium,BIH,exp_semis_tube,BIH|exp_semis_tube,0.17025454429522438,1,2273.8978,2008-2012,2018-2022,13d858d19a0b7ba67369b7bf2346fa425e379e835b4ea6e83703340c719aa547,9704b972d3c33904afcb818f87ccd461d988fd30910e9788031d4176df032cd0,3f504e0bc00e47e2d3674e97ef03bed09c060383c94ac723bd7c7c9e56fa4a85
main,aluminium,BLR,exp_semis_wire,BLR|exp_semis_wire,0.128325388999119,0,0.0,2008-2012,2018-2022,13d858d19a0b7ba67369b7bf2346fa425e379e835b4ea6e83703340c719aa547,9704b972d3c33904afcb818f87ccd461d988fd30910e9788031d4176df032cd0,3f504e0bc00e47e2d3674e97ef03bed09c060383c94ac723bd7c7c9e56fa4a85
main,aluminium,BLZ,exp_semis_barrod,BLZ|exp_semis_barrod,0.14246593071745106,0,0.0,2008-2012,2018-2022,13d858d19a0b7ba67369b7bf2346fa425e379e835b4ea6e83703340c719aa547,9704b972d3c33904afcb818f87ccd461d988fd30910e9788031d4176df032cd0,3f504e0bc00e47e2d3674e97ef03bed09c060383c94ac723bd7c7c9e56fa4a85
main,aluminium,BLZ,exp_semis_wire,BLZ|exp_semis_wire,0.13808714742540484,0,0.0,2008-2012,2018-2022,13d858d19a0b7ba67369b7bf2346fa425e379e835b4ea6e83703340c719aa547,9704b972d3c33904afcb818f87ccd461d988fd30910e9788031d4176df032cd0,3f504e0bc00e47e2d3674e97ef03bed09c060383c94ac723bd7c7c9e56fa4a85
main,aluminium,BOL,exp_semis_barrod,BOL|exp_semis_barrod,0.04441411914335975,0,0.0,2008-2012,2018-2022,13d858d19a0b7ba67369b7bf2346fa425e379e835b4ea6e83703340c719aa547,9704b972d3c33904afcb818f87ccd461d988fd30910e9788031d4176df032cd0,3f504e0bc00e47e2d3674e97ef03bed09c060383c94ac723bd7c7c9e56fa4a85
main,aluminium,BOL,exp_semis_foil,BOL|exp_semis_foil,0.036370454130388384,0,0.0,2008-2012,2018-2022,13d858d19a0b7ba67369b7bf2346fa425e379e835b4ea6e83703340c719aa547,9704b972d3c33904afcb818f87ccd461d988fd30910e9788031d4176df032cd0,3f504e0bc00e47e2d3674e97ef03bed09c060383c94ac723bd7c7c9e56fa4a85
main,aluminium,BOL,exp_semis_plate,BOL|exp_semis_plate,0.0425940369150572,0,0.0,2008-2012,2018-2022,13d858d19a0b7ba67369b7bf2346fa425e379e835b4ea6e83703340c719aa547,9704b972d3c33904afcb818f87ccd461d988fd30910e9788031d4176df032cd0,3f504e0bc00e47e2d3674e97ef03bed09c060383c94ac723bd7c7c9e56fa4a85
main,aluminium,BOL,exp_semis_tube,BOL|exp_semis_tube,0.038357628475746745,0,0.0,2008-2012,2018-2022,13d858d19a0b7ba67369b7bf2346fa425e379e835b4ea6e83703340c719aa547,9704b972d3c33904afcb818f87ccd461d988fd30910e9788031d4176df032cd0,3f504e0bc00e47e2d3674e97ef03bed09c060383c94ac723bd7c7c9e56fa4a85
main,aluminium,BOL,exp_semis_wire,BOL|exp_semis_wire,0.041087163419824456,0,0.0,2008-2012,2018-2022,13d858d19a0b7ba67369b7bf2346fa425e379e835b4ea6e83703340c719aa547,9704b972d3c33904afcb818f87ccd461d988fd30910e9788031d4176df032cd0,3f504e0bc00e47e2d3674e97ef03bed09c060383c94ac723bd7c7c9e56fa4a85
main,aluminium,BRB,exp_semis_foil,BRB|exp_semis_foil,0.13726015222006285,0,0.0,2008-2012,2018-2022,13d858d19a0b7ba67369b7bf2346fa425e379e835b4ea6e83703340c719aa547,9704b972d3c33904afcb818f87ccd461d988fd30910e9788031d4176df032cd0,3f504e0bc00e47e2d3674e97ef03bed09c060383c94ac723bd7c7c9e56fa4a85
main,aluminium,BRB,exp_semis_plate,BRB|exp_semis_plate,0.1412134311406733,0,0.0,2008-2012,2018-2022,13d858d19a0b7ba67369b7bf2346fa425e379e835b4ea6e83703340c719aa547,9704b972d3c33904afcb818f87ccd461d988fd30910e9788031d4176df032cd0,3f504e0bc00e47e2d3674e97ef03bed09c060383c94ac723bd7c7c9e56fa4a85
main,aluminium,BRB,exp_semis_tube,BRB|exp_semis_tube,0.1369643455361256,0,0.0,2008-2012,2018-2022,13d858d19a0b7ba67369b7bf2346fa425e379e835b4ea6e83703340c719aa547,9704b972d3c33904afcb818f87ccd461d988fd30910e9788031d4176df032cd0,3f504e0bc00e47e2d3674e97ef03bed09c060383c94ac723bd7c7c9e56fa4a85
main,aluminium,BRB,exp_semis_wire,BRB|exp_semis_wire,0.13284017282617572,0,0.0,2008-2012,2018-2022,13d858d19a0b7ba67369b7bf2346fa425e379e835b4ea6e83703340c719aa547,9704b972d3c33904afcb818f87ccd461d988fd30910e9788031d4176df032cd0,3f504e0bc00e47e2d3674e97ef03bed09c060383c94ac723bd7c7c9e56fa4a85
main,aluminium,BRN,exp_corundum,BRN|exp_corundum,0.008768834233397388,0,0.0,2008-2012,2018-2022,13d858d19a0b7ba67369b7bf2346fa425e379e835b4ea6e83703340c719aa547,9704b972d3c33904afcb818f87ccd461d988fd30910e9788031d4176df032cd0,3f504e0bc00e47e2d3674e97ef03bed09c060383c94ac723bd7c7c9e56fa4a85
main,aluminium,BRN,exp_semis_foil,BRN|exp_semis_foil,0.00978796111379423,0,0.0,2008-2012,2018-2022,13d858d19a0b7ba67369b7bf2346fa425e379e835b4ea6e83703340c719aa547,9704b972d3c33904afcb818f87ccd461d988fd30910e9788031d4176df032cd0,3f504e0bc00e47e2d3674e97ef03bed09c060383c94ac723bd7c7c9e56fa4a85
main,aluminium,BRN,exp_semis_plate,BRN|exp_semis_plate,0.011092771193140146,0,0.0,2008-2012,2018-2022,13d858d19a0b7ba67369b7bf2346fa425e379e835b4ea6e83703340c719aa547,9704b972d3c33904afcb818f87ccd461d988fd30910e9788031d4176df032cd0,3f504e0bc00e47e2d3674e97ef03bed09c060383c94ac723bd7c7c9e56fa4a85
main,aluminium,BRN,exp_semis_tube,BRN|exp_semis_tube,0.010639533036505345,0,0.0,2008-2012,2018-2022,13d858d19a0b7ba67369b7bf2346fa425e379e835b4ea6e83703340c719aa547,9704b972d3c33904afcb818f87ccd461d988fd30910e9788031d4176df032cd0,3f504e0bc00e47e2d3674e97ef03bed09c060383c94ac723bd7c7c9e56fa4a85
main,aluminium,BRN,exp_semis_wire,BRN|exp_semis_wire,0.01050325244891927,0,0.0,2008-2012,2018-2022,13d858d19a0b7ba67369b7bf2346fa425e379e835b4ea6e83703340c719aa547,9704b972d3c33904afcb818f87ccd461d988fd30910e9788031d4176df032cd0,3f504e0bc00e47e2d3674e97ef03bed09c060383c94ac723bd7c7c9e56fa4a85
main,aluminium,BRN,exp_unwrought,BRN|exp_unwrought,0.012164000503056223,0,0.0,2008-2012,2018-2022,13d858d19a0b7ba67369b7bf2346fa425e379e835b4ea6e83703340c719aa547,9704b972d3c33904afcb818f87ccd461d988fd30910e9788031d4176df032cd0,3f504e0bc00e47e2d3674e97ef03bed09c060383c94ac723bd7c7c9e56fa4a85
main,aluminium,CAF,exp_semis_foil,CAF|exp_semis_foil,0.027428331351346768,0,0.0,2008-2012,2018-2022,13d858d19a0b7ba67369b7bf2346fa425e379e835b4ea6e83703340c719aa547,9704b972d3c33904afcb818f87ccd461d988fd30910e9788031d4176df032cd0,3f504e0bc00e47e2d3674e97ef03bed09c060383c94ac723bd7c7c9e56fa4a85
main,aluminium,CMR,exp_corundum,CMR|exp_corundum,0.032132526498732016,0,0.0,2008-2012,2018-2022,13d858d19a0b7ba67369b7bf2346fa425e379e835b4ea6e83703340c719aa547,9704b972d3c33904afcb818f87ccd461d988fd30910e9788031d4176df032cd0,3f504e0bc00e47e2d3674e97ef03bed09c060383c94ac723bd7c7c9e56fa4a85
main,aluminium,CMR,exp_semis_barrod,CMR|exp_semis_barrod,0.04588088676153897,0,0.0,2008-2012,2018-2022,13d858d19a0b7ba67369b7bf2346fa425e379e835b4ea6e83703340c719aa547,9704b972d3c33904afcb818f87ccd461d988fd30910e9788031d4176df032cd0,3f504e0bc00e47e2d3674e97ef03bed09c060383c94ac723bd7c7c9e56fa4a85
main,aluminium,CMR,exp_semis_foil,CMR|exp_semis_foil,0.037396448847806345,0,0.0,2008-2012,2018-2022,13d858d19a0b7ba67369b7bf2346fa425e379e835b4ea6e83703340c719aa547,9704b972d3c33904afcb818f87ccd461d988fd30910e9788031d4176df032cd0,3f504e0bc00e47e2d3674e97ef03bed09c060383c94ac723bd7c7c9e56fa4a85
main,aluminium,CMR,exp_semis_tube,CMR|exp_semis_tube,0.03720091361770183,0,0.0,2008-2012,2018-2022,13d858d19a0b7ba67369b7bf2346fa425e379e835b4ea6e83703340c719aa547,9704b972d3c33904afcb818f87ccd461d988fd30910e9788031d4176df032cd0,3f504e0bc00e47e2d3674e97ef03bed09c060383c94ac723bd7c7c9e56fa4a85
main,aluminium,CMR,exp_semis_wire,CMR|exp_semis_wire,0.039983479236157776,0,0.0,2008-2012,2018-2022,13d858d19a0b7ba67369b7bf2346fa425e379e835b4ea6e83703340c719aa547,9704b972d3c33904afcb818f87ccd461d988fd30910e9788031d4176df032cd0,3f504e0bc00e47e2d3674e97ef03bed09c060383c94ac723bd7c7c9e56fa4a85
main,aluminium,COD,exp_semis_barrod,COD|exp_semis_barrod,0.01550930908342552,0,0.0,2008-2012,2018-2022,13d858d19a0b7ba67369b7bf2346fa425e379e835b4ea6e83703340c719aa547,9704b972d3c33904afcb818f87ccd461d988fd30910e9788031d4176df032cd0,3f504e0bc00e47e2d3674e97ef03bed09c060383c94ac723bd7c7c9e56fa4a85
main,aluminium,COD,exp_semis_tube,COD|exp_semis_tube,0.013100249753295608,0,0.0,2008-2012,2018-2022,13d858d19a0b7ba67369b7bf2346fa425e379e835b4ea6e83703340c719aa547,9704b972d3c33904afcb818f87ccd461d988fd30910e9788031d4176df032cd0,3f504e0bc00e47e2d3674e97ef03bed09c060383c94ac723bd7c7c9e56fa4a85
main,aluminium,COD,exp_semis_wire,COD|exp_semis_wire,0.014098805466978368,0,0.0,2008-2012,2018-2022,13d858d19a0b7ba67369b7bf2346fa425e379e835b4ea6e83703340c719aa547,9704b972d3c33904afcb818f87ccd461d988fd30910e9788031d4176df032cd0,3f504e0bc00e47e2d3674e97ef03bed09c060383c94ac723bd7c7c9e56fa4a85
main,aluminium,COG,exp_aluminium_hydroxide,COG|exp_aluminium_hydroxide,0.014449070720578498,0,0.0,2008-2012,2018-2022,13d858d19a0b7ba67369b7bf2346fa425e379e835b4ea6e83703340c719aa547,9704b972d3c33904afcb818f87ccd461d988fd30910e9788031d4176df032cd0,3f504e0bc00e47e2d3674e97ef03bed09c060383c94ac723bd7c7c9e56fa4a85
main,aluminium,COG,exp_aluminium_oxide,COG|exp_aluminium_oxide,0.021293767824290228,0,0.0,2008-2012,2018-2022,13d858d19a0b7ba67369b7bf2346fa425e379e835b4ea6e83703340c719aa547,9704b972d3c33904afcb818f87ccd461d988fd30910e9788031d4176df032cd0,3f504e0bc00e47e2d3674e97ef03bed09c060383c94ac723bd7c7c9e56fa4a85
main,aluminium,COG,exp_corundum,COG|exp_corundum,0.011558432932253586,0,0.0,2008-2012,2018-2022,13d858d19a0b7ba67369b7bf2346fa425e379e835b4ea6e83703340c719aa547,9704b972d3c33904afcb818f87ccd461d988fd30910e9788031d4176df032cd0,3f504e0bc00e47e2d3674e97ef03bed09c060383c94ac723bd7c7c9e56fa4a85
main,aluminium,COG,exp_semis_barrod,COG|exp_semis_barrod,0.014538408498883887,0,0.0,2008-2012,2018-2022,13d858d19a0b7ba67369b7bf2346fa425e379e835b4ea6e83703340c719aa547,9704b972d3c33904afcb818f87ccd461d988fd30910e9788031d4176df032cd0,3f504e0bc00e47e2d3674e97ef03bed09c060383c94ac723bd7c7c9e56fa4a85
main,aluminium,COG,exp_semis_foil,COG|exp_semis_foil,0.012997291344097344,0,0.0,2008-2012,2018-2022,13d858d19a0b7ba67369b7bf2346fa425e379e835b4ea6e83703340c719aa547,9704b972d3c33904afcb818f87ccd461d988fd30910e9788031d4176df032cd0,3f504e0bc00e47e2d3674e97ef03bed09c060383c94ac723bd7c7c9e56fa4a85
main,aluminium,COG,exp_semis_plate,COG|exp_semis_plate,0.01604967519135357,0,0.0,2008-2012,2018-2022,13d858d19a0b7ba67369b7bf2346fa425e379e835b4ea6e83703340c719aa547,9704b972d3c33904afcb818f87ccd461d988fd30910e9788031d4176df032cd0,3f504e0bc00e47e2d3674e97ef03bed09c060383c94ac723bd7c7c9e56fa4a85
main,aluminium,COG,exp_semis_tube,COG|exp_semis_tube,0.013831359812240533,0,0.0,2008-2012,2018-2022,13d858d19a0b7ba67369b7bf2346fa425e379e835b4ea6e83703340c719aa547,9704b972d3c33904afcb818f87ccd461d988fd30910e9788031d4176df032cd0,3f504e0bc00e47e2d3674e97ef03bed09c060383c94ac723bd7c7c9e56fa4a85
main,aluminium,COG,exp_semis_wire,COG|exp_semis_wire,0.014713157506906441,0,0.0,2008-2012,2018-2022,13d858d19a0b7ba67369b7bf2346fa425e379e835b4ea6e83703340c719aa547,9704b972d3c33904afcb818f87ccd461d988fd30910e9788031d4176df032cd0,3f504e0bc00e47e2d3674e97ef03bed09c060383c94ac723bd7c7c9e56fa4a85
main,aluminium,COG,exp_unwrought,COG|exp_unwrought,0.022364146315839703,1,1315.1582,2008-2012,2018-2022,13d858d19a0b7ba67369b7bf2346fa425e379e835b4ea6e83703340c719aa547,9704b972d3c33904afcb818f87ccd461d988fd30910e9788031d4176df032cd0,3f504e0bc00e47e2d3674e97ef03bed09c060383c94ac723bd7c7c9e56fa4a85
main,aluminium,COL,exp_aluminium_hydroxide,COL|exp_aluminium_hydroxide,0.10029773028950328,0,0.0,2008-2012,2018-2022,13d858d19a0b7ba67369b7bf2346fa425e379e835b4ea6e83703340c719aa547,9704b972d3c33904afcb818f87ccd461d988fd30910e9788031d4176df032cd0,3f504e0bc00e47e2d3674e97ef03bed09c060383c94ac723bd7c7c9e56fa4a85
main,aluminium,COL,exp_aluminium_oxide,COL|exp_aluminium_oxide,0.11068636957926156,0,0.0,2008-2012,2018-2022,13d858d19a0b7ba67369b7bf2346fa425e379e835b4ea6e83703340c719aa547,9704b972d3c33904afcb818f87ccd461d988fd30910e9788031d4176df032cd0,3f504e0bc00e47e2d3674e97ef03bed09c060383c94ac723bd7c7c9e56fa4a85
main,aluminium,COL,exp_corundum,COL|exp_corundum,0.08851730742707127,0,0.0,2008-2012,2018-2022,13d858d19a0b7ba67369b7bf2346fa425e379e835b4ea6e83703340c719aa547,9704b972d3c33904afcb818f87ccd461d988fd30910e9788031d4176df032cd0,3f504e0bc00e47e2d3674e97ef03bed09c060383c94ac723bd7c7c9e56fa4a85
main,aluminium,CRI,exp_semis_wire,CRI|exp_semis_wire,0.0958303257282526,1,590.3245999999999,2008-2012,2018-2022,13d858d19a0b7ba67369b7bf2346fa425e379e835b4ea6e83703340c719aa547,9704b972d3c33904afcb818f87ccd461d988fd30910e9788031d4176df032cd0,3f504e0bc00e47e2d3674e97ef03bed09c060383c94ac723bd7c7c9e56fa4a85
main,aluminium,CUB,exp_semis_foil,CUB|exp_semis_foil,0.03317788762508988,0,0.0,2008-2012,2018-2022,13d858d19a0b7ba67369b7bf2346fa425e379e835b4ea6e83703340c719aa547,9704b972d3c33904afcb818f87ccd461d988fd30910e9788031d4176df032cd0,3f504e0bc00e47e2d3674e97ef03bed09c060383c94ac723bd7c7c9e56fa4a85
main,aluminium,CUB,exp_semis_plate,CUB|exp_semis_plate,0.03523542164171791,0,0.0,2008-2012,2018-2022,13d858d19a0b7ba67369b7bf2346fa425e379e835b4ea6e83703340c719aa547,9704b972d3c33904afcb818f87ccd461d988fd30910e9788031d4176df032cd0,3f504e0bc00e47e2d3674e97ef03bed09c060383c94ac723bd7c7c9e56fa4a85
main,aluminium,CUB,exp_semis_tube,CUB|exp_semis_tube,0.031984158219333834,0,0.0,2008-2012,2018-2022,13d858d19a0b7ba67369b7bf2346fa425e379e835b4ea6e83703340c719aa547,9704b972d3c33904afcb818f87ccd461d988fd30910e9788031d4176df032cd0,3f504e0bc00e47e2d3674e97ef03bed09c060383c94ac723bd7c7c9e56fa4a85
main,aluminium,CUB,exp_semis_wire,CUB|exp_semis_wire,0.03335385659131558,0,0.0,2008-2012,2018-2022,13d858d19a0b7ba67369b7bf2346fa425e379e835b4ea6e83703340c719aa547,9704b972d3c33904afcb818f87ccd461d988fd30910e9788031d4176df032cd0,3f504e0bc00e47e2d3674e97ef03bed09c060383c94ac723bd7c7c9e56fa4a85
main,aluminium,CUW,exp_semis_barrod,CUW|exp_semis_barrod,0.02053482092423893,0,0.0,2008-2012,2018-2022,13d858d19a0b7ba67369b7bf2346fa425e379e835b4ea6e83703340c719aa547,9704b972d3c33904afcb818f87ccd461d988fd30910e9788031d4176df032cd0,3f504e0bc00e47e2d3674e97ef03bed09c060383c94ac723bd7c7c9e56fa4a85
main,aluminium,CUW,exp_semis_foil,CUW|exp_semis_foil,0.016713524899748713,0,0.0,2008-2012,2018-2022,13d858d19a0b7ba67369b7bf2346fa425e379e835b4ea6e83703340c719aa547,9704b972d3c33904afcb818f87ccd461d988fd30910e9788031d4176df032cd0,3f504e0bc00e47e2d3674e97ef03bed09c060383c94ac723bd7c7c9e56fa4a85
main,aluminium,CUW,exp_semis_plate,CUW|exp_semis_plate,0.019310840334782982,0,0.0,2008-2012,2018-2022,13d858d19a0b7ba67369b7bf2346fa425e379e835b4ea6e83703340c719aa547,9704b972d3c33904afcb818f87ccd461d988fd30910e9788031d4176df032cd0,3f504e0bc00e47e2d3674e97ef03bed09c060383c94ac723bd7c7c9e56fa4a85
main,aluminium,CUW,exp_semis_tube,CUW|exp_semis_tube,0.017293738924595722,0,0.0,2008-2012,2018-2022,13d858d19a0b7ba67369b7bf2346fa425e379e835b4ea6e83703340c719aa547,9704b972d3c33904afcb818f87ccd461d988fd30910e9788031d4176df032cd0,3f504e0bc00e47e2d3674e97ef03bed09c060383c94ac723bd7c7c9e56fa4a85
main,aluminium,CUW,exp_semis_wire,CUW|exp_semis_wire,0.01770843841857291,0,0.0,2008-2012,2018-2022,13d858d19a0b7ba67369b7bf2346fa425e379e835b4ea6e83703340c719aa547,9704b972d3c33904afcb818f87ccd461d988fd30910e9788031d4176df032cd0,3f504e0bc00e47e2d3674e97ef03bed09c060383c94ac723bd7c7c9e56fa4a85
main,aluminium,CYP,exp_corundum,CYP|exp_corundum,0.13984174799428292,0,0.0,2008-2012,2018-2022,13d858d19a0b7ba67369b7bf2346fa425e379e835b4ea6e83703340c719aa547,9704b972d3c33904afcb818f87ccd461d988fd30910e9788031d4176df032cd0,3f504e0bc00e47e2d3674e97ef03bed09c060383c94ac723bd7c7c9e56fa4a85
main,aluminium,CYP,exp_semis_foil,CYP|exp_semis_foil,0.16169525789323033,1,3252.2582,2008-2012,2018-2022,13d858d19a0b7ba67369b7bf2346fa425e379e835b4ea6e83703340c719aa547,9704b972d3c33904afcb818f87ccd461d988fd30910e9788031d4176df032cd0,3f504e0bc00e47e2d3674e97ef03bed09c060383c94ac723bd7c7c9e56fa4a85
main,aluminium,CYP,exp_semis_tube,CYP|exp_semis_tube,0.15142538002204192,0,0.0,2008-2012,2018-2022,13d858d19a0b7ba67369b7bf2346fa425e379e835b4ea6e83703340c719aa547,9704b972d3c33904afcb818f87ccd461d988fd30910e9788031d4176df032cd0,3f504e0bc00e47e2d3674e97ef03bed09c060383c94ac723bd7c7c9e56fa4a85
main,aluminium,CYP,exp_semis_wire,CYP|exp_semis_wire,0.15499054484109395,1,135.09300000000002,2008-2012,2018-2022,13d858d19a0b7ba67369b7bf2346fa425e379e835b4ea6e83703340c719aa547,9704b972d3c33904afcb818f87ccd461d988fd30910e9788031d4176df032cd0,3f504e0bc00e47e2d3674e97ef03bed09c060383c94ac723bd7c7c9e56fa4a85
main,aluminium,DNK,exp_corundum,DNK|exp_corundum,0.2526994210912526,0,0.0,2008-2012,2018-2022,13d858d19a0b7ba67369b7bf2346fa425e379e835b4ea6e83703340c719aa547,9704b972d3c33904afcb818f87ccd461d988fd30910e9788031d4176df032cd0,3f504e0bc00e47e2d3674e97ef03bed09c060383c94ac723bd7c7c9e56fa4a85
main,aluminium,DOM,exp_aluminium_hydroxide,DOM|exp_aluminium_hydroxide,0.11879652134263931,0,0.0,2008-2012,2018-2022,13d858d19a0b7ba67369b7bf2346fa425e379e835b4ea6e83703340c719aa547,9704b972d3c33904afcb818f87ccd461d988fd30910e9788031d4176df032cd0,3f504e0bc00e47e2d3674e97ef03bed09c060383c94ac723bd7c7c9e56fa4a85
main,aluminium,DOM,exp_aluminium_oxide,DOM|exp_aluminium_oxide,0.12050093666063633,0,0.0,2008-2012,2018-2022,13d858d19a0b7ba67369b7bf2346fa425e379e835b4ea6e83703340c719aa547,9704b972d3c33904afcb818f87ccd461d988fd30910e9788031d4176df032cd0,3f504e0bc00e47e2d3674e97ef03bed09c060383c94ac723bd7c7c9e56fa4a85
main,aluminium,DOM,exp_corundum,DOM|exp_corundum,0.09992122286002697,0,0.0,2008-2012,2018-2022,13d858d19a0b7ba67369b7bf2346fa425e379e835b4ea6e83703340c719aa547,9704b972d3c33904afcb818f87ccd461d988fd30910e9788031d4176df032cd0,3f504e0bc00e47e2d3674e97ef03bed09c060383c94ac723bd7c7c9e56fa4a85
main,aluminium,DOM,exp_semis_plate,DOM|exp_semis_plate,0.1424344348080557,1,300.2754,2008-2012,2018-2022,13d858d19a0b7ba67369b7bf2346fa425e379e835b4ea6e83703340c719aa547,9704b972d3c33904afcb818f87ccd461d988fd30910e9788031d4176df032cd0,3f504e0bc00e47e2d3674e97ef03bed09c060383c94ac723bd7c7c9e56fa4a85
main,aluminium,DOM,exp_semis_tube,DOM|exp_semis_tube,0.129835746395172,1,1975.049,2008-2012,2018-2022,13d858d19a0b7ba67369b7bf2346fa425e379e835b4ea6e83703340c719aa547,9704b972d3c33904afcb818f87ccd461d988fd30910e9788031d4176df032cd0,3f504e0bc00e47e2d3674e97ef03bed09c060383c94ac723bd7c7c9e56fa4a85
main,aluminium,DOM,exp_semis_wire,DOM|exp_semis_wire,0.12640724411078097,0,0.0,2008-2012,2018-2022,13d858d19a0b7ba67369b7bf2346fa425e379e835b4ea6e83703340c719aa547,9704b972d3c33904afcb818f87ccd461d988fd30910e9788031d4176df032cd0,3f504e0bc00e47e2d3674e97ef03bed09c060383c94ac723bd7c7c9e56fa4a85
main,aluminium,DOM,exp_unwrought,DOM|exp_unwrought,0.14905507994042488,1,131.2972,2008-2012,2018-2022,13d858d19a0b7ba67369b7bf2346fa425e379e835b4ea6e83703340c719aa547,9704b972d3c33904afcb818f87ccd461d988fd30910e9788031d4176df032cd0,3f504e0bc00e47e2d3674e97ef03bed09c060383c94ac723bd7c7c9e56fa4a85
main,aluminium,DZA,exp_corundum,DZA|exp_corundum,0.0060627833263699376,0,0.0,2008-2012,2018-2022,13d858d19a0b7ba67369b7bf2346fa425e379e835b4ea6e83703340c719aa547,9704b972d3c33904afcb818f87ccd461d988fd30910e9788031d4176df032cd0,3f504e0bc00e47e2d3674e97ef03bed09c060383c94ac723bd7c7c9e56fa4a85
main,aluminium,DZA,exp_semis_barrod,DZA|exp_semis_barrod,0.010717824602134508,1,359.59880000000004,2008-2012,2018-2022,13d858d19a0b7ba67369b7bf2346fa425e379e835b4ea6e83703340c719aa547,9704b972d3c33904afcb818f87ccd461d988fd30910e9788031d4176df032cd0,3f504e0bc00e47e2d3674e97ef03bed09c060383c94ac723bd7c7c9e56fa4a85
main,aluminium,DZA,exp_semis_foil,DZA|exp_semis_foil,0.007947424425993504,0,0.0,2008-2012,2018-2022,13d858d19a0b7ba67369b7bf2346fa425e379e835b4ea6e83703340c719aa547,9704b972d3c33904afcb818f87ccd461d988fd30910e9788031d4176df032cd0,3f504e0bc00e47e2d3674e97ef03bed09c060383c94ac723bd7c7c9e56fa4a85
main,aluminium,DZA,exp_semis_tube,DZA|exp_semis_tube,0.008273223333320845,1,262.3428,2008-2012,2018-2022,13d858d19a0b7ba67369b7bf2346fa425e379e835b4ea6e83703340c719aa547,9704b972d3c33904afcb818f87ccd461d988fd30910e9788031d4176df032cd0,3f504e0bc00e47e2d3674e97ef03bed09c060383c94ac723bd7c7c9e56fa4a85
main,aluminium,DZA,exp_semis_wire,DZA|exp_semis_wire,0.010555812797358668,0,0.0,2008-2012,2018-2022,13d858d19a0b7ba67369b7bf2346fa425e379e835b4ea6e83703340c719aa547,9704b972d3c33904afcb818f87ccd461d988fd30910e9788031d4176df032cd0,3f504e0bc00e47e2d3674e97ef03bed09c060383c94ac723bd7c7c9e56fa4a85
main,aluminium,EGY,exp_corundum,EGY|exp_corundum,0.1459062069469437,0,0.0,2008-2012,2018-2022,13d858d19a0b7ba67369b7bf2346fa425e379e835b4ea6e83703340c719aa547,9704b972d3c33904afcb818f87ccd461d988fd30910e9788031d4176df032cd0,3f504e0bc00e47e2d3674e97ef03bed09c060383c94ac723bd7c7c9e56fa4a85
main,aluminium,EST,exp_aluminium_hydroxide,EST|exp_aluminium_hydroxide,0.22680078106044005,0,0.0,2008-2012,2018-2022,13d858d19a0b7ba67369b7bf2346fa425e379e835b4ea6e83703340c719aa547,9704b972d3c33904afcb818f87ccd461d988fd30910e9788031d4176df032cd0,3f504e0bc00e47e2d3674e97ef03bed09c060383c94ac723bd7c7c9e56fa4a85
main,aluminium,EST,exp_aluminium_oxide,EST|exp_aluminium_oxide,0.20517942638049352,0,0.0,2008-2012,2018-2022,13d858d19a0b7ba67369b7bf2346fa425e379e835b4ea6e83703340c719aa547,9704b972d3c33904afcb818f87ccd461d988fd30910e9788031d4176df032cd0,3f504e0bc00e47e2d3674e97ef03bed09c060383c94ac723bd7c7c9e56fa4a85
main,aluminium,EST,exp_corundum,EST|exp_corundum,0.19928593708277315,0,0.0,2008-2012,2018-2022,13d858d19a0b7ba67369b7bf2346fa425e379e835b4ea6e83703340c719aa547,9704b972d3c33904afcb818f87ccd461d988fd30910e9788031d4176df032cd0,3f504e0bc00e47e2d3674e97ef03bed09c060383c94ac723bd7c7c9e56fa4a85
main,aluminium,ETH,exp_semis_barrod,ETH|exp_semis_barrod,0.1012933322003154,1,176.0452,2008-2012,2018-2022,13d858d19a0b7ba67369b7bf2346fa425e379e835b4ea6e83703340c719aa547,9704b972d3c33904afcb818f87ccd461d988fd30910e9788031d4176df032cd0,3f504e0bc00e47e2d3674e97ef03bed09c060383c94ac723bd7c7c9e56fa4a85
main,aluminium,ETH,exp_semis_foil,ETH|exp_semis_foil,0.07436582258405258,0,0.0,2008-2012,2018-2022,13d858d19a0b7ba67369b7bf2346fa425e379e835b4ea6e83703340c719aa547,9704b972d3c33904afcb818f87ccd461d988fd30910e9788031d4176df032cd0,3f504e0bc00e47e2d3674e97ef03bed09c060383c94ac723bd7c7c9e56fa4a85
main,aluminium,ETH,exp_semis_tube,ETH|exp_semis_tube,0.07974714801920209,1,254.7312,2008-2012,2018-2022,13d858d19a0b7ba67369b7bf2346fa425e379e835b4ea6e83703340c719aa547,9704b972d3c33904afcb818f87ccd461d988fd30910e9788031d4176df032cd0,3f504e0bc00e47e2d3674e97ef03bed09c060383c94ac723bd7c7c9e56fa4a85
main,aluminium,ETH,exp_semis_wire,ETH|exp_semis_wire,0.08134270200895417,0,0.0,2008-2012,2018-2022,13d858d19a0b7ba67369b7bf2346fa425e379e835b4ea6e83703340c719aa547,9704b972d3c33904afcb818f87ccd461d988fd30910e9788031d4176df032cd0,3f504e0bc00e47e2d3674e97ef03bed09c060383c94ac723bd7c7c9e56fa4a85
main,aluminium,FIN,exp_aluminium_oxide,FIN|exp_aluminium_oxide,0.17284401029841728,1,195.411,2008-2012,2018-2022,13d858d19a0b7ba67369b7bf2346fa425e379e835b4ea6e83703340c719aa547,9704b972d3c33904afcb818f87ccd461d988fd30910e9788031d4176df032cd0,3f504e0bc00e47e2d3674e97ef03bed09c060383c94ac723bd7c7c9e56fa4a85
main,aluminium,FIN,exp_corundum,FIN|exp_corundum,0.17850400812688044,0,0.0,2008-2012,2018-2022,13d858d19a0b7ba67369b7bf2346fa425e379e835b4ea6e83703340c719aa547,9704b972d3c33904afcb818f87ccd461d988fd30910e9788031d4176df032cd0,3f504e0bc00e47e2d3674e97ef03bed09c060383c94ac723bd7c7c9e56fa4a85
main,aluminium,FJI,exp_aluminium_hydroxide,FJI|exp_aluminium_hydroxide,0.11199535691708191,0,0.0,2008-2012,2018-2022,13d858d19a0b7ba67369b7bf2346fa425e379e835b4ea6e83703340c719aa547,9704b972d3c33904afcb818f87ccd461d988fd30910e9788031d4176df032cd0,3f504e0bc00e47e2d3674e97ef03bed09c060383c94ac723bd7c7c9e56fa4a85
main,aluminium,FJI,exp_aluminium_oxide,FJI|exp_aluminium_oxide,0.1205551802764827,0,0.0,2008-2012,2018-2022,13d858d19a0b7ba67369b7bf2346fa425e379e835b4ea6e83703340c719aa547,9704b972d3c33904afcb818f87ccd461d988fd30910e9788031d4176df032cd0,3f504e0bc00e47e2d3674e97ef03bed09c060383c94ac723bd7c7c9e56fa4a85
main,aluminium,FJI,exp_corundum,FJI|exp_corundum,0.08881453548320464,0,0.0,2008-2012,2018-2022,13d858d19a0b7ba67369b7bf2346fa425e379e835b4ea6e83703340c719aa547,9704b972d3c33904afcb818f87ccd461d988fd30910e9788031d4176df032cd0,3f504e0bc00e47e2d3674e97ef03bed09c060383c94ac723bd7c7c9e56fa4a85
main,aluminium,FJI,exp_semis_foil,FJI|exp_semis_foil,0.11578519061525333,0,0.0,2008-2012,2018-2022,13d858d19a0b7ba67369b7bf2346fa425e379e835b4ea6e83703340c719aa547,9704b972d3c33904afcb818f87ccd461d988fd30910e9788031d4176df032cd0,3f504e0bc00e47e2d3674e97ef03bed09c060383c94ac723bd7c7c9e56fa4a85
main,aluminium,FJI,exp_semis_plate,FJI|exp_semis_plate,0.13556725054588345,0,0.0,2008-2012,2018-2022,13d858d19a0b7ba67369b7bf2346fa425e379e835b4ea6e83703340c719aa547,9704b972d3c33904afcb818f87ccd461d988fd30910e9788031d4176df032cd0,3f504e0bc00e47e2d3674e97ef03bed09c060383c94ac723bd7c7c9e56fa4a85
main,aluminium,FJI,exp_semis_tube,FJI|exp_semis_tube,0.12050741502218905,0,0.0,2008-2012,2018-2022,13d858d19a0b7ba67369b7bf2346fa425e379e835b4ea6e83703340c719aa547,9704b972d3c33904afcb818f87ccd461d988fd30910e9788031d4176df032cd0,3f504e0bc00e47e2d3674e97ef03bed09c060383c94ac723bd7c7c9e56fa4a85
main,aluminium,FJI,exp_semis_wire,FJI|exp_semis_wire,0.12329545008968931,0,0.0,2008-2012,2018-2022,13d858d19a0b7ba67369b7bf2346fa425e379e835b4ea6e83703340c719aa547,9704b972d3c33904afcb818f87ccd461d988fd30910e9788031d4176df032cd0,3f504e0bc00e47e2d3674e97ef03bed09c060383c94ac723bd7c7c9e56fa4a85
main,aluminium,FJI,exp_unwrought,FJI|exp_unwrought,0.1484561702463364,0,0.0,2008-2012,2018-2022,13d858d19a0b7ba67369b7bf2346fa425e379e835b4ea6e83703340c719aa547,9704b972d3c33904afcb818f87ccd461d988fd30910e9788031d4176df032cd0,3f504e0bc00e47e2d3674e97ef03bed09c060383c94ac723bd7c7c9e56fa4a85
main,aluminium,GAB,exp_aluminium_hydroxide,GAB|exp_aluminium_hydroxide,0.009301605940570501,0,0.0,2008-2012,2018-2022,13d858d19a0b7ba67369b7bf2346fa425e379e835b4ea6e83703340c719aa547,9704b972d3c33904afcb818f87ccd461d988fd30910e9788031d4176df032cd0,3f504e0bc00e47e2d3674e97ef03bed09c060383c94ac723bd7c7c9e56fa4a85
main,aluminium,GAB,exp_aluminium_oxide,GAB|exp_aluminium_oxide,0.012873935323383897,0,0.0,2008-2012,2018-2022,13d858d19a0b7ba67369b7bf2346fa425e379e835b4ea6e83703340c719aa547,9704b972d3c33904afcb818f87ccd461d988fd30910e9788031d4176df032cd0,3f504e0bc00e47e2d3674e97ef03bed09c060383c94ac723bd7c7c9e56fa4a85
main,aluminium,GAB,exp_corundum,GAB|exp_corundum,0.007770378005604073,0,0.0,2008-2012,2018-2022,13d858d19a0b7ba67369b7bf2346fa425e379e835b4ea6e83703340c719aa547,9704b972d3c33904afcb818f87ccd461d988fd30910e9788031d4176df032cd0,3f504e0bc00e47e2d3674e97ef03bed09c060383c94ac723bd7c7c9e56fa4a85
main,aluminium,GAB,exp_semis_barrod,GAB|exp_semis_barrod,0.010468304754069985,0,0.0,2008-2012,2018-2022,13d858d19a0b7ba67369b7bf2346fa425e379e835b4ea6e83703340c719aa547,9704b972d3c33904afcb818f87ccd461d988fd30910e9788031d4176df032cd0,3f504e0bc00e47e2d3674e97ef03bed09c060383c94ac723bd7c7c9e56fa4a85
main,aluminium,GAB,exp_semis_foil,GAB|exp_semis_foil,0.009473247411691494,0,0.0,2008-2012,2018-2022,13d858d19a0b7ba67369b7bf2346fa425e379e835b4ea6e83703340c719aa547,9704b972d3c33904afcb818f87ccd461d988fd30910e9788031d4176df032cd0,3f504e0bc00e47e2d3674e97ef03bed09c060383c94ac723bd7c7c9e56fa4a85
main,aluminium,GAB,exp_semis_plate,GAB|exp_semis_plate,0.011108829768687212,0,0.0,2008-2012,2018-2022,13d858d19a0b7ba67369b7bf2346fa425e379e835b4ea6e83703340c719aa547,9704b972d3c33904afcb818f87ccd461d988fd30910e9788031d4176df032cd0,3f504e0bc00e47e2d3674e97ef03bed09c060383c94ac723bd7c7c9e56fa4a85
main,aluminium,GAB,exp_semis_tube,GAB|exp_semis_tube,0.009538041949692606,0,0.0,2008-2012,2018-2022,13d858d19a0b7ba67369b7bf2346fa425e379e835b4ea6e83703340c719aa547,9704b972d3c33904afcb818f87ccd461d988fd30910e9788031d4176df032cd0,3f504e0bc00e47e2d3674e97ef03bed09c060383c94ac723bd7c7c9e56fa4a85
main,aluminium,GAB,exp_semis_wire,GAB|exp_semis_wire,0.010404509497757158,0,0.0,2008-2012,2018-2022,13d858d19a0b7ba67369b7bf2346fa425e379e835b4ea6e83703340c719aa547,9704b972d3c33904afcb818f87ccd461d988fd30910e9788031d4176df032cd0,3f504e0bc00e47e2d3674e97ef03bed09c060383c94ac723bd7c7c9e56fa4a85
main,aluminium,GAB,exp_unwrought,GAB|exp_unwrought,0.015311585009930313,1,2595.8184,2008-2012,2018-2022,13d858d19a0b7ba67369b7bf2346fa425e379e835b4ea6e83703340c719aa547,9704b972d3c33904afcb818f87ccd461d988fd30910e9788031d4176df032cd0,3f504e0bc00e47e2d3674e97ef03bed09c060383c94ac723bd7c7c9e56fa4a85
main,aluminium,GEO,exp_semis_foil,GEO|exp_semis_foil,0.08089489635068596,1,712.2564,2008-2012,2018-2022,13d858d19a0b7ba67369b7bf2346fa425e379e835b4ea6e83703340c719aa547,9704b972d3c33904afcb818f87ccd461d988fd30910e9788031d4176df032cd0,3f504e0bc00e47e2d3674e97ef03bed09c060383c94ac723bd7c7c9e56fa4a85
main,aluminium,GEO,exp_semis_plate,GEO|exp_semis_plate,0.08722708050632356,1,1946.273,2008-2012,2018-2022,13d858d19a0b7ba67369b7bf2346fa425e379e835b4ea6e83703340c719aa547,9704b972d3c33904afcb818f87ccd461d988fd30910e9788031d4176df032cd0,3f504e0bc00e47e2d3674e97ef03bed09c060383c94ac723bd7c7c9e56fa4a85
main,aluminium,GEO,exp_semis_tube,GEO|exp_semis_tube,0.07851771597065943,0,0.0,2008-2012,2018-2022,13d858d19a0b7ba67369b7bf2346fa425e379e835b4ea6e83703340c719aa547,9704b972d3c33904afcb818f87ccd461d988fd30910e9788031d4176df032cd0,3f504e0bc00e47e2d3674e97ef03bed09c060383c94ac723bd7c7c9e56fa4a85
main,aluminium,GEO,exp_semis_wire,GEO|exp_semis_wire,0.07813148682115569,0,0.0,2008-2012,2018-2022,13d858d19a0b7ba67369b7bf2346fa425e379e835b4ea6e83703340c719aa547,9704b972d3c33904afcb818f87ccd461d988fd30910e9788031d4176df032cd0,3f504e0bc00e47e2d3674e97ef03bed09c060383c94ac723bd7c7c9e56fa4a85
main,aluminium,GHA,exp_aluminium_hydroxide,GHA|exp_aluminium_hydroxide,0.04992365071524851,0,0.0,2008-2012,2018-2022,13d858d19a0b7ba67369b7bf2346fa425e379e835b4ea6e83703340c719aa547,9704b972d3c33904afcb818f87ccd461d988fd30910e9788031d4176df032cd0,3f504e0bc00e47e2d3674e97ef03bed09c060383c94ac723bd7c7c9e56fa4a85
main,aluminium,GHA,exp_aluminium_oxide,GHA|exp_aluminium_oxide,0.06606295662397955,0,0.0,2008-2012,2018-2022,13d858d19a0b7ba67369b7bf2346fa425e379e835b4ea6e83703340c719aa547,9704b972d3c33904afcb818f87ccd461d988fd30910e9788031d4176df032cd0,3f504e0bc00e47e2d3674e97ef03bed09c060383c94ac723bd7c7c9e56fa4a85
main,aluminium,GHA,exp_corundum,GHA|exp_corundum,0.03711721907908225,0,0.0,2008-2012,2018-2022,13d858d19a0b7ba67369b7bf2346fa425e379e835b4ea6e83703340c719aa547,9704b972d3c33904afcb818f87ccd461d988fd30910e9788031d4176df032cd0,3f504e0bc00e47e2d3674e97ef03bed09c060383c94ac723bd7c7c9e56fa4a85
main,aluminium,GHA,exp_semis_foil,GHA|exp_semis_foil,0.04618115254490115,0,0.0,2008-2012,2018-2022,13d858d19a0b7ba67369b7bf2346fa425e379e835b4ea6e83703340c719aa547,9704b972d3c33904afcb818f87ccd461d988fd30910e9788031d4176df032cd0,3f504e0bc00e47e2d3674e97ef03bed09c060383c94ac723bd7c7c9e56fa4a85
main,aluminium,GHA,exp_semis_tube,GHA|exp_semis_tube,0.04531993536161271,0,0.0,2008-2012,2018-2022,13d858d19a0b7ba67369b7bf2346fa425e379e835b4ea6e83703340c719aa547,9704b972d3c33904afcb818f87ccd461d988fd30910e9788031d4176df032cd0,3f504e0bc00e47e2d3674e97ef03bed09c060383c94ac723bd7c7c9e56fa4a85
main,aluminium,GIN,exp_corundum,GIN|exp_corundum,0.012249280471015119,0,0.0,2008-2012,2018-2022,13d858d19a0b7ba67369b7bf2346fa425e379e835b4ea6e83703340c719aa547,9704b972d3c33904afcb818f87ccd461d988fd30910e9788031d4176df032cd0,3f504e0bc00e47e2d3674e97ef03bed09c060383c94ac723bd7c7c9e56fa4a85
main,aluminium,GIN,exp_semis_barrod,GIN|exp_semis_barrod,0.01787767733829733,1,173.6768,2008-2012,2018-2022,13d858d19a0b7ba67369b7bf2346fa425e379e835b4ea6e83703340c719aa547,9704b972d3c33904afcb818f87ccd461d988fd30910e9788031d4176df032cd0,3f504e0bc00e47e2d3674e97ef03bed09c060383c94ac723bd7c7c9e56fa4a85
main,aluminium,GIN,exp_semis_foil,GIN|exp_semis_foil,0.014604232279100663,0,0.0,2008-2012,2018-2022,13d858d19a0b7ba67369b7bf2346fa425e379e835b4ea6e83703340c719aa547,9704b972d3c33904afcb818f87ccd461d988fd30910e9788031d4176df032cd0,3f504e0bc00e47e2d3674e97ef03bed09c060383c94ac723bd7c7c9e56fa4a85
main,aluminium,GIN,exp_semis_plate,GIN|exp_semis_plate,0.0182218206084902,0,0.0,2008-2012,2018-2022,13d858d19a0b7ba67369b7bf2346fa425e379e835b4ea6e83703340c719aa547,9704b972d3c33904afcb818f87ccd461d988fd30910e9788031d4176df032cd0,3f504e0bc00e47e2d3674e97ef03bed09c060383c94ac723bd7c7c9e56fa4a85
main,aluminium,GIN,exp_semis_tube,GIN|exp_semis_tube,0.014351092683871044,0,0.0,2008-2012,2018-2022,13d858d19a0b7ba67369b7bf2346fa425e379e835b4ea6e83703340c719aa547,9704b972d3c33904afcb818f87ccd461d988fd30910e9788031d4176df032cd0,3f504e0bc00e47e2d3674e97ef03bed09c060383c94ac723bd7c7c9e56fa4a85
main,aluminium,GIN,exp_semis_wire,GIN|exp_semis_wire,0.015784908889916717,0,0.0,2008-2012,2018-2022,13d858d19a0b7ba67369b7bf2346fa425e379e835b4ea6e83703340c719aa547,9704b972d3c33904afcb818f87ccd461d988fd30910e9788031d4176df032cd0,3f504e0bc00e47e2d3674e97ef03bed09c060383c94ac723bd7c7c9e56fa4a85
main,aluminium,GNQ,exp_aluminium_hydroxide,GNQ|exp_aluminium_hydroxide,0.002295446134085378,0,0.0,2008-2012,2018-2022,13d858d19a0b7ba67369b7bf2346fa425e379e835b4ea6e83703340c719aa547,9704b972d3c33904afcb818f87ccd461d988fd30910e9788031d4176df032cd0,3f504e0bc00e47e2d3674e97ef03bed09c060383c94ac723bd7c7c9e56fa4a85
main,aluminium,GNQ,exp_aluminium_oxide,GNQ|exp_aluminium_oxide,0.004316289834263076,0,0.0,2008-2012,2018-2022,13d858d19a0b7ba67369b7bf2346fa425e379e835b4ea6e83703340c719aa547,9704b972d3c33904afcb818f87ccd461d988fd30910e9788031d4176df032cd0,3f504e0bc00e47e2d3674e97ef03bed09c060383c94ac723bd7c7c9e56fa4a85
main,aluminium,GNQ,exp_corundum,GNQ|exp_corundum,0.0019724243685432697,0,0.0,2008-2012,2018-2022,13d858d19a0b7ba67369b7bf2346fa425e379e835b4ea6e83703340c719aa547,9704b972d3c33904afcb818f87ccd461d988fd30910e9788031d4176df032cd0,3f504e0bc00e47e2d3674e97ef03bed09c060383c94ac723bd7c7c9e56fa4a85
main,aluminium,GNQ,exp_semis_barrod,GNQ|exp_semis_barrod,0.002372865462118062,0,0.0,2008-2012,2018-2022,13d858d19a0b7ba67369b7bf2346fa425e379e835b4ea6e83703340c719aa547,9704b972d3c33904afcb818f87ccd461d988fd30910e9788031d4176df032cd0,3f504e0bc00e47e2d3674e97ef03bed09c060383c94ac723bd7c7c9e56fa4a85
main,aluminium,GNQ,exp_semis_foil,GNQ|exp_semis_foil,0.0018337796550563848,0,0.0,2008-2012,2018-2022,13d858d19a0b7ba67369b7bf2346fa425e379e835b4ea6e83703340c719aa547,9704b972d3c33904afcb818f87ccd461d988fd30910e9788031d4176df032cd0,3f504e0bc00e47e2d3674e97ef03bed09c060383c94ac723bd7c7c9e56fa4a85
main,aluminium,GNQ,exp_semis_plate,GNQ|exp_semis_plate,0.002601007139815571,0,0.0,2008-2012,2018-2022,13d858d19a0b7ba67369b7bf2346fa425e379e835b4ea6e83703340c719aa547,9704b972d3c33904afcb818f87ccd461d988fd30910e9788031d4176df032cd0,3f504e0bc00e47e2d3674e97ef03bed09c060383c94ac723bd7c7c9e56fa4a85
main,aluminium,GNQ,exp_semis_tube,GNQ|exp_semis_tube,0.001914602140283947,0,0.0,2008-2012,2018-2022,13d858d19a0b7ba67369b7bf2346fa425e379e835b4ea6e83703340c719aa547,9704b972d3c33904afcb818f87ccd461d988fd30910e9788031d4176df032cd0,3f504e0bc00e47e2d3674e97ef03bed09c060383c94ac723bd7c7c9e56fa4a85
main,aluminium,GNQ,exp_semis_wire,GNQ|exp_semis_wire,0.00299672617912994,1,172.56599999999997,2008-2012,2018-2022,13d858d19a0b7ba67369b7bf2346fa425e379e835b4ea6e83703340c719aa547,9704b972d3c33904afcb818f87ccd461d988fd30910e9788031d4176df032cd0,3f504e0bc00e47e2d3674e97ef03bed09c060383c94ac723bd7c7c9e56fa4a85
main,aluminium,GNQ,exp_unwrought,GNQ|exp_unwrought,0.005248763219111963,0,0.0,2008-2012,2018-2022,13d858d19a0b7ba67369b7bf2346fa425e379e835b4ea6e83703340c719aa547,9704b972d3c33904afcb818f87ccd461d988fd30910e9788031d4176df032cd0,3f504e0bc00e47e2d3674e97ef03bed09c060383c94ac723bd7c7c9e56fa4a85
main,aluminium,GTM,exp_semis_tube,GTM|exp_semis_tube,0.14157540364699264,1,277.01660000000004,2008-2012,2018-2022,13d858d19a0b7ba67369b7bf2346fa425e379e835b4ea6e83703340c719aa547,9704b972d3c33904afcb818f87ccd461d988fd30910e9788031d4176df032cd0,3f504e0bc00e47e2d3674e97ef03bed09c060383c94ac723bd7c7c9e56fa4a85
main,aluminium,GTM,exp_semis_wire,GTM|exp_semis_wire,0.13908445387516893,0,0.0,2008-2012,2018-2022,13d858d19a0b7ba67369b7bf2346fa425e379e835b4ea6e83703340c719aa547,9704b972d3c33904afcb818f87ccd461d988fd30910e9788031d4176df032cd0,3f504e0bc00e47e2d3674e97ef03bed09c060383c94ac723bd7c7c9e56fa4a85
main,aluminium,GUY,exp_aluminium_hydroxide,GUY|exp_aluminium_hydroxide,0.033116464838680804,0,0.0,2008-2012,2018-2022,13d858d19a0b7ba67369b7bf2346fa425e379e835b4ea6e83703340c719aa547,9704b972d3c33904afcb818f87ccd461d988fd30910e9788031d4176df032cd0,3f504e0bc00e47e2d3674e97ef03bed09c060383c94ac723bd7c7c9e56fa4a85
main,aluminium,GUY,exp_semis_barrod,GUY|exp_semis_barrod,0.04043265612928111,0,0.0,2008-2012,2018-2022,13d858d19a0b7ba67369b7bf2346fa425e379e835b4ea6e83703340c719aa547,9704b972d3c33904afcb818f87ccd461d988fd30910e9788031d4176df032cd0,3f504e0bc00e47e2d3674e97ef03bed09c060383c94ac723bd7c7c9e56fa4a85
main,aluminium,GUY,exp_semis_foil,GUY|exp_semis_foil,0.030579571594853378,0,0.0,2008-2012,2018-2022,13d858d19a0b7ba67369b7bf2346fa425e379e835b4ea6e83703340c719aa547,9704b972d3c33904afcb818f87ccd461d988fd30910e9788031d4176df032cd0,3f504e0bc00e47e2d3674e97ef03bed09c060383c94ac723bd7c7c9e56fa4a85
main,aluminium,GUY,exp_semis_tube,GUY|exp_semis_tube,0.030054764790508243,0,0.0,2008-2012,2018-2022,13d858d19a0b7ba67369b7bf2346fa425e379e835b4ea6e83703340c719aa547,9704b972d3c33904afcb818f87ccd461d988fd30910e9788031d4176df032cd0,3f504e0bc00e47e2d3674e97ef03bed09c060383c94ac723bd7c7c9e56fa4a85
main,aluminium,GUY,exp_semis_wire,GUY|exp_semis_wire,0.032356778984279085,0,0.0,2008-2012,2018-2022,13d858d19a0b7ba67369b7bf2346fa425e379e835b4ea6e83703340c719aa547,9704b972d3c33904afcb818f87ccd461d988fd30910e9788031d4176df032cd0,3f504e0bc00e47e2d3674e97ef03bed09c060383c94ac723bd7c7c9e56fa4a85
main,aluminium,GUY,exp_unwrought,GUY|exp_unwrought,0.047751931726632,0,0.0,2008-2012,2018-2022,13d858d19a0b7ba67369b7bf2346fa425e379e835b4ea6e83703340c719aa547,9704b972d3c33904afcb818f87ccd461d988fd30910e9788031d4176df032cd0,3f504e0bc00e47e2d3674e97ef03bed09c060383c94ac723bd7c7c9e56fa4a85
main,aluminium,HRV,exp_corundum,HRV|exp_corundum,0.1739913494510016,0,0.0,2008-2012,2018-2022,13d858d19a0b7ba67369b7bf2346fa425e379e835b4ea6e83703340c719aa547,9704b972d3c33904afcb818f87ccd461d988fd30910e9788031d4176df032cd0,3f504e0bc00e47e2d3674e97ef03bed09c060383c94ac723bd7c7c9e56fa4a85
main,aluminium,HRV,exp_semis_wire,HRV|exp_semis_wire,0.1879847438703938,0,0.0,2008-2012,2018-2022,13d858d19a0b7ba67369b7bf2346fa425e379e835b4ea6e83703340c719aa547,9704b972d3c33904afcb818f87ccd461d988fd30910e9788031d4176df032cd0,3f504e0bc00e47e2d3674e97ef03bed09c060383c94ac723bd7c7c9e56fa4a85
main,aluminium,IDN,exp_aluminium_hydroxide,IDN|exp_aluminium_hydroxide,0.16878111620360198,1,11967.767,2008-2012,2018-2022,13d858d19a0b7ba67369b7bf2346fa425e379e835b4ea6e83703340c719aa547,9704b972d3c33904afcb818f87ccd461d988fd30910e9788031d4176df032cd0,3f504e0bc00e47e2d3674e97ef03bed09c060383c94ac723bd7c7c9e56fa4a85
main,aluminium,IDN,exp_corundum,IDN|exp_corundum,0.16683023063163682,1,2263.577,2008-2012,2018-2022,13d858d19a0b7ba67369b7bf2346fa425e379e835b4ea6e83703340c719aa547,9704b972d3c33904afcb818f87ccd461d988fd30910e9788031d4176df032cd0,3f504e0bc00e47e2d3674e97ef03bed09c060383c94ac723bd7c7c9e56fa4a85
main,aluminium,IOT,exp_semis_foil,IOT|exp_semis_foil,0.04807400545702134,0,0.0,2008-2012,2018-2022,13d858d19a0b7ba67369b7bf2346fa425e379e835b4ea6e83703340c719aa547,9704b972d3c33904afcb818f87ccd461d988fd30910e9788031d4176df032cd0,3f504e0bc00e47e2d3674e97ef03bed09c060383c94ac723bd7c7c9e56fa4a85
main,aluminium,IRN,exp_corundum,IRN|exp_corundum,0.03370489734975263,0,0.0,2008-2012,2018-2022,13d858d19a0b7ba67369b7bf2346fa425e379e835b4ea6e83703340c719aa547,9704b972d3c33904afcb818f87ccd461d988fd30910e9788031d4176df032cd0,3f504e0bc00e47e2d3674e97ef03bed09c060383c94ac723bd7c7c9e56fa4a85
main,aluminium,IRQ,exp_semis_barrod,IRQ|exp_semis_barrod,0.002453018577551128,1,182.2714,2008-2012,2018-2022,13d858d19a0b7ba67369b7bf2346fa425e379e835b4ea6e83703340c719aa547,9704b972d3c33904afcb818f87ccd461d988fd30910e9788031d4176df032cd0,3f504e0bc00e47e2d3674e97ef03bed09c060383c94ac723bd7c7c9e56fa4a85
main,aluminium,IRQ,exp_semis_foil,IRQ|exp_semis_foil,0.0015585433621362395,0,0.0,2008-2012,2018-2022,13d858d19a0b7ba67369b7bf2346fa425e379e835b4ea6e83703340c719aa547,9704b972d3c33904afcb818f87ccd461d988fd30910e9788031d4176df032cd0,3f504e0bc00e47e2d3674e97ef03bed09c060383c94ac723bd7c7c9e56fa4a85
main,aluminium,IRQ,exp_semis_plate,IRQ|exp_semis_plate,0.0020551062448315076,0,0.0,2008-2012,2018-2022,13d858d19a0b7ba67369b7bf2346fa425e379e835b4ea6e83703340c719aa547,9704b972d3c33904afcb818f87ccd461d988fd30910e9788031d4176df032cd0,3f504e0bc00e47e2d3674e97ef03bed09c060383c94ac723bd7c7c9e56fa4a85
main,aluminium,IRQ,exp_semis_tube,IRQ|exp_semis_tube,0.0017013532888636163,0,0.0,2008-2012,2018-2022,13d858d19a0b7ba67369b7bf2346fa425e379e835b4ea6e83703340c719aa547,9704b972d3c33904afcb818f87ccd461d988fd30910e9788031d4176df032cd0,3f504e0bc00e47e2d3674e97ef03bed09c060383c94ac723bd7c7c9e56fa4a85
main,aluminium,IRQ,exp_semis_wire,IRQ|exp_semis_wire,0.00247645582037538,0,0.0,2008-2012,2018-2022,13d858d19a0b7ba67369b7bf2346fa425e379e835b4ea6e83703340c719aa547,9704b972d3c33904afcb818f87ccd461d988fd30910e9788031d4176df032cd0,3f504e0bc00e47e2d3674e97ef03bed09c060383c94ac723bd7c7c9e56fa4a85
main,aluminium,ISL,exp_aluminium_hydroxide,ISL|exp_aluminium_hydroxide,0.05594856657351972,0,0.0,2008-2012,2018-2022,13d858d19a0b7ba67369b7bf2346fa425e379e835b4ea6e83703340c719aa547,9704b972d3c33904afcb818f87ccd461d988fd30910e9788031d4176df032cd0,3f504e0bc00e47e2d3674e97ef03bed09c060383c94ac723bd7c7c9e56fa4a85
main,aluminium,ISL,exp_corundum,ISL|exp_corundum,0.036702732495202894,0,0.0,2008-2012,2018-2022,13d858d19a0b7ba67369b7bf2346fa425e379e835b4ea6e83703340c719aa547,9704b972d3c33904afcb818f87ccd461d988fd30910e9788031d4176df032cd0,3f504e0bc00e47e2d3674e97ef03bed09c060383c94ac723bd7c7c9e56fa4a85
main,aluminium,ISL,exp_semis_tube,ISL|exp_semis_tube,0.04397948072521516,0,0.0,2008-2012,2018-2022,13d858d19a0b7ba67369b7bf2346fa425e379e835b4ea6e83703340c719aa547,9704b972d3c33904afcb818f87ccd461d988fd30910e9788031d4176df032cd0,3f504e0bc00e47e2d3674e97ef03bed09c060383c94ac723bd7c7c9e56fa4a85
main,aluminium,ISR,exp_corundum,ISR|exp_corundum,0.15799121077031142,0,0.0,2008-2012,2018-2022,13d858d19a0b7ba67369b7bf2346fa425e379e835b4ea6e83703340c719aa547,9704b972d3c33904afcb818f87ccd461d988fd30910e9788031d4176df032cd0,3f504e0bc00e47e2d3674e97ef03bed09c060383c94ac723bd7c7c9e56fa4a85
main,aluminium,ISR,exp_semis_wire,ISR|exp_semis_wire,0.17358531849082573,1,109.096,2008-2012,2018-2022,13d858d19a0b7ba67369b7bf2346fa425e379e835b4ea6e83703340c719aa547,9704b972d3c33904afcb818f87ccd461d988fd30910e9788031d4176df032cd0,3f504e0bc00e47e2d3674e97ef03bed09c060383c94ac723bd7c7c9e56fa4a85
main,aluminium,JAM,exp_corundum,JAM|exp_corundum,0.042379661353262876,0,0.0,2008-2012,2018-2022,13d858d19a0b7ba67369b7bf2346fa425e379e835b4ea6e83703340c719aa547,9704b972d3c33904afcb818f87ccd461d988fd30910e9788031d4176df032cd0,3f504e0bc00e47e2d3674e97ef03bed09c060383c94ac723bd7c7c9e56fa4a85
main,aluminium,JAM,exp_semis_foil,JAM|exp_semis_foil,0.051826384419563366,0,0.0,2008-2012,2018-2022,13d858d19a0b7ba67369b7bf2346fa425e379e835b4ea6e83703340c719aa547,9704b972d3c33904afcb818f87ccd461d988fd30910e9788031d4176df032cd0,3f504e0bc00e47e2d3674e97ef03bed09c060383c94ac723bd7c7c9e56fa4a85
main,aluminium,JAM,exp_semis_plate,JAM|exp_semis_plate,0.05527354101886057,1,137.9498,2008-2012,2018-2022,13d858d19a0b7ba67369b7bf2346fa425e379e835b4ea6e83703340c719aa547,9704b972d3c33904afcb818f87ccd461d988fd30910e9788031d4176df032cd0,3f504e0bc00e47e2d3674e97ef03bed09c060383c94ac723bd7c7c9e56fa4a85
main,aluminium,JAM,exp_semis_tube,JAM|exp_semis_tube,0.04815279283767134,0,0.0,2008-2012,2018-2022,13d858d19a0b7ba67369b7bf2346fa425e379e835b4ea6e83703340c719aa547,9704b972d3c33904afcb818f87ccd461d988fd30910e9788031d4176df032cd0,3f504e0bc00e47e2d3674e97ef03bed09c060383c94ac723bd7c7c9e56fa4a85
main,aluminium,JAM,exp_semis_wire,JAM|exp_semis_wire,0.05162487220554416,0,0.0,2008-2012,2018-2022,13d858d19a0b7ba67369b7bf2346fa425e379e835b4ea6e83703340c719aa547,9704b972d3c33904afcb818f87ccd461d988fd30910e9788031d4176df032cd0,3f504e0bc00e47e2d3674e97ef03bed09c060383c94ac723bd7c7c9e56fa4a85
main,aluminium,JAM,exp_unwrought,JAM|exp_unwrought,0.06832615771830304,0,0.0,2008-2012,2018-2022,13d858d19a0b7ba67369b7bf2346fa425e379e835b4ea6e83703340c719aa547,9704b972d3c33904afcb818f87ccd461d988fd30910e9788031d4176df032cd0,3f504e0bc00e47e2d3674e97ef03bed09c060383c94ac723bd7c7c9e56fa4a85
main,aluminium,JOR,exp_semis_wire,JOR|exp_semis_wire,0.1430437114462221,0,0.0,2008-2012,2018-2022,13d858d19a0b7ba67369b7bf2346fa425e379e835b4ea6e83703340c719aa547,9704b972d3c33904afcb818f87ccd461d988fd30910e9788031d4176df032cd0,3f504e0bc00e47e2d3674e97ef03bed09c060383c94ac723bd7c7c9e56fa4a85
main,aluminium,KAZ,exp_semis_foil,KAZ|exp_semis_foil,0.029045578657056623,1,159.9144,2008-2012,2018-2022,13d858d19a0b7ba67369b7bf2346fa425e379e835b4ea6e83703340c719aa547,9704b972d3c33904afcb818f87ccd461d988fd30910e9788031d4176df032cd0,3f504e0bc00e47e2d3674e97ef03bed09c060383c94ac723bd7c7c9e56fa4a85
main,aluminium,KAZ,exp_semis_tube,KAZ|exp_semis_tube,0.029886299771604813,0,0.0,2008-2012,2018-2022,13d858d19a0b7ba67369b7bf2346fa425e379e835b4ea6e83703340c719aa547,9704b972d3c33904afcb818f87ccd461d988fd30910e9788031d4176df032cd0,3f504e0bc00e47e2d3674e97ef03bed09c060383c94ac723bd7c7c9e56fa4a85
main,aluminium,KGZ,exp_semis_barrod,KGZ|exp_semis_barrod,0.11300730663840008,1,102.0154,2008-2012,2018-2022,13d858d19a0b7ba67369b7bf2346fa425e379e835b4ea6e83703340c719aa547,9704b972d3c33904afcb818f87ccd461d988fd30910e9788031d4176df032cd0,3f504e0bc00e47e2d3674e97ef03bed09c060383c94ac723bd7c7c9e56fa4a85
main,aluminium,KGZ,exp_semis_foil,KGZ|exp_semis_foil,0.08674148871876497,0,0.0,2008-2012,2018-2022,13d858d19a0b7ba67369b7bf2346fa425e379e835b4ea6e83703340c719aa547,9704b972d3c33904afcb818f87ccd461d988fd30910e9788031d4176df032cd0,3f504e0bc00e47e2d3674e97ef03bed09c060383c94ac723bd7c7c9e56fa4a85
main,aluminium,KGZ,exp_semis_plate,KGZ|exp_semis_plate,0.0979045772223087,0,0.0,2008-2012,2018-2022,13d858d19a0b7ba67369b7bf2346fa425e379e835b4ea6e83703340c719aa547,9704b972d3c33904afcb818f87ccd461d988fd30910e9788031d4176df032cd0,3f504e0bc00e47e2d3674e97ef03bed09c060383c94ac723bd7c7c9e56fa4a85
main,aluminium,KGZ,exp_semis_tube,KGZ|exp_semis_tube,0.08963468954414056,0,0.0,2008-2012,2018-2022,13d858d19a0b7ba67369b7bf2346fa425e379e835b4ea6e83703340c719aa547,9704b972d3c33904afcb818f87ccd461d988fd30910e9788031d4176df032cd0,3f504e0bc00e47e2d3674e97ef03bed09c060383c94ac723bd7c7c9e56fa4a85
main,aluminium,KGZ,exp_semis_wire,KGZ|exp_semis_wire,0.08933998257564976,0,0.0,2008-2012,2018-2022,13d858d19a0b7ba67369b7bf2346fa425e379e835b4ea6e83703340c719aa547,9704b972d3c33904afcb818f87ccd461d988fd30910e9788031d4176df032cd0,3f504e0bc00e47e2d3674e97ef03bed09c060383c94ac723bd7c7c9e56fa4a85
main,aluminium,KHM,exp_semis_barrod,KHM|exp_semis_barrod,0.08592355370222952,1,138.822,2008-2012,2018-2022,13d858d19a0b7ba67369b7bf2346fa425e379e835b4ea6e83703340c719aa547,9704b972d3c33904afcb818f87ccd461d988fd30910e9788031d4176df032cd0,3f504e0bc00e47e2d3674e97ef03bed09c060383c94ac723bd7c7c9e56fa4a85
main,aluminium,KHM,exp_semis_foil,KHM|exp_semis_foil,0.05318552399588059,1,127.935,2008-2012,2018-2022,13d858d19a0b7ba67369b7bf2346fa425e379e835b4ea6e83703340c719aa547,9704b972d3c33904afcb818f87ccd461d988fd30910e9788031d4176df032cd0,3f504e0bc00e47e2d3674e97ef03bed09c060383c94ac723bd7c7c9e56fa4a85
main,aluminium,KHM,exp_semis_tube,KHM|exp_semis_tube,0.06259281320776539,1,10849.5286,2008-2012,2018-2022,13d858d19a0b7ba67369b7bf2346fa425e379e835b4ea6e83703340c719aa547,9704b972d3c33904afcb818f87ccd461d988fd30910e9788031d4176df032cd0,3f504e0bc00e47e2d3674e97ef03bed09c060383c94ac723bd7c7c9e56fa4a85
main,aluminium,KHM,exp_semis_wire,KHM|exp_semis_wire,0.055573787454676137,0,0.0,2008-2012,2018-2022,13d858d19a0b7ba67369b7bf2346fa425e379e835b4ea6e83703340c719aa547,9704b972d3c33904afcb818f87ccd461d988fd30910e9788031d4176df032cd0,3f504e0bc00e47e2d3674e97ef03bed09c060383c94ac723bd7c7c9e56fa4a85
main,aluminium,LKA,exp_semis_tube,LKA|exp_semis_tube,0.13707968484883323,0,0.0,2008-2012,2018-2022,13d858d19a0b7ba67369b7bf2346fa425e379e835b4ea6e83703340c719aa547,9704b972d3c33904afcb818f87ccd461d988fd30910e9788031d4176df032cd0,3f504e0bc00e47e2d3674e97ef03bed09c060383c94ac723bd7c7c9e56fa4a85
main,aluminium,LKA,exp_semis_wire,LKA|exp_semis_wire,0.12813411217380216,0,0.0,2008-2012,2018-2022,13d858d19a0b7ba67369b7bf2346fa425e379e835b4ea6e83703340c719aa547,9704b972d3c33904afcb818f87ccd461d988fd30910e9788031d4176df032cd0,3f504e0bc00e47e2d3674e97ef03bed09c060383c94ac723bd7c7c9e56fa4a85
main,aluminium,LSO,exp_semis_barrod,LSO|exp_semis_barrod,0.09120837920679836,0,0.0,2008-2012,2018-2022,13d858d19a0b7ba67369b7bf2346fa425e379e835b4ea6e83703340c719aa547,9704b972d3c33904afcb818f87ccd461d988fd30910e9788031d4176df032cd0,3f504e0bc00e47e2d3674e97ef03bed09c060383c94ac723bd7c7c9e56fa4a85
main,aluminium,LSO,exp_semis_foil,LSO|exp_semis_foil,0.06110114195466398,0,0.0,2008-2012,2018-2022,13d858d19a0b7ba67369b7bf2346fa425e379e835b4ea6e83703340c719aa547,9704b972d3c33904afcb818f87ccd461d988fd30910e9788031d4176df032cd0,3f504e0bc00e47e2d3674e97ef03bed09c060383c94ac723bd7c7c9e56fa4a85
main,aluminium,LSO,exp_semis_plate,LSO|exp_semis_plate,0.077659403913642,0,0.0,2008-2012,2018-2022,13d858d19a0b7ba67369b7bf2346fa425e379e835b4ea6e83703340c719aa547,9704b972d3c33904afcb818f87ccd461d988fd30910e9788031d4176df032cd0,3f504e0bc00e47e2d3674e97ef03bed09c060383c94ac723bd7c7c9e56fa4a85
main,aluminium,LSO,exp_semis_tube,LSO|exp_semis_tube,0.07453120683860791,0,0.0,2008-2012,2018-2022,13d858d19a0b7ba67369b7bf2346fa425e379e835b4ea6e83703340c719aa547,9704b972d3c33904afcb818f87ccd461d988fd30910e9788031d4176df032cd0,3f504e0bc00e47e2d3674e97ef03bed09c060383c94ac723bd7c7c9e56fa4a85
main,aluminium,LSO,exp_semis_wire,LSO|exp_semis_wire,0.06770055205716731,0,0.0,2008-2012,2018-2022,13d858d19a0b7ba67369b7bf2346fa425e379e835b4ea6e83703340c719aa547,9704b972d3c33904afcb818f87ccd461d988fd30910e9788031d4176df032cd0,3f504e0bc00e47e2d3674e97ef03bed09c060383c94ac723bd7c7c9e56fa4a85
main,aluminium,LTU,exp_semis_wire,LTU|exp_semis_wire,0.22155830472824484,1,1048.1772,2008-2012,2018-2022,13d858d19a0b7ba67369b7bf2346fa425e379e835b4ea6e83703340c719aa547,9704b972d3c33904afcb818f87ccd461d988fd30910e9788031d4176df032cd0,3f504e0bc00e47e2d3674e97ef03bed09c060383c94ac723bd7c7c9e56fa4a85
main,aluminium,LUX,exp_aluminium_hydroxide,LUX|exp_aluminium_hydroxide,0.1544978516992637,0,0.0,2008-2012,2018-2022,13d858d19a0b7ba67369b7bf2346fa425e379e835b4ea6e83703340c719aa547,9704b972d3c33904afcb818f87ccd461d988fd30910e9788031d4176df032cd0,3f504e0bc00e47e2d3674e97ef03bed09c060383c94ac723bd7c7c9e56fa4a85
main,aluminium,LUX,exp_semis_tube,LUX|exp_semis_tube,0.1501256746978162,1,170.4608,2008-2012,2018-2022,13d858d19a0b7ba67369b7bf2346fa425e379e835b4ea6e83703340c719aa547,9704b972d3c33904afcb818f87ccd461d988fd30910e9788031d4176df032cd0,3f504e0bc00e47e2d3674e97ef03bed09c060383c94ac723bd7c7c9e56fa4a85
main,aluminium,LVA,exp_aluminium_oxide,LVA|exp_aluminium_oxide,0.2148880506244542,1,291.5838,2008-2012,2018-2022,13d858d19a0b7ba67369b7bf2346fa425e379e835b4ea6e83703340c719aa547,9704b972d3c33904afcb818f87ccd461d988fd30910e9788031d4176df032cd0,3f504e0bc00e47e2d3674e97ef03bed09c060383c94ac723bd7c7c9e56fa4a85
main,aluminium,LVA,exp_corundum,LVA|exp_corundum,0.1979882346881375,1,642.2138,2008-2012,2018-2022,13d858d19a0b7ba67369b7bf2346fa425e379e835b4ea6e83703340c719aa547,9704b972d3c33904afcb818f87ccd461d988fd30910e9788031d4176df032cd0,3f504e0bc00e47e2d3674e97ef03bed09c060383c94ac723bd7c7c9e56fa4a85
main,aluminium,LVA,exp_semis_tube,LVA|exp_semis_tube,0.22544572915245756,1,1709.2398,2008-2012,2018-2022,13d858d19a0b7ba67369b7bf2346fa425e379e835b4ea6e83703340c719aa547,9704b972d3c33904afcb818f87ccd461d988fd30910e9788031d4176df032cd0,3f504e0bc00e47e2d3674e97ef03bed09c060383c94ac723bd7c7c9e56fa4a85
main,aluminium,LVA,exp_semis_wire,LVA|exp_semis_wire,0.2183163109765408,0,0.0,2008-2012,2018-2022,13d858d19a0b7ba67369b7bf2346fa425e379e835b4ea6e83703340c719aa547,9704b972d3c33904afcb818f87ccd461d988fd30910e9788031d4176df032cd0,3f504e0bc00e47e2d3674e97ef03bed09c060383c94ac723bd7c7c9e56fa4a85
main,aluminium,MAC,exp_semis_foil,MAC|exp_semis_foil,0.13952549051282714,0,0.0,2008-2012,2018-2022,13d858d19a0b7ba67369b7bf2346fa425e379e835b4ea6e83703340c719aa547,9704b972d3c33904afcb818f87ccd461d988fd30910e9788031d4176df032cd0,3f504e0bc00e47e2d3674e97ef03bed09c060383c94ac723bd7c7c9e56fa4a85
main,aluminium,MAC,exp_semis_plate,MAC|exp_semis_plate,0.15186353047443624,0,0.0,2008-2012,2018-2022,13d858d19a0b7ba67369b7bf2346fa425e379e835b4ea6e83703340c719aa547,9704b972d3c33904afcb818f87ccd461d988fd30910e9788031d4176df032cd0,3f504e0bc00e47e2d3674e97ef03bed09c060383c94ac723bd7c7c9e56fa4a85
main,aluminium,MAC,exp_semis_tube,MAC|exp_semis_tube,0.1504431981757962,0,0.0,2008-2012,2018-2022,13d858d19a0b7ba67369b7bf2346fa425e379e835b4ea6e83703340c719aa547,9704b972d3c33904afcb818f87ccd461d988fd30910e9788031d4176df032cd0,3f504e0bc00e47e2d3674e97ef03bed09c060383c94ac723bd7c7c9e56fa4a85
main,aluminium,MAC,exp_semis_wire,MAC|exp_semis_wire,0.13327027650042209,0,0.0,2008-2012,2018-2022,13d858d19a0b7ba67369b7bf2346fa425e379e835b4ea6e83703340c719aa547,9704b972d3c33904afcb818f87ccd461d988fd30910e9788031d4176df032cd0,3f504e0bc00e47e2d3674e97ef03bed09c060383c94ac723bd7c7c9e56fa4a85
main,aluminium,MAR,exp_semis_foil,MAR|exp_semis_foil,0.13120953716658212,1,189.803,2008-2012,2018-2022,13d858d19a0b7ba67369b7bf2346fa425e379e835b4ea6e83703340c719aa547,9704b972d3c33904afcb818f87ccd461d988fd30910e9788031d4176df032cd0,3f504e0bc00e47e2d3674e97ef03bed09c060383c94ac723bd7c7c9e56fa4a85
main,aluminium,MDA,exp_semis_barrod,MDA|exp_semis_barrod,0.19083002735094493,0,0.0,2008-2012,2018-2022,13d858d19a0b7ba67369b7bf2346fa425e379e835b4ea6e83703340c719aa547,9704b972d3c33904afcb818f87ccd461d988fd30910e9788031d4176df032cd0,3f504e0bc00e47e2d3674e97ef03bed09c060383c94ac723bd7c7c9e56fa4a85
main,aluminium,MDA,exp_semis_foil,MDA|exp_semis_foil,0.14547803295753478,1,345.379,2008-2012,2018-2022,13d858d19a0b7ba67369b7bf2346fa425e379e835b4ea6e83703340c719aa547,9704b972d3c33904afcb818f87ccd461d988fd30910e9788031d4176df032cd0,3f504e0bc00e47e2d3674e97ef03bed09c060383c94ac723bd7c7c9e56fa4a85
main,aluminium,MDA,exp_semis_wire,MDA|exp_semis_wire,0.14610268163386245,0,0.0,2008-2012,2018-2022,13d858d19a0b7ba67369b7bf2346fa425e379e835b4ea6e83703340c719aa547,9704b972d3c33904afcb818f87ccd461d988fd30910e9788031d4176df032cd0,3f504e0bc00e47e2d3674e97ef03bed09c060383c94ac723bd7c7c9e56fa4a85
main,aluminium,MDG,exp_semis_barrod,MDG|exp_semis_barrod,0.13184242393918658,0,0.0,2008-2012,2018-2022,13d858d19a0b7ba67369b7bf2346fa425e379e835b4ea6e83703340c719aa547,9704b972d3c33904afcb818f87ccd461d988fd30910e9788031d4176df032cd0,3f504e0bc00e47e2d3674e97ef03bed09c060383c94ac723bd7c7c9e56fa4a85
main,aluminium,MDG,exp_semis_foil,MDG|exp_semis_foil,0.09363190443058601,0,0.0,2008-2012,2018-2022,13d858d19a0b7ba67369b7bf2346fa425e379e835b4ea6e83703340c719aa547,9704b972d3c33904afcb818f87ccd461d988fd30910e9788031d4176df032cd0,3f504e0bc00e47e2d3674e97ef03bed09c060383c94ac723bd7c7c9e56fa4a85
main,aluminium,MDG,exp_semis_plate,MDG|exp_semis_plate,0.11024212129617059,0,0.0,2008-2012,2018-2022,13d858d19a0b7ba67369b7bf2346fa425e379e835b4ea6e83703340c719aa547,9704b972d3c33904afcb818f87ccd461d988fd30910e9788031d4176df032cd0,3f504e0bc00e47e2d3674e97ef03bed09c060383c94ac723bd7c7c9e56fa4a85
main,aluminium,MDG,exp_semis_tube,MDG|exp_semis_tube,0.10218215202269586,0,0.0,2008-2012,2018-2022,13d858d19a0b7ba67369b7bf2346fa425e379e835b4ea6e83703340c719aa547,9704b972d3c33904afcb818f87ccd461d988fd30910e9788031d4176df032cd0,3f504e0bc00e47e2d3674e97ef03bed09c060383c94ac723bd7c7c9e56fa4a85
main,aluminium,MDG,exp_semis_wire,MDG|exp_semis_wire,0.096975484360596,0,0.0,2008-2012,2018-2022,13d858d19a0b7ba67369b7bf2346fa425e379e835b4ea6e83703340c719aa547,9704b972d3c33904afcb818f87ccd461d988fd30910e9788031d4176df032cd0,3f504e0bc00e47e2d3674e97ef03bed09c060383c94ac723bd7c7c9e56fa4a85
main,aluminium,MKD,exp_semis_foil,MKD|exp_semis_foil,0.13507157122897798,1,315.2124,2008-2012,2018-2022,13d858d19a0b7ba67369b7bf2346fa425e379e835b4ea6e83703340c719aa547,9704b972d3c33904afcb818f87ccd461d988fd30910e9788031d4176df032cd0,3f504e0bc00e47e2d3674e97ef03bed09c060383c94ac723bd7c7c9e56fa4a85
main,aluminium,MKD,exp_semis_wire,MKD|exp_semis_wire,0.13081535015933868,0,0.0,2008-2012,2018-2022,13d858d19a0b7ba67369b7bf2346fa425e379e835b4ea6e83703340c719aa547,9704b972d3c33904afcb818f87ccd461d988fd30910e9788031d4176df032cd0,3f504e0bc00e47e2d3674e97ef03bed09c060383c94ac723bd7c7c9e56fa4a85
main,aluminium,MLI,exp_semis_foil,MLI|exp_semis_foil,0.02993247151939964,0,0.0,2008-2012,2018-2022,13d858d19a0b7ba67369b7bf2346fa425e379e835b4ea6e83703340c719aa547,9704b972d3c33904afcb818f87ccd461d988fd30910e9788031d4176df032cd0,3f504e0bc00e47e2d3674e97ef03bed09c060383c94ac723bd7c7c9e56fa4a85
main,aluminium,MLT,exp_semis_foil,MLT|exp_semis_foil,0.05988010681467837,0,0.0,2008-2012,2018-2022,13d858d19a0b7ba67369b7bf2346fa425e379e835b4ea6e83703340c719aa547,9704b972d3c33904afcb818f87ccd461d988fd30910e9788031d4176df032cd0,3f504e0bc00e47e2d3674e97ef03bed09c060383c94ac723bd7c7c9e56fa4a85
main,aluminium,MLT,exp_semis_plate,MLT|exp_semis_plate,0.05988581081328714,1,2668.9006,2008-2012,2018-2022,13d858d19a0b7ba67369b7bf2346fa425e379e835b4ea6e83703340c719aa547,9704b972d3c33904afcb818f87ccd461d988fd30910e9788031d4176df032cd0,3f504e0bc00e47e2d3674e97ef03bed09c060383c94ac723bd7c7c9e56fa4a85
main,aluminium,MLT,exp_semis_tube,MLT|exp_semis_tube,0.05757761624838336,0,0.0,2008-2012,2018-2022,13d858d19a0b7ba67369b7bf2346fa425e379e835b4ea6e83703340c719aa547,9704b972d3c33904afcb818f87ccd461d988fd30910e9788031d4176df032cd0,3f504e0bc00e47e2d3674e97ef03bed09c060383c94ac723bd7c7c9e56fa4a85
main,aluminium,MLT,exp_semis_wire,MLT|exp_semis_wire,0.056469558417357915,0,0.0,2008-2012,2018-2022,13d858d19a0b7ba67369b7bf2346fa425e379e835b4ea6e83703340c719aa547,9704b972d3c33904afcb818f87ccd461d988fd30910e9788031d4176df032cd0,3f504e0bc00e47e2d3674e97ef03bed09c060383c94ac723bd7c7c9e56fa4a85
main,aluminium,MMR,exp_semis_foil,MMR|exp_semis_foil,0.054025879775577955,1,5195.1662,2008-2012,2018-2022,13d858d19a0b7ba67369b7bf2346fa425e379e835b4ea6e83703340c719aa547,9704b972d3c33904afcb818f87ccd461d988fd30910e9788031d4176df032cd0,3f504e0bc00e47e2d3674e97ef03bed09c060383c94ac723bd7c7c9e56fa4a85
main,aluminium,MNE,exp_aluminium_hydroxide,MNE|exp_aluminium_hydroxide,0.07815119287756271,0,0.0,2008-2012,2018-2022,13d858d19a0b7ba67369b7bf2346fa425e379e835b4ea6e83703340c719aa547,9704b972d3c33904afcb818f87ccd461d988fd30910e9788031d4176df032cd0,3f504e0bc00e47e2d3674e97ef03bed09c060383c94ac723bd7c7c9e56fa4a85
main,aluminium,MNE,exp_aluminium_oxide,MNE|exp_aluminium_oxide,0.08752420569467104,0,0.0,2008-2012,2018-2022,13d858d19a0b7ba67369b7bf2346fa425e379e835b4ea6e83703340c719aa547,9704b972d3c33904afcb818f87ccd461d988fd30910e9788031d4176df032cd0,3f504e0bc00e47e2d3674e97ef03bed09c060383c94ac723bd7c7c9e56fa4a85
main,aluminium,MNE,exp_corundum,MNE|exp_corundum,0.06877930309949037,0,0.0,2008-2012,2018-2022,13d858d19a0b7ba67369b7bf2346fa425e379e835b4ea6e83703340c719aa547,9704b972d3c33904afcb818f87ccd461d988fd30910e9788031d4176df032cd0,3f504e0bc00e47e2d3674e97ef03bed09c060383c94ac723bd7c7c9e56fa4a85
main,aluminium,MNE,exp_semis_foil,MNE|exp_semis_foil,0.08331020818055357,0,0.0,2008-2012,2018-2022,13d858d19a0b7ba67369b7bf2346fa425e379e835b4ea6e83703340c719aa547,9704b972d3c33904afcb818f87ccd461d988fd30910e9788031d4176df032cd0,3f504e0bc00e47e2d3674e97ef03bed09c060383c94ac723bd7c7c9e56fa4a85
main,aluminium,MNE,exp_semis_plate,MNE|exp_semis_plate,0.08302890884613232,0,0.0,2008-2012,2018-2022,13d858d19a0b7ba67369b7bf2346fa425e379e835b4ea6e83703340c719aa547,9704b972d3c33904afcb818f87ccd461d988fd30910e9788031d4176df032cd0,3f504e0bc00e47e2d3674e97ef03bed09c060383c94ac723bd7c7c9e56fa4a85
main,aluminium,MNE,exp_semis_tube,MNE|exp_semis_tube,0.07452998874692009,0,0.0,2008-2012,2018-2022,13d858d19a0b7ba67369b7bf2346fa425e379e835b4ea6e83703340c719aa547,9704b972d3c33904afcb818f87ccd461d988fd30910e9788031d4176df032cd0,3f504e0bc00e47e2d3674e97ef03bed09c060383c94ac723bd7c7c9e56fa4a85
main,aluminium,MNE,exp_semis_wire,MNE|exp_semis_wire,0.07374961095443874,0,0.0,2008-2012,2018-2022,13d858d19a0b7ba67369b7bf2346fa425e379e835b4ea6e83703340c719aa547,9704b972d3c33904afcb818f87ccd461d988fd30910e9788031d4176df032cd0,3f504e0bc00e47e2d3674e97ef03bed09c060383c94ac723bd7c7c9e56fa4a85
main,aluminium,MNG,exp_semis_barrod,MNG|exp_semis_barrod,0.019959253910056946,0,0.0,2008-2012,2018-2022,13d858d19a0b7ba67369b7bf2346fa425e379e835b4ea6e83703340c719aa547,9704b972d3c33904afcb818f87ccd461d988fd30910e9788031d4176df032cd0,3f504e0bc00e47e2d3674e97ef03bed09c060383c94ac723bd7c7c9e56fa4a85
main,aluminium,MNG,exp_semis_foil,MNG|exp_semis_foil,0.014939427004990602,0,0.0,2008-2012,2018-2022,13d858d19a0b7ba67369b7bf2346fa425e379e835b4ea6e83703340c719aa547,9704b972d3c33904afcb818f87ccd461d988fd30910e9788031d4176df032cd0,3f504e0bc00e47e2d3674e97ef03bed09c060383c94ac723bd7c7c9e56fa4a85
main,aluminium,MNG,exp_semis_plate,MNG|exp_semis_plate,0.017280753190241763,0,0.0,2008-2012,2018-2022,13d858d19a0b7ba67369b7bf2346fa425e379e835b4ea6e83703340c719aa547,9704b972d3c33904afcb818f87ccd461d988fd30910e9788031d4176df032cd0,3f504e0bc00e47e2d3674e97ef03bed09c060383c94ac723bd7c7c9e56fa4a85
main,aluminium,MNG,exp_semis_tube,MNG|exp_semis_tube,0.016681986789057773,0,0.0,2008-2012,2018-2022,13d858d19a0b7ba67369b7bf2346fa425e379e835b4ea6e83703340c719aa547,9704b972d3c33904afcb818f87ccd461d988fd30910e9788031d4176df032cd0,3f504e0bc00e47e2d3674e97ef03bed09c060383c94ac723bd7c7c9e56fa4a85
main,aluminium,MNG,exp_semis_wire,MNG|exp_semis_wire,0.018132009634077514,0,0.0,2008-2012,2018-2022,13d858d19a0b7ba67369b7bf2346fa425e379e835b4ea6e83703340c719aa547,9704b972d3c33904afcb818f87ccd461d988fd30910e9788031d4176df032cd0,3f504e0bc00e47e2d3674e97ef03bed09c060383c94ac723bd7c7c9e56fa4a85
main,aluminium,MOZ,exp_aluminium_hydroxide,MOZ|exp_aluminium_hydroxide,0.041504580164705714,0,0.0,2008-2012,2018-2022,13d858d19a0b7ba67369b7bf2346fa425e379e835b4ea6e83703340c719aa547,9704b972d3c33904afcb818f87ccd461d988fd30910e9788031d4176df032cd0,3f504e0bc00e47e2d3674e97ef03bed09c060383c94ac723bd7c7c9e56fa4a85
main,aluminium,MOZ,exp_aluminium_oxide,MOZ|exp_aluminium_oxide,0.06000166708464416,0,0.0,2008-2012,2018-2022,13d858d19a0b7ba67369b7bf2346fa425e379e835b4ea6e83703340c719aa547,9704b972d3c33904afcb818f87ccd461d988fd30910e9788031d4176df032cd0,3f504e0bc00e47e2d3674e97ef03bed09c060383c94ac723bd7c7c9e56fa4a85
main,aluminium,MOZ,exp_corundum,MOZ|exp_corundum,0.0302667248505977,0,0.0,2008-2012,2018-2022,13d858d19a0b7ba67369b7bf2346fa425e379e835b4ea6e83703340c719aa547,9704b972d3c33904afcb818f87ccd461d988fd30910e9788031d4176df032cd0,3f504e0bc00e47e2d3674e97ef03bed09c060383c94ac723bd7c7c9e56fa4a85
main,aluminium,MOZ,exp_semis_foil,MOZ|exp_semis_foil,0.037243152218864095,0,0.0,2008-2012,2018-2022,13d858d19a0b7ba67369b7bf2346fa425e379e835b4ea6e83703340c719aa547,9704b972d3c33904afcb818f87ccd461d988fd30910e9788031d4176df032cd0,3f504e0bc00e47e2d3674e97ef03bed09c060383c94ac723bd7c7c9e56fa4a85
main,aluminium,MOZ,exp_semis_plate,MOZ|exp_semis_plate,0.04585819250393661,1,1159.4298,2008-2012,2018-2022,13d858d19a0b7ba67369b7bf2346fa425e379e835b4ea6e83703340c719aa547,9704b972d3c33904afcb818f87ccd461d988fd30910e9788031d4176df032cd0,3f504e0bc00e47e2d3674e97ef03bed09c060383c94ac723bd7c7c9e56fa4a85
main,aluminium,MOZ,exp_semis_tube,MOZ|exp_semis_tube,0.037398699880384974,0,0.0,2008-2012,2018-2022,13d858d19a0b7ba67369b7bf2346fa425e379e835b4ea6e83703340c719aa547,9704b972d3c33904afcb818f87ccd461d988fd30910e9788031d4176df032cd0,3f504e0bc00e47e2d3674e97ef03bed09c060383c94ac723bd7c7c9e56fa4a85
main,aluminium,MOZ,exp_semis_wire,MOZ|exp_semis_wire,0.041860362742408924,1,166025.34240000002,2008-2012,2018-2022,13d858d19a0b7ba67369b7bf2346fa425e379e835b4ea6e83703340c719aa547,9704b972d3c33904afcb818f87ccd461d988fd30910e9788031d4176df032cd0,3f504e0bc00e47e2d3674e97ef03bed09c060383c94ac723bd7c7c9e56fa4a85
main,aluminium,NGA,exp_aluminium_oxide,NGA|exp_aluminium_oxide,0.024660666662049656,0,0.0,2008-2012,2018-2022,13d858d19a0b7ba67369b7bf2346fa425e379e835b4ea6e83703340c719aa547,9704b972d3c33904afcb818f87ccd461d988fd30910e9788031d4176df032cd0,3f504e0bc00e47e2d3674e97ef03bed09c060383c94ac723bd7c7c9e56fa4a85
main,aluminium,NGA,exp_corundum,NGA|exp_corundum,0.012914666731310934,0,0.0,2008-2012,2018-2022,13d858d19a0b7ba67369b7bf2346fa425e379e835b4ea6e83703340c719aa547,9704b972d3c33904afcb818f87ccd461d988fd30910e9788031d4176df032cd0,3f504e0bc00e47e2d3674e97ef03bed09c060383c94ac723bd7c7c9e56fa4a85
main,aluminium,NGA,exp_semis_foil,NGA|exp_semis_foil,0.014254916513058477,1,213.892,2008-2012,2018-2022,13d858d19a0b7ba67369b7bf2346fa425e379e835b4ea6e83703340c719aa547,9704b972d3c33904afcb818f87ccd461d988fd30910e9788031d4176df032cd0,3f504e0bc00e47e2d3674e97ef03bed09c060383c94ac723bd7c7c9e56fa4a85
main,aluminium,NIU,exp_semis_barrod,NIU|exp_semis_barrod,0.0332578866310858,0,0.0,2008-2012,2018-2022,13d858d19a0b7ba67369b7bf2346fa425e379e835b4ea6e83703340c719aa547,9704b972d3c33904afcb818f87ccd461d988fd30910e9788031d4176df032cd0,3f504e0bc00e47e2d3674e97ef03bed09c060383c94ac723bd7c7c9e56fa4a85
main,aluminium,NIU,exp_semis_foil,NIU|exp_semis_foil,0.033930129248782914,0,0.0,2008-2012,2018-2022,13d858d19a0b7ba67369b7bf2346fa425e379e835b4ea6e83703340c719aa547,9704b972d3c33904afcb818f87ccd461d988fd30910e9788031d4176df032cd0,3f504e0bc00e47e2d3674e97ef03bed09c060383c94ac723bd7c7c9e56fa4a85
main,aluminium,NIU,exp_semis_plate,NIU|exp_semis_plate,0.03371543022785442,0,0.0,2008-2012,2018-2022,13d858d19a0b7ba67369b7bf2346fa425e379e835b4ea6e83703340c719aa547,9704b972d3c33904afcb818f87ccd461d988fd30910e9788031d4176df032cd0,3f504e0bc00e47e2d3674e97ef03bed09c060383c94ac723bd7c7c9e56fa4a85
main,aluminium,NIU,exp_semis_tube,NIU|exp_semis_tube,0.03258608595354604,0,0.0,2008-2012,2018-2022,13d858d19a0b7ba67369b7bf2346fa425e379e835b4ea6e83703340c719aa547,9704b972d3c33904afcb818f87ccd461d988fd30910e9788031d4176df032cd0,3f504e0bc00e47e2d3674e97ef03bed09c060383c94ac723bd7c7c9e56fa4a85
main,aluminium,NIU,exp_semis_wire,NIU|exp_semis_wire,0.029267774969220988,0,0.0,2008-2012,2018-2022,13d858d19a0b7ba67369b7bf2346fa425e379e835b4ea6e83703340c719aa547,9704b972d3c33904afcb818f87ccd461d988fd30910e9788031d4176df032cd0,3f504e0bc00e47e2d3674e97ef03bed09c060383c94ac723bd7c7c9e56fa4a85
main,aluminium,NOR,exp_corundum,NOR|exp_corundum,0.06908953263638637,0,0.0,2008-2012,2018-2022,13d858d19a0b7ba67369b7bf2346fa425e379e835b4ea6e83703340c719aa547,9704b972d3c33904afcb818f87ccd461d988fd30910e9788031d4176df032cd0,3f504e0bc00e47e2d3674e97ef03bed09c060383c94ac723bd7c7c9e56fa4a85
main,aluminium,NZL,exp_aluminium_oxide,NZL|exp_aluminium_oxide,0.15536418917004594,0,0.0,2008-2012,2018-2022,13d858d19a0b7ba67369b7bf2346fa425e379e835b4ea6e83703340c719aa547,9704b972d3c33904afcb818f87ccd461d988fd30910e9788031d4176df032cd0,3f504e0bc00e47e2d3674e97ef03bed09c060383c94ac723bd7c7c9e56fa4a85
main,aluminium,NZL,exp_corundum,NZL|exp_corundum,0.11784643106450039,0,0.0,2008-2012,2018-2022,13d858d19a0b7ba67369b7bf2346fa425e379e835b4ea6e83703340c719aa547,9704b972d3c33904afcb818f87ccd461d988fd30910e9788031d4176df032cd0,3f504e0bc00e47e2d3674e97ef03bed09c060383c94ac723bd7c7c9e56fa4a85
main,aluminium,OMN,exp_aluminium_hydroxide,OMN|exp_aluminium_hydroxide,0.03826577803700422,1,194.8344,2008-2012,2018-2022,13d858d19a0b7ba67369b7bf2346fa425e379e835b4ea6e83703340c719aa547,9704b972d3c33904afcb818f87ccd461d988fd30910e9788031d4176df032cd0,3f504e0bc00e47e2d3674e97ef03bed09c060383c94ac723bd7c7c9e56fa4a85
main,aluminium,OMN,exp_corundum,OMN|exp_corundum,0.029941402845720996,0,0.0,2008-2012,2018-2022,13d858d19a0b7ba67369b7bf2346fa425e379e835b4ea6e83703340c719aa547,9704b972d3c33904afcb818f87ccd461d988fd30910e9788031d4176df032cd0,3f504e0bc00e47e2d3674e97ef03bed09c060383c94ac723bd7c7c9e56fa4a85
main,aluminium,OMN,exp_semis_tube,OMN|exp_semis_tube,0.03924046188993246,1,3926.047200000001,2008-2012,2018-2022,13d858d19a0b7ba67369b7bf2346fa425e379e835b4ea6e83703340c719aa547,9704b972d3c33904afcb818f87ccd461d988fd30910e9788031d4176df032cd0,3f504e0bc00e47e2d3674e97ef03bed09c060383c94ac723bd7c7c9e56fa4a85
main,aluminium,PAK,exp_semis_foil,PAK|exp_semis_foil,0.16932744417528145,1,208.913,2008-2012,2018-2022,13d858d19a0b7ba67369b7bf2346fa425e379e835b4ea6e83703340c719aa547,9704b972d3c33904afcb818f87ccd461d988fd30910e9788031d4176df032cd0,3f504e0bc00e47e2d3674e97ef03bed09c060383c94ac723bd7c7c9e56fa4a85
main,aluminium,PAK,exp_semis_plate,PAK|exp_semis_plate,0.2014758253707688,1,325.78200000000004,2008-2012,2018-2022,13d858d19a0b7ba67369b7bf2346fa425e379e835b4ea6e83703340c719aa547,9704b972d3c33904afcb818f87ccd461d988fd30910e9788031d4176df032cd0,3f504e0bc00e47e2d3674e97ef03bed09c060383c94ac723bd7c7c9e56fa4a85
main,aluminium,PAN,exp_aluminium_oxide,PAN|exp_aluminium_oxide,0.1706562048770507,0,0.0,2008-2012,2018-2022,13d858d19a0b7ba67369b7bf2346fa425e379e835b4ea6e83703340c719aa547,9704b972d3c33904afcb818f87ccd461d988fd30910e9788031d4176df032cd0,3f504e0bc00e47e2d3674e97ef03bed09c060383c94ac723bd7c7c9e56fa4a85
main,aluminium,PAN,exp_corundum,PAN|exp_corundum,0.1775269065289222,0,0.0,2008-2012,2018-2022,13d858d19a0b7ba67369b7bf2346fa425e379e835b4ea6e83703340c719aa547,9704b972d3c33904afcb818f87ccd461d988fd30910e9788031d4176df032cd0,3f504e0bc00e47e2d3674e97ef03bed09c060383c94ac723bd7c7c9e56fa4a85
main,aluminium,PAN,exp_semis_wire,PAN|exp_semis_wire,0.18403135576843496,0,0.0,2008-2012,2018-2022,13d858d19a0b7ba67369b7bf2346fa425e379e835b4ea6e83703340c719aa547,9704b972d3c33904afcb818f87ccd461d988fd30910e9788031d4176df032cd0,3f504e0bc00e47e2d3674e97ef03bed09c060383c94ac723bd7c7c9e56fa4a85
main,aluminium,PER,exp_semis_plate,PER|exp_semis_plate,0.0958823543635192,0,0.0,2008-2012,2018-2022,13d858d19a0b7ba67369b7bf2346fa425e379e835b4ea6e83703340c719aa547,9704b972d3c33904afcb818f87ccd461d988fd30910e9788031d4176df032cd0,3f504e0bc00e47e2d3674e97ef03bed09c060383c94ac723bd7c7c9e56fa4a85
main,aluminium,PER,exp_semis_tube,PER|exp_semis_tube,0.08997013315049347,0,0.0,2008-2012,2018-2022,13d858d19a0b7ba67369b7bf2346fa425e379e835b4ea6e83703340c719aa547,9704b972d3c33904afcb818f87ccd461d988fd30910e9788031d4176df032cd0,3f504e0bc00e47e2d3674e97ef03bed09c060383c94ac723bd7c7c9e56fa4a85
main,aluminium,PER,exp_semis_wire,PER|exp_semis_wire,0.0938433491577692,1,117.5994,2008-2012,2018-2022,13d858d19a0b7ba67369b7bf2346fa425e379e835b4ea6e83703340c719aa547,9704b972d3c33904afcb818f87ccd461d988fd30910e9788031d4176df032cd0,3f504e0bc00e47e2d3674e97ef03bed09c060383c94ac723bd7c7c9e56fa4a85
main,aluminium,POL,exp_aluminium_hydroxide,POL|exp_aluminium_hydroxide,0.319057176524363,1,338.0686,2008-2012,2018-2022,13d858d19a0b7ba67369b7bf2346fa425e379e835b4ea6e83703340c719aa547,9704b972d3c33904afcb818f87ccd461d988fd30910e9788031d4176df032cd0,3f504e0bc00e47e2d3674e97ef03bed09c060383c94ac723bd7c7c9e56fa4a85
main,aluminium,PRK,exp_semis_tube,PRK|exp_semis_tube,0.13233848905604031,0,0.0,2008-2012,2018-2022,13d858d19a0b7ba67369b7bf2346fa425e379e835b4ea6e83703340c719aa547,9704b972d3c33904afcb818f87ccd461d988fd30910e9788031d4176df032cd0,3f504e0bc00e47e2d3674e97ef03bed09c060383c94ac723bd7c7c9e56fa4a85
main,aluminium,PRK,exp_semis_wire,PRK|exp_semis_wire,0.12050841718511879,0,0.0,2008-2012,2018-2022,13d858d19a0b7ba67369b7bf2346fa425e379e835b4ea6e83703340c719aa547,9704b972d3c33904afcb818f87ccd461d988fd30910e9788031d4176df032cd0,3f504e0bc00e47e2d3674e97ef03bed09c060383c94ac723bd7c7c9e56fa4a85
main,aluminium,PSE,exp_semis_plate,PSE|exp_semis_plate,0.12807649442406221,1,362.3496,2008-2012,2018-2022,13d858d19a0b7ba67369b7bf2346fa425e379e835b4ea6e83703340c719aa547,9704b972d3c33904afcb818f87ccd461d988fd30910e9788031d4176df032cd0,3f504e0bc00e47e2d3674e97ef03bed09c060383c94ac723bd7c7c9e56fa4a85
main,aluminium,PSE,exp_semis_tube,PSE|exp_semis_tube,0.12298022595744695,1,715.3946,2008-2012,2018-2022,13d858d19a0b7ba67369b7bf2346fa425e379e835b4ea6e83703340c719aa547,9704b972d3c33904afcb818f87ccd461d988fd30910e9788031d4176df032cd0,3f504e0bc00e47e2d3674e97ef03bed09c060383c94ac723bd7c7c9e56fa4a85
main,aluminium,PSE,exp_semis_wire,PSE|exp_semis_wire,0.11719379581221237,0,0.0,2008-2012,2018-2022,13d858d19a0b7ba67369b7bf2346fa425e379e835b4ea6e83703340c719aa547,9704b972d3c33904afcb818f87ccd461d988fd30910e9788031d4176df032cd0,3f504e0bc00e47e2d3674e97ef03bed09c060383c94ac723bd7c7c9e56fa4a85
main,aluminium,QAT,exp_semis_wire,QAT|exp_semis_wire,0.011703944170272478,0,0.0,2008-2012,2018-2022,13d858d19a0b7ba67369b7bf2346fa425e379e835b4ea6e83703340c719aa547,9704b972d3c33904afcb818f87ccd461d988fd30910e9788031d4176df032cd0,3f504e0bc00e47e2d3674e97ef03bed09c060383c94ac723bd7c7c9e56fa4a85
main,aluminium,ROU,exp_corundum,ROU|exp_corundum,0.22352050609727428,0,0.0,2008-2012,2018-2022,13d858d19a0b7ba67369b7bf2346fa425e379e835b4ea6e83703340c719aa547,9704b972d3c33904afcb818f87ccd461d988fd30910e9788031d4176df032cd0,3f504e0bc00e47e2d3674e97ef03bed09c060383c94ac723bd7c7c9e56fa4a85
main,aluminium,RWA,exp_semis_foil,RWA|exp_semis_foil,0.045361429247635456,0,0.0,2008-2012,2018-2022,13d858d19a0b7ba67369b7bf2346fa425e379e835b4ea6e83703340c719aa547,9704b972d3c33904afcb818f87ccd461d988fd30910e9788031d4176df032cd0,3f504e0bc00e47e2d3674e97ef03bed09c060383c94ac723bd7c7c9e56fa4a85
main,aluminium,SAU,exp_aluminium_hydroxide,SAU|exp_aluminium_hydroxide,0.03574306634404466,1,1130.7238,2008-2012,2018-2022,13d858d19a0b7ba67369b7bf2346fa425e379e835b4ea6e83703340c719aa547,9704b972d3c33904afcb818f87ccd461d988fd30910e9788031d4176df032cd0,3f504e0bc00e47e2d3674e97ef03bed09c060383c94ac723bd7c7c9e56fa4a85
main,aluminium,SAU,exp_corundum,SAU|exp_corundum,0.025127547819348554,0,0.0,2008-2012,2018-2022,13d858d19a0b7ba67369b7bf2346fa425e379e835b4ea6e83703340c719aa547,9704b972d3c33904afcb818f87ccd461d988fd30910e9788031d4176df032cd0,3f504e0bc00e47e2d3674e97ef03bed09c060383c94ac723bd7c7c9e56fa4a85
main,aluminium,SGP,exp_corundum,SGP|exp_corundum,0.1325266886312519,0,0.0,2008-2012,2018-2022,13d858d19a0b7ba67369b7bf2346fa425e379e835b4ea6e83703340c719aa547,9704b972d3c33904afcb818f87ccd461d988fd30910e9788031d4176df032cd0,3f504e0bc00e47e2d3674e97ef03bed09c060383c94ac723bd7c7c9e56fa4a85
main,aluminium,SLE,exp_aluminium_hydroxide,SLE|exp_aluminium_hydroxide,0.04448489588115614,0,0.0,2008-2012,2018-2022,13d858d19a0b7ba67369b7bf2346fa425e379e835b4ea6e83703340c719aa547,9704b972d3c33904afcb818f87ccd461d988fd30910e9788031d4176df032cd0,3f504e0bc00e47e2d3674e97ef03bed09c060383c94ac723bd7c7c9e56fa4a85
main,aluminium,SLE,exp_aluminium_oxide,SLE|exp_aluminium_oxide,0.054783603370691866,0,0.0,2008-2012,2018-2022,13d858d19a0b7ba67369b7bf2346fa425e379e835b4ea6e83703340c719aa547,9704b972d3c33904afcb818f87ccd461d988fd30910e9788031d4176df032cd0,3f504e0bc00e47e2d3674e97ef03bed09c060383c94ac723bd7c7c9e56fa4a85
main,aluminium,SLE,exp_corundum,SLE|exp_corundum,0.04497280553387706,0,0.0,2008-2012,2018-2022,13d858d19a0b7ba67369b7bf2346fa425e379e835b4ea6e83703340c719aa547,9704b972d3c33904afcb818f87ccd461d988fd30910e9788031d4176df032cd0,3f504e0bc00e47e2d3674e97ef03bed09c060383c94ac723bd7c7c9e56fa4a85
main,aluminium,SLE,exp_semis_barrod,SLE|exp_semis_barrod,0.054749899186346464,0,0.0,2008-2012,2018-2022,13d858d19a0b7ba67369b7bf2346fa425e379e835b4ea6e83703340c719aa547,9704b972d3c33904afcb818f87ccd461d988fd30910e9788031d4176df032cd0,3f504e0bc00e47e2d3674e97ef03bed09c060383c94ac723bd7c7c9e56fa4a85
main,aluminium,SLE,exp_semis_foil,SLE|exp_semis_foil,0.04856341073737386,0,0.0,2008-2012,2018-2022,13d858d19a0b7ba67369b7bf2346fa425e379e835b4ea6e83703340c719aa547,9704b972d3c33904afcb818f87ccd461d988fd30910e9788031d4176df032cd0,3f504e0bc00e47e2d3674e97ef03bed09c060383c94ac723bd7c7c9e56fa4a85
main,aluminium,SLE,exp_semis_plate,SLE|exp_semis_plate,0.05300790912728899,0,0.0,2008-2012,2018-2022,13d858d19a0b7ba67369b7bf2346fa425e379e835b4ea6e83703340c719aa547,9704b972d3c33904afcb818f87ccd461d988fd30910e9788031d4176df032cd0,3f504e0bc00e47e2d3674e97ef03bed09c060383c94ac723bd7c7c9e56fa4a85
main,aluminium,SLE,exp_semis_tube,SLE|exp_semis_tube,0.04832195045798854,0,0.0,2008-2012,2018-2022,13d858d19a0b7ba67369b7bf2346fa425e379e835b4ea6e83703340c719aa547,9704b972d3c33904afcb818f87ccd461d988fd30910e9788031d4176df032cd0,3f504e0bc00e47e2d3674e97ef03bed09c060383c94ac723bd7c7c9e56fa4a85
main,aluminium,SLE,exp_semis_wire,SLE|exp_semis_wire,0.04600313423197784,0,0.0,2008-2012,2018-2022,13d858d19a0b7ba67369b7bf2346fa425e379e835b4ea6e83703340c719aa547,9704b972d3c33904afcb818f87ccd461d988fd30910e9788031d4176df032cd0,3f504e0bc00e47e2d3674e97ef03bed09c060383c94ac723bd7c7c9e56fa4a85
main,aluminium,SLE,exp_unwrought,SLE|exp_unwrought,0.05653316888430531,0,0.0,2008-2012,2018-2022,13d858d19a0b7ba67369b7bf2346fa425e379e835b4ea6e83703340c719aa547,9704b972d3c33904afcb818f87ccd461d988fd30910e9788031d4176df032cd0,3f504e0bc00e47e2d3674e97ef03bed09c060383c94ac723bd7c7c9e56fa4a85
main,aluminium,SLV,exp_semis_plate,SLV|exp_semis_plate,0.1310258732641996,0,0.0,2008-2012,2018-2022,13d858d19a0b7ba67369b7bf2346fa425e379e835b4ea6e83703340c719aa547,9704b972d3c33904afcb818f87ccd461d988fd30910e9788031d4176df032cd0,3f504e0bc00e47e2d3674e97ef03bed09c060383c94ac723bd7c7c9e56fa4a85
main,aluminium,SLV,exp_semis_wire,SLV|exp_semis_wire,0.1139341018672237,0,0.0,2008-2012,2018-2022,13d858d19a0b7ba67369b7bf2346fa425e379e835b4ea6e83703340c719aa547,9704b972d3c33904afcb818f87ccd461d988fd30910e9788031d4176df032cd0,3f504e0bc00e47e2d3674e97ef03bed09c060383c94ac723bd7c7c9e56fa4a85
main,aluminium,SMR,exp_semis_foil,SMR|exp_semis_foil,0.11524825604453508,0,0.0,2008-2012,2018-2022,13d858d19a0b7ba67369b7bf2346fa425e379e835b4ea6e83703340c719aa547,9704b972d3c33904afcb818f87ccd461d988fd30910e9788031d4176df032cd0,3f504e0bc00e47e2d3674e97ef03bed09c060383c94ac723bd7c7c9e56fa4a85
main,aluminium,SMR,exp_semis_plate,SMR|exp_semis_plate,0.11828078175308569,0,0.0,2008-2012,2018-2022,13d858d19a0b7ba67369b7bf2346fa425e379e835b4ea6e83703340c719aa547,9704b972d3c33904afcb818f87ccd461d988fd30910e9788031d4176df032cd0,3f504e0bc00e47e2d3674e97ef03bed09c060383c94ac723bd7c7c9e56fa4a85
main,aluminium,SMR,exp_semis_tube,SMR|exp_semis_tube,0.11560154137746004,0,0.0,2008-2012,2018-2022,13d858d19a0b7ba67369b7bf2346fa425e379e835b4ea6e83703340c719aa547,9704b972d3c33904afcb818f87ccd461d988fd30910e9788031d4176df032cd0,3f504e0bc00e47e2d3674e97ef03bed09c060383c94ac723bd7c7c9e56fa4a85
main,aluminium,SMR,exp_semis_wire,SMR|exp_semis_wire,0.10119764197745458,0,0.0,2008-2012,2018-2022,13d858d19a0b7ba67369b7bf2346fa425e379e835b4ea6e83703340c719aa547,9704b972d3c33904afcb818f87ccd461d988fd30910e9788031d4176df032cd0,3f504e0bc00e47e2d3674e97ef03bed09c060383c94ac723bd7c7c9e56fa4a85
main,aluminium,SRB,exp_aluminium_hydroxide,SRB|exp_aluminium_hydroxide,0.21732881786243516,0,0.0,2008-2012,2018-2022,13d858d19a0b7ba67369b7bf2346fa425e379e835b4ea6e83703340c719aa547,9704b972d3c33904afcb818f87ccd461d988fd30910e9788031d4176df032cd0,3f504e0bc00e47e2d3674e97ef03bed09c060383c94ac723bd7c7c9e56fa4a85
main,aluminium,SRB,exp_aluminium_oxide,SRB|exp_aluminium_oxide,0.21918147083365502,0,0.0,2008-2012,2018-2022,13d858d19a0b7ba67369b7bf2346fa425e379e835b4ea6e83703340c719aa547,9704b972d3c33904afcb818f87ccd461d988fd30910e9788031d4176df032cd0,3f504e0bc00e47e2d3674e97ef03bed09c060383c94ac723bd7c7c9e56fa4a85
main,aluminium,SRB,exp_corundum,SRB|exp_corundum,0.19384784073136826,0,0.0,2008-2012,2018-2022,13d858d19a0b7ba67369b7bf2346fa425e379e835b4ea6e83703340c719aa547,9704b972d3c33904afcb818f87ccd461d988fd30910e9788031d4176df032cd0,3f504e0bc00e47e2d3674e97ef03bed09c060383c94ac723bd7c7c9e56fa4a85
main,aluminium,SUR,exp_semis_barrod,SUR|exp_semis_barrod,0.03407921814638293,0,0.0,2008-2012,2018-2022,13d858d19a0b7ba67369b7bf2346fa425e379e835b4ea6e83703340c719aa547,9704b972d3c33904afcb818f87ccd461d988fd30910e9788031d4176df032cd0,3f504e0bc00e47e2d3674e97ef03bed09c060383c94ac723bd7c7c9e56fa4a85
main,aluminium,SUR,exp_semis_foil,SUR|exp_semis_foil,0.02671008168367552,0,0.0,2008-2012,2018-2022,13d858d19a0b7ba67369b7bf2346fa425e379e835b4ea6e83703340c719aa547,9704b972d3c33904afcb818f87ccd461d988fd30910e9788031d4176df032cd0,3f504e0bc00e47e2d3674e97ef03bed09c060383c94ac723bd7c7c9e56fa4a85
main,aluminium,SUR,exp_semis_plate,SUR|exp_semis_plate,0.030291179183249202,0,0.0,2008-2012,2018-2022,13d858d19a0b7ba67369b7bf2346fa425e379e835b4ea6e83703340c719aa547,9704b972d3c33904afcb818f87ccd461d988fd30910e9788031d4176df032cd0,3f504e0bc00e47e2d3674e97ef03bed09c060383c94ac723bd7c7c9e56fa4a85
main,aluminium,SUR,exp_semis_tube,SUR|exp_semis_tube,0.026387792514463427,0,0.0,2008-2012,2018-2022,13d858d19a0b7ba67369b7bf2346fa425e379e835b4ea6e83703340c719aa547,9704b972d3c33904afcb818f87ccd461d988fd30910e9788031d4176df032cd0,3f504e0bc00e47e2d3674e97ef03bed09c060383c94ac723bd7c7c9e56fa4a85
main,aluminium,SUR,exp_semis_wire,SUR|exp_semis_wire,0.029495853289928563,0,0.0,2008-2012,2018-2022,13d858d19a0b7ba67369b7bf2346fa425e379e835b4ea6e83703340c719aa547,9704b972d3c33904afcb818f87ccd461d988fd30910e9788031d4176df032cd0,3f504e0bc00e47e2d3674e97ef03bed09c060383c94ac723bd7c7c9e56fa4a85
main,aluminium,SVK,exp_aluminium_hydroxide,SVK|exp_aluminium_hydroxide,0.21233753624582252,0,0.0,2008-2012,2018-2022,13d858d19a0b7ba67369b7bf2346fa425e379e835b4ea6e83703340c719aa547,9704b972d3c33904afcb818f87ccd461d988fd30910e9788031d4176df032cd0,3f504e0bc00e47e2d3674e97ef03bed09c060383c94ac723bd7c7c9e56fa4a85
main,aluminium,SWE,exp_aluminium_oxide,SWE|exp_aluminium_oxide,0.23824470856255905,0,0.0,2008-2012,2018-2022,13d858d19a0b7ba67369b7bf2346fa425e379e835b4ea6e83703340c719aa547,9704b972d3c33904afcb818f87ccd461d988fd30910e9788031d4176df032cd0,3f504e0bc00e47e2d3674e97ef03bed09c060383c94ac723bd7c7c9e56fa4a85
main,aluminium,SWE,exp_corundum,SWE|exp_corundum,0.256268388855916,1,105.4432,2008-2012,2018-2022,13d858d19a0b7ba67369b7bf2346fa425e379e835b4ea6e83703340c719aa547,9704b972d3c33904afcb818f87ccd461d988fd30910e9788031d4176df032cd0,3f504e0bc00e47e2d3674e97ef03bed09c060383c94ac723bd7c7c9e56fa4a85
main,aluminium,SWZ,exp_corundum,SWZ|exp_corundum,0.10285267859269816,0,0.0,2008-2012,2018-2022,13d858d19a0b7ba67369b7bf2346fa425e379e835b4ea6e83703340c719aa547,9704b972d3c33904afcb818f87ccd461d988fd30910e9788031d4176df032cd0,3f504e0bc00e47e2d3674e97ef03bed09c060383c94ac723bd7c7c9e56fa4a85
main,aluminium,SWZ,exp_semis_foil,SWZ|exp_semis_foil,0.12036699753791553,0,0.0,2008-2012,2018-2022,13d858d19a0b7ba67369b7bf2346fa425e379e835b4ea6e83703340c719aa547,9704b972d3c33904afcb818f87ccd461d988fd30910e9788031d4176df032cd0,3f504e0bc00e47e2d3674e97ef03bed09c060383c94ac723bd7c7c9e56fa4a85
main,aluminium,SWZ,exp_semis_plate,SWZ|exp_semis_plate,0.12913647968102576,0,0.0,2008-2012,2018-2022,13d858d19a0b7ba67369b7bf2346fa425e379e835b4ea6e83703340c719aa547,9704b972d3c33904afcb818f87ccd461d988fd30910e9788031d4176df032cd0,3f504e0bc00e47e2d3674e97ef03bed09c060383c94ac723bd7c7c9e56fa4a85
main,aluminium,SWZ,exp_semis_tube,SWZ|exp_semis_tube,0.12096347242682652,0,0.0,2008-2012,2018-2022,13d858d19a0b7ba67369b7bf2346fa425e379e835b4ea6e83703340c719aa547,9704b972d3c33904afcb818f87ccd461d988fd30910e9788031d4176df032cd0,3f504e0bc00e47e2d3674e97ef03bed09c060383c94ac723bd7c7c9e56fa4a85
main,aluminium,SWZ,exp_semis_wire,SWZ|exp_semis_wire,0.1213895888222132,0,0.0,2008-2012,2018-2022,13d858d19a0b7ba67369b7bf2346fa425e379e835b4ea6e83703340c719aa547,9704b972d3c33904afcb818f87ccd461d988fd30910e9788031d4176df032cd0,3f504e0bc00e47e2d3674e97ef03bed09c060383c94ac723bd7c7c9e56fa4a85
main,aluminium,SYC,exp_semis_barrod,SYC|exp_semis_barrod,0.03990448842987087,0,0.0,2008-2012,2018-2022,13d858d19a0b7ba67369b7bf2346fa425e379e835b4ea6e83703340c719aa547,9704b972d3c33904afcb818f87ccd461d988fd30910e9788031d4176df032cd0,3f504e0bc00e47e2d3674e97ef03bed09c060383c94ac723bd7c7c9e56fa4a85
main,aluminium,SYC,exp_semis_foil,SYC|exp_semis_foil,0.036288959948353024,0,0.0,2008-2012,2018-2022,13d858d19a0b7ba67369b7bf2346fa425e379e835b4ea6e83703340c719aa547,9704b972d3c33904afcb818f87ccd461d988fd30910e9788031d4176df032cd0,3f504e0bc00e47e2d3674e97ef03bed09c060383c94ac723bd7c7c9e56fa4a85
main,aluminium,SYC,exp_semis_plate,SYC|exp_semis_plate,0.03727389366071973,0,0.0,2008-2012,2018-2022,13d858d19a0b7ba67369b7bf2346fa425e379e835b4ea6e83703340c719aa547,9704b972d3c33904afcb818f87ccd461d988fd30910e9788031d4176df032cd0,3f504e0bc00e47e2d3674e97ef03bed09c060383c94ac723bd7c7c9e56fa4a85
main,aluminium,SYC,exp_semis_tube,SYC|exp_semis_tube,0.03674058593441296,0,0.0,2008-2012,2018-2022,13d858d19a0b7ba67369b7bf2346fa425e379e835b4ea6e83703340c719aa547,9704b972d3c33904afcb818f87ccd461d988fd30910e9788031d4176df032cd0,3f504e0bc00e47e2d3674e97ef03bed09c060383c94ac723bd7c7c9e56fa4a85
main,aluminium,SYC,exp_semis_wire,SYC|exp_semis_wire,0.034953768314161845,0,0.0,2008-2012,2018-2022,13d858d19a0b7ba67369b7bf2346fa425e379e835b4ea6e83703340c719aa547,9704b972d3c33904afcb818f87ccd461d988fd30910e9788031d4176df032cd0,3f504e0bc00e47e2d3674e97ef03bed09c060383c94ac723bd7c7c9e56fa4a85
main,aluminium,THA,exp_corundum,THA|exp_corundum,0.20617977447102756,1,120.6276,2008-2012,2018-2022,13d858d19a0b7ba67369b7bf2346fa425e379e835b4ea6e83703340c719aa547,9704b972d3c33904afcb818f87ccd461d988fd30910e9788031d4176df032cd0,3f504e0bc00e47e2d3674e97ef03bed09c060383c94ac723bd7c7c9e56fa4a85
main,aluminium,TJK,exp_semis_foil,TJK|exp_semis_foil,0.033127012864921423,0,0.0,2008-2012,2018-2022,13d858d19a0b7ba67369b7bf2346fa425e379e835b4ea6e83703340c719aa547,9704b972d3c33904afcb818f87ccd461d988fd30910e9788031d4176df032cd0,3f504e0bc00e47e2d3674e97ef03bed09c060383c94ac723bd7c7c9e56fa4a85
main,aluminium,TTO,exp_corundum,TTO|exp_corundum,0.021936385415305237,0,0.0,2008-2012,2018-2022,13d858d19a0b7ba67369b7bf2346fa425e379e835b4ea6e83703340c719aa547,9704b972d3c33904afcb818f87ccd461d988fd30910e9788031d4176df032cd0,3f504e0bc00e47e2d3674e97ef03bed09c060383c94ac723bd7c7c9e56fa4a85
main,aluminium,TTO,exp_semis_foil,TTO|exp_semis_foil,0.029174560015198883,0,0.0,2008-2012,2018-2022,13d858d19a0b7ba67369b7bf2346fa425e379e835b4ea6e83703340c719aa547,9704b972d3c33904afcb818f87ccd461d988fd30910e9788031d4176df032cd0,3f504e0bc00e47e2d3674e97ef03bed09c060383c94ac723bd7c7c9e56fa4a85
main,aluminium,TTO,exp_semis_plate,TTO|exp_semis_plate,0.03229712616982445,0,0.0,2008-2012,2018-2022,13d858d19a0b7ba67369b7bf2346fa425e379e835b4ea6e83703340c719aa547,9704b972d3c33904afcb818f87ccd461d988fd30910e9788031d4176df032cd0,3f504e0bc00e47e2d3674e97ef03bed09c060383c94ac723bd7c7c9e56fa4a85
main,aluminium,TTO,exp_semis_tube,TTO|exp_semis_tube,0.027589592896766473,0,0.0,2008-2012,2018-2022,13d858d19a0b7ba67369b7bf2346fa425e379e835b4ea6e83703340c719aa547,9704b972d3c33904afcb818f87ccd461d988fd30910e9788031d4176df032cd0,3f504e0bc00e47e2d3674e97ef03bed09c060383c94ac723bd7c7c9e56fa4a85
main,aluminium,TTO,exp_semis_wire,TTO|exp_semis_wire,0.03123236488383066,0,0.0,2008-2012,2018-2022,13d858d19a0b7ba67369b7bf2346fa425e379e835b4ea6e83703340c719aa547,9704b972d3c33904afcb818f87ccd461d988fd30910e9788031d4176df032cd0,3f504e0bc00e47e2d3674e97ef03bed09c060383c94ac723bd7c7c9e56fa4a85
main,aluminium,TTO,exp_unwrought,TTO|exp_unwrought,0.04337617793798294,0,0.0,2008-2012,2018-2022,13d858d19a0b7ba67369b7bf2346fa425e379e835b4ea6e83703340c719aa547,9704b972d3c33904afcb818f87ccd461d988fd30910e9788031d4176df032cd0,3f504e0bc00e47e2d3674e97ef03bed09c060383c94ac723bd7c7c9e56fa4a85
main,aluminium,TUN,exp_semis_wire,TUN|exp_semis_wire,0.18201339648277673,1,491.5448,2008-2012,2018-2022,13d858d19a0b7ba67369b7bf2346fa425e379e835b4ea6e83703340c719aa547,9704b972d3c33904afcb818f87ccd461d988fd30910e9788031d4176df032cd0,3f504e0bc00e47e2d3674e97ef03bed09c060383c94ac723bd7c7c9e56fa4a85
main,aluminium,TUR,exp_corundum,TUR|exp_corundum,0.28925698895116936,1,601.314,2008-2012,2018-2022,13d858d19a0b7ba67369b7bf2346fa425e379e835b4ea6e83703340c719aa547,9704b972d3c33904afcb818f87ccd461d988fd30910e9788031d4176df032cd0,3f504e0bc00e47e2d3674e97ef03bed09c060383c94ac723bd7c7c9e56fa4a85
main,aluminium,TZA,exp_aluminium_hydroxide,TZA|exp_aluminium_hydroxide,0.10402405245199263,0,0.0,2008-2012,2018-2022,13d858d19a0b7ba67369b7bf2346fa425e379e835b4ea6e83703340c719aa547,9704b972d3c33904afcb818f87ccd461d988fd30910e9788031d4176df032cd0,3f504e0bc00e47e2d3674e97ef03bed09c060383c94ac723bd7c7c9e56fa4a85
main,aluminium,TZA,exp_aluminium_oxide,TZA|exp_aluminium_oxide,0.1202792530084234,0,0.0,2008-2012,2018-2022,13d858d19a0b7ba67369b7bf2346fa425e379e835b4ea6e83703340c719aa547,9704b972d3c33904afcb818f87ccd461d988fd30910e9788031d4176df032cd0,3f504e0bc00e47e2d3674e97ef03bed09c060383c94ac723bd7c7c9e56fa4a85
main,aluminium,TZA,exp_corundum,TZA|exp_corundum,0.08063191306759859,0,0.0,2008-2012,2018-2022,13d858d19a0b7ba67369b7bf2346fa425e379e835b4ea6e83703340c719aa547,9704b972d3c33904afcb818f87ccd461d988fd30910e9788031d4176df032cd0,3f504e0bc00e47e2d3674e97ef03bed09c060383c94ac723bd7c7c9e56fa4a85
main,aluminium,TZA,exp_semis_foil,TZA|exp_semis_foil,0.10149976638356713,1,294.087,2008-2012,2018-2022,13d858d19a0b7ba67369b7bf2346fa425e379e835b4ea6e83703340c719aa547,9704b972d3c33904afcb818f87ccd461d988fd30910e9788031d4176df032cd0,3f504e0bc00e47e2d3674e97ef03bed09c060383c94ac723bd7c7c9e56fa4a85
main,aluminium,TZA,exp_semis_tube,TZA|exp_semis_tube,0.10377209367477687,0,0.0,2008-2012,2018-2022,13d858d19a0b7ba67369b7bf2346fa425e379e835b4ea6e83703340c719aa547,9704b972d3c33904afcb818f87ccd461d988fd30910e9788031d4176df032cd0,3f504e0bc00e47e2d3674e97ef03bed09c060383c94ac723bd7c7c9e56fa4a85
main,aluminium,TZA,exp_semis_wire,TZA|exp_semis_wire,0.1081786106359367,0,0.0,2008-2012,2018-2022,13d858d19a0b7ba67369b7bf2346fa425e379e835b4ea6e83703340c719aa547,9704b972d3c33904afcb818f87ccd461d988fd30910e9788031d4176df032cd0,3f504e0bc00e47e2d3674e97ef03bed09c060383c94ac723bd7c7c9e56fa4a85
main,aluminium,UGA,exp_semis_barrod,UGA|exp_semis_barrod,0.1371285134958318,1,2845.3182,2008-2012,2018-2022,13d858d19a0b7ba67369b7bf2346fa425e379e835b4ea6e83703340c719aa547,9704b972d3c33904afcb818f87ccd461d988fd30910e9788031d4176df032cd0,3f504e0bc00e47e2d3674e97ef03bed09c060383c94ac723bd7c7c9e56fa4a85
main,aluminium,UGA,exp_semis_foil,UGA|exp_semis_foil,0.10702669267510549,1,393.677,2008-2012,2018-2022,13d858d19a0b7ba67369b7bf2346fa425e379e835b4ea6e83703340c719aa547,9704b972d3c33904afcb818f87ccd461d988fd30910e9788031d4176df032cd0,3f504e0bc00e47e2d3674e97ef03bed09c060383c94ac723bd7c7c9e56fa4a85
main,aluminium,UGA,exp_semis_tube,UGA|exp_semis_tube,0.1082763240375047,0,0.0,2008-2012,2018-2022,13d858d19a0b7ba67369b7bf2346fa425e379e835b4ea6e83703340c719aa547,9704b972d3c33904afcb818f87ccd461d988fd30910e9788031d4176df032cd0,3f504e0bc00e47e2d3674e97ef03bed09c060383c94ac723bd7c7c9e56fa4a85
main,aluminium,UGA,exp_semis_wire,UGA|exp_semis_wire,0.11110766696671504,0,0.0,2008-2012,2018-2022,13d858d19a0b7ba67369b7bf2346fa425e379e835b4ea6e83703340c719aa547,9704b972d3c33904afcb818f87ccd461d988fd30910e9788031d4176df032cd0,3f504e0bc00e47e2d3674e97ef03bed09c060383c94ac723bd7c7c9e56fa4a85
main,aluminium,URY,exp_aluminium_hydroxide,URY|exp_aluminium_hydroxide,0.09680555922290349,0,0.0,2008-2012,2018-2022,13d858d19a0b7ba67369b7bf2346fa425e379e835b4ea6e83703340c719aa547,9704b972d3c33904afcb818f87ccd461d988fd30910e9788031d4176df032cd0,3f504e0bc00e47e2d3674e97ef03bed09c060383c94ac723bd7c7c9e56fa4a85
main,aluminium,URY,exp_aluminium_oxide,URY|exp_aluminium_oxide,0.10075951416472348,0,0.0,2008-2012,2018-2022,13d858d19a0b7ba67369b7bf2346fa425e379e835b4ea6e83703340c719aa547,9704b972d3c33904afcb818f87ccd461d988fd30910e9788031d4176df032cd0,3f504e0bc00e47e2d3674e97ef03bed09c060383c94ac723bd7c7c9e56fa4a85
main,aluminium,URY,exp_corundum,URY|exp_corundum,0.07576314537214665,0,0.0,2008-2012,2018-2022,13d858d19a0b7ba67369b7bf2346fa425e379e835b4ea6e83703340c719aa547,9704b972d3c33904afcb818f87ccd461d988fd30910e9788031d4176df032cd0,3f504e0bc00e47e2d3674e97ef03bed09c060383c94ac723bd7c7c9e56fa4a85
main,aluminium,URY,exp_semis_plate,URY|exp_semis_plate,0.08859101267021313,0,0.0,2008-2012,2018-2022,13d858d19a0b7ba67369b7bf2346fa425e379e835b4ea6e83703340c719aa547,9704b972d3c33904afcb818f87ccd461d988fd30910e9788031d4176df032cd0,3f504e0bc00e47e2d3674e97ef03bed09c060383c94ac723bd7c7c9e56fa4a85
main,aluminium,URY,exp_semis_tube,URY|exp_semis_tube,0.08758001065969395,1,559.2529999999999,2008-2012,2018-2022,13d858d19a0b7ba67369b7bf2346fa425e379e835b4ea6e83703340c719aa547,9704b972d3c33904afcb818f87ccd461d988fd30910e9788031d4176df032cd0,3f504e0bc00e47e2d3674e97ef03bed09c060383c94ac723bd7c7c9e56fa4a85
main,aluminium,URY,exp_semis_wire,URY|exp_semis_wire,0.09271776189805972,0,0.0,2008-2012,2018-2022,13d858d19a0b7ba67369b7bf2346fa425e379e835b4ea6e83703340c719aa547,9704b972d3c33904afcb818f87ccd461d988fd30910e9788031d4176df032cd0,3f504e0bc00e47e2d3674e97ef03bed09c060383c94ac723bd7c7c9e56fa4a85
main,aluminium,URY,exp_unwrought,URY|exp_unwrought,0.1121611161702046,0,0.0,2008-2012,2018-2022,13d858d19a0b7ba67369b7bf2346fa425e379e835b4ea6e83703340c719aa547,9704b972d3c33904afcb818f87ccd461d988fd30910e9788031d4176df032cd0,3f504e0bc00e47e2d3674e97ef03bed09c060383c94ac723bd7c7c9e56fa4a85
main,aluminium,UZB,exp_semis_foil,UZB|exp_semis_foil,0.053724162204588,0,0.0,2008-2012,2018-2022,13d858d19a0b7ba67369b7bf2346fa425e379e835b4ea6e83703340c719aa547,9704b972d3c33904afcb818f87ccd461d988fd30910e9788031d4176df032cd0,3f504e0bc00e47e2d3674e97ef03bed09c060383c94ac723bd7c7c9e56fa4a85
main,aluminium,UZB,exp_semis_wire,UZB|exp_semis_wire,0.06105354225910634,0,0.0,2008-2012,2018-2022,13d858d19a0b7ba67369b7bf2346fa425e379e835b4ea6e83703340c719aa547,9704b972d3c33904afcb818f87ccd461d988fd30910e9788031d4176df032cd0,3f504e0bc00e47e2d3674e97ef03bed09c060383c94ac723bd7c7c9e56fa4a85
main,aluminium,VGB,exp_semis_barrod,VGB|exp_semis_barrod,0.05219755436583948,0,0.0,2008-2012,2018-2022,13d858d19a0b7ba67369b7bf2346fa425e379e835b4ea6e83703340c719aa547,9704b972d3c33904afcb818f87ccd461d988fd30910e9788031d4176df032cd0,3f504e0bc00e47e2d3674e97ef03bed09c060383c94ac723bd7c7c9e56fa4a85
main,aluminium,VGB,exp_semis_plate,VGB|exp_semis_plate,0.05153575408886499,0,0.0,2008-2012,2018-2022,13d858d19a0b7ba67369b7bf2346fa425e379e835b4ea6e83703340c719aa547,9704b972d3c33904afcb818f87ccd461d988fd30910e9788031d4176df032cd0,3f504e0bc00e47e2d3674e97ef03bed09c060383c94ac723bd7c7c9e56fa4a85
main,aluminium,VGB,exp_semis_tube,VGB|exp_semis_tube,0.0508766772762502,0,0.0,2008-2012,2018-2022,13d858d19a0b7ba67369b7bf2346fa425e379e835b4ea6e83703340c719aa547,9704b972d3c33904afcb818f87ccd461d988fd30910e9788031d4176df032cd0,3f504e0bc00e47e2d3674e97ef03bed09c060383c94ac723bd7c7c9e56fa4a85
main,aluminium,VGB,exp_semis_wire,VGB|exp_semis_wire,0.048172303030182696,0,0.0,2008-2012,2018-2022,13d858d19a0b7ba67369b7bf2346fa425e379e835b4ea6e83703340c719aa547,9704b972d3c33904afcb818f87ccd461d988fd30910e9788031d4176df032cd0,3f504e0bc00e47e2d3674e97ef03bed09c060383c94ac723bd7c7c9e56fa4a85
main,aluminium,VNM,exp_aluminium_oxide,VNM|exp_aluminium_oxide,0.19236356442423486,1,478724.0864,2008-2012,2018-2022,13d858d19a0b7ba67369b7bf2346fa425e379e835b4ea6e83703340c719aa547,9704b972d3c33904afcb818f87ccd461d988fd30910e9788031d4176df032cd0,3f504e0bc00e47e2d3674e97ef03bed09c060383c94ac723bd7c7c9e56fa4a85
main,aluminium,VNM,exp_corundum,VNM|exp_corundum,0.1715894374195742,0,0.0,2008-2012,2018-2022,13d858d19a0b7ba67369b7bf2346fa425e379e835b4ea6e83703340c719aa547,9704b972d3c33904afcb818f87ccd461d988fd30910e9788031d4176df032cd0,3f504e0bc00e47e2d3674e97ef03bed09c060383c94ac723bd7c7c9e56fa4a85
main,aluminium,YEM,exp_semis_foil,YEM|exp_semis_foil,0.030429987576066932,0,0.0,2008-2012,2018-2022,13d858d19a0b7ba67369b7bf2346fa425e379e835b4ea6e83703340c719aa547,9704b972d3c33904afcb818f87ccd461d988fd30910e9788031d4176df032cd0,3f504e0bc00e47e2d3674e97ef03bed09c060383c94ac723bd7c7c9e56fa4a85
main,aluminium,YEM,exp_semis_plate,YEM|exp_semis_plate,0.0361593523575862,0,0.0,2008-2012,2018-2022,13d858d19a0b7ba67369b7bf2346fa425e379e835b4ea6e83703340c719aa547,9704b972d3c33904afcb818f87ccd461d988fd30910e9788031d4176df032cd0,3f504e0bc00e47e2d3674e97ef03bed09c060383c94ac723bd7c7c9e56fa4a85
main,aluminium,YEM,exp_semis_tube,YEM|exp_semis_tube,0.03009283161357153,0,0.0,2008-2012,2018-2022,13d858d19a0b7ba67369b7bf2346fa425e379e835b4ea6e83703340c719aa547,9704b972d3c33904afcb818f87ccd461d988fd30910e9788031d4176df032cd0,3f504e0bc00e47e2d3674e97ef03bed09c060383c94ac723bd7c7c9e56fa4a85
main,aluminium,YEM,exp_semis_wire,YEM|exp_semis_wire,0.03390427046957193,0,0.0,2008-2012,2018-2022,13d858d19a0b7ba67369b7bf2346fa425e379e835b4ea6e83703340c719aa547,9704b972d3c33904afcb818f87ccd461d988fd30910e9788031d4176df032cd0,3f504e0bc00e47e2d3674e97ef03bed09c060383c94ac723bd7c7c9e56fa4a85
main,aluminium,ZMB,exp_semis_barrod,ZMB|exp_semis_barrod,0.04766369994670396,1,314.2758,2008-2012,2018-2022,13d858d19a0b7ba67369b7bf2346fa425e379e835b4ea6e83703340c719aa547,9704b972d3c33904afcb818f87ccd461d988fd30910e9788031d4176df032cd0,3f504e0bc00e47e2d3674e97ef03bed09c060383c94ac723bd7c7c9e56fa4a85
main,aluminium,ZMB,exp_semis_foil,ZMB|exp_semis_foil,0.03926331500092093,0,0.0,2008-2012,2018-2022,13d858d19a0b7ba67369b7bf2346fa425e379e835b4ea6e83703340c719aa547,9704b972d3c33904afcb818f87ccd461d988fd30910e9788031d4176df032cd0,3f504e0bc00e47e2d3674e97ef03bed09c060383c94ac723bd7c7c9e56fa4a85
main,aluminium,ZMB,exp_semis_plate,ZMB|exp_semis_plate,0.04754615534306003,0,0.0,2008-2012,2018-2022,13d858d19a0b7ba67369b7bf2346fa425e379e835b4ea6e83703340c719aa547,9704b972d3c33904afcb818f87ccd461d988fd30910e9788031d4176df032cd0,3f504e0bc00e47e2d3674e97ef03bed09c060383c94ac723bd7c7c9e56fa4a85
main,aluminium,ZMB,exp_semis_tube,ZMB|exp_semis_tube,0.03917124109084329,0,0.0,2008-2012,2018-2022,13d858d19a0b7ba67369b7bf2346fa425e379e835b4ea6e83703340c719aa547,9704b972d3c33904afcb818f87ccd461d988fd30910e9788031d4176df032cd0,3f504e0bc00e47e2d3674e97ef03bed09c060383c94ac723bd7c7c9e56fa4a85
main,aluminium,ZMB,exp_semis_wire,ZMB|exp_semis_wire,0.043116160794412085,1,166.0348,2008-2012,2018-2022,13d858d19a0b7ba67369b7bf2346fa425e379e835b4ea6e83703340c719aa547,9704b972d3c33904afcb818f87ccd461d988fd30910e9788031d4176df032cd0,3f504e0bc00e47e2d3674e97ef03bed09c060383c94ac723bd7c7c9e56fa4a85
main,nickel,AGO,exp_bars_wire,AGO|exp_bars_wire,0.0011156290255496845,0,0.0,2008-2012,2018-2022,89f5b937f9b0a20fe79834a1bd1c98425b83db549a1f4059d1e147dfa5bdad2d,9704b972d3c33904afcb818f87ccd461d988fd30910e9788031d4176df032cd0,3f504e0bc00e47e2d3674e97ef03bed09c060383c94ac723bd7c7c9e56fa4a85
main,nickel,AGO,exp_nickel_salts,AGO|exp_nickel_salts,0.0016643073797870248,0,0.0,2008-2012,2018-2022,89f5b937f9b0a20fe79834a1bd1c98425b83db549a1f4059d1e147dfa5bdad2d,9704b972d3c33904afcb818f87ccd461d988fd30910e9788031d4176df032cd0,3f504e0bc00e47e2d3674e97ef03bed09c060383c94ac723bd7c7c9e56fa4a85
main,nickel,AGO,exp_other,AGO|exp_other,0.002319225584097443,0,0.0,2008-2012,2018-2022,89f5b937f9b0a20fe79834a1bd1c98425b83db549a1f4059d1e147dfa5bdad2d,9704b972d3c33904afcb818f87ccd461d988fd30910e9788031d4176df032cd0,3f504e0bc00e47e2d3674e97ef03bed09c060383c94ac723bd7c7c9e56fa4a85
main,nickel,AGO,exp_plates_foil,AGO|exp_plates_foil,0.0013109762002195934,0,0.0,2008-2012,2018-2022,89f5b937f9b0a20fe79834a1bd1c98425b83db549a1f4059d1e147dfa5bdad2d,9704b972d3c33904afcb818f87ccd461d988fd30910e9788031d4176df032cd0,3f504e0bc00e47e2d3674e97ef03bed09c060383c94ac723bd7c7c9e56fa4a85
main,nickel,AGO,exp_powder,AGO|exp_powder,0.001968300954733665,0,0.0,2008-2012,2018-2022,89f5b937f9b0a20fe79834a1bd1c98425b83db549a1f4059d1e147dfa5bdad2d,9704b972d3c33904afcb818f87ccd461d988fd30910e9788031d4176df032cd0,3f504e0bc00e47e2d3674e97ef03bed09c060383c94ac723bd7c7c9e56fa4a85
main,nickel,AGO,exp_tubes,AGO|exp_tubes,0.0010685089055660537,0,0.0,2008-2012,2018-2022,89f5b937f9b0a20fe79834a1bd1c98425b83db549a1f4059d1e147dfa5bdad2d,9704b972d3c33904afcb818f87ccd461d988fd30910e9788031d4176df032cd0,3f504e0bc00e47e2d3674e97ef03bed09c060383c94ac723bd7c7c9e56fa4a85
main,nickel,AGO,exp_unwrought,AGO|exp_unwrought,0.00216895566904593,0,0.0,2008-2012,2018-2022,89f5b937f9b0a20fe79834a1bd1c98425b83db549a1f4059d1e147dfa5bdad2d,9704b972d3c33904afcb818f87ccd461d988fd30910e9788031d4176df032cd0,3f504e0bc00e47e2d3674e97ef03bed09c060383c94ac723bd7c7c9e56fa4a85
main,nickel,ALB,exp_bars_wire,ALB|exp_bars_wire,0.10980452838135325,0,0.0,2008-2012,2018-2022,89f5b937f9b0a20fe79834a1bd1c98425b83db549a1f4059d1e147dfa5bdad2d,9704b972d3c33904afcb818f87ccd461d988fd30910e9788031d4176df032cd0,3f504e0bc00e47e2d3674e97ef03bed09c060383c94ac723bd7c7c9e56fa4a85
main,nickel,ALB,exp_nickel_intermediate,ALB|exp_nickel_intermediate,0.13881950184341163,0,0.0,2008-2012,2018-2022,89f5b937f9b0a20fe79834a1bd1c98425b83db549a1f4059d1e147dfa5bdad2d,9704b972d3c33904afcb818f87ccd461d988fd30910e9788031d4176df032cd0,3f504e0bc00e47e2d3674e97ef03bed09c060383c94ac723bd7c7c9e56fa4a85
main,nickel,ALB,exp_nickel_matte,ALB|exp_nickel_matte,0.12544788364340548,0,0.0,2008-2012,2018-2022,89f5b937f9b0a20fe79834a1bd1c98425b83db549a1f4059d1e147dfa5bdad2d,9704b972d3c33904afcb818f87ccd461d988fd30910e9788031d4176df032cd0,3f504e0bc00e47e2d3674e97ef03bed09c060383c94ac723bd7c7c9e56fa4a85
main,nickel,ALB,exp_nickel_salts,ALB|exp_nickel_salts,0.11358305227708176,0,0.0,2008-2012,2018-2022,89f5b937f9b0a20fe79834a1bd1c98425b83db549a1f4059d1e147dfa5bdad2d,9704b972d3c33904afcb818f87ccd461d988fd30910e9788031d4176df032cd0,3f504e0bc00e47e2d3674e97ef03bed09c060383c94ac723bd7c7c9e56fa4a85
main,nickel,ALB,exp_other,ALB|exp_other,0.1296228767211481,0,0.0,2008-2012,2018-2022,89f5b937f9b0a20fe79834a1bd1c98425b83db549a1f4059d1e147dfa5bdad2d,9704b972d3c33904afcb818f87ccd461d988fd30910e9788031d4176df032cd0,3f504e0bc00e47e2d3674e97ef03bed09c060383c94ac723bd7c7c9e56fa4a85
main,nickel,ALB,exp_plates_foil,ALB|exp_plates_foil,0.10686936111674245,0,0.0,2008-2012,2018-2022,89f5b937f9b0a20fe79834a1bd1c98425b83db549a1f4059d1e147dfa5bdad2d,9704b972d3c33904afcb818f87ccd461d988fd30910e9788031d4176df032cd0,3f504e0bc00e47e2d3674e97ef03bed09c060383c94ac723bd7c7c9e56fa4a85
main,nickel,ALB,exp_powder,ALB|exp_powder,0.10600979402484918,0,0.0,2008-2012,2018-2022,89f5b937f9b0a20fe79834a1bd1c98425b83db549a1f4059d1e147dfa5bdad2d,9704b972d3c33904afcb818f87ccd461d988fd30910e9788031d4176df032cd0,3f504e0bc00e47e2d3674e97ef03bed09c060383c94ac723bd7c7c9e56fa4a85
main,nickel,ALB,exp_tubes,ALB|exp_tubes,0.11748043547051716,0,0.0,2008-2012,2018-2022,89f5b937f9b0a20fe79834a1bd1c98425b83db549a1f4059d1e147dfa5bdad2d,9704b972d3c33904afcb818f87ccd461d988fd30910e9788031d4176df032cd0,3f504e0bc00e47e2d3674e97ef03bed09c060383c94ac723bd7c7c9e56fa4a85
main,nickel,ARE,exp_powder,ARE|exp_powder,0.0721919730713515,1,274.1,2008-2012,2018-2022,89f5b937f9b0a20fe79834a1bd1c98425b83db549a1f4059d1e147dfa5bdad2d,9704b972d3c33904afcb818f87ccd461d988fd30910e9788031d4176df032cd0,3f504e0bc00e47e2d3674e97ef03bed09c060383c94ac723bd7c7c9e56fa4a85
main,nickel,AUS,exp_nickel_salts,AUS|exp_nickel_salts,0.071030568515498,1,13566.6512,2008-2012,2018-2022,89f5b937f9b0a20fe79834a1bd1c98425b83db549a1f4059d1e147dfa5bdad2d,9704b972d3c33904afcb818f87ccd461d988fd30910e9788031d4176df032cd0,3f504e0bc00e47e2d3674e97ef03bed09c060383c94ac723bd7c7c9e56fa4a85
main,nickel,BGR,exp_nickel_salts,BGR|exp_nickel_salts,0.1778167879602314,1,1472.3302,2008-2012,2018-2022,89f5b937f9b0a20fe79834a1bd1c98425b83db549a1f4059d1e147dfa5bdad2d,9704b972d3c33904afcb818f87ccd461d988fd30910e9788031d4176df032cd0,3f504e0bc00e47e2d3674e97ef03bed09c060383c94ac723bd7c7c9e56fa4a85
main,nickel,BGR,exp_powder,BGR|exp_powder,0.18176218786497694,0,0.0,2008-2012,2018-2022,89f5b937f9b0a20fe79834a1bd1c98425b83db549a1f4059d1e147dfa5bdad2d,9704b972d3c33904afcb818f87ccd461d988fd30910e9788031d4176df032cd0,3f504e0bc00e47e2d3674e97ef03bed09c060383c94ac723bd7c7c9e56fa4a85
main,nickel,BGR,exp_tubes,BGR|exp_tubes,0.19467393939069885,0,0.0,2008-2012,2018-2022,89f5b937f9b0a20fe79834a1bd1c98425b83db549a1f4059d1e147dfa5bdad2d,9704b972d3c33904afcb818f87ccd461d988fd30910e9788031d4176df032cd0,3f504e0bc00e47e2d3674e97ef03bed09c060383c94ac723bd7c7c9e56fa4a85
main,nickel,BHR,exp_bars_wire,BHR|exp_bars_wire,0.04516574883046578,1,1990.473,2008-2012,2018-2022,89f5b937f9b0a20fe79834a1bd1c98425b83db549a1f4059d1e147dfa5bdad2d,9704b972d3c33904afcb818f87ccd461d988fd30910e9788031d4176df032cd0,3f504e0bc00e47e2d3674e97ef03bed09c060383c94ac723bd7c7c9e56fa4a85
main,nickel,BHR,exp_nickel_salts,BHR|exp_nickel_salts,0.04520633420349146,0,0.0,2008-2012,2018-2022,89f5b937f9b0a20fe79834a1bd1c98425b83db549a1f4059d1e147dfa5bdad2d,9704b972d3c33904afcb818f87ccd461d988fd30910e9788031d4176df032cd0,3f504e0bc00e47e2d3674e97ef03bed09c060383c94ac723bd7c7c9e56fa4a85
main,nickel,BHR,exp_other,BHR|exp_other,0.05271210385491931,1,141.914,2008-2012,2018-2022,89f5b937f9b0a20fe79834a1bd1c98425b83db549a1f4059d1e147dfa5bdad2d,9704b972d3c33904afcb818f87ccd461d988fd30910e9788031d4176df032cd0,3f504e0bc00e47e2d3674e97ef03bed09c060383c94ac723bd7c7c9e56fa4a85
main,nickel,BHR,exp_powder,BHR|exp_powder,0.05057900239599438,0,0.0,2008-2012,2018-2022,89f5b937f9b0a20fe79834a1bd1c98425b83db549a1f4059d1e147dfa5bdad2d,9704b972d3c33904afcb818f87ccd461d988fd30910e9788031d4176df032cd0,3f504e0bc00e47e2d3674e97ef03bed09c060383c94ac723bd7c7c9e56fa4a85
main,nickel,BHR,exp_tubes,BHR|exp_tubes,0.044731227145158786,1,1081.29,2008-2012,2018-2022,89f5b937f9b0a20fe79834a1bd1c98425b83db549a1f4059d1e147dfa5bdad2d,9704b972d3c33904afcb818f87ccd461d988fd30910e9788031d4176df032cd0,3f504e0bc00e47e2d3674e97ef03bed09c060383c94ac723bd7c7c9e56fa4a85
main,nickel,BHS,exp_bars_wire,BHS|exp_bars_wire,0.02747711830032784,0,0.0,2008-2012,2018-2022,89f5b937f9b0a20fe79834a1bd1c98425b83db549a1f4059d1e147dfa5bdad2d,9704b972d3c33904afcb818f87ccd461d988fd30910e9788031d4176df032cd0,3f504e0bc00e47e2d3674e97ef03bed09c060383c94ac723bd7c7c9e56fa4a85
main,nickel,BHS,exp_nickel_salts,BHS|exp_nickel_salts,0.02638389998825822,0,0.0,2008-2012,2018-2022,89f5b937f9b0a20fe79834a1bd1c98425b83db549a1f4059d1e147dfa5bdad2d,9704b972d3c33904afcb818f87ccd461d988fd30910e9788031d4176df032cd0,3f504e0bc00e47e2d3674e97ef03bed09c060383c94ac723bd7c7c9e56fa4a85
main,nickel,BHS,exp_other,BHS|exp_other,0.03165447521065637,0,0.0,2008-2012,2018-2022,89f5b937f9b0a20fe79834a1bd1c98425b83db549a1f4059d1e147dfa5bdad2d,9704b972d3c33904afcb818f87ccd461d988fd30910e9788031d4176df032cd0,3f504e0bc00e47e2d3674e97ef03bed09c060383c94ac723bd7c7c9e56fa4a85
main,nickel,BHS,exp_plates_foil,BHS|exp_plates_foil,0.026204371163646628,0,0.0,2008-2012,2018-2022,89f5b937f9b0a20fe79834a1bd1c98425b83db549a1f4059d1e147dfa5bdad2d,9704b972d3c33904afcb818f87ccd461d988fd30910e9788031d4176df032cd0,3f504e0bc00e47e2d3674e97ef03bed09c060383c94ac723bd7c7c9e56fa4a85
main,nickel,BHS,exp_tubes,BHS|exp_tubes,0.0262836583418355,0,0.0,2008-2012,2018-2022,89f5b937f9b0a20fe79834a1bd1c98425b83db549a1f4059d1e147dfa5bdad2d,9704b972d3c33904afcb818f87ccd461d988fd30910e9788031d4176df032cd0,3f504e0bc00e47e2d3674e97ef03bed09c060383c94ac723bd7c7c9e56fa4a85
main,nickel,BOL,exp_bars_wire,BOL|exp_bars_wire,0.03107166563451662,0,0.0,2008-2012,2018-2022,89f5b937f9b0a20fe79834a1bd1c98425b83db549a1f4059d1e147dfa5bdad2d,9704b972d3c33904afcb818f87ccd461d988fd30910e9788031d4176df032cd0,3f504e0bc00e47e2d3674e97ef03bed09c060383c94ac723bd7c7c9e56fa4a85
main,nickel,BOL,exp_nickel_salts,BOL|exp_nickel_salts,0.02986093717602173,0,0.0,2008-2012,2018-2022,89f5b937f9b0a20fe79834a1bd1c98425b83db549a1f4059d1e147dfa5bdad2d,9704b972d3c33904afcb818f87ccd461d988fd30910e9788031d4176df032cd0,3f504e0bc00e47e2d3674e97ef03bed09c060383c94ac723bd7c7c9e56fa4a85
main,nickel,BOL,exp_other,BOL|exp_other,0.03508188127076033,0,0.0,2008-2012,2018-2022,89f5b937f9b0a20fe79834a1bd1c98425b83db549a1f4059d1e147dfa5bdad2d,9704b972d3c33904afcb818f87ccd461d988fd30910e9788031d4176df032cd0,3f504e0bc00e47e2d3674e97ef03bed09c060383c94ac723bd7c7c9e56fa4a85
main,nickel,BOL,exp_plates_foil,BOL|exp_plates_foil,0.028990284078234233,0,0.0,2008-2012,2018-2022,89f5b937f9b0a20fe79834a1bd1c98425b83db549a1f4059d1e147dfa5bdad2d,9704b972d3c33904afcb818f87ccd461d988fd30910e9788031d4176df032cd0,3f504e0bc00e47e2d3674e97ef03bed09c060383c94ac723bd7c7c9e56fa4a85
main,nickel,BOL,exp_powder,BOL|exp_powder,0.03398722251135434,0,0.0,2008-2012,2018-2022,89f5b937f9b0a20fe79834a1bd1c98425b83db549a1f4059d1e147dfa5bdad2d,9704b972d3c33904afcb818f87ccd461d988fd30910e9788031d4176df032cd0,3f504e0bc00e47e2d3674e97ef03bed09c060383c94ac723bd7c7c9e56fa4a85
main,nickel,BOL,exp_tubes,BOL|exp_tubes,0.02897171146021029,0,0.0,2008-2012,2018-2022,89f5b937f9b0a20fe79834a1bd1c98425b83db549a1f4059d1e147dfa5bdad2d,9704b972d3c33904afcb818f87ccd461d988fd30910e9788031d4176df032cd0,3f504e0bc00e47e2d3674e97ef03bed09c060383c94ac723bd7c7c9e56fa4a85
main,nickel,BOL,exp_unwrought,BOL|exp_unwrought,0.03479999110912458,0,0.0,2008-2012,2018-2022,89f5b937f9b0a20fe79834a1bd1c98425b83db549a1f4059d1e147dfa5bdad2d,9704b972d3c33904afcb818f87ccd461d988fd30910e9788031d4176df032cd0,3f504e0bc00e47e2d3674e97ef03bed09c060383c94ac723bd7c7c9e56fa4a85
main,nickel,BRA,exp_nickel_intermediate,BRA|exp_nickel_intermediate,0.13210187741117674,0,0.0,2008-2012,2018-2022,89f5b937f9b0a20fe79834a1bd1c98425b83db549a1f4059d1e147dfa5bdad2d,9704b972d3c33904afcb818f87ccd461d988fd30910e9788031d4176df032cd0,3f504e0bc00e47e2d3674e97ef03bed09c060383c94ac723bd7c7c9e56fa4a85
main,nickel,BRA,exp_powder,BRA|exp_powder,0.1348691404341803,0,0.0,2008-2012,2018-2022,89f5b937f9b0a20fe79834a1bd1c98425b83db549a1f4059d1e147dfa5bdad2d,9704b972d3c33904afcb818f87ccd461d988fd30910e9788031d4176df032cd0,3f504e0bc00e47e2d3674e97ef03bed09c060383c94ac723bd7c7c9e56fa4a85
main,nickel,BWA,exp_bars_wire,BWA|exp_bars_wire,0.043405733221953756,0,0.0,2008-2012,2018-2022,89f5b937f9b0a20fe79834a1bd1c98425b83db549a1f4059d1e147dfa5bdad2d,9704b972d3c33904afcb818f87ccd461d988fd30910e9788031d4176df032cd0,3f504e0bc00e47e2d3674e97ef03bed09c060383c94ac723bd7c7c9e56fa4a85
main,nickel,BWA,exp_ferronickel,BWA|exp_ferronickel,0.05910798805583833,0,0.0,2008-2012,2018-2022,89f5b937f9b0a20fe79834a1bd1c98425b83db549a1f4059d1e147dfa5bdad2d,9704b972d3c33904afcb818f87ccd461d988fd30910e9788031d4176df032cd0,3f504e0bc00e47e2d3674e97ef03bed09c060383c94ac723bd7c7c9e56fa4a85
main,nickel,BWA,exp_other,BWA|exp_other,0.049500226587391186,0,0.0,2008-2012,2018-2022,89f5b937f9b0a20fe79834a1bd1c98425b83db549a1f4059d1e147dfa5bdad2d,9704b972d3c33904afcb818f87ccd461d988fd30910e9788031d4176df032cd0,3f504e0bc00e47e2d3674e97ef03bed09c060383c94ac723bd7c7c9e56fa4a85
main,nickel,BWA,exp_plates_foil,BWA|exp_plates_foil,0.05036944256168443,1,529.2293999999999,2008-2012,2018-2022,89f5b937f9b0a20fe79834a1bd1c98425b83db549a1f4059d1e147dfa5bdad2d,9704b972d3c33904afcb818f87ccd461d988fd30910e9788031d4176df032cd0,3f504e0bc00e47e2d3674e97ef03bed09c060383c94ac723bd7c7c9e56fa4a85
main,nickel,BWA,exp_powder,BWA|exp_powder,0.054650032844208135,0,0.0,2008-2012,2018-2022,89f5b937f9b0a20fe79834a1bd1c98425b83db549a1f4059d1e147dfa5bdad2d,9704b972d3c33904afcb818f87ccd461d988fd30910e9788031d4176df032cd0,3f504e0bc00e47e2d3674e97ef03bed09c060383c94ac723bd7c7c9e56fa4a85
main,nickel,BWA,exp_tubes,BWA|exp_tubes,0.04289465707223163,0,0.0,2008-2012,2018-2022,89f5b937f9b0a20fe79834a1bd1c98425b83db549a1f4059d1e147dfa5bdad2d,9704b972d3c33904afcb818f87ccd461d988fd30910e9788031d4176df032cd0,3f504e0bc00e47e2d3674e97ef03bed09c060383c94ac723bd7c7c9e56fa4a85
main,nickel,BWA,exp_unwrought,BWA|exp_unwrought,0.05668766709546507,0,0.0,2008-2012,2018-2022,89f5b937f9b0a20fe79834a1bd1c98425b83db549a1f4059d1e147dfa5bdad2d,9704b972d3c33904afcb818f87ccd461d988fd30910e9788031d4176df032cd0,3f504e0bc00e47e2d3674e97ef03bed09c060383c94ac723bd7c7c9e56fa4a85
main,nickel,CHE,exp_powder,CHE|exp_powder,0.2024721750055573,0,0.0,2008-2012,2018-2022,89f5b937f9b0a20fe79834a1bd1c98425b83db549a1f4059d1e147dfa5bdad2d,9704b972d3c33904afcb818f87ccd461d988fd30910e9788031d4176df032cd0,3f504e0bc00e47e2d3674e97ef03bed09c060383c94ac723bd7c7c9e56fa4a85
main,nickel,CHL,exp_bars_wire,CHL|exp_bars_wire,0.06309221240882078,0,0.0,2008-2012,2018-2022,89f5b937f9b0a20fe79834a1bd1c98425b83db549a1f4059d1e147dfa5bdad2d,9704b972d3c33904afcb818f87ccd461d988fd30910e9788031d4176df032cd0,3f504e0bc00e47e2d3674e97ef03bed09c060383c94ac723bd7c7c9e56fa4a85
main,nickel,CHL,exp_nickel_salts,CHL|exp_nickel_salts,0.05747400922859727,0,0.0,2008-2012,2018-2022,89f5b937f9b0a20fe79834a1bd1c98425b83db549a1f4059d1e147dfa5bdad2d,9704b972d3c33904afcb818f87ccd461d988fd30910e9788031d4176df032cd0,3f504e0bc00e47e2d3674e97ef03bed09c060383c94ac723bd7c7c9e56fa4a85
main,nickel,CHL,exp_other,CHL|exp_other,0.07841638735917866,0,0.0,2008-2012,2018-2022,89f5b937f9b0a20fe79834a1bd1c98425b83db549a1f4059d1e147dfa5bdad2d,9704b972d3c33904afcb818f87ccd461d988fd30910e9788031d4176df032cd0,3f504e0bc00e47e2d3674e97ef03bed09c060383c94ac723bd7c7c9e56fa4a85
main,nickel,CHL,exp_plates_foil,CHL|exp_plates_foil,0.05817625236850212,0,0.0,2008-2012,2018-2022,89f5b937f9b0a20fe79834a1bd1c98425b83db549a1f4059d1e147dfa5bdad2d,9704b972d3c33904afcb818f87ccd461d988fd30910e9788031d4176df032cd0,3f504e0bc00e47e2d3674e97ef03bed09c060383c94ac723bd7c7c9e56fa4a85
main,nickel,CHL,exp_tubes,CHL|exp_tubes,0.059747472087336106,0,0.0,2008-2012,2018-2022,89f5b937f9b0a20fe79834a1bd1c98425b83db549a1f4059d1e147dfa5bdad2d,9704b972d3c33904afcb818f87ccd461d988fd30910e9788031d4176df032cd0,3f504e0bc00e47e2d3674e97ef03bed09c060383c94ac723bd7c7c9e56fa4a85
main,nickel,COD,exp_bars_wire,COD|exp_bars_wire,0.012256398188904545,0,0.0,2008-2012,2018-2022,89f5b937f9b0a20fe79834a1bd1c98425b83db549a1f4059d1e147dfa5bdad2d,9704b972d3c33904afcb818f87ccd461d988fd30910e9788031d4176df032cd0,3f504e0bc00e47e2d3674e97ef03bed09c060383c94ac723bd7c7c9e56fa4a85
main,nickel,COD,exp_plates_foil,COD|exp_plates_foil,0.013918939990570133,0,0.0,2008-2012,2018-2022,89f5b937f9b0a20fe79834a1bd1c98425b83db549a1f4059d1e147dfa5bdad2d,9704b972d3c33904afcb818f87ccd461d988fd30910e9788031d4176df032cd0,3f504e0bc00e47e2d3674e97ef03bed09c060383c94ac723bd7c7c9e56fa4a85
main,nickel,COD,exp_powder,COD|exp_powder,0.018106224548199056,0,0.0,2008-2012,2018-2022,89f5b937f9b0a20fe79834a1bd1c98425b83db549a1f4059d1e147dfa5bdad2d,9704b972d3c33904afcb818f87ccd461d988fd30910e9788031d4176df032cd0,3f504e0bc00e47e2d3674e97ef03bed09c060383c94ac723bd7c7c9e56fa4a85
main,nickel,COD,exp_tubes,COD|exp_tubes,0.010299100745772019,0,0.0,2008-2012,2018-2022,89f5b937f9b0a20fe79834a1bd1c98425b83db549a1f4059d1e147dfa5bdad2d,9704b972d3c33904afcb818f87ccd461d988fd30910e9788031d4176df032cd0,3f504e0bc00e47e2d3674e97ef03bed09c060383c94ac723bd7c7c9e56fa4a85
main,nickel,COD,exp_unwrought,COD|exp_unwrought,0.01630580778271999,0,0.0,2008-2012,2018-2022,89f5b937f9b0a20fe79834a1bd1c98425b83db549a1f4059d1e147dfa5bdad2d,9704b972d3c33904afcb818f87ccd461d988fd30910e9788031d4176df032cd0,3f504e0bc00e47e2d3674e97ef03bed09c060383c94ac723bd7c7c9e56fa4a85
main,nickel,COG,exp_bars_wire,COG|exp_bars_wire,0.012162467407019109,0,0.0,2008-2012,2018-2022,89f5b937f9b0a20fe79834a1bd1c98425b83db549a1f4059d1e147dfa5bdad2d,9704b972d3c33904afcb818f87ccd461d988fd30910e9788031d4176df032cd0,3f504e0bc00e47e2d3674e97ef03bed09c060383c94ac723bd7c7c9e56fa4a85
main,nickel,COG,exp_nickel_salts,COG|exp_nickel_salts,0.013416150235920767,0,0.0,2008-2012,2018-2022,89f5b937f9b0a20fe79834a1bd1c98425b83db549a1f4059d1e147dfa5bdad2d,9704b972d3c33904afcb818f87ccd461d988fd30910e9788031d4176df032cd0,3f504e0bc00e47e2d3674e97ef03bed09c060383c94ac723bd7c7c9e56fa4a85
main,nickel,COG,exp_other,COG|exp_other,0.012627391132459394,0,0.0,2008-2012,2018-2022,89f5b937f9b0a20fe79834a1bd1c98425b83db549a1f4059d1e147dfa5bdad2d,9704b972d3c33904afcb818f87ccd461d988fd30910e9788031d4176df032cd0,3f504e0bc00e47e2d3674e97ef03bed09c060383c94ac723bd7c7c9e56fa4a85
main,nickel,COG,exp_plates_foil,COG|exp_plates_foil,0.012577115604884665,0,0.0,2008-2012,2018-2022,89f5b937f9b0a20fe79834a1bd1c98425b83db549a1f4059d1e147dfa5bdad2d,9704b972d3c33904afcb818f87ccd461d988fd30910e9788031d4176df032cd0,3f504e0bc00e47e2d3674e97ef03bed09c060383c94ac723bd7c7c9e56fa4a85
main,nickel,COG,exp_powder,COG|exp_powder,0.016665869623194822,0,0.0,2008-2012,2018-2022,89f5b937f9b0a20fe79834a1bd1c98425b83db549a1f4059d1e147dfa5bdad2d,9704b972d3c33904afcb818f87ccd461d988fd30910e9788031d4176df032cd0,3f504e0bc00e47e2d3674e97ef03bed09c060383c94ac723bd7c7c9e56fa4a85
main,nickel,COG,exp_tubes,COG|exp_tubes,0.010449310028430137,0,0.0,2008-2012,2018-2022,89f5b937f9b0a20fe79834a1bd1c98425b83db549a1f4059d1e147dfa5bdad2d,9704b972d3c33904afcb818f87ccd461d988fd30910e9788031d4176df032cd0,3f504e0bc00e47e2d3674e97ef03bed09c060383c94ac723bd7c7c9e56fa4a85
main,nickel,COG,exp_unwrought,COG|exp_unwrought,0.016886763624534448,0,0.0,2008-2012,2018-2022,89f5b937f9b0a20fe79834a1bd1c98425b83db549a1f4059d1e147dfa5bdad2d,9704b972d3c33904afcb818f87ccd461d988fd30910e9788031d4176df032cd0,3f504e0bc00e47e2d3674e97ef03bed09c060383c94ac723bd7c7c9e56fa4a85
main,nickel,COL,exp_bars_wire,COL|exp_bars_wire,0.07353188945310017,0,0.0,2008-2012,2018-2022,89f5b937f9b0a20fe79834a1bd1c98425b83db549a1f4059d1e147dfa5bdad2d,9704b972d3c33904afcb818f87ccd461d988fd30910e9788031d4176df032cd0,3f504e0bc00e47e2d3674e97ef03bed09c060383c94ac723bd7c7c9e56fa4a85
main,nickel,COL,exp_nickel_salts,COL|exp_nickel_salts,0.07795459357347481,0,0.0,2008-2012,2018-2022,89f5b937f9b0a20fe79834a1bd1c98425b83db549a1f4059d1e147dfa5bdad2d,9704b972d3c33904afcb818f87ccd461d988fd30910e9788031d4176df032cd0,3f504e0bc00e47e2d3674e97ef03bed09c060383c94ac723bd7c7c9e56fa4a85
main,nickel,COL,exp_other,COL|exp_other,0.09013248951740682,0,0.0,2008-2012,2018-2022,89f5b937f9b0a20fe79834a1bd1c98425b83db549a1f4059d1e147dfa5bdad2d,9704b972d3c33904afcb818f87ccd461d988fd30910e9788031d4176df032cd0,3f504e0bc00e47e2d3674e97ef03bed09c060383c94ac723bd7c7c9e56fa4a85
main,nickel,COL,exp_plates_foil,COL|exp_plates_foil,0.07133237378651769,0,0.0,2008-2012,2018-2022,89f5b937f9b0a20fe79834a1bd1c98425b83db549a1f4059d1e147dfa5bdad2d,9704b972d3c33904afcb818f87ccd461d988fd30910e9788031d4176df032cd0,3f504e0bc00e47e2d3674e97ef03bed09c060383c94ac723bd7c7c9e56fa4a85
main,nickel,COL,exp_powder,COL|exp_powder,0.0781927832506035,0,0.0,2008-2012,2018-2022,89f5b937f9b0a20fe79834a1bd1c98425b83db549a1f4059d1e147dfa5bdad2d,9704b972d3c33904afcb818f87ccd461d988fd30910e9788031d4176df032cd0,3f504e0bc00e47e2d3674e97ef03bed09c060383c94ac723bd7c7c9e56fa4a85
main,nickel,COL,exp_tubes,COL|exp_tubes,0.076612598116,0,0.0,2008-2012,2018-2022,89f5b937f9b0a20fe79834a1bd1c98425b83db549a1f4059d1e147dfa5bdad2d,9704b972d3c33904afcb818f87ccd461d988fd30910e9788031d4176df032cd0,3f504e0bc00e47e2d3674e97ef03bed09c060383c94ac723bd7c7c9e56fa4a85
main,nickel,CRI,exp_nickel_salts,CRI|exp_nickel_salts,0.06723441066862368,0,0.0,2008-2012,2018-2022,89f5b937f9b0a20fe79834a1bd1c98425b83db549a1f4059d1e147dfa5bdad2d,9704b972d3c33904afcb818f87ccd461d988fd30910e9788031d4176df032cd0,3f504e0bc00e47e2d3674e97ef03bed09c060383c94ac723bd7c7c9e56fa4a85
main,nickel,CRI,exp_plates_foil,CRI|exp_plates_foil,0.0628457478013379,0,0.0,2008-2012,2018-2022,89f5b937f9b0a20fe79834a1bd1c98425b83db549a1f4059d1e147dfa5bdad2d,9704b972d3c33904afcb818f87ccd461d988fd30910e9788031d4176df032cd0,3f504e0bc00e47e2d3674e97ef03bed09c060383c94ac723bd7c7c9e56fa4a85
main,nickel,CRI,exp_powder,CRI|exp_powder,0.07225991504463714,0,0.0,2008-2012,2018-2022,89f5b937f9b0a20fe79834a1bd1c98425b83db549a1f4059d1e147dfa5bdad2d,9704b972d3c33904afcb818f87ccd461d988fd30910e9788031d4176df032cd0,3f504e0bc00e47e2d3674e97ef03bed09c060383c94ac723bd7c7c9e56fa4a85
main,nickel,CRI,exp_tubes,CRI|exp_tubes,0.06910479667715855,1,2366.0052,2008-2012,2018-2022,89f5b937f9b0a20fe79834a1bd1c98425b83db549a1f4059d1e147dfa5bdad2d,9704b972d3c33904afcb818f87ccd461d988fd30910e9788031d4176df032cd0,3f504e0bc00e47e2d3674e97ef03bed09c060383c94ac723bd7c7c9e56fa4a85
main,nickel,CRI,exp_unwrought,CRI|exp_unwrought,0.0717950045903961,0,0.0,2008-2012,2018-2022,89f5b937f9b0a20fe79834a1bd1c98425b83db549a1f4059d1e147dfa5bdad2d,9704b972d3c33904afcb818f87ccd461d988fd30910e9788031d4176df032cd0,3f504e0bc00e47e2d3674e97ef03bed09c060383c94ac723bd7c7c9e56fa4a85
main,nickel,CUB,exp_bars_wire,CUB|exp_bars_wire,0.027353006838541027,0,0.0,2008-2012,2018-2022,89f5b937f9b0a20fe79834a1bd1c98425b83db549a1f4059d1e147dfa5bdad2d,9704b972d3c33904afcb818f87ccd461d988fd30910e9788031d4176df032cd0,3f504e0bc00e47e2d3674e97ef03bed09c060383c94ac723bd7c7c9e56fa4a85
main,nickel,CUB,exp_nickel_salts,CUB|exp_nickel_salts,0.022970690280412348,0,0.0,2008-2012,2018-2022,89f5b937f9b0a20fe79834a1bd1c98425b83db549a1f4059d1e147dfa5bdad2d,9704b972d3c33904afcb818f87ccd461d988fd30910e9788031d4176df032cd0,3f504e0bc00e47e2d3674e97ef03bed09c060383c94ac723bd7c7c9e56fa4a85
main,nickel,CUB,exp_other,CUB|exp_other,0.03160545455032111,0,0.0,2008-2012,2018-2022,89f5b937f9b0a20fe79834a1bd1c98425b83db549a1f4059d1e147dfa5bdad2d,9704b972d3c33904afcb818f87ccd461d988fd30910e9788031d4176df032cd0,3f504e0bc00e47e2d3674e97ef03bed09c060383c94ac723bd7c7c9e56fa4a85
main,nickel,CUB,exp_plates_foil,CUB|exp_plates_foil,0.023953594639724785,0,0.0,2008-2012,2018-2022,89f5b937f9b0a20fe79834a1bd1c98425b83db549a1f4059d1e147dfa5bdad2d,9704b972d3c33904afcb818f87ccd461d988fd30910e9788031d4176df032cd0,3f504e0bc00e47e2d3674e97ef03bed09c060383c94ac723bd7c7c9e56fa4a85
main,nickel,CUB,exp_powder,CUB|exp_powder,0.03135358072151576,0,0.0,2008-2012,2018-2022,89f5b937f9b0a20fe79834a1bd1c98425b83db549a1f4059d1e147dfa5bdad2d,9704b972d3c33904afcb818f87ccd461d988fd30910e9788031d4176df032cd0,3f504e0bc00e47e2d3674e97ef03bed09c060383c94ac723bd7c7c9e56fa4a85
main,nickel,CUB,exp_tubes,CUB|exp_tubes,0.024398017797522768,0,0.0,2008-2012,2018-2022,89f5b937f9b0a20fe79834a1bd1c98425b83db549a1f4059d1e147dfa5bdad2d,9704b972d3c33904afcb818f87ccd461d988fd30910e9788031d4176df032cd0,3f504e0bc00e47e2d3674e97ef03bed09c060383c94ac723bd7c7c9e56fa4a85
main,nickel,CYP,exp_bars_wire,CYP|exp_bars_wire,0.13847413693459673,0,0.0,2008-2012,2018-2022,89f5b937f9b0a20fe79834a1bd1c98425b83db549a1f4059d1e147dfa5bdad2d,9704b972d3c33904afcb818f87ccd461d988fd30910e9788031d4176df032cd0,3f504e0bc00e47e2d3674e97ef03bed09c060383c94ac723bd7c7c9e56fa4a85
main,nickel,CYP,exp_nickel_salts,CYP|exp_nickel_salts,0.12542705844522953,1,1983.9482,2008-2012,2018-2022,89f5b937f9b0a20fe79834a1bd1c98425b83db549a1f4059d1e147dfa5bdad2d,9704b972d3c33904afcb818f87ccd461d988fd30910e9788031d4176df032cd0,3f504e0bc00e47e2d3674e97ef03bed09c060383c94ac723bd7c7c9e56fa4a85
main,nickel,CYP,exp_other,CYP|exp_other,0.15359907173575094,0,0.0,2008-2012,2018-2022,89f5b937f9b0a20fe79834a1bd1c98425b83db549a1f4059d1e147dfa5bdad2d,9704b972d3c33904afcb818f87ccd461d988fd30910e9788031d4176df032cd0,3f504e0bc00e47e2d3674e97ef03bed09c060383c94ac723bd7c7c9e56fa4a85
main,nickel,CYP,exp_plates_foil,CYP|exp_plates_foil,0.1236038088406623,0,0.0,2008-2012,2018-2022,89f5b937f9b0a20fe79834a1bd1c98425b83db549a1f4059d1e147dfa5bdad2d,9704b972d3c33904afcb818f87ccd461d988fd30910e9788031d4176df032cd0,3f504e0bc00e47e2d3674e97ef03bed09c060383c94ac723bd7c7c9e56fa4a85
main,nickel,CYP,exp_powder,CYP|exp_powder,0.14573160102899166,0,0.0,2008-2012,2018-2022,89f5b937f9b0a20fe79834a1bd1c98425b83db549a1f4059d1e147dfa5bdad2d,9704b972d3c33904afcb818f87ccd461d988fd30910e9788031d4176df032cd0,3f504e0bc00e47e2d3674e97ef03bed09c060383c94ac723bd7c7c9e56fa4a85
main,nickel,CYP,exp_tubes,CYP|exp_tubes,0.14169022012808383,0,0.0,2008-2012,2018-2022,89f5b937f9b0a20fe79834a1bd1c98425b83db549a1f4059d1e147dfa5bdad2d,9704b972d3c33904afcb818f87ccd461d988fd30910e9788031d4176df032cd0,3f504e0bc00e47e2d3674e97ef03bed09c060383c94ac723bd7c7c9e56fa4a85
main,nickel,DMA,exp_bars_wire,DMA|exp_bars_wire,0.07917058358817994,0,0.0,2008-2012,2018-2022,89f5b937f9b0a20fe79834a1bd1c98425b83db549a1f4059d1e147dfa5bdad2d,9704b972d3c33904afcb818f87ccd461d988fd30910e9788031d4176df032cd0,3f504e0bc00e47e2d3674e97ef03bed09c060383c94ac723bd7c7c9e56fa4a85
main,nickel,DMA,exp_nickel_salts,DMA|exp_nickel_salts,0.07661170178065352,0,0.0,2008-2012,2018-2022,89f5b937f9b0a20fe79834a1bd1c98425b83db549a1f4059d1e147dfa5bdad2d,9704b972d3c33904afcb818f87ccd461d988fd30910e9788031d4176df032cd0,3f504e0bc00e47e2d3674e97ef03bed09c060383c94ac723bd7c7c9e56fa4a85
main,nickel,DMA,exp_other,DMA|exp_other,0.08713335175419873,0,0.0,2008-2012,2018-2022,89f5b937f9b0a20fe79834a1bd1c98425b83db549a1f4059d1e147dfa5bdad2d,9704b972d3c33904afcb818f87ccd461d988fd30910e9788031d4176df032cd0,3f504e0bc00e47e2d3674e97ef03bed09c060383c94ac723bd7c7c9e56fa4a85
main,nickel,DMA,exp_plates_foil,DMA|exp_plates_foil,0.07414704559378028,0,0.0,2008-2012,2018-2022,89f5b937f9b0a20fe79834a1bd1c98425b83db549a1f4059d1e147dfa5bdad2d,9704b972d3c33904afcb818f87ccd461d988fd30910e9788031d4176df032cd0,3f504e0bc00e47e2d3674e97ef03bed09c060383c94ac723bd7c7c9e56fa4a85
main,nickel,DMA,exp_powder,DMA|exp_powder,0.0762485616430729,0,0.0,2008-2012,2018-2022,89f5b937f9b0a20fe79834a1bd1c98425b83db549a1f4059d1e147dfa5bdad2d,9704b972d3c33904afcb818f87ccd461d988fd30910e9788031d4176df032cd0,3f504e0bc00e47e2d3674e97ef03bed09c060383c94ac723bd7c7c9e56fa4a85
main,nickel,DMA,exp_tubes,DMA|exp_tubes,0.08127919429489838,0,0.0,2008-2012,2018-2022,89f5b937f9b0a20fe79834a1bd1c98425b83db549a1f4059d1e147dfa5bdad2d,9704b972d3c33904afcb818f87ccd461d988fd30910e9788031d4176df032cd0,3f504e0bc00e47e2d3674e97ef03bed09c060383c94ac723bd7c7c9e56fa4a85
main,nickel,DMA,exp_unwrought,DMA|exp_unwrought,0.07815375619582118,0,0.0,2008-2012,2018-2022,89f5b937f9b0a20fe79834a1bd1c98425b83db549a1f4059d1e147dfa5bdad2d,9704b972d3c33904afcb818f87ccd461d988fd30910e9788031d4176df032cd0,3f504e0bc00e47e2d3674e97ef03bed09c060383c94ac723bd7c7c9e56fa4a85
main,nickel,DNK,exp_ferronickel,DNK|exp_ferronickel,0.2267507997481772,0,0.0,2008-2012,2018-2022,89f5b937f9b0a20fe79834a1bd1c98425b83db549a1f4059d1e147dfa5bdad2d,9704b972d3c33904afcb818f87ccd461d988fd30910e9788031d4176df032cd0,3f504e0bc00e47e2d3674e97ef03bed09c060383c94ac723bd7c7c9e56fa4a85
main,nickel,DNK,exp_nickel_intermediate,DNK|exp_nickel_intermediate,0.206075665827712,0,0.0,2008-2012,2018-2022,89f5b937f9b0a20fe79834a1bd1c98425b83db549a1f4059d1e147dfa5bdad2d,9704b972d3c33904afcb818f87ccd461d988fd30910e9788031d4176df032cd0,3f504e0bc00e47e2d3674e97ef03bed09c060383c94ac723bd7c7c9e56fa4a85
main,nickel,DNK,exp_nickel_matte,DNK|exp_nickel_matte,0.20877464664417747,0,0.0,2008-2012,2018-2022,89f5b937f9b0a20fe79834a1bd1c98425b83db549a1f4059d1e147dfa5bdad2d,9704b972d3c33904afcb818f87ccd461d988fd30910e9788031d4176df032cd0,3f504e0bc00e47e2d3674e97ef03bed09c060383c94ac723bd7c7c9e56fa4a85
main,nickel,DNK,exp_nickel_salts,DNK|exp_nickel_salts,0.2268354669313274,0,0.0,2008-2012,2018-2022,89f5b937f9b0a20fe79834a1bd1c98425b83db549a1f4059d1e147dfa5bdad2d,9704b972d3c33904afcb818f87ccd461d988fd30910e9788031d4176df032cd0,3f504e0bc00e47e2d3674e97ef03bed09c060383c94ac723bd7c7c9e56fa4a85
main,nickel,DNK,exp_powder,DNK|exp_powder,0.250046214074027,1,3377.6964000000003,2008-2012,2018-2022,89f5b937f9b0a20fe79834a1bd1c98425b83db549a1f4059d1e147dfa5bdad2d,9704b972d3c33904afcb818f87ccd461d988fd30910e9788031d4176df032cd0,3f504e0bc00e47e2d3674e97ef03bed09c060383c94ac723bd7c7c9e56fa4a85
main,nickel,DOM,exp_bars_wire,DOM|exp_bars_wire,0.08602361159290901,0,0.0,2008-2012,2018-2022,89f5b937f9b0a20fe79834a1bd1c98425b83db549a1f4059d1e147dfa5bdad2d,9704b972d3c33904afcb818f87ccd461d988fd30910e9788031d4176df032cd0,3f504e0bc00e47e2d3674e97ef03bed09c060383c94ac723bd7c7c9e56fa4a85
main,nickel,DOM,exp_nickel_salts,DOM|exp_nickel_salts,0.08611748307777906,0,0.0,2008-2012,2018-2022,89f5b937f9b0a20fe79834a1bd1c98425b83db549a1f4059d1e147dfa5bdad2d,9704b972d3c33904afcb818f87ccd461d988fd30910e9788031d4176df032cd0,3f504e0bc00e47e2d3674e97ef03bed09c060383c94ac723bd7c7c9e56fa4a85
main,nickel,DOM,exp_other,DOM|exp_other,0.10663702564355303,0,0.0,2008-2012,2018-2022,89f5b937f9b0a20fe79834a1bd1c98425b83db549a1f4059d1e147dfa5bdad2d,9704b972d3c33904afcb818f87ccd461d988fd30910e9788031d4176df032cd0,3f504e0bc00e47e2d3674e97ef03bed09c060383c94ac723bd7c7c9e56fa4a85
main,nickel,DOM,exp_plates_foil,DOM|exp_plates_foil,0.08224938881154152,0,0.0,2008-2012,2018-2022,89f5b937f9b0a20fe79834a1bd1c98425b83db549a1f4059d1e147dfa5bdad2d,9704b972d3c33904afcb818f87ccd461d988fd30910e9788031d4176df032cd0,3f504e0bc00e47e2d3674e97ef03bed09c060383c94ac723bd7c7c9e56fa4a85
main,nickel,DOM,exp_powder,DOM|exp_powder,0.08685115935443612,0,0.0,2008-2012,2018-2022,89f5b937f9b0a20fe79834a1bd1c98425b83db549a1f4059d1e147dfa5bdad2d,9704b972d3c33904afcb818f87ccd461d988fd30910e9788031d4176df032cd0,3f504e0bc00e47e2d3674e97ef03bed09c060383c94ac723bd7c7c9e56fa4a85
main,nickel,DOM,exp_tubes,DOM|exp_tubes,0.09306598573972717,0,0.0,2008-2012,2018-2022,89f5b937f9b0a20fe79834a1bd1c98425b83db549a1f4059d1e147dfa5bdad2d,9704b972d3c33904afcb818f87ccd461d988fd30910e9788031d4176df032cd0,3f504e0bc00e47e2d3674e97ef03bed09c060383c94ac723bd7c7c9e56fa4a85
main,nickel,EGY,exp_bars_wire,EGY|exp_bars_wire,0.13477242085705163,0,0.0,2008-2012,2018-2022,89f5b937f9b0a20fe79834a1bd1c98425b83db549a1f4059d1e147dfa5bdad2d,9704b972d3c33904afcb818f87ccd461d988fd30910e9788031d4176df032cd0,3f504e0bc00e47e2d3674e97ef03bed09c060383c94ac723bd7c7c9e56fa4a85
main,nickel,EGY,exp_nickel_salts,EGY|exp_nickel_salts,0.13076072767605507,0,0.0,2008-2012,2018-2022,89f5b937f9b0a20fe79834a1bd1c98425b83db549a1f4059d1e147dfa5bdad2d,9704b972d3c33904afcb818f87ccd461d988fd30910e9788031d4176df032cd0,3f504e0bc00e47e2d3674e97ef03bed09c060383c94ac723bd7c7c9e56fa4a85
main,nickel,EGY,exp_plates_foil,EGY|exp_plates_foil,0.12566545037695487,0,0.0,2008-2012,2018-2022,89f5b937f9b0a20fe79834a1bd1c98425b83db549a1f4059d1e147dfa5bdad2d,9704b972d3c33904afcb818f87ccd461d988fd30910e9788031d4176df032cd0,3f504e0bc00e47e2d3674e97ef03bed09c060383c94ac723bd7c7c9e56fa4a85
main,nickel,EGY,exp_powder,EGY|exp_powder,0.1391456184696606,0,0.0,2008-2012,2018-2022,89f5b937f9b0a20fe79834a1bd1c98425b83db549a1f4059d1e147dfa5bdad2d,9704b972d3c33904afcb818f87ccd461d988fd30910e9788031d4176df032cd0,3f504e0bc00e47e2d3674e97ef03bed09c060383c94ac723bd7c7c9e56fa4a85
main,nickel,EGY,exp_tubes,EGY|exp_tubes,0.1346413014636174,1,975.0656,2008-2012,2018-2022,89f5b937f9b0a20fe79834a1bd1c98425b83db549a1f4059d1e147dfa5bdad2d,9704b972d3c33904afcb818f87ccd461d988fd30910e9788031d4176df032cd0,3f504e0bc00e47e2d3674e97ef03bed09c060383c94ac723bd7c7c9e56fa4a85
main,nickel,EGY,exp_unwrought,EGY|exp_unwrought,0.15063652234886546,0,0.0,2008-2012,2018-2022,89f5b937f9b0a20fe79834a1bd1c98425b83db549a1f4059d1e147dfa5bdad2d,9704b972d3c33904afcb818f87ccd461d988fd30910e9788031d4176df032cd0,3f504e0bc00e47e2d3674e97ef03bed09c060383c94ac723bd7c7c9e56fa4a85
main,nickel,ESP,exp_ferronickel,ESP|exp_ferronickel,0.3748459052306891,1,713.0755999999999,2008-2012,2018-2022,89f5b937f9b0a20fe79834a1bd1c98425b83db549a1f4059d1e147dfa5bdad2d,9704b972d3c33904afcb818f87ccd461d988fd30910e9788031d4176df032cd0,3f504e0bc00e47e2d3674e97ef03bed09c060383c94ac723bd7c7c9e56fa4a85
main,nickel,ESP,exp_nickel_intermediate,ESP|exp_nickel_intermediate,0.29732032942912556,1,1925.4016,2008-2012,2018-2022,89f5b937f9b0a20fe79834a1bd1c98425b83db549a1f4059d1e147dfa5bdad2d,9704b972d3c33904afcb818f87ccd461d988fd30910e9788031d4176df032cd0,3f504e0bc00e47e2d3674e97ef03bed09c060383c94ac723bd7c7c9e56fa4a85
main,nickel,ESP,exp_nickel_matte,ESP|exp_nickel_matte,0.33353375113731243,0,0.0,2008-2012,2018-2022,89f5b937f9b0a20fe79834a1bd1c98425b83db549a1f4059d1e147dfa5bdad2d,9704b972d3c33904afcb818f87ccd461d988fd30910e9788031d4176df032cd0,3f504e0bc00e47e2d3674e97ef03bed09c060383c94ac723bd7c7c9e56fa4a85
main,nickel,EST,exp_bars_wire,EST|exp_bars_wire,0.18131841843107488,1,101.5828,2008-2012,2018-2022,89f5b937f9b0a20fe79834a1bd1c98425b83db549a1f4059d1e147dfa5bdad2d,9704b972d3c33904afcb818f87ccd461d988fd30910e9788031d4176df032cd0,3f504e0bc00e47e2d3674e97ef03bed09c060383c94ac723bd7c7c9e56fa4a85
main,nickel,EST,exp_ferronickel,EST|exp_ferronickel,0.1957520304594634,1,1422.7558,2008-2012,2018-2022,89f5b937f9b0a20fe79834a1bd1c98425b83db549a1f4059d1e147dfa5bdad2d,9704b972d3c33904afcb818f87ccd461d988fd30910e9788031d4176df032cd0,3f504e0bc00e47e2d3674e97ef03bed09c060383c94ac723bd7c7c9e56fa4a85
main,nickel,EST,exp_nickel_intermediate,EST|exp_nickel_intermediate,0.17477377261266788,0,0.0,2008-2012,2018-2022,89f5b937f9b0a20fe79834a1bd1c98425b83db549a1f4059d1e147dfa5bdad2d,9704b972d3c33904afcb818f87ccd461d988fd30910e9788031d4176df032cd0,3f504e0bc00e47e2d3674e97ef03bed09c060383c94ac723bd7c7c9e56fa4a85
main,nickel,EST,exp_powder,EST|exp_powder,0.19098467021694934,0,0.0,2008-2012,2018-2022,89f5b937f9b0a20fe79834a1bd1c98425b83db549a1f4059d1e147dfa5bdad2d,9704b972d3c33904afcb818f87ccd461d988fd30910e9788031d4176df032cd0,3f504e0bc00e47e2d3674e97ef03bed09c060383c94ac723bd7c7c9e56fa4a85
main,nickel,EST,exp_tubes,EST|exp_tubes,0.1874462801185925,1,121.3736,2008-2012,2018-2022,89f5b937f9b0a20fe79834a1bd1c98425b83db549a1f4059d1e147dfa5bdad2d,9704b972d3c33904afcb818f87ccd461d988fd30910e9788031d4176df032cd0,3f504e0bc00e47e2d3674e97ef03bed09c060383c94ac723bd7c7c9e56fa4a85
main,nickel,FRA,exp_nickel_matte,FRA|exp_nickel_matte,0.30767631235528947,1,137.484,2008-2012,2018-2022,89f5b937f9b0a20fe79834a1bd1c98425b83db549a1f4059d1e147dfa5bdad2d,9704b972d3c33904afcb818f87ccd461d988fd30910e9788031d4176df032cd0,3f504e0bc00e47e2d3674e97ef03bed09c060383c94ac723bd7c7c9e56fa4a85
main,nickel,GIB,exp_bars_wire,GIB|exp_bars_wire,0.02066384965853237,0,0.0,2008-2012,2018-2022,89f5b937f9b0a20fe79834a1bd1c98425b83db549a1f4059d1e147dfa5bdad2d,9704b972d3c33904afcb818f87ccd461d988fd30910e9788031d4176df032cd0,3f504e0bc00e47e2d3674e97ef03bed09c060383c94ac723bd7c7c9e56fa4a85
main,nickel,GIB,exp_nickel_salts,GIB|exp_nickel_salts,0.022676603454521313,0,0.0,2008-2012,2018-2022,89f5b937f9b0a20fe79834a1bd1c98425b83db549a1f4059d1e147dfa5bdad2d,9704b972d3c33904afcb818f87ccd461d988fd30910e9788031d4176df032cd0,3f504e0bc00e47e2d3674e97ef03bed09c060383c94ac723bd7c7c9e56fa4a85
main,nickel,GIB,exp_other,GIB|exp_other,0.023745062832780762,0,0.0,2008-2012,2018-2022,89f5b937f9b0a20fe79834a1bd1c98425b83db549a1f4059d1e147dfa5bdad2d,9704b972d3c33904afcb818f87ccd461d988fd30910e9788031d4176df032cd0,3f504e0bc00e47e2d3674e97ef03bed09c060383c94ac723bd7c7c9e56fa4a85
main,nickel,GIB,exp_plates_foil,GIB|exp_plates_foil,0.020758245567095976,0,0.0,2008-2012,2018-2022,89f5b937f9b0a20fe79834a1bd1c98425b83db549a1f4059d1e147dfa5bdad2d,9704b972d3c33904afcb818f87ccd461d988fd30910e9788031d4176df032cd0,3f504e0bc00e47e2d3674e97ef03bed09c060383c94ac723bd7c7c9e56fa4a85
main,nickel,GIB,exp_powder,GIB|exp_powder,0.027149591350975326,0,0.0,2008-2012,2018-2022,89f5b937f9b0a20fe79834a1bd1c98425b83db549a1f4059d1e147dfa5bdad2d,9704b972d3c33904afcb818f87ccd461d988fd30910e9788031d4176df032cd0,3f504e0bc00e47e2d3674e97ef03bed09c060383c94ac723bd7c7c9e56fa4a85
main,nickel,GIB,exp_tubes,GIB|exp_tubes,0.020630766563764565,0,0.0,2008-2012,2018-2022,89f5b937f9b0a20fe79834a1bd1c98425b83db549a1f4059d1e147dfa5bdad2d,9704b972d3c33904afcb818f87ccd461d988fd30910e9788031d4176df032cd0,3f504e0bc00e47e2d3674e97ef03bed09c060383c94ac723bd7c7c9e56fa4a85
main,nickel,GRC,exp_bars_wire,GRC|exp_bars_wire,0.15498720195697388,0,0.0,2008-2012,2018-2022,89f5b937f9b0a20fe79834a1bd1c98425b83db549a1f4059d1e147dfa5bdad2d,9704b972d3c33904afcb818f87ccd461d988fd30910e9788031d4176df032cd0,3f504e0bc00e47e2d3674e97ef03bed09c060383c94ac723bd7c7c9e56fa4a85
main,nickel,GRC,exp_nickel_intermediate,GRC|exp_nickel_intermediate,0.16321437538985933,0,0.0,2008-2012,2018-2022,89f5b937f9b0a20fe79834a1bd1c98425b83db549a1f4059d1e147dfa5bdad2d,9704b972d3c33904afcb818f87ccd461d988fd30910e9788031d4176df032cd0,3f504e0bc00e47e2d3674e97ef03bed09c060383c94ac723bd7c7c9e56fa4a85
main,nickel,GRC,exp_nickel_matte,GRC|exp_nickel_matte,0.16403642006598398,0,0.0,2008-2012,2018-2022,89f5b937f9b0a20fe79834a1bd1c98425b83db549a1f4059d1e147dfa5bdad2d,9704b972d3c33904afcb818f87ccd461d988fd30910e9788031d4176df032cd0,3f504e0bc00e47e2d3674e97ef03bed09c060383c94ac723bd7c7c9e56fa4a85
main,nickel,GRC,exp_nickel_salts,GRC|exp_nickel_salts,0.1475801233685632,0,0.0,2008-2012,2018-2022,89f5b937f9b0a20fe79834a1bd1c98425b83db549a1f4059d1e147dfa5bdad2d,9704b972d3c33904afcb818f87ccd461d988fd30910e9788031d4176df032cd0,3f504e0bc00e47e2d3674e97ef03bed09c060383c94ac723bd7c7c9e56fa4a85
main,nickel,GRC,exp_other,GRC|exp_other,0.18834836410179207,0,0.0,2008-2012,2018-2022,89f5b937f9b0a20fe79834a1bd1c98425b83db549a1f4059d1e147dfa5bdad2d,9704b972d3c33904afcb818f87ccd461d988fd30910e9788031d4176df032cd0,3f504e0bc00e47e2d3674e97ef03bed09c060383c94ac723bd7c7c9e56fa4a85
main,nickel,GRC,exp_powder,GRC|exp_powder,0.15822353339739975,0,0.0,2008-2012,2018-2022,89f5b937f9b0a20fe79834a1bd1c98425b83db549a1f4059d1e147dfa5bdad2d,9704b972d3c33904afcb818f87ccd461d988fd30910e9788031d4176df032cd0,3f504e0bc00e47e2d3674e97ef03bed09c060383c94ac723bd7c7c9e56fa4a85
main,nickel,GTM,exp_bars_wire,GTM|exp_bars_wire,0.09354484322229313,0,0.0,2008-2012,2018-2022,89f5b937f9b0a20fe79834a1bd1c98425b83db549a1f4059d1e147dfa5bdad2d,9704b972d3c33904afcb818f87ccd461d988fd30910e9788031d4176df032cd0,3f504e0bc00e47e2d3674e97ef03bed09c060383c94ac723bd7c7c9e56fa4a85
main,nickel,GTM,exp_ferronickel,GTM|exp_ferronickel,0.1376041860026884,1,319267.60240000003,2008-2012,2018-2022,89f5b937f9b0a20fe79834a1bd1c98425b83db549a1f4059d1e147dfa5bdad2d,9704b972d3c33904afcb818f87ccd461d988fd30910e9788031d4176df032cd0,3f504e0bc00e47e2d3674e97ef03bed09c060383c94ac723bd7c7c9e56fa4a85
main,nickel,GTM,exp_nickel_intermediate,GTM|exp_nickel_intermediate,0.1173945486267181,0,0.0,2008-2012,2018-2022,89f5b937f9b0a20fe79834a1bd1c98425b83db549a1f4059d1e147dfa5bdad2d,9704b972d3c33904afcb818f87ccd461d988fd30910e9788031d4176df032cd0,3f504e0bc00e47e2d3674e97ef03bed09c060383c94ac723bd7c7c9e56fa4a85
main,nickel,GTM,exp_nickel_matte,GTM|exp_nickel_matte,0.10603632295046321,0,0.0,2008-2012,2018-2022,89f5b937f9b0a20fe79834a1bd1c98425b83db549a1f4059d1e147dfa5bdad2d,9704b972d3c33904afcb818f87ccd461d988fd30910e9788031d4176df032cd0,3f504e0bc00e47e2d3674e97ef03bed09c060383c94ac723bd7c7c9e56fa4a85
main,nickel,GTM,exp_nickel_salts,GTM|exp_nickel_salts,0.09142422413826906,0,0.0,2008-2012,2018-2022,89f5b937f9b0a20fe79834a1bd1c98425b83db549a1f4059d1e147dfa5bdad2d,9704b972d3c33904afcb818f87ccd461d988fd30910e9788031d4176df032cd0,3f504e0bc00e47e2d3674e97ef03bed09c060383c94ac723bd7c7c9e56fa4a85
main,nickel,GTM,exp_other,GTM|exp_other,0.11085398002136701,0,0.0,2008-2012,2018-2022,89f5b937f9b0a20fe79834a1bd1c98425b83db549a1f4059d1e147dfa5bdad2d,9704b972d3c33904afcb818f87ccd461d988fd30910e9788031d4176df032cd0,3f504e0bc00e47e2d3674e97ef03bed09c060383c94ac723bd7c7c9e56fa4a85
main,nickel,GTM,exp_plates_foil,GTM|exp_plates_foil,0.08204391792185321,0,0.0,2008-2012,2018-2022,89f5b937f9b0a20fe79834a1bd1c98425b83db549a1f4059d1e147dfa5bdad2d,9704b972d3c33904afcb818f87ccd461d988fd30910e9788031d4176df032cd0,3f504e0bc00e47e2d3674e97ef03bed09c060383c94ac723bd7c7c9e56fa4a85
main,nickel,GTM,exp_powder,GTM|exp_powder,0.08706743818384058,0,0.0,2008-2012,2018-2022,89f5b937f9b0a20fe79834a1bd1c98425b83db549a1f4059d1e147dfa5bdad2d,9704b972d3c33904afcb818f87ccd461d988fd30910e9788031d4176df032cd0,3f504e0bc00e47e2d3674e97ef03bed09c060383c94ac723bd7c7c9e56fa4a85
main,nickel,GTM,exp_tubes,GTM|exp_tubes,0.09928709578008185,0,0.0,2008-2012,2018-2022,89f5b937f9b0a20fe79834a1bd1c98425b83db549a1f4059d1e147dfa5bdad2d,9704b972d3c33904afcb818f87ccd461d988fd30910e9788031d4176df032cd0,3f504e0bc00e47e2d3674e97ef03bed09c060383c94ac723bd7c7c9e56fa4a85
main,nickel,GTM,exp_unwrought,GTM|exp_unwrought,0.10007081102219724,0,0.0,2008-2012,2018-2022,89f5b937f9b0a20fe79834a1bd1c98425b83db549a1f4059d1e147dfa5bdad2d,9704b972d3c33904afcb818f87ccd461d988fd30910e9788031d4176df032cd0,3f504e0bc00e47e2d3674e97ef03bed09c060383c94ac723bd7c7c9e56fa4a85
main,nickel,HUN,exp_tubes,HUN|exp_tubes,0.18337666306605654,1,368.1622,2008-2012,2018-2022,89f5b937f9b0a20fe79834a1bd1c98425b83db549a1f4059d1e147dfa5bdad2d,9704b972d3c33904afcb818f87ccd461d988fd30910e9788031d4176df032cd0,3f504e0bc00e47e2d3674e97ef03bed09c060383c94ac723bd7c7c9e56fa4a85
main,nickel,IDN,exp_nickel_salts,IDN|exp_nickel_salts,0.1791734695365399,1,354.6404,2008-2012,2018-2022,89f5b937f9b0a20fe79834a1bd1c98425b83db549a1f4059d1e147dfa5bdad2d,9704b972d3c33904afcb818f87ccd461d988fd30910e9788031d4176df032cd0,3f504e0bc00e47e2d3674e97ef03bed09c060383c94ac723bd7c7c9e56fa4a85
main,nickel,IDN,exp_powder,IDN|exp_powder,0.13816265048824072,0,0.0,2008-2012,2018-2022,89f5b937f9b0a20fe79834a1bd1c98425b83db549a1f4059d1e147dfa5bdad2d,9704b972d3c33904afcb818f87ccd461d988fd30910e9788031d4176df032cd0,3f504e0bc00e47e2d3674e97ef03bed09c060383c94ac723bd7c7c9e56fa4a85
main,nickel,IND,exp_nickel_intermediate,IND|exp_nickel_intermediate,0.2931705388360077,1,6845.12,2008-2012,2018-2022,89f5b937f9b0a20fe79834a1bd1c98425b83db549a1f4059d1e147dfa5bdad2d,9704b972d3c33904afcb818f87ccd461d988fd30910e9788031d4176df032cd0,3f504e0bc00e47e2d3674e97ef03bed09c060383c94ac723bd7c7c9e56fa4a85
main,nickel,IND,exp_nickel_matte,IND|exp_nickel_matte,0.29067263680487754,0,0.0,2008-2012,2018-2022,89f5b937f9b0a20fe79834a1bd1c98425b83db549a1f4059d1e147dfa5bdad2d,9704b972d3c33904afcb818f87ccd461d988fd30910e9788031d4176df032cd0,3f504e0bc00e47e2d3674e97ef03bed09c060383c94ac723bd7c7c9e56fa4a85
main,nickel,IND,exp_nickel_salts,IND|exp_nickel_salts,0.273691109712464,1,3802.0434,2008-2012,2018-2022,89f5b937f9b0a20fe79834a1bd1c98425b83db549a1f4059d1e147dfa5bdad2d,9704b972d3c33904afcb818f87ccd461d988fd30910e9788031d4176df032cd0,3f504e0bc00e47e2d3674e97ef03bed09c060383c94ac723bd7c7c9e56fa4a85
main,nickel,IRL,exp_plates_foil,IRL|exp_plates_foil,0.0831425659129867,1,217.458,2008-2012,2018-2022,89f5b937f9b0a20fe79834a1bd1c98425b83db549a1f4059d1e147dfa5bdad2d,9704b972d3c33904afcb818f87ccd461d988fd30910e9788031d4176df032cd0,3f504e0bc00e47e2d3674e97ef03bed09c060383c94ac723bd7c7c9e56fa4a85
main,nickel,IRN,exp_bars_wire,IRN|exp_bars_wire,0.03819485701258189,0,0.0,2008-2012,2018-2022,89f5b937f9b0a20fe79834a1bd1c98425b83db549a1f4059d1e147dfa5bdad2d,9704b972d3c33904afcb818f87ccd461d988fd30910e9788031d4176df032cd0,3f504e0bc00e47e2d3674e97ef03bed09c060383c94ac723bd7c7c9e56fa4a85
main,nickel,IRN,exp_ferronickel,IRN|exp_ferronickel,0.0506192289228028,0,0.0,2008-2012,2018-2022,89f5b937f9b0a20fe79834a1bd1c98425b83db549a1f4059d1e147dfa5bdad2d,9704b972d3c33904afcb818f87ccd461d988fd30910e9788031d4176df032cd0,3f504e0bc00e47e2d3674e97ef03bed09c060383c94ac723bd7c7c9e56fa4a85
main,nickel,IRN,exp_nickel_intermediate,IRN|exp_nickel_intermediate,0.04928624240077089,0,0.0,2008-2012,2018-2022,89f5b937f9b0a20fe79834a1bd1c98425b83db549a1f4059d1e147dfa5bdad2d,9704b972d3c33904afcb818f87ccd461d988fd30910e9788031d4176df032cd0,3f504e0bc00e47e2d3674e97ef03bed09c060383c94ac723bd7c7c9e56fa4a85
main,nickel,IRN,exp_nickel_matte,IRN|exp_nickel_matte,0.05094271520397177,0,0.0,2008-2012,2018-2022,89f5b937f9b0a20fe79834a1bd1c98425b83db549a1f4059d1e147dfa5bdad2d,9704b972d3c33904afcb818f87ccd461d988fd30910e9788031d4176df032cd0,3f504e0bc00e47e2d3674e97ef03bed09c060383c94ac723bd7c7c9e56fa4a85
main,nickel,IRN,exp_nickel_salts,IRN|exp_nickel_salts,0.031799428280355514,0,0.0,2008-2012,2018-2022,89f5b937f9b0a20fe79834a1bd1c98425b83db549a1f4059d1e147dfa5bdad2d,9704b972d3c33904afcb818f87ccd461d988fd30910e9788031d4176df032cd0,3f504e0bc00e47e2d3674e97ef03bed09c060383c94ac723bd7c7c9e56fa4a85
main,nickel,IRN,exp_other,IRN|exp_other,0.045804956501224826,1,155.9522,2008-2012,2018-2022,89f5b937f9b0a20fe79834a1bd1c98425b83db549a1f4059d1e147dfa5bdad2d,9704b972d3c33904afcb818f87ccd461d988fd30910e9788031d4176df032cd0,3f504e0bc00e47e2d3674e97ef03bed09c060383c94ac723bd7c7c9e56fa4a85
main,nickel,IRN,exp_powder,IRN|exp_powder,0.04120911194938025,0,0.0,2008-2012,2018-2022,89f5b937f9b0a20fe79834a1bd1c98425b83db549a1f4059d1e147dfa5bdad2d,9704b972d3c33904afcb818f87ccd461d988fd30910e9788031d4176df032cd0,3f504e0bc00e47e2d3674e97ef03bed09c060383c94ac723bd7c7c9e56fa4a85
main,nickel,IRN,exp_tubes,IRN|exp_tubes,0.033051649407134356,0,0.0,2008-2012,2018-2022,89f5b937f9b0a20fe79834a1bd1c98425b83db549a1f4059d1e147dfa5bdad2d,9704b972d3c33904afcb818f87ccd461d988fd30910e9788031d4176df032cd0,3f504e0bc00e47e2d3674e97ef03bed09c060383c94ac723bd7c7c9e56fa4a85
main,nickel,ISR,exp_nickel_salts,ISR|exp_nickel_salts,0.1513608207300954,0,0.0,2008-2012,2018-2022,89f5b937f9b0a20fe79834a1bd1c98425b83db549a1f4059d1e147dfa5bdad2d,9704b972d3c33904afcb818f87ccd461d988fd30910e9788031d4176df032cd0,3f504e0bc00e47e2d3674e97ef03bed09c060383c94ac723bd7c7c9e56fa4a85
main,nickel,ISR,exp_plates_foil,ISR|exp_plates_foil,0.15784482241704675,0,0.0,2008-2012,2018-2022,89f5b937f9b0a20fe79834a1bd1c98425b83db549a1f4059d1e147dfa5bdad2d,9704b972d3c33904afcb818f87ccd461d988fd30910e9788031d4176df032cd0,3f504e0bc00e47e2d3674e97ef03bed09c060383c94ac723bd7c7c9e56fa4a85
main,nickel,KAZ,exp_bars_wire,KAZ|exp_bars_wire,0.03101804626924522,1,473.72219999999993,2008-2012,2018-2022,89f5b937f9b0a20fe79834a1bd1c98425b83db549a1f4059d1e147dfa5bdad2d,9704b972d3c33904afcb818f87ccd461d988fd30910e9788031d4176df032cd0,3f504e0bc00e47e2d3674e97ef03bed09c060383c94ac723bd7c7c9e56fa4a85
main,nickel,KAZ,exp_nickel_salts,KAZ|exp_nickel_salts,0.027664161394704172,0,0.0,2008-2012,2018-2022,89f5b937f9b0a20fe79834a1bd1c98425b83db549a1f4059d1e147dfa5bdad2d,9704b972d3c33904afcb818f87ccd461d988fd30910e9788031d4176df032cd0,3f504e0bc00e47e2d3674e97ef03bed09c060383c94ac723bd7c7c9e56fa4a85
main,nickel,KAZ,exp_other,KAZ|exp_other,0.03806690269214187,0,0.0,2008-2012,2018-2022,89f5b937f9b0a20fe79834a1bd1c98425b83db549a1f4059d1e147dfa5bdad2d,9704b972d3c33904afcb818f87ccd461d988fd30910e9788031d4176df032cd0,3f504e0bc00e47e2d3674e97ef03bed09c060383c94ac723bd7c7c9e56fa4a85
main,nickel,KAZ,exp_powder,KAZ|exp_powder,0.044827302563043285,0,0.0,2008-2012,2018-2022,89f5b937f9b0a20fe79834a1bd1c98425b83db549a1f4059d1e147dfa5bdad2d,9704b972d3c33904afcb818f87ccd461d988fd30910e9788031d4176df032cd0,3f504e0bc00e47e2d3674e97ef03bed09c060383c94ac723bd7c7c9e56fa4a85
main,nickel,KEN,exp_bars_wire,KEN|exp_bars_wire,0.10249893397401183,0,0.0,2008-2012,2018-2022,89f5b937f9b0a20fe79834a1bd1c98425b83db549a1f4059d1e147dfa5bdad2d,9704b972d3c33904afcb818f87ccd461d988fd30910e9788031d4176df032cd0,3f504e0bc00e47e2d3674e97ef03bed09c060383c94ac723bd7c7c9e56fa4a85
main,nickel,KEN,exp_nickel_salts,KEN|exp_nickel_salts,0.09913251969567717,0,0.0,2008-2012,2018-2022,89f5b937f9b0a20fe79834a1bd1c98425b83db549a1f4059d1e147dfa5bdad2d,9704b972d3c33904afcb818f87ccd461d988fd30910e9788031d4176df032cd0,3f504e0bc00e47e2d3674e97ef03bed09c060383c94ac723bd7c7c9e56fa4a85
main,nickel,KEN,exp_other,KEN|exp_other,0.12833289547781562,0,0.0,2008-2012,2018-2022,89f5b937f9b0a20fe79834a1bd1c98425b83db549a1f4059d1e147dfa5bdad2d,9704b972d3c33904afcb818f87ccd461d988fd30910e9788031d4176df032cd0,3f504e0bc00e47e2d3674e97ef03bed09c060383c94ac723bd7c7c9e56fa4a85
main,nickel,KEN,exp_plates_foil,KEN|exp_plates_foil,0.09433265911136351,0,0.0,2008-2012,2018-2022,89f5b937f9b0a20fe79834a1bd1c98425b83db549a1f4059d1e147dfa5bdad2d,9704b972d3c33904afcb818f87ccd461d988fd30910e9788031d4176df032cd0,3f504e0bc00e47e2d3674e97ef03bed09c060383c94ac723bd7c7c9e56fa4a85
main,nickel,KEN,exp_powder,KEN|exp_powder,0.10941653691197217,0,0.0,2008-2012,2018-2022,89f5b937f9b0a20fe79834a1bd1c98425b83db549a1f4059d1e147dfa5bdad2d,9704b972d3c33904afcb818f87ccd461d988fd30910e9788031d4176df032cd0,3f504e0bc00e47e2d3674e97ef03bed09c060383c94ac723bd7c7c9e56fa4a85
main,nickel,KEN,exp_tubes,KEN|exp_tubes,0.10124660079653192,0,0.0,2008-2012,2018-2022,89f5b937f9b0a20fe79834a1bd1c98425b83db549a1f4059d1e147dfa5bdad2d,9704b972d3c33904afcb818f87ccd461d988fd30910e9788031d4176df032cd0,3f504e0bc00e47e2d3674e97ef03bed09c060383c94ac723bd7c7c9e56fa4a85
main,nickel,KOR,exp_nickel_matte,KOR|exp_nickel_matte,0.15675955296222524,0,0.0,2008-2012,2018-2022,89f5b937f9b0a20fe79834a1bd1c98425b83db549a1f4059d1e147dfa5bdad2d,9704b972d3c33904afcb818f87ccd461d988fd30910e9788031d4176df032cd0,3f504e0bc00e47e2d3674e97ef03bed09c060383c94ac723bd7c7c9e56fa4a85
main,nickel,LTU,exp_nickel_salts,LTU|exp_nickel_salts,0.16523724603693696,0,0.0,2008-2012,2018-2022,89f5b937f9b0a20fe79834a1bd1c98425b83db549a1f4059d1e147dfa5bdad2d,9704b972d3c33904afcb818f87ccd461d988fd30910e9788031d4176df032cd0,3f504e0bc00e47e2d3674e97ef03bed09c060383c94ac723bd7c7c9e56fa4a85
main,nickel,LTU,exp_other,LTU|exp_other,0.21735668024690522,1,147.38719999999998,2008-2012,2018-2022,89f5b937f9b0a20fe79834a1bd1c98425b83db549a1f4059d1e147dfa5bdad2d,9704b972d3c33904afcb818f87ccd461d988fd30910e9788031d4176df032cd0,3f504e0bc00e47e2d3674e97ef03bed09c060383c94ac723bd7c7c9e56fa4a85
main,nickel,LTU,exp_plates_foil,LTU|exp_plates_foil,0.14734495982556173,1,420.4964,2008-2012,2018-2022,89f5b937f9b0a20fe79834a1bd1c98425b83db549a1f4059d1e147dfa5bdad2d,9704b972d3c33904afcb818f87ccd461d988fd30910e9788031d4176df032cd0,3f504e0bc00e47e2d3674e97ef03bed09c060383c94ac723bd7c7c9e56fa4a85
main,nickel,LTU,exp_powder,LTU|exp_powder,0.17807927896197567,1,471.7622,2008-2012,2018-2022,89f5b937f9b0a20fe79834a1bd1c98425b83db549a1f4059d1e147dfa5bdad2d,9704b972d3c33904afcb818f87ccd461d988fd30910e9788031d4176df032cd0,3f504e0bc00e47e2d3674e97ef03bed09c060383c94ac723bd7c7c9e56fa4a85
main,nickel,LUX,exp_bars_wire,LUX|exp_bars_wire,0.1420119528116091,1,134.1838,2008-2012,2018-2022,89f5b937f9b0a20fe79834a1bd1c98425b83db549a1f4059d1e147dfa5bdad2d,9704b972d3c33904afcb818f87ccd461d988fd30910e9788031d4176df032cd0,3f504e0bc00e47e2d3674e97ef03bed09c060383c94ac723bd7c7c9e56fa4a85
main,nickel,LUX,exp_nickel_salts,LUX|exp_nickel_salts,0.13617271388305976,0,0.0,2008-2012,2018-2022,89f5b937f9b0a20fe79834a1bd1c98425b83db549a1f4059d1e147dfa5bdad2d,9704b972d3c33904afcb818f87ccd461d988fd30910e9788031d4176df032cd0,3f504e0bc00e47e2d3674e97ef03bed09c060383c94ac723bd7c7c9e56fa4a85
main,nickel,LUX,exp_other,LUX|exp_other,0.15545908821176077,1,595.4219999999999,2008-2012,2018-2022,89f5b937f9b0a20fe79834a1bd1c98425b83db549a1f4059d1e147dfa5bdad2d,9704b972d3c33904afcb818f87ccd461d988fd30910e9788031d4176df032cd0,3f504e0bc00e47e2d3674e97ef03bed09c060383c94ac723bd7c7c9e56fa4a85
main,nickel,LUX,exp_plates_foil,LUX|exp_plates_foil,0.14276677405079588,1,1570.6296,2008-2012,2018-2022,89f5b937f9b0a20fe79834a1bd1c98425b83db549a1f4059d1e147dfa5bdad2d,9704b972d3c33904afcb818f87ccd461d988fd30910e9788031d4176df032cd0,3f504e0bc00e47e2d3674e97ef03bed09c060383c94ac723bd7c7c9e56fa4a85
main,nickel,LUX,exp_tubes,LUX|exp_tubes,0.13847808690619864,1,472.6576,2008-2012,2018-2022,89f5b937f9b0a20fe79834a1bd1c98425b83db549a1f4059d1e147dfa5bdad2d,9704b972d3c33904afcb818f87ccd461d988fd30910e9788031d4176df032cd0,3f504e0bc00e47e2d3674e97ef03bed09c060383c94ac723bd7c7c9e56fa4a85
main,nickel,LVA,exp_bars_wire,LVA|exp_bars_wire,0.1795514927647589,1,1671.274,2008-2012,2018-2022,89f5b937f9b0a20fe79834a1bd1c98425b83db549a1f4059d1e147dfa5bdad2d,9704b972d3c33904afcb818f87ccd461d988fd30910e9788031d4176df032cd0,3f504e0bc00e47e2d3674e97ef03bed09c060383c94ac723bd7c7c9e56fa4a85
main,nickel,LVA,exp_nickel_salts,LVA|exp_nickel_salts,0.1766554099756723,0,0.0,2008-2012,2018-2022,89f5b937f9b0a20fe79834a1bd1c98425b83db549a1f4059d1e147dfa5bdad2d,9704b972d3c33904afcb818f87ccd461d988fd30910e9788031d4176df032cd0,3f504e0bc00e47e2d3674e97ef03bed09c060383c94ac723bd7c7c9e56fa4a85
main,nickel,LVA,exp_other,LVA|exp_other,0.21618126308543723,0,0.0,2008-2012,2018-2022,89f5b937f9b0a20fe79834a1bd1c98425b83db549a1f4059d1e147dfa5bdad2d,9704b972d3c33904afcb818f87ccd461d988fd30910e9788031d4176df032cd0,3f504e0bc00e47e2d3674e97ef03bed09c060383c94ac723bd7c7c9e56fa4a85
main,nickel,LVA,exp_plates_foil,LVA|exp_plates_foil,0.16230041129988002,0,0.0,2008-2012,2018-2022,89f5b937f9b0a20fe79834a1bd1c98425b83db549a1f4059d1e147dfa5bdad2d,9704b972d3c33904afcb818f87ccd461d988fd30910e9788031d4176df032cd0,3f504e0bc00e47e2d3674e97ef03bed09c060383c94ac723bd7c7c9e56fa4a85
main,nickel,LVA,exp_powder,LVA|exp_powder,0.19683164676122727,0,0.0,2008-2012,2018-2022,89f5b937f9b0a20fe79834a1bd1c98425b83db549a1f4059d1e147dfa5bdad2d,9704b972d3c33904afcb818f87ccd461d988fd30910e9788031d4176df032cd0,3f504e0bc00e47e2d3674e97ef03bed09c060383c94ac723bd7c7c9e56fa4a85
main,nickel,LVA,exp_tubes,LVA|exp_tubes,0.1841555532865471,0,0.0,2008-2012,2018-2022,89f5b937f9b0a20fe79834a1bd1c98425b83db549a1f4059d1e147dfa5bdad2d,9704b972d3c33904afcb818f87ccd461d988fd30910e9788031d4176df032cd0,3f504e0bc00e47e2d3674e97ef03bed09c060383c94ac723bd7c7c9e56fa4a85
main,nickel,MAR,exp_bars_wire,MAR|exp_bars_wire,0.08936671641343119,0,0.0,2008-2012,2018-2022,89f5b937f9b0a20fe79834a1bd1c98425b83db549a1f4059d1e147dfa5bdad2d,9704b972d3c33904afcb818f87ccd461d988fd30910e9788031d4176df032cd0,3f504e0bc00e47e2d3674e97ef03bed09c060383c94ac723bd7c7c9e56fa4a85
main,nickel,MAR,exp_ferronickel,MAR|exp_ferronickel,0.13308448715643928,0,0.0,2008-2012,2018-2022,89f5b937f9b0a20fe79834a1bd1c98425b83db549a1f4059d1e147dfa5bdad2d,9704b972d3c33904afcb818f87ccd461d988fd30910e9788031d4176df032cd0,3f504e0bc00e47e2d3674e97ef03bed09c060383c94ac723bd7c7c9e56fa4a85
main,nickel,MAR,exp_nickel_matte,MAR|exp_nickel_matte,0.12126402032927845,0,0.0,2008-2012,2018-2022,89f5b937f9b0a20fe79834a1bd1c98425b83db549a1f4059d1e147dfa5bdad2d,9704b972d3c33904afcb818f87ccd461d988fd30910e9788031d4176df032cd0,3f504e0bc00e47e2d3674e97ef03bed09c060383c94ac723bd7c7c9e56fa4a85
main,nickel,MAR,exp_nickel_salts,MAR|exp_nickel_salts,0.09699668199825429,0,0.0,2008-2012,2018-2022,89f5b937f9b0a20fe79834a1bd1c98425b83db549a1f4059d1e147dfa5bdad2d,9704b972d3c33904afcb818f87ccd461d988fd30910e9788031d4176df032cd0,3f504e0bc00e47e2d3674e97ef03bed09c060383c94ac723bd7c7c9e56fa4a85
main,nickel,MAR,exp_other,MAR|exp_other,0.10518304671196832,1,589.3828,2008-2012,2018-2022,89f5b937f9b0a20fe79834a1bd1c98425b83db549a1f4059d1e147dfa5bdad2d,9704b972d3c33904afcb818f87ccd461d988fd30910e9788031d4176df032cd0,3f504e0bc00e47e2d3674e97ef03bed09c060383c94ac723bd7c7c9e56fa4a85
main,nickel,MAR,exp_plates_foil,MAR|exp_plates_foil,0.08695107005084533,0,0.0,2008-2012,2018-2022,89f5b937f9b0a20fe79834a1bd1c98425b83db549a1f4059d1e147dfa5bdad2d,9704b972d3c33904afcb818f87ccd461d988fd30910e9788031d4176df032cd0,3f504e0bc00e47e2d3674e97ef03bed09c060383c94ac723bd7c7c9e56fa4a85
main,nickel,MAR,exp_powder,MAR|exp_powder,0.0784315291067296,1,1663.6246,2008-2012,2018-2022,89f5b937f9b0a20fe79834a1bd1c98425b83db549a1f4059d1e147dfa5bdad2d,9704b972d3c33904afcb818f87ccd461d988fd30910e9788031d4176df032cd0,3f504e0bc00e47e2d3674e97ef03bed09c060383c94ac723bd7c7c9e56fa4a85
main,nickel,MAR,exp_unwrought,MAR|exp_unwrought,0.10371829955496335,1,141.7336,2008-2012,2018-2022,89f5b937f9b0a20fe79834a1bd1c98425b83db549a1f4059d1e147dfa5bdad2d,9704b972d3c33904afcb818f87ccd461d988fd30910e9788031d4176df032cd0,3f504e0bc00e47e2d3674e97ef03bed09c060383c94ac723bd7c7c9e56fa4a85
main,nickel,MDG,exp_bars_wire,MDG|exp_bars_wire,0.06341634565208645,0,0.0,2008-2012,2018-2022,89f5b937f9b0a20fe79834a1bd1c98425b83db549a1f4059d1e147dfa5bdad2d,9704b972d3c33904afcb818f87ccd461d988fd30910e9788031d4176df032cd0,3f504e0bc00e47e2d3674e97ef03bed09c060383c94ac723bd7c7c9e56fa4a85
main,nickel,MDG,exp_nickel_salts,MDG|exp_nickel_salts,0.06675469281687917,0,0.0,2008-2012,2018-2022,89f5b937f9b0a20fe79834a1bd1c98425b83db549a1f4059d1e147dfa5bdad2d,9704b972d3c33904afcb818f87ccd461d988fd30910e9788031d4176df032cd0,3f504e0bc00e47e2d3674e97ef03bed09c060383c94ac723bd7c7c9e56fa4a85
main,nickel,MDG,exp_other,MDG|exp_other,0.07369500882388039,0,0.0,2008-2012,2018-2022,89f5b937f9b0a20fe79834a1bd1c98425b83db549a1f4059d1e147dfa5bdad2d,9704b972d3c33904afcb818f87ccd461d988fd30910e9788031d4176df032cd0,3f504e0bc00e47e2d3674e97ef03bed09c060383c94ac723bd7c7c9e56fa4a85
main,nickel,MDG,exp_plates_foil,MDG|exp_plates_foil,0.058720736597207536,0,0.0,2008-2012,2018-2022,89f5b937f9b0a20fe79834a1bd1c98425b83db549a1f4059d1e147dfa5bdad2d,9704b972d3c33904afcb818f87ccd461d988fd30910e9788031d4176df032cd0,3f504e0bc00e47e2d3674e97ef03bed09c060383c94ac723bd7c7c9e56fa4a85
main,nickel,MDG,exp_powder,MDG|exp_powder,0.056123107527646876,1,296.0118,2008-2012,2018-2022,89f5b937f9b0a20fe79834a1bd1c98425b83db549a1f4059d1e147dfa5bdad2d,9704b972d3c33904afcb818f87ccd461d988fd30910e9788031d4176df032cd0,3f504e0bc00e47e2d3674e97ef03bed09c060383c94ac723bd7c7c9e56fa4a85
main,nickel,MDG,exp_tubes,MDG|exp_tubes,0.06579545528925962,0,0.0,2008-2012,2018-2022,89f5b937f9b0a20fe79834a1bd1c98425b83db549a1f4059d1e147dfa5bdad2d,9704b972d3c33904afcb818f87ccd461d988fd30910e9788031d4176df032cd0,3f504e0bc00e47e2d3674e97ef03bed09c060383c94ac723bd7c7c9e56fa4a85
main,nickel,MEX,exp_powder,MEX|exp_powder,0.15126460005616157,0,0.0,2008-2012,2018-2022,89f5b937f9b0a20fe79834a1bd1c98425b83db549a1f4059d1e147dfa5bdad2d,9704b972d3c33904afcb818f87ccd461d988fd30910e9788031d4176df032cd0,3f504e0bc00e47e2d3674e97ef03bed09c060383c94ac723bd7c7c9e56fa4a85
main,nickel,MKD,exp_bars_wire,MKD|exp_bars_wire,0.08054978577020726,0,0.0,2008-2012,2018-2022,89f5b937f9b0a20fe79834a1bd1c98425b83db549a1f4059d1e147dfa5bdad2d,9704b972d3c33904afcb818f87ccd461d988fd30910e9788031d4176df032cd0,3f504e0bc00e47e2d3674e97ef03bed09c060383c94ac723bd7c7c9e56fa4a85
main,nickel,MKD,exp_nickel_intermediate,MKD|exp_nickel_intermediate,0.09461023700824563,0,0.0,2008-2012,2018-2022,89f5b937f9b0a20fe79834a1bd1c98425b83db549a1f4059d1e147dfa5bdad2d,9704b972d3c33904afcb818f87ccd461d988fd30910e9788031d4176df032cd0,3f504e0bc00e47e2d3674e97ef03bed09c060383c94ac723bd7c7c9e56fa4a85
main,nickel,MKD,exp_nickel_matte,MKD|exp_nickel_matte,0.08830737687750534,0,0.0,2008-2012,2018-2022,89f5b937f9b0a20fe79834a1bd1c98425b83db549a1f4059d1e147dfa5bdad2d,9704b972d3c33904afcb818f87ccd461d988fd30910e9788031d4176df032cd0,3f504e0bc00e47e2d3674e97ef03bed09c060383c94ac723bd7c7c9e56fa4a85
main,nickel,MKD,exp_nickel_salts,MKD|exp_nickel_salts,0.07682728626287416,0,0.0,2008-2012,2018-2022,89f5b937f9b0a20fe79834a1bd1c98425b83db549a1f4059d1e147dfa5bdad2d,9704b972d3c33904afcb818f87ccd461d988fd30910e9788031d4176df032cd0,3f504e0bc00e47e2d3674e97ef03bed09c060383c94ac723bd7c7c9e56fa4a85
main,nickel,MKD,exp_other,MKD|exp_other,0.10512987428698108,0,0.0,2008-2012,2018-2022,89f5b937f9b0a20fe79834a1bd1c98425b83db549a1f4059d1e147dfa5bdad2d,9704b972d3c33904afcb818f87ccd461d988fd30910e9788031d4176df032cd0,3f504e0bc00e47e2d3674e97ef03bed09c060383c94ac723bd7c7c9e56fa4a85
main,nickel,MKD,exp_plates_foil,MKD|exp_plates_foil,0.07285959721813116,0,0.0,2008-2012,2018-2022,89f5b937f9b0a20fe79834a1bd1c98425b83db549a1f4059d1e147dfa5bdad2d,9704b972d3c33904afcb818f87ccd461d988fd30910e9788031d4176df032cd0,3f504e0bc00e47e2d3674e97ef03bed09c060383c94ac723bd7c7c9e56fa4a85
main,nickel,MKD,exp_powder,MKD|exp_powder,0.0787682472228528,0,0.0,2008-2012,2018-2022,89f5b937f9b0a20fe79834a1bd1c98425b83db549a1f4059d1e147dfa5bdad2d,9704b972d3c33904afcb818f87ccd461d988fd30910e9788031d4176df032cd0,3f504e0bc00e47e2d3674e97ef03bed09c060383c94ac723bd7c7c9e56fa4a85
main,nickel,MKD,exp_tubes,MKD|exp_tubes,0.08784353423372748,0,0.0,2008-2012,2018-2022,89f5b937f9b0a20fe79834a1bd1c98425b83db549a1f4059d1e147dfa5bdad2d,9704b972d3c33904afcb818f87ccd461d988fd30910e9788031d4176df032cd0,3f504e0bc00e47e2d3674e97ef03bed09c060383c94ac723bd7c7c9e56fa4a85
main,nickel,MKD,exp_unwrought,MKD|exp_unwrought,0.08613332001184505,1,691.0355999999999,2008-2012,2018-2022,89f5b937f9b0a20fe79834a1bd1c98425b83db549a1f4059d1e147dfa5bdad2d,9704b972d3c33904afcb818f87ccd461d988fd30910e9788031d4176df032cd0,3f504e0bc00e47e2d3674e97ef03bed09c060383c94ac723bd7c7c9e56fa4a85
main,nickel,MOZ,exp_bars_wire,MOZ|exp_bars_wire,0.031841670452150896,0,0.0,2008-2012,2018-2022,89f5b937f9b0a20fe79834a1bd1c98425b83db549a1f4059d1e147dfa5bdad2d,9704b972d3c33904afcb818f87ccd461d988fd30910e9788031d4176df032cd0,3f504e0bc00e47e2d3674e97ef03bed09c060383c94ac723bd7c7c9e56fa4a85
main,nickel,MOZ,exp_ferronickel,MOZ|exp_ferronickel,0.04612807298032475,0,0.0,2008-2012,2018-2022,89f5b937f9b0a20fe79834a1bd1c98425b83db549a1f4059d1e147dfa5bdad2d,9704b972d3c33904afcb818f87ccd461d988fd30910e9788031d4176df032cd0,3f504e0bc00e47e2d3674e97ef03bed09c060383c94ac723bd7c7c9e56fa4a85
main,nickel,MOZ,exp_nickel_intermediate,MOZ|exp_nickel_intermediate,0.0715773058494112,0,0.0,2008-2012,2018-2022,89f5b937f9b0a20fe79834a1bd1c98425b83db549a1f4059d1e147dfa5bdad2d,9704b972d3c33904afcb818f87ccd461d988fd30910e9788031d4176df032cd0,3f504e0bc00e47e2d3674e97ef03bed09c060383c94ac723bd7c7c9e56fa4a85
main,nickel,MOZ,exp_nickel_matte,MOZ|exp_nickel_matte,0.0649946762195394,0,0.0,2008-2012,2018-2022,89f5b937f9b0a20fe79834a1bd1c98425b83db549a1f4059d1e147dfa5bdad2d,9704b972d3c33904afcb818f87ccd461d988fd30910e9788031d4176df032cd0,3f504e0bc00e47e2d3674e97ef03bed09c060383c94ac723bd7c7c9e56fa4a85
main,nickel,MOZ,exp_nickel_salts,MOZ|exp_nickel_salts,0.029049657789201856,0,0.0,2008-2012,2018-2022,89f5b937f9b0a20fe79834a1bd1c98425b83db549a1f4059d1e147dfa5bdad2d,9704b972d3c33904afcb818f87ccd461d988fd30910e9788031d4176df032cd0,3f504e0bc00e47e2d3674e97ef03bed09c060383c94ac723bd7c7c9e56fa4a85
main,nickel,MOZ,exp_other,MOZ|exp_other,0.03868399831967171,0,0.0,2008-2012,2018-2022,89f5b937f9b0a20fe79834a1bd1c98425b83db549a1f4059d1e147dfa5bdad2d,9704b972d3c33904afcb818f87ccd461d988fd30910e9788031d4176df032cd0,3f504e0bc00e47e2d3674e97ef03bed09c060383c94ac723bd7c7c9e56fa4a85
main,nickel,MOZ,exp_plates_foil,MOZ|exp_plates_foil,0.03204385826245173,0,0.0,2008-2012,2018-2022,89f5b937f9b0a20fe79834a1bd1c98425b83db549a1f4059d1e147dfa5bdad2d,9704b972d3c33904afcb818f87ccd461d988fd30910e9788031d4176df032cd0,3f504e0bc00e47e2d3674e97ef03bed09c060383c94ac723bd7c7c9e56fa4a85
main,nickel,MOZ,exp_powder,MOZ|exp_powder,0.039951677340903116,0,0.0,2008-2012,2018-2022,89f5b937f9b0a20fe79834a1bd1c98425b83db549a1f4059d1e147dfa5bdad2d,9704b972d3c33904afcb818f87ccd461d988fd30910e9788031d4176df032cd0,3f504e0bc00e47e2d3674e97ef03bed09c060383c94ac723bd7c7c9e56fa4a85
main,nickel,MOZ,exp_tubes,MOZ|exp_tubes,0.02451210857697337,0,0.0,2008-2012,2018-2022,89f5b937f9b0a20fe79834a1bd1c98425b83db549a1f4059d1e147dfa5bdad2d,9704b972d3c33904afcb818f87ccd461d988fd30910e9788031d4176df032cd0,3f504e0bc00e47e2d3674e97ef03bed09c060383c94ac723bd7c7c9e56fa4a85
main,nickel,MOZ,exp_unwrought,MOZ|exp_unwrought,0.04126418969126987,0,0.0,2008-2012,2018-2022,89f5b937f9b0a20fe79834a1bd1c98425b83db549a1f4059d1e147dfa5bdad2d,9704b972d3c33904afcb818f87ccd461d988fd30910e9788031d4176df032cd0,3f504e0bc00e47e2d3674e97ef03bed09c060383c94ac723bd7c7c9e56fa4a85
main,nickel,MRT,exp_bars_wire,MRT|exp_bars_wire,0.010625175643276426,0,0.0,2008-2012,2018-2022,89f5b937f9b0a20fe79834a1bd1c98425b83db549a1f4059d1e147dfa5bdad2d,9704b972d3c33904afcb818f87ccd461d988fd30910e9788031d4176df032cd0,3f504e0bc00e47e2d3674e97ef03bed09c060383c94ac723bd7c7c9e56fa4a85
main,nickel,MRT,exp_ferronickel,MRT|exp_ferronickel,0.013686327855628825,0,0.0,2008-2012,2018-2022,89f5b937f9b0a20fe79834a1bd1c98425b83db549a1f4059d1e147dfa5bdad2d,9704b972d3c33904afcb818f87ccd461d988fd30910e9788031d4176df032cd0,3f504e0bc00e47e2d3674e97ef03bed09c060383c94ac723bd7c7c9e56fa4a85
main,nickel,MRT,exp_nickel_intermediate,MRT|exp_nickel_intermediate,0.0186794155851919,0,0.0,2008-2012,2018-2022,89f5b937f9b0a20fe79834a1bd1c98425b83db549a1f4059d1e147dfa5bdad2d,9704b972d3c33904afcb818f87ccd461d988fd30910e9788031d4176df032cd0,3f504e0bc00e47e2d3674e97ef03bed09c060383c94ac723bd7c7c9e56fa4a85
main,nickel,MRT,exp_nickel_matte,MRT|exp_nickel_matte,0.015962745411995907,0,0.0,2008-2012,2018-2022,89f5b937f9b0a20fe79834a1bd1c98425b83db549a1f4059d1e147dfa5bdad2d,9704b972d3c33904afcb818f87ccd461d988fd30910e9788031d4176df032cd0,3f504e0bc00e47e2d3674e97ef03bed09c060383c94ac723bd7c7c9e56fa4a85
main,nickel,MRT,exp_nickel_salts,MRT|exp_nickel_salts,0.009187158097852404,0,0.0,2008-2012,2018-2022,89f5b937f9b0a20fe79834a1bd1c98425b83db549a1f4059d1e147dfa5bdad2d,9704b972d3c33904afcb818f87ccd461d988fd30910e9788031d4176df032cd0,3f504e0bc00e47e2d3674e97ef03bed09c060383c94ac723bd7c7c9e56fa4a85
main,nickel,MRT,exp_other,MRT|exp_other,0.013789552996700765,0,0.0,2008-2012,2018-2022,89f5b937f9b0a20fe79834a1bd1c98425b83db549a1f4059d1e147dfa5bdad2d,9704b972d3c33904afcb818f87ccd461d988fd30910e9788031d4176df032cd0,3f504e0bc00e47e2d3674e97ef03bed09c060383c94ac723bd7c7c9e56fa4a85
main,nickel,MRT,exp_plates_foil,MRT|exp_plates_foil,0.009601217797192767,0,0.0,2008-2012,2018-2022,89f5b937f9b0a20fe79834a1bd1c98425b83db549a1f4059d1e147dfa5bdad2d,9704b972d3c33904afcb818f87ccd461d988fd30910e9788031d4176df032cd0,3f504e0bc00e47e2d3674e97ef03bed09c060383c94ac723bd7c7c9e56fa4a85
main,nickel,MRT,exp_powder,MRT|exp_powder,0.01167876497213554,0,0.0,2008-2012,2018-2022,89f5b937f9b0a20fe79834a1bd1c98425b83db549a1f4059d1e147dfa5bdad2d,9704b972d3c33904afcb818f87ccd461d988fd30910e9788031d4176df032cd0,3f504e0bc00e47e2d3674e97ef03bed09c060383c94ac723bd7c7c9e56fa4a85
main,nickel,MRT,exp_tubes,MRT|exp_tubes,0.00933559783471941,0,0.0,2008-2012,2018-2022,89f5b937f9b0a20fe79834a1bd1c98425b83db549a1f4059d1e147dfa5bdad2d,9704b972d3c33904afcb818f87ccd461d988fd30910e9788031d4176df032cd0,3f504e0bc00e47e2d3674e97ef03bed09c060383c94ac723bd7c7c9e56fa4a85
main,nickel,MRT,exp_unwrought,MRT|exp_unwrought,0.01255702443136581,0,0.0,2008-2012,2018-2022,89f5b937f9b0a20fe79834a1bd1c98425b83db549a1f4059d1e147dfa5bdad2d,9704b972d3c33904afcb818f87ccd461d988fd30910e9788031d4176df032cd0,3f504e0bc00e47e2d3674e97ef03bed09c060383c94ac723bd7c7c9e56fa4a85
main,nickel,MYS,exp_ferronickel,MYS|exp_ferronickel,0.180710287442241,1,30252.9064,2008-2012,2018-2022,89f5b937f9b0a20fe79834a1bd1c98425b83db549a1f4059d1e147dfa5bdad2d,9704b972d3c33904afcb818f87ccd461d988fd30910e9788031d4176df032cd0,3f504e0bc00e47e2d3674e97ef03bed09c060383c94ac723bd7c7c9e56fa4a85
main,nickel,MYS,exp_nickel_matte,MYS|exp_nickel_matte,0.16747106936771464,1,1147.5346,2008-2012,2018-2022,89f5b937f9b0a20fe79834a1bd1c98425b83db549a1f4059d1e147dfa5bdad2d,9704b972d3c33904afcb818f87ccd461d988fd30910e9788031d4176df032cd0,3f504e0bc00e47e2d3674e97ef03bed09c060383c94ac723bd7c7c9e56fa4a85
main,nickel,NCL,exp_bars_wire,NCL|exp_bars_wire,0.03504788771260395,0,0.0,2008-2012,2018-2022,89f5b937f9b0a20fe79834a1bd1c98425b83db549a1f4059d1e147dfa5bdad2d,9704b972d3c33904afcb818f87ccd461d988fd30910e9788031d4176df032cd0,3f504e0bc00e47e2d3674e97ef03bed09c060383c94ac723bd7c7c9e56fa4a85
main,nickel,NCL,exp_nickel_salts,NCL|exp_nickel_salts,0.0362529055260365,1,5037.3964,2008-2012,2018-2022,89f5b937f9b0a20fe79834a1bd1c98425b83db549a1f4059d1e147dfa5bdad2d,9704b972d3c33904afcb818f87ccd461d988fd30910e9788031d4176df032cd0,3f504e0bc00e47e2d3674e97ef03bed09c060383c94ac723bd7c7c9e56fa4a85
main,nickel,NCL,exp_other,NCL|exp_other,0.03866790526303377,0,0.0,2008-2012,2018-2022,89f5b937f9b0a20fe79834a1bd1c98425b83db549a1f4059d1e147dfa5bdad2d,9704b972d3c33904afcb818f87ccd461d988fd30910e9788031d4176df032cd0,3f504e0bc00e47e2d3674e97ef03bed09c060383c94ac723bd7c7c9e56fa4a85
main,nickel,NCL,exp_plates_foil,NCL|exp_plates_foil,0.037142067452840925,0,0.0,2008-2012,2018-2022,89f5b937f9b0a20fe79834a1bd1c98425b83db549a1f4059d1e147dfa5bdad2d,9704b972d3c33904afcb818f87ccd461d988fd30910e9788031d4176df032cd0,3f504e0bc00e47e2d3674e97ef03bed09c060383c94ac723bd7c7c9e56fa4a85
main,nickel,NCL,exp_powder,NCL|exp_powder,0.04210665813463959,0,0.0,2008-2012,2018-2022,89f5b937f9b0a20fe79834a1bd1c98425b83db549a1f4059d1e147dfa5bdad2d,9704b972d3c33904afcb818f87ccd461d988fd30910e9788031d4176df032cd0,3f504e0bc00e47e2d3674e97ef03bed09c060383c94ac723bd7c7c9e56fa4a85
main,nickel,NCL,exp_tubes,NCL|exp_tubes,0.03531889427136157,0,0.0,2008-2012,2018-2022,89f5b937f9b0a20fe79834a1bd1c98425b83db549a1f4059d1e147dfa5bdad2d,9704b972d3c33904afcb818f87ccd461d988fd30910e9788031d4176df032cd0,3f504e0bc00e47e2d3674e97ef03bed09c060383c94ac723bd7c7c9e56fa4a85
main,nickel,NGA,exp_bars_wire,NGA|exp_bars_wire,0.013786554553454448,0,0.0,2008-2012,2018-2022,89f5b937f9b0a20fe79834a1bd1c98425b83db549a1f4059d1e147dfa5bdad2d,9704b972d3c33904afcb818f87ccd461d988fd30910e9788031d4176df032cd0,3f504e0bc00e47e2d3674e97ef03bed09c060383c94ac723bd7c7c9e56fa4a85
main,nickel,NGA,exp_nickel_salts,NGA|exp_nickel_salts,0.013613522747419816,0,0.0,2008-2012,2018-2022,89f5b937f9b0a20fe79834a1bd1c98425b83db549a1f4059d1e147dfa5bdad2d,9704b972d3c33904afcb818f87ccd461d988fd30910e9788031d4176df032cd0,3f504e0bc00e47e2d3674e97ef03bed09c060383c94ac723bd7c7c9e56fa4a85
main,nickel,NGA,exp_other,NGA|exp_other,0.016568830261709532,0,0.0,2008-2012,2018-2022,89f5b937f9b0a20fe79834a1bd1c98425b83db549a1f4059d1e147dfa5bdad2d,9704b972d3c33904afcb818f87ccd461d988fd30910e9788031d4176df032cd0,3f504e0bc00e47e2d3674e97ef03bed09c060383c94ac723bd7c7c9e56fa4a85
main,nickel,NGA,exp_tubes,NGA|exp_tubes,0.011093869211326834,0,0.0,2008-2012,2018-2022,89f5b937f9b0a20fe79834a1bd1c98425b83db549a1f4059d1e147dfa5bdad2d,9704b972d3c33904afcb818f87ccd461d988fd30910e9788031d4176df032cd0,3f504e0bc00e47e2d3674e97ef03bed09c060383c94ac723bd7c7c9e56fa4a85
main,nickel,NOR,exp_nickel_matte,NOR|exp_nickel_matte,0.09665326217481275,1,239.5998,2008-2012,2018-2022,89f5b937f9b0a20fe79834a1bd1c98425b83db549a1f4059d1e147dfa5bdad2d,9704b972d3c33904afcb818f87ccd461d988fd30910e9788031d4176df032cd0,3f504e0bc00e47e2d3674e97ef03bed09c060383c94ac723bd7c7c9e56fa4a85
main,nickel,NOR,exp_powder,NOR|exp_powder,0.09222706396889337,0,0.0,2008-2012,2018-2022,89f5b937f9b0a20fe79834a1bd1c98425b83db549a1f4059d1e147dfa5bdad2d,9704b972d3c33904afcb818f87ccd461d988fd30910e9788031d4176df032cd0,3f504e0bc00e47e2d3674e97ef03bed09c060383c94ac723bd7c7c9e56fa4a85
main,nickel,NRU,exp_bars_wire,NRU|exp_bars_wire,0.017267074927554606,0,0.0,2008-2012,2018-2022,89f5b937f9b0a20fe79834a1bd1c98425b83db549a1f4059d1e147dfa5bdad2d,9704b972d3c33904afcb818f87ccd461d988fd30910e9788031d4176df032cd0,3f504e0bc00e47e2d3674e97ef03bed09c060383c94ac723bd7c7c9e56fa4a85
main,nickel,NRU,exp_nickel_salts,NRU|exp_nickel_salts,0.018411354155103442,0,0.0,2008-2012,2018-2022,89f5b937f9b0a20fe79834a1bd1c98425b83db549a1f4059d1e147dfa5bdad2d,9704b972d3c33904afcb818f87ccd461d988fd30910e9788031d4176df032cd0,3f504e0bc00e47e2d3674e97ef03bed09c060383c94ac723bd7c7c9e56fa4a85
main,nickel,NRU,exp_other,NRU|exp_other,0.020554638208545323,0,0.0,2008-2012,2018-2022,89f5b937f9b0a20fe79834a1bd1c98425b83db549a1f4059d1e147dfa5bdad2d,9704b972d3c33904afcb818f87ccd461d988fd30910e9788031d4176df032cd0,3f504e0bc00e47e2d3674e97ef03bed09c060383c94ac723bd7c7c9e56fa4a85
main,nickel,NRU,exp_plates_foil,NRU|exp_plates_foil,0.0171339262838849,0,0.0,2008-2012,2018-2022,89f5b937f9b0a20fe79834a1bd1c98425b83db549a1f4059d1e147dfa5bdad2d,9704b972d3c33904afcb818f87ccd461d988fd30910e9788031d4176df032cd0,3f504e0bc00e47e2d3674e97ef03bed09c060383c94ac723bd7c7c9e56fa4a85
main,nickel,NRU,exp_powder,NRU|exp_powder,0.017373173754210578,0,0.0,2008-2012,2018-2022,89f5b937f9b0a20fe79834a1bd1c98425b83db549a1f4059d1e147dfa5bdad2d,9704b972d3c33904afcb818f87ccd461d988fd30910e9788031d4176df032cd0,3f504e0bc00e47e2d3674e97ef03bed09c060383c94ac723bd7c7c9e56fa4a85
main,nickel,NRU,exp_tubes,NRU|exp_tubes,0.019074251257962704,0,0.0,2008-2012,2018-2022,89f5b937f9b0a20fe79834a1bd1c98425b83db549a1f4059d1e147dfa5bdad2d,9704b972d3c33904afcb818f87ccd461d988fd30910e9788031d4176df032cd0,3f504e0bc00e47e2d3674e97ef03bed09c060383c94ac723bd7c7c9e56fa4a85
main,nickel,NZL,exp_nickel_salts,NZL|exp_nickel_salts,0.11323598444402531,0,0.0,2008-2012,2018-2022,89f5b937f9b0a20fe79834a1bd1c98425b83db549a1f4059d1e147dfa5bdad2d,9704b972d3c33904afcb818f87ccd461d988fd30910e9788031d4176df032cd0,3f504e0bc00e47e2d3674e97ef03bed09c060383c94ac723bd7c7c9e56fa4a85
main,nickel,NZL,exp_plates_foil,NZL|exp_plates_foil,0.11735076114434086,0,0.0,2008-2012,2018-2022,89f5b937f9b0a20fe79834a1bd1c98425b83db549a1f4059d1e147dfa5bdad2d,9704b972d3c33904afcb818f87ccd461d988fd30910e9788031d4176df032cd0,3f504e0bc00e47e2d3674e97ef03bed09c060383c94ac723bd7c7c9e56fa4a85
main,nickel,NZL,exp_powder,NZL|exp_powder,0.14643998182518475,0,0.0,2008-2012,2018-2022,89f5b937f9b0a20fe79834a1bd1c98425b83db549a1f4059d1e147dfa5bdad2d,9704b972d3c33904afcb818f87ccd461d988fd30910e9788031d4176df032cd0,3f504e0bc00e47e2d3674e97ef03bed09c060383c94ac723bd7c7c9e56fa4a85
main,nickel,NZL,exp_tubes,NZL|exp_tubes,0.12427993420798067,0,0.0,2008-2012,2018-2022,89f5b937f9b0a20fe79834a1bd1c98425b83db549a1f4059d1e147dfa5bdad2d,9704b972d3c33904afcb818f87ccd461d988fd30910e9788031d4176df032cd0,3f504e0bc00e47e2d3674e97ef03bed09c060383c94ac723bd7c7c9e56fa4a85
main,nickel,NZL,exp_unwrought,NZL|exp_unwrought,0.13229404911194803,0,0.0,2008-2012,2018-2022,89f5b937f9b0a20fe79834a1bd1c98425b83db549a1f4059d1e147dfa5bdad2d,9704b972d3c33904afcb818f87ccd461d988fd30910e9788031d4176df032cd0,3f504e0bc00e47e2d3674e97ef03bed09c060383c94ac723bd7c7c9e56fa4a85
main,nickel,PAK,exp_bars_wire,PAK|exp_bars_wire,0.11765355371342989,1,323.0212,2008-2012,2018-2022,89f5b937f9b0a20fe79834a1bd1c98425b83db549a1f4059d1e147dfa5bdad2d,9704b972d3c33904afcb818f87ccd461d988fd30910e9788031d4176df032cd0,3f504e0bc00e47e2d3674e97ef03bed09c060383c94ac723bd7c7c9e56fa4a85
main,nickel,PAK,exp_nickel_salts,PAK|exp_nickel_salts,0.13357764481476347,0,0.0,2008-2012,2018-2022,89f5b937f9b0a20fe79834a1bd1c98425b83db549a1f4059d1e147dfa5bdad2d,9704b972d3c33904afcb818f87ccd461d988fd30910e9788031d4176df032cd0,3f504e0bc00e47e2d3674e97ef03bed09c060383c94ac723bd7c7c9e56fa4a85
main,nickel,PAK,exp_plates_foil,PAK|exp_plates_foil,0.11195882018653959,0,0.0,2008-2012,2018-2022,89f5b937f9b0a20fe79834a1bd1c98425b83db549a1f4059d1e147dfa5bdad2d,9704b972d3c33904afcb818f87ccd461d988fd30910e9788031d4176df032cd0,3f504e0bc00e47e2d3674e97ef03bed09c060383c94ac723bd7c7c9e56fa4a85
main,nickel,PAK,exp_powder,PAK|exp_powder,0.09576453101392145,0,0.0,2008-2012,2018-2022,89f5b937f9b0a20fe79834a1bd1c98425b83db549a1f4059d1e147dfa5bdad2d,9704b972d3c33904afcb818f87ccd461d988fd30910e9788031d4176df032cd0,3f504e0bc00e47e2d3674e97ef03bed09c060383c94ac723bd7c7c9e56fa4a85
main,nickel,PAK,exp_tubes,PAK|exp_tubes,0.12266325724055849,0,0.0,2008-2012,2018-2022,89f5b937f9b0a20fe79834a1bd1c98425b83db549a1f4059d1e147dfa5bdad2d,9704b972d3c33904afcb818f87ccd461d988fd30910e9788031d4176df032cd0,3f504e0bc00e47e2d3674e97ef03bed09c060383c94ac723bd7c7c9e56fa4a85
main,nickel,PHL,exp_nickel_matte,PHL|exp_nickel_matte,0.1356963662232698,0,0.0,2008-2012,2018-2022,89f5b937f9b0a20fe79834a1bd1c98425b83db549a1f4059d1e147dfa5bdad2d,9704b972d3c33904afcb818f87ccd461d988fd30910e9788031d4176df032cd0,3f504e0bc00e47e2d3674e97ef03bed09c060383c94ac723bd7c7c9e56fa4a85
main,nickel,PHL,exp_powder,PHL|exp_powder,0.10333994910379819,0,0.0,2008-2012,2018-2022,89f5b937f9b0a20fe79834a1bd1c98425b83db549a1f4059d1e147dfa5bdad2d,9704b972d3c33904afcb818f87ccd461d988fd30910e9788031d4176df032cd0,3f504e0bc00e47e2d3674e97ef03bed09c060383c94ac723bd7c7c9e56fa4a85
main,nickel,PHL,exp_tubes,PHL|exp_tubes,0.10355085428837883,0,0.0,2008-2012,2018-2022,89f5b937f9b0a20fe79834a1bd1c98425b83db549a1f4059d1e147dfa5bdad2d,9704b972d3c33904afcb818f87ccd461d988fd30910e9788031d4176df032cd0,3f504e0bc00e47e2d3674e97ef03bed09c060383c94ac723bd7c7c9e56fa4a85
main,nickel,PNG,exp_bars_wire,PNG|exp_bars_wire,0.013182139178994003,0,0.0,2008-2012,2018-2022,89f5b937f9b0a20fe79834a1bd1c98425b83db549a1f4059d1e147dfa5bdad2d,9704b972d3c33904afcb818f87ccd461d988fd30910e9788031d4176df032cd0,3f504e0bc00e47e2d3674e97ef03bed09c060383c94ac723bd7c7c9e56fa4a85
main,nickel,PNG,exp_nickel_salts,PNG|exp_nickel_salts,0.011399741391577942,0,0.0,2008-2012,2018-2022,89f5b937f9b0a20fe79834a1bd1c98425b83db549a1f4059d1e147dfa5bdad2d,9704b972d3c33904afcb818f87ccd461d988fd30910e9788031d4176df032cd0,3f504e0bc00e47e2d3674e97ef03bed09c060383c94ac723bd7c7c9e56fa4a85
main,nickel,PNG,exp_other,PNG|exp_other,0.016532011616625864,0,0.0,2008-2012,2018-2022,89f5b937f9b0a20fe79834a1bd1c98425b83db549a1f4059d1e147dfa5bdad2d,9704b972d3c33904afcb818f87ccd461d988fd30910e9788031d4176df032cd0,3f504e0bc00e47e2d3674e97ef03bed09c060383c94ac723bd7c7c9e56fa4a85
main,nickel,PNG,exp_plates_foil,PNG|exp_plates_foil,0.011125183787795713,0,0.0,2008-2012,2018-2022,89f5b937f9b0a20fe79834a1bd1c98425b83db549a1f4059d1e147dfa5bdad2d,9704b972d3c33904afcb818f87ccd461d988fd30910e9788031d4176df032cd0,3f504e0bc00e47e2d3674e97ef03bed09c060383c94ac723bd7c7c9e56fa4a85
main,nickel,PNG,exp_powder,PNG|exp_powder,0.01479249940003791,0,0.0,2008-2012,2018-2022,89f5b937f9b0a20fe79834a1bd1c98425b83db549a1f4059d1e147dfa5bdad2d,9704b972d3c33904afcb818f87ccd461d988fd30910e9788031d4176df032cd0,3f504e0bc00e47e2d3674e97ef03bed09c060383c94ac723bd7c7c9e56fa4a85
main,nickel,PNG,exp_tubes,PNG|exp_tubes,0.010512477789378286,0,0.0,2008-2012,2018-2022,89f5b937f9b0a20fe79834a1bd1c98425b83db549a1f4059d1e147dfa5bdad2d,9704b972d3c33904afcb818f87ccd461d988fd30910e9788031d4176df032cd0,3f504e0bc00e47e2d3674e97ef03bed09c060383c94ac723bd7c7c9e56fa4a85
main,nickel,PNG,exp_unwrought,PNG|exp_unwrought,0.01638550538883354,0,0.0,2008-2012,2018-2022,89f5b937f9b0a20fe79834a1bd1c98425b83db549a1f4059d1e147dfa5bdad2d,9704b972d3c33904afcb818f87ccd461d988fd30910e9788031d4176df032cd0,3f504e0bc00e47e2d3674e97ef03bed09c060383c94ac723bd7c7c9e56fa4a85
main,nickel,PRK,exp_bars_wire,PRK|exp_bars_wire,0.0989884829684269,0,0.0,2008-2012,2018-2022,89f5b937f9b0a20fe79834a1bd1c98425b83db549a1f4059d1e147dfa5bdad2d,9704b972d3c33904afcb818f87ccd461d988fd30910e9788031d4176df032cd0,3f504e0bc00e47e2d3674e97ef03bed09c060383c94ac723bd7c7c9e56fa4a85
main,nickel,PRK,exp_nickel_salts,PRK|exp_nickel_salts,0.103325902415073,0,0.0,2008-2012,2018-2022,89f5b937f9b0a20fe79834a1bd1c98425b83db549a1f4059d1e147dfa5bdad2d,9704b972d3c33904afcb818f87ccd461d988fd30910e9788031d4176df032cd0,3f504e0bc00e47e2d3674e97ef03bed09c060383c94ac723bd7c7c9e56fa4a85
main,nickel,PRK,exp_other,PRK|exp_other,0.10551407181164066,0,0.0,2008-2012,2018-2022,89f5b937f9b0a20fe79834a1bd1c98425b83db549a1f4059d1e147dfa5bdad2d,9704b972d3c33904afcb818f87ccd461d988fd30910e9788031d4176df032cd0,3f504e0bc00e47e2d3674e97ef03bed09c060383c94ac723bd7c7c9e56fa4a85
main,nickel,PRK,exp_powder,PRK|exp_powder,0.10594221532425269,0,0.0,2008-2012,2018-2022,89f5b937f9b0a20fe79834a1bd1c98425b83db549a1f4059d1e147dfa5bdad2d,9704b972d3c33904afcb818f87ccd461d988fd30910e9788031d4176df032cd0,3f504e0bc00e47e2d3674e97ef03bed09c060383c94ac723bd7c7c9e56fa4a85
main,nickel,PRK,exp_tubes,PRK|exp_tubes,0.10220505757439945,0,0.0,2008-2012,2018-2022,89f5b937f9b0a20fe79834a1bd1c98425b83db549a1f4059d1e147dfa5bdad2d,9704b972d3c33904afcb818f87ccd461d988fd30910e9788031d4176df032cd0,3f504e0bc00e47e2d3674e97ef03bed09c060383c94ac723bd7c7c9e56fa4a85
main,nickel,PRT,exp_nickel_salts,PRT|exp_nickel_salts,0.24706084970918277,0,0.0,2008-2012,2018-2022,89f5b937f9b0a20fe79834a1bd1c98425b83db549a1f4059d1e147dfa5bdad2d,9704b972d3c33904afcb818f87ccd461d988fd30910e9788031d4176df032cd0,3f504e0bc00e47e2d3674e97ef03bed09c060383c94ac723bd7c7c9e56fa4a85
main,nickel,PRT,exp_plates_foil,PRT|exp_plates_foil,0.22252978459092052,1,1318.312,2008-2012,2018-2022,89f5b937f9b0a20fe79834a1bd1c98425b83db549a1f4059d1e147dfa5bdad2d,9704b972d3c33904afcb818f87ccd461d988fd30910e9788031d4176df032cd0,3f504e0bc00e47e2d3674e97ef03bed09c060383c94ac723bd7c7c9e56fa4a85
main,nickel,PRT,exp_powder,PRT|exp_powder,0.23048190099844054,0,0.0,2008-2012,2018-2022,89f5b937f9b0a20fe79834a1bd1c98425b83db549a1f4059d1e147dfa5bdad2d,9704b972d3c33904afcb818f87ccd461d988fd30910e9788031d4176df032cd0,3f504e0bc00e47e2d3674e97ef03bed09c060383c94ac723bd7c7c9e56fa4a85
main,nickel,PRT,exp_unwrought,PRT|exp_unwrought,0.2475160372222034,1,131.93720000000002,2008-2012,2018-2022,89f5b937f9b0a20fe79834a1bd1c98425b83db549a1f4059d1e147dfa5bdad2d,9704b972d3c33904afcb818f87ccd461d988fd30910e9788031d4176df032cd0,3f504e0bc00e47e2d3674e97ef03bed09c060383c94ac723bd7c7c9e56fa4a85
main,nickel,QAT,exp_bars_wire,QAT|exp_bars_wire,0.00865031911982489,0,0.0,2008-2012,2018-2022,89f5b937f9b0a20fe79834a1bd1c98425b83db549a1f4059d1e147dfa5bdad2d,9704b972d3c33904afcb818f87ccd461d988fd30910e9788031d4176df032cd0,3f504e0bc00e47e2d3674e97ef03bed09c060383c94ac723bd7c7c9e56fa4a85
main,nickel,QAT,exp_nickel_salts,QAT|exp_nickel_salts,0.00729126691448963,0,0.0,2008-2012,2018-2022,89f5b937f9b0a20fe79834a1bd1c98425b83db549a1f4059d1e147dfa5bdad2d,9704b972d3c33904afcb818f87ccd461d988fd30910e9788031d4176df032cd0,3f504e0bc00e47e2d3674e97ef03bed09c060383c94ac723bd7c7c9e56fa4a85
main,nickel,QAT,exp_plates_foil,QAT|exp_plates_foil,0.008271263858591447,1,324.4012,2008-2012,2018-2022,89f5b937f9b0a20fe79834a1bd1c98425b83db549a1f4059d1e147dfa5bdad2d,9704b972d3c33904afcb818f87ccd461d988fd30910e9788031d4176df032cd0,3f504e0bc00e47e2d3674e97ef03bed09c060383c94ac723bd7c7c9e56fa4a85
main,nickel,QAT,exp_powder,QAT|exp_powder,0.011389292944879326,0,0.0,2008-2012,2018-2022,89f5b937f9b0a20fe79834a1bd1c98425b83db549a1f4059d1e147dfa5bdad2d,9704b972d3c33904afcb818f87ccd461d988fd30910e9788031d4176df032cd0,3f504e0bc00e47e2d3674e97ef03bed09c060383c94ac723bd7c7c9e56fa4a85
main,nickel,QAT,exp_tubes,QAT|exp_tubes,0.006593044214697546,1,1278.4004,2008-2012,2018-2022,89f5b937f9b0a20fe79834a1bd1c98425b83db549a1f4059d1e147dfa5bdad2d,9704b972d3c33904afcb818f87ccd461d988fd30910e9788031d4176df032cd0,3f504e0bc00e47e2d3674e97ef03bed09c060383c94ac723bd7c7c9e56fa4a85
main,nickel,ROU,exp_nickel_salts,ROU|exp_nickel_salts,0.17437385592793353,0,0.0,2008-2012,2018-2022,89f5b937f9b0a20fe79834a1bd1c98425b83db549a1f4059d1e147dfa5bdad2d,9704b972d3c33904afcb818f87ccd461d988fd30910e9788031d4176df032cd0,3f504e0bc00e47e2d3674e97ef03bed09c060383c94ac723bd7c7c9e56fa4a85
main,nickel,ROU,exp_powder,ROU|exp_powder,0.17130925636012778,0,0.0,2008-2012,2018-2022,89f5b937f9b0a20fe79834a1bd1c98425b83db549a1f4059d1e147dfa5bdad2d,9704b972d3c33904afcb818f87ccd461d988fd30910e9788031d4176df032cd0,3f504e0bc00e47e2d3674e97ef03bed09c060383c94ac723bd7c7c9e56fa4a85
main,nickel,S19,exp_nickel_matte,S19|exp_nickel_matte,0.24373775462261357,0,0.0,2008-2012,2018-2022,89f5b937f9b0a20fe79834a1bd1c98425b83db549a1f4059d1e147dfa5bdad2d,9704b972d3c33904afcb818f87ccd461d988fd30910e9788031d4176df032cd0,3f504e0bc00e47e2d3674e97ef03bed09c060383c94ac723bd7c7c9e56fa4a85
main,nickel,SAU,exp_nickel_salts,SAU|exp_nickel_salts,0.03297027043056939,0,0.0,2008-2012,2018-2022,89f5b937f9b0a20fe79834a1bd1c98425b83db549a1f4059d1e147dfa5bdad2d,9704b972d3c33904afcb818f87ccd461d988fd30910e9788031d4176df032cd0,3f504e0bc00e47e2d3674e97ef03bed09c060383c94ac723bd7c7c9e56fa4a85
main,nickel,SAU,exp_plates_foil,SAU|exp_plates_foil,0.03206277097835513,1,154.3704,2008-2012,2018-2022,89f5b937f9b0a20fe79834a1bd1c98425b83db549a1f4059d1e147dfa5bdad2d,9704b972d3c33904afcb818f87ccd461d988fd30910e9788031d4176df032cd0,3f504e0bc00e47e2d3674e97ef03bed09c060383c94ac723bd7c7c9e56fa4a85
main,nickel,SAU,exp_powder,SAU|exp_powder,0.036990910639492024,0,0.0,2008-2012,2018-2022,89f5b937f9b0a20fe79834a1bd1c98425b83db549a1f4059d1e147dfa5bdad2d,9704b972d3c33904afcb818f87ccd461d988fd30910e9788031d4176df032cd0,3f504e0bc00e47e2d3674e97ef03bed09c060383c94ac723bd7c7c9e56fa4a85
main,nickel,SRB,exp_bars_wire,SRB|exp_bars_wire,0.158671377831763,1,612.8566,2008-2012,2018-2022,89f5b937f9b0a20fe79834a1bd1c98425b83db549a1f4059d1e147dfa5bdad2d,9704b972d3c33904afcb818f87ccd461d988fd30910e9788031d4176df032cd0,3f504e0bc00e47e2d3674e97ef03bed09c060383c94ac723bd7c7c9e56fa4a85
main,nickel,SRB,exp_nickel_salts,SRB|exp_nickel_salts,0.14928768261905118,0,0.0,2008-2012,2018-2022,89f5b937f9b0a20fe79834a1bd1c98425b83db549a1f4059d1e147dfa5bdad2d,9704b972d3c33904afcb818f87ccd461d988fd30910e9788031d4176df032cd0,3f504e0bc00e47e2d3674e97ef03bed09c060383c94ac723bd7c7c9e56fa4a85
main,nickel,SRB,exp_plates_foil,SRB|exp_plates_foil,0.14718066208360792,0,0.0,2008-2012,2018-2022,89f5b937f9b0a20fe79834a1bd1c98425b83db549a1f4059d1e147dfa5bdad2d,9704b972d3c33904afcb818f87ccd461d988fd30910e9788031d4176df032cd0,3f504e0bc00e47e2d3674e97ef03bed09c060383c94ac723bd7c7c9e56fa4a85
main,nickel,SRB,exp_powder,SRB|exp_powder,0.16754698371284305,0,0.0,2008-2012,2018-2022,89f5b937f9b0a20fe79834a1bd1c98425b83db549a1f4059d1e147dfa5bdad2d,9704b972d3c33904afcb818f87ccd461d988fd30910e9788031d4176df032cd0,3f504e0bc00e47e2d3674e97ef03bed09c060383c94ac723bd7c7c9e56fa4a85
main,nickel,SRB,exp_tubes,SRB|exp_tubes,0.16558942016526879,0,0.0,2008-2012,2018-2022,89f5b937f9b0a20fe79834a1bd1c98425b83db549a1f4059d1e147dfa5bdad2d,9704b972d3c33904afcb818f87ccd461d988fd30910e9788031d4176df032cd0,3f504e0bc00e47e2d3674e97ef03bed09c060383c94ac723bd7c7c9e56fa4a85
main,nickel,SRB,exp_unwrought,SRB|exp_unwrought,0.15719913458102305,1,392.1714,2008-2012,2018-2022,89f5b937f9b0a20fe79834a1bd1c98425b83db549a1f4059d1e147dfa5bdad2d,9704b972d3c33904afcb818f87ccd461d988fd30910e9788031d4176df032cd0,3f504e0bc00e47e2d3674e97ef03bed09c060383c94ac723bd7c7c9e56fa4a85
main,nickel,SVK,exp_nickel_salts,SVK|exp_nickel_salts,0.17213741243822403,1,125.5984,2008-2012,2018-2022,89f5b937f9b0a20fe79834a1bd1c98425b83db549a1f4059d1e147dfa5bdad2d,9704b972d3c33904afcb818f87ccd461d988fd30910e9788031d4176df032cd0,3f504e0bc00e47e2d3674e97ef03bed09c060383c94ac723bd7c7c9e56fa4a85
main,nickel,SVN,exp_nickel_salts,SVN|exp_nickel_salts,0.21178514486477318,0,0.0,2008-2012,2018-2022,89f5b937f9b0a20fe79834a1bd1c98425b83db549a1f4059d1e147dfa5bdad2d,9704b972d3c33904afcb818f87ccd461d988fd30910e9788031d4176df032cd0,3f504e0bc00e47e2d3674e97ef03bed09c060383c94ac723bd7c7c9e56fa4a85
main,nickel,SVN,exp_other,SVN|exp_other,0.22991842811936758,0,0.0,2008-2012,2018-2022,89f5b937f9b0a20fe79834a1bd1c98425b83db549a1f4059d1e147dfa5bdad2d,9704b972d3c33904afcb818f87ccd461d988fd30910e9788031d4176df032cd0,3f504e0bc00e47e2d3674e97ef03bed09c060383c94ac723bd7c7c9e56fa4a85
main,nickel,SVN,exp_powder,SVN|exp_powder,0.2171192303411438,0,0.0,2008-2012,2018-2022,89f5b937f9b0a20fe79834a1bd1c98425b83db549a1f4059d1e147dfa5bdad2d,9704b972d3c33904afcb818f87ccd461d988fd30910e9788031d4176df032cd0,3f504e0bc00e47e2d3674e97ef03bed09c060383c94ac723bd7c7c9e56fa4a85
main,nickel,SVN,exp_tubes,SVN|exp_tubes,0.22428255680147252,0,0.0,2008-2012,2018-2022,89f5b937f9b0a20fe79834a1bd1c98425b83db549a1f4059d1e147dfa5bdad2d,9704b972d3c33904afcb818f87ccd461d988fd30910e9788031d4176df032cd0,3f504e0bc00e47e2d3674e97ef03bed09c060383c94ac723bd7c7c9e56fa4a85
main,nickel,SWE,exp_nickel_intermediate,SWE|exp_nickel_intermediate,0.20515911348012325,1,221.1142,2008-2012,2018-2022,89f5b937f9b0a20fe79834a1bd1c98425b83db549a1f4059d1e147dfa5bdad2d,9704b972d3c33904afcb818f87ccd461d988fd30910e9788031d4176df032cd0,3f504e0bc00e47e2d3674e97ef03bed09c060383c94ac723bd7c7c9e56fa4a85
main,nickel,SWE,exp_nickel_matte,SWE|exp_nickel_matte,0.2584128088296641,1,1871.7506,2008-2012,2018-2022,89f5b937f9b0a20fe79834a1bd1c98425b83db549a1f4059d1e147dfa5bdad2d,9704b972d3c33904afcb818f87ccd461d988fd30910e9788031d4176df032cd0,3f504e0bc00e47e2d3674e97ef03bed09c060383c94ac723bd7c7c9e56fa4a85
main,nickel,SWZ,exp_bars_wire,SWZ|exp_bars_wire,0.10266494514165282,1,227.8948,2008-2012,2018-2022,89f5b937f9b0a20fe79834a1bd1c98425b83db549a1f4059d1e147dfa5bdad2d,9704b972d3c33904afcb818f87ccd461d988fd30910e9788031d4176df032cd0,3f504e0bc00e47e2d3674e97ef03bed09c060383c94ac723bd7c7c9e56fa4a85
main,nickel,SWZ,exp_nickel_salts,SWZ|exp_nickel_salts,0.0955044527909618,0,0.0,2008-2012,2018-2022,89f5b937f9b0a20fe79834a1bd1c98425b83db549a1f4059d1e147dfa5bdad2d,9704b972d3c33904afcb818f87ccd461d988fd30910e9788031d4176df032cd0,3f504e0bc00e47e2d3674e97ef03bed09c060383c94ac723bd7c7c9e56fa4a85
main,nickel,SWZ,exp_other,SWZ|exp_other,0.09801418997093965,0,0.0,2008-2012,2018-2022,89f5b937f9b0a20fe79834a1bd1c98425b83db549a1f4059d1e147dfa5bdad2d,9704b972d3c33904afcb818f87ccd461d988fd30910e9788031d4176df032cd0,3f504e0bc00e47e2d3674e97ef03bed09c060383c94ac723bd7c7c9e56fa4a85
main,nickel,SWZ,exp_plates_foil,SWZ|exp_plates_foil,0.09408886670239351,0,0.0,2008-2012,2018-2022,89f5b937f9b0a20fe79834a1bd1c98425b83db549a1f4059d1e147dfa5bdad2d,9704b972d3c33904afcb818f87ccd461d988fd30910e9788031d4176df032cd0,3f504e0bc00e47e2d3674e97ef03bed09c060383c94ac723bd7c7c9e56fa4a85
main,nickel,SWZ,exp_powder,SWZ|exp_powder,0.09823817068155774,0,0.0,2008-2012,2018-2022,89f5b937f9b0a20fe79834a1bd1c98425b83db549a1f4059d1e147dfa5bdad2d,9704b972d3c33904afcb818f87ccd461d988fd30910e9788031d4176df032cd0,3f504e0bc00e47e2d3674e97ef03bed09c060383c94ac723bd7c7c9e56fa4a85
main,nickel,SWZ,exp_tubes,SWZ|exp_tubes,0.1007102616407099,0,0.0,2008-2012,2018-2022,89f5b937f9b0a20fe79834a1bd1c98425b83db549a1f4059d1e147dfa5bdad2d,9704b972d3c33904afcb818f87ccd461d988fd30910e9788031d4176df032cd0,3f504e0bc00e47e2d3674e97ef03bed09c060383c94ac723bd7c7c9e56fa4a85
main,nickel,SWZ,exp_unwrought,SWZ|exp_unwrought,0.10172100724817101,0,0.0,2008-2012,2018-2022,89f5b937f9b0a20fe79834a1bd1c98425b83db549a1f4059d1e147dfa5bdad2d,9704b972d3c33904afcb818f87ccd461d988fd30910e9788031d4176df032cd0,3f504e0bc00e47e2d3674e97ef03bed09c060383c94ac723bd7c7c9e56fa4a85
main,nickel,THA,exp_ferronickel,THA|exp_ferronickel,0.23397596230002923,1,176.53119999999998,2008-2012,2018-2022,89f5b937f9b0a20fe79834a1bd1c98425b83db549a1f4059d1e147dfa5bdad2d,9704b972d3c33904afcb818f87ccd461d988fd30910e9788031d4176df032cd0,3f504e0bc00e47e2d3674e97ef03bed09c060383c94ac723bd7c7c9e56fa4a85
main,nickel,THA,exp_nickel_matte,THA|exp_nickel_matte,0.20681548868920552,1,2642.8166,2008-2012,2018-2022,89f5b937f9b0a20fe79834a1bd1c98425b83db549a1f4059d1e147dfa5bdad2d,9704b972d3c33904afcb818f87ccd461d988fd30910e9788031d4176df032cd0,3f504e0bc00e47e2d3674e97ef03bed09c060383c94ac723bd7c7c9e56fa4a85
main,nickel,TUR,exp_nickel_intermediate,TUR|exp_nickel_intermediate,0.23679746543134667,1,73720.0862,2008-2012,2018-2022,89f5b937f9b0a20fe79834a1bd1c98425b83db549a1f4059d1e147dfa5bdad2d,9704b972d3c33904afcb818f87ccd461d988fd30910e9788031d4176df032cd0,3f504e0bc00e47e2d3674e97ef03bed09c060383c94ac723bd7c7c9e56fa4a85
main,nickel,TUR,exp_nickel_matte,TUR|exp_nickel_matte,0.23238310223946146,1,419.616,2008-2012,2018-2022,89f5b937f9b0a20fe79834a1bd1c98425b83db549a1f4059d1e147dfa5bdad2d,9704b972d3c33904afcb818f87ccd461d988fd30910e9788031d4176df032cd0,3f504e0bc00e47e2d3674e97ef03bed09c060383c94ac723bd7c7c9e56fa4a85
main,nickel,TUR,exp_powder,TUR|exp_powder,0.22114072266880597,1,2616.1454,2008-2012,2018-2022,89f5b937f9b0a20fe79834a1bd1c98425b83db549a1f4059d1e147dfa5bdad2d,9704b972d3c33904afcb818f87ccd461d988fd30910e9788031d4176df032cd0,3f504e0bc00e47e2d3674e97ef03bed09c060383c94ac723bd7c7c9e56fa4a85
main,nickel,TUR,exp_tubes,TUR|exp_tubes,0.2576351618842487,1,640.8548000000001,2008-2012,2018-2022,89f5b937f9b0a20fe79834a1bd1c98425b83db549a1f4059d1e147dfa5bdad2d,9704b972d3c33904afcb818f87ccd461d988fd30910e9788031d4176df032cd0,3f504e0bc00e47e2d3674e97ef03bed09c060383c94ac723bd7c7c9e56fa4a85
main,nickel,UKR,exp_nickel_salts,UKR|exp_nickel_salts,0.14153718551577102,0,0.0,2008-2012,2018-2022,89f5b937f9b0a20fe79834a1bd1c98425b83db549a1f4059d1e147dfa5bdad2d,9704b972d3c33904afcb818f87ccd461d988fd30910e9788031d4176df032cd0,3f504e0bc00e47e2d3674e97ef03bed09c060383c94ac723bd7c7c9e56fa4a85
main,nickel,UKR,exp_powder,UKR|exp_powder,0.17908638338689056,0,0.0,2008-2012,2018-2022,89f5b937f9b0a20fe79834a1bd1c98425b83db549a1f4059d1e147dfa5bdad2d,9704b972d3c33904afcb818f87ccd461d988fd30910e9788031d4176df032cd0,3f504e0bc00e47e2d3674e97ef03bed09c060383c94ac723bd7c7c9e56fa4a85
main,nickel,VEN,exp_bars_wire,VEN|exp_bars_wire,0.01237302574148913,0,0.0,2008-2012,2018-2022,89f5b937f9b0a20fe79834a1bd1c98425b83db549a1f4059d1e147dfa5bdad2d,9704b972d3c33904afcb818f87ccd461d988fd30910e9788031d4176df032cd0,3f504e0bc00e47e2d3674e97ef03bed09c060383c94ac723bd7c7c9e56fa4a85
main,nickel,VEN,exp_nickel_salts,VEN|exp_nickel_salts,0.010548152205447752,0,0.0,2008-2012,2018-2022,89f5b937f9b0a20fe79834a1bd1c98425b83db549a1f4059d1e147dfa5bdad2d,9704b972d3c33904afcb818f87ccd461d988fd30910e9788031d4176df032cd0,3f504e0bc00e47e2d3674e97ef03bed09c060383c94ac723bd7c7c9e56fa4a85
main,nickel,VEN,exp_other,VEN|exp_other,0.016429772875721654,0,0.0,2008-2012,2018-2022,89f5b937f9b0a20fe79834a1bd1c98425b83db549a1f4059d1e147dfa5bdad2d,9704b972d3c33904afcb818f87ccd461d988fd30910e9788031d4176df032cd0,3f504e0bc00e47e2d3674e97ef03bed09c060383c94ac723bd7c7c9e56fa4a85
main,nickel,VEN,exp_plates_foil,VEN|exp_plates_foil,0.013139566340237267,0,0.0,2008-2012,2018-2022,89f5b937f9b0a20fe79834a1bd1c98425b83db549a1f4059d1e147dfa5bdad2d,9704b972d3c33904afcb818f87ccd461d988fd30910e9788031d4176df032cd0,3f504e0bc00e47e2d3674e97ef03bed09c060383c94ac723bd7c7c9e56fa4a85
main,nickel,VEN,exp_powder,VEN|exp_powder,0.016240236638309112,0,0.0,2008-2012,2018-2022,89f5b937f9b0a20fe79834a1bd1c98425b83db549a1f4059d1e147dfa5bdad2d,9704b972d3c33904afcb818f87ccd461d988fd30910e9788031d4176df032cd0,3f504e0bc00e47e2d3674e97ef03bed09c060383c94ac723bd7c7c9e56fa4a85
main,nickel,VEN,exp_tubes,VEN|exp_tubes,0.00984889498055957,0,0.0,2008-2012,2018-2022,89f5b937f9b0a20fe79834a1bd1c98425b83db549a1f4059d1e147dfa5bdad2d,9704b972d3c33904afcb818f87ccd461d988fd30910e9788031d4176df032cd0,3f504e0bc00e47e2d3674e97ef03bed09c060383c94ac723bd7c7c9e56fa4a85
main,nickel,VEN,exp_unwrought,VEN|exp_unwrought,0.015171759946761579,0,0.0,2008-2012,2018-2022,89f5b937f9b0a20fe79834a1bd1c98425b83db549a1f4059d1e147dfa5bdad2d,9704b972d3c33904afcb818f87ccd461d988fd30910e9788031d4176df032cd0,3f504e0bc00e47e2d3674e97ef03bed09c060383c94ac723bd7c7c9e56fa4a85
main,nickel,VNM,exp_bars_wire,VNM|exp_bars_wire,0.13372077762698428,1,1696.7084,2008-2012,2018-2022,89f5b937f9b0a20fe79834a1bd1c98425b83db549a1f4059d1e147dfa5bdad2d,9704b972d3c33904afcb818f87ccd461d988fd30910e9788031d4176df032cd0,3f504e0bc00e47e2d3674e97ef03bed09c060383c94ac723bd7c7c9e56fa4a85
main,nickel,VNM,exp_nickel_salts,VNM|exp_nickel_salts,0.15697066259291625,0,0.0,2008-2012,2018-2022,89f5b937f9b0a20fe79834a1bd1c98425b83db549a1f4059d1e147dfa5bdad2d,9704b972d3c33904afcb818f87ccd461d988fd30910e9788031d4176df032cd0,3f504e0bc00e47e2d3674e97ef03bed09c060383c94ac723bd7c7c9e56fa4a85
main,nickel,VNM,exp_other,VNM|exp_other,0.14809707058746832,1,14805.8972,2008-2012,2018-2022,89f5b937f9b0a20fe79834a1bd1c98425b83db549a1f4059d1e147dfa5bdad2d,9704b972d3c33904afcb818f87ccd461d988fd30910e9788031d4176df032cd0,3f504e0bc00e47e2d3674e97ef03bed09c060383c94ac723bd7c7c9e56fa4a85
main,nickel,VNM,exp_plates_foil,VNM|exp_plates_foil,0.13651771019330822,1,527.2098000000001,2008-2012,2018-2022,89f5b937f9b0a20fe79834a1bd1c98425b83db549a1f4059d1e147dfa5bdad2d,9704b972d3c33904afcb818f87ccd461d988fd30910e9788031d4176df032cd0,3f504e0bc00e47e2d3674e97ef03bed09c060383c94ac723bd7c7c9e56fa4a85
main,nickel,VNM,exp_powder,VNM|exp_powder,0.11609683950915242,1,392.48,2008-2012,2018-2022,89f5b937f9b0a20fe79834a1bd1c98425b83db549a1f4059d1e147dfa5bdad2d,9704b972d3c33904afcb818f87ccd461d988fd30910e9788031d4176df032cd0,3f504e0bc00e47e2d3674e97ef03bed09c060383c94ac723bd7c7c9e56fa4a85
main,nickel,VNM,exp_tubes,VNM|exp_tubes,0.14139381105865878,1,2422.8424,2008-2012,2018-2022,89f5b937f9b0a20fe79834a1bd1c98425b83db549a1f4059d1e147dfa5bdad2d,9704b972d3c33904afcb818f87ccd461d988fd30910e9788031d4176df032cd0,3f504e0bc00e47e2d3674e97ef03bed09c060383c94ac723bd7c7c9e56fa4a85
main,nickel,VNM,exp_unwrought,VNM|exp_unwrought,0.15966939858383364,0,0.0,2008-2012,2018-2022,89f5b937f9b0a20fe79834a1bd1c98425b83db549a1f4059d1e147dfa5bdad2d,9704b972d3c33904afcb818f87ccd461d988fd30910e9788031d4176df032cd0,3f504e0bc00e47e2d3674e97ef03bed09c060383c94ac723bd7c7c9e56fa4a85
main,nickel,ZAF,exp_tubes,ZAF|exp_tubes,0.18356894428796922,0,0.0,2008-2012,2018-2022,89f5b937f9b0a20fe79834a1bd1c98425b83db549a1f4059d1e147dfa5bdad2d,9704b972d3c33904afcb818f87ccd461d988fd30910e9788031d4176df032cd0,3f504e0bc00e47e2d3674e97ef03bed09c060383c94ac723bd7c7c9e56fa4a85
main,nickel,ZMB,exp_bars_wire,ZMB|exp_bars_wire,0.03400625599075473,0,0.0,2008-2012,2018-2022,89f5b937f9b0a20fe79834a1bd1c98425b83db549a1f4059d1e147dfa5bdad2d,9704b972d3c33904afcb818f87ccd461d988fd30910e9788031d4176df032cd0,3f504e0bc00e47e2d3674e97ef03bed09c060383c94ac723bd7c7c9e56fa4a85
main,nickel,ZMB,exp_ferronickel,ZMB|exp_ferronickel,0.04744713119384882,0,0.0,2008-2012,2018-2022,89f5b937f9b0a20fe79834a1bd1c98425b83db549a1f4059d1e147dfa5bdad2d,9704b972d3c33904afcb818f87ccd461d988fd30910e9788031d4176df032cd0,3f504e0bc00e47e2d3674e97ef03bed09c060383c94ac723bd7c7c9e56fa4a85
main,nickel,ZMB,exp_nickel_intermediate,ZMB|exp_nickel_intermediate,0.05977832493097709,0,0.0,2008-2012,2018-2022,89f5b937f9b0a20fe79834a1bd1c98425b83db549a1f4059d1e147dfa5bdad2d,9704b972d3c33904afcb818f87ccd461d988fd30910e9788031d4176df032cd0,3f504e0bc00e47e2d3674e97ef03bed09c060383c94ac723bd7c7c9e56fa4a85
main,nickel,ZMB,exp_nickel_matte,ZMB|exp_nickel_matte,0.06172920651468111,0,0.0,2008-2012,2018-2022,89f5b937f9b0a20fe79834a1bd1c98425b83db549a1f4059d1e147dfa5bdad2d,9704b972d3c33904afcb818f87ccd461d988fd30910e9788031d4176df032cd0,3f504e0bc00e47e2d3674e97ef03bed09c060383c94ac723bd7c7c9e56fa4a85
main,nickel,ZMB,exp_nickel_salts,ZMB|exp_nickel_salts,0.032838659257712274,0,0.0,2008-2012,2018-2022,89f5b937f9b0a20fe79834a1bd1c98425b83db549a1f4059d1e147dfa5bdad2d,9704b972d3c33904afcb818f87ccd461d988fd30910e9788031d4176df032cd0,3f504e0bc00e47e2d3674e97ef03bed09c060383c94ac723bd7c7c9e56fa4a85
main,nickel,ZMB,exp_plates_foil,ZMB|exp_plates_foil,0.03578472554768643,0,0.0,2008-2012,2018-2022,89f5b937f9b0a20fe79834a1bd1c98425b83db549a1f4059d1e147dfa5bdad2d,9704b972d3c33904afcb818f87ccd461d988fd30910e9788031d4176df032cd0,3f504e0bc00e47e2d3674e97ef03bed09c060383c94ac723bd7c7c9e56fa4a85
main,nickel,ZMB,exp_powder,ZMB|exp_powder,0.04446136738959656,0,0.0,2008-2012,2018-2022,89f5b937f9b0a20fe79834a1bd1c98425b83db549a1f4059d1e147dfa5bdad2d,9704b972d3c33904afcb818f87ccd461d988fd30910e9788031d4176df032cd0,3f504e0bc00e47e2d3674e97ef03bed09c060383c94ac723bd7c7c9e56fa4a85
main,nickel,ZMB,exp_tubes,ZMB|exp_tubes,0.028828492444889976,0,0.0,2008-2012,2018-2022,89f5b937f9b0a20fe79834a1bd1c98425b83db549a1f4059d1e147dfa5bdad2d,9704b972d3c33904afcb818f87ccd461d988fd30910e9788031d4176df032cd0,3f504e0bc00e47e2d3674e97ef03bed09c060383c94ac723bd7c7c9e56fa4a85
main,nickel,ZWE,exp_bars_wire,ZWE|exp_bars_wire,0.04741202406222476,0,0.0,2008-2012,2018-2022,89f5b937f9b0a20fe79834a1bd1c98425b83db549a1f4059d1e147dfa5bdad2d,9704b972d3c33904afcb818f87ccd461d988fd30910e9788031d4176df032cd0,3f504e0bc00e47e2d3674e97ef03bed09c060383c94ac723bd7c7c9e56fa4a85
main,nickel,ZWE,exp_ferronickel,ZWE|exp_ferronickel,0.06994917187417167,1,268.4302,2008-2012,2018-2022,89f5b937f9b0a20fe79834a1bd1c98425b83db549a1f4059d1e147dfa5bdad2d,9704b972d3c33904afcb818f87ccd461d988fd30910e9788031d4176df032cd0,3f504e0bc00e47e2d3674e97ef03bed09c060383c94ac723bd7c7c9e56fa4a85
main,nickel,ZWE,exp_tubes,ZWE|exp_tubes,0.041941693995591216,0,0.0,2008-2012,2018-2022,89f5b937f9b0a20fe79834a1bd1c98425b83db549a1f4059d1e147dfa5bdad2d,9704b972d3c33904afcb818f87ccd461d988fd30910e9788031d4176df032cd0,3f504e0bc00e47e2d3674e97ef03bed09c060383c94ac723bd7c7c9e56fa4a85
main,cocoa,ARG,exp_cocoabutter,ARG|exp_cocoabutter,0.12304542045389491,0,0.0,2008-2012,2018-2022,4512f9e666db960df7cc75fb30eed882435d67645b4c4b6ace72b88e0d3db3f1,9704b972d3c33904afcb818f87ccd461d988fd30910e9788031d4176df032cd0,3f504e0bc00e47e2d3674e97ef03bed09c060383c94ac723bd7c7c9e56fa4a85
main,cocoa,ARG,exp_cocoapaste,ARG|exp_cocoapaste,0.11314601279171446,0,0.0,2008-2012,2018-2022,4512f9e666db960df7cc75fb30eed882435d67645b4c4b6ace72b88e0d3db3f1,9704b972d3c33904afcb818f87ccd461d988fd30910e9788031d4176df032cd0,3f504e0bc00e47e2d3674e97ef03bed09c060383c94ac723bd7c7c9e56fa4a85
main,cocoa,ARG,exp_cocoapowder_unsw,ARG|exp_cocoapowder_unsw,0.12998039515613946,0,0.0,2008-2012,2018-2022,4512f9e666db960df7cc75fb30eed882435d67645b4c4b6ace72b88e0d3db3f1,9704b972d3c33904afcb818f87ccd461d988fd30910e9788031d4176df032cd0,3f504e0bc00e47e2d3674e97ef03bed09c060383c94ac723bd7c7c9e56fa4a85
main,cocoa,ARM,exp_cocoa_prep_blocks_bars,ARM|exp_cocoa_prep_blocks_bars,0.09563580315851569,1,1067.7248,2008-2012,2018-2022,4512f9e666db960df7cc75fb30eed882435d67645b4c4b6ace72b88e0d3db3f1,9704b972d3c33904afcb818f87ccd461d988fd30910e9788031d4176df032cd0,3f504e0bc00e47e2d3674e97ef03bed09c060383c94ac723bd7c7c9e56fa4a85
main,cocoa,ARM,exp_cocoa_prep_bulk,ARM|exp_cocoa_prep_bulk,0.08151343689661449,0,0.0,2008-2012,2018-2022,4512f9e666db960df7cc75fb30eed882435d67645b4c4b6ace72b88e0d3db3f1,9704b972d3c33904afcb818f87ccd461d988fd30910e9788031d4176df032cd0,3f504e0bc00e47e2d3674e97ef03bed09c060383c94ac723bd7c7c9e56fa4a85
main,cocoa,ARM,exp_cocoapowder_sw,ARM|exp_cocoapowder_sw,0.09944265294499893,0,0.0,2008-2012,2018-2022,4512f9e666db960df7cc75fb30eed882435d67645b4c4b6ace72b88e0d3db3f1,9704b972d3c33904afcb818f87ccd461d988fd30910e9788031d4176df032cd0,3f504e0bc00e47e2d3674e97ef03bed09c060383c94ac723bd7c7c9e56fa4a85
main,cocoa,ATG,exp_cocoa_prep_blocks_bars,ATG|exp_cocoa_prep_blocks_bars,0.14711414559214864,0,0.0,2008-2012,2018-2022,4512f9e666db960df7cc75fb30eed882435d67645b4c4b6ace72b88e0d3db3f1,9704b972d3c33904afcb818f87ccd461d988fd30910e9788031d4176df032cd0,3f504e0bc00e47e2d3674e97ef03bed09c060383c94ac723bd7c7c9e56fa4a85
main,cocoa,ATG,exp_cocoa_prep_bulk,ATG|exp_cocoa_prep_bulk,0.13452735338778135,0,0.0,2008-2012,2018-2022,4512f9e666db960df7cc75fb30eed882435d67645b4c4b6ace72b88e0d3db3f1,9704b972d3c33904afcb818f87ccd461d988fd30910e9788031d4176df032cd0,3f504e0bc00e47e2d3674e97ef03bed09c060383c94ac723bd7c7c9e56fa4a85
main,cocoa,ATG,exp_cocoapaste,ATG|exp_cocoapaste,0.13180958820519784,0,0.0,2008-2012,2018-2022,4512f9e666db960df7cc75fb30eed882435d67645b4c4b6ace72b88e0d3db3f1,9704b972d3c33904afcb818f87ccd461d988fd30910e9788031d4176df032cd0,3f504e0bc00e47e2d3674e97ef03bed09c060383c94ac723bd7c7c9e56fa4a85
main,cocoa,ATG,exp_cocoapowder_sw,ATG|exp_cocoapowder_sw,0.15216634328002512,0,0.0,2008-2012,2018-2022,4512f9e666db960df7cc75fb30eed882435d67645b4c4b6ace72b88e0d3db3f1,9704b972d3c33904afcb818f87ccd461d988fd30910e9788031d4176df032cd0,3f504e0bc00e47e2d3674e97ef03bed09c060383c94ac723bd7c7c9e56fa4a85
main,cocoa,ATG,exp_cocoapowder_unsw,ATG|exp_cocoapowder_unsw,0.1387302110886612,0,0.0,2008-2012,2018-2022,4512f9e666db960df7cc75fb30eed882435d67645b4c4b6ace72b88e0d3db3f1,9704b972d3c33904afcb818f87ccd461d988fd30910e9788031d4176df032cd0,3f504e0bc00e47e2d3674e97ef03bed09c060383c94ac723bd7c7c9e56fa4a85
main,cocoa,BGR,exp_cocoapowder_sw,BGR|exp_cocoapowder_sw,0.2921762474874424,1,2641.1178,2008-2012,2018-2022,4512f9e666db960df7cc75fb30eed882435d67645b4c4b6ace72b88e0d3db3f1,9704b972d3c33904afcb818f87ccd461d988fd30910e9788031d4176df032cd0,3f504e0bc00e47e2d3674e97ef03bed09c060383c94ac723bd7c7c9e56fa4a85
main,cocoa,BOL,exp_cocoa_prep_blocks_bars,BOL|exp_cocoa_prep_blocks_bars,0.04391420281897314,1,267.421,2008-2012,2018-2022,4512f9e666db960df7cc75fb30eed882435d67645b4c4b6ace72b88e0d3db3f1,9704b972d3c33904afcb818f87ccd461d988fd30910e9788031d4176df032cd0,3f504e0bc00e47e2d3674e97ef03bed09c060383c94ac723bd7c7c9e56fa4a85
main,cocoa,BOL,exp_cocoa_prep_bulk,BOL|exp_cocoa_prep_bulk,0.03741039667615814,0,0.0,2008-2012,2018-2022,4512f9e666db960df7cc75fb30eed882435d67645b4c4b6ace72b88e0d3db3f1,9704b972d3c33904afcb818f87ccd461d988fd30910e9788031d4176df032cd0,3f504e0bc00e47e2d3674e97ef03bed09c060383c94ac723bd7c7c9e56fa4a85
main,cocoa,BOL,exp_cocoa_prep_other,BOL|exp_cocoa_prep_other,0.04573693302028762,0,0.0,2008-2012,2018-2022,4512f9e666db960df7cc75fb30eed882435d67645b4c4b6ace72b88e0d3db3f1,9704b972d3c33904afcb818f87ccd461d988fd30910e9788031d4176df032cd0,3f504e0bc00e47e2d3674e97ef03bed09c060383c94ac723bd7c7c9e56fa4a85
main,cocoa,BOL,exp_cocoapowder_sw,BOL|exp_cocoapowder_sw,0.04887191028912282,0,0.0,2008-2012,2018-2022,4512f9e666db960df7cc75fb30eed882435d67645b4c4b6ace72b88e0d3db3f1,9704b972d3c33904afcb818f87ccd461d988fd30910e9788031d4176df032cd0,3f504e0bc00e47e2d3674e97ef03bed09c060383c94ac723bd7c7c9e56fa4a85
main,cocoa,BRB,exp_cocoa_prep_bulk,BRB|exp_cocoa_prep_bulk,0.14737352202533466,0,0.0,2008-2012,2018-2022,4512f9e666db960df7cc75fb30eed882435d67645b4c4b6ace72b88e0d3db3f1,9704b972d3c33904afcb818f87ccd461d988fd30910e9788031d4176df032cd0,3f504e0bc00e47e2d3674e97ef03bed09c060383c94ac723bd7c7c9e56fa4a85
main,cocoa,BRB,exp_cocoapaste,BRB|exp_cocoapaste,0.15813009474927314,0,0.0,2008-2012,2018-2022,4512f9e666db960df7cc75fb30eed882435d67645b4c4b6ace72b88e0d3db3f1,9704b972d3c33904afcb818f87ccd461d988fd30910e9788031d4176df032cd0,3f504e0bc00e47e2d3674e97ef03bed09c060383c94ac723bd7c7c9e56fa4a85
main,cocoa,BRB,exp_cocoapowder_sw,BRB|exp_cocoapowder_sw,0.16808870040287727,0,0.0,2008-2012,2018-2022,4512f9e666db960df7cc75fb30eed882435d67645b4c4b6ace72b88e0d3db3f1,9704b972d3c33904afcb818f87ccd461d988fd30910e9788031d4176df032cd0,3f504e0bc00e47e2d3674e97ef03bed09c060383c94ac723bd7c7c9e56fa4a85
main,cocoa,BRB,exp_cocoapowder_unsw,BRB|exp_cocoapowder_unsw,0.14689520698130734,0,0.0,2008-2012,2018-2022,4512f9e666db960df7cc75fb30eed882435d67645b4c4b6ace72b88e0d3db3f1,9704b972d3c33904afcb818f87ccd461d988fd30910e9788031d4176df032cd0,3f504e0bc00e47e2d3674e97ef03bed09c060383c94ac723bd7c7c9e56fa4a85
main,cocoa,CMR,exp_cocoa_prep_bulk,CMR|exp_cocoa_prep_bulk,0.04223430231458744,0,0.0,2008-2012,2018-2022,4512f9e666db960df7cc75fb30eed882435d67645b4c4b6ace72b88e0d3db3f1,9704b972d3c33904afcb818f87ccd461d988fd30910e9788031d4176df032cd0,3f504e0bc00e47e2d3674e97ef03bed09c060383c94ac723bd7c7c9e56fa4a85
main,cocoa,CMR,exp_cocoapowder_unsw,CMR|exp_cocoapowder_unsw,0.05067777808786835,1,147.803,2008-2012,2018-2022,4512f9e666db960df7cc75fb30eed882435d67645b4c4b6ace72b88e0d3db3f1,9704b972d3c33904afcb818f87ccd461d988fd30910e9788031d4176df032cd0,3f504e0bc00e47e2d3674e97ef03bed09c060383c94ac723bd7c7c9e56fa4a85
main,cocoa,COD,exp_cocoa_prep_blocks_bars,COD|exp_cocoa_prep_blocks_bars,0.016673511518264343,0,0.0,2008-2012,2018-2022,4512f9e666db960df7cc75fb30eed882435d67645b4c4b6ace72b88e0d3db3f1,9704b972d3c33904afcb818f87ccd461d988fd30910e9788031d4176df032cd0,3f504e0bc00e47e2d3674e97ef03bed09c060383c94ac723bd7c7c9e56fa4a85
main,cocoa,COD,exp_cocoa_prep_bulk,COD|exp_cocoa_prep_bulk,0.014906255761157011,0,0.0,2008-2012,2018-2022,4512f9e666db960df7cc75fb30eed882435d67645b4c4b6ace72b88e0d3db3f1,9704b972d3c33904afcb818f87ccd461d988fd30910e9788031d4176df032cd0,3f504e0bc00e47e2d3674e97ef03bed09c060383c94ac723bd7c7c9e56fa4a85
main,cocoa,COD,exp_cocoabutter,COD|exp_cocoabutter,0.020547557572019193,0,0.0,2008-2012,2018-2022,4512f9e666db960df7cc75fb30eed882435d67645b4c4b6ace72b88e0d3db3f1,9704b972d3c33904afcb818f87ccd461d988fd30910e9788031d4176df032cd0,3f504e0bc00e47e2d3674e97ef03bed09c060383c94ac723bd7c7c9e56fa4a85
main,cocoa,COD,exp_cocoapaste,COD|exp_cocoapaste,0.018062770416080877,0,0.0,2008-2012,2018-2022,4512f9e666db960df7cc75fb30eed882435d67645b4c4b6ace72b88e0d3db3f1,9704b972d3c33904afcb818f87ccd461d988fd30910e9788031d4176df032cd0,3f504e0bc00e47e2d3674e97ef03bed09c060383c94ac723bd7c7c9e56fa4a85
main,cocoa,COD,exp_cocoapowder_sw,COD|exp_cocoapowder_sw,0.020807491848365483,0,0.0,2008-2012,2018-2022,4512f9e666db960df7cc75fb30eed882435d67645b4c4b6ace72b88e0d3db3f1,9704b972d3c33904afcb818f87ccd461d988fd30910e9788031d4176df032cd0,3f504e0bc00e47e2d3674e97ef03bed09c060383c94ac723bd7c7c9e56fa4a85
main,cocoa,COD,exp_cocoapowder_unsw,COD|exp_cocoapowder_unsw,0.017537313728176282,0,0.0,2008-2012,2018-2022,4512f9e666db960df7cc75fb30eed882435d67645b4c4b6ace72b88e0d3db3f1,9704b972d3c33904afcb818f87ccd461d988fd30910e9788031d4176df032cd0,3f504e0bc00e47e2d3674e97ef03bed09c060383c94ac723bd7c7c9e56fa4a85
main,cocoa,COG,exp_cocoa_prep_blocks_bars,COG|exp_cocoa_prep_blocks_bars,0.01533078559494206,0,0.0,2008-2012,2018-2022,4512f9e666db960df7cc75fb30eed882435d67645b4c4b6ace72b88e0d3db3f1,9704b972d3c33904afcb818f87ccd461d988fd30910e9788031d4176df032cd0,3f504e0bc00e47e2d3674e97ef03bed09c060383c94ac723bd7c7c9e56fa4a85
main,cocoa,COG,exp_cocoa_prep_bulk,COG|exp_cocoa_prep_bulk,0.015576084066535325,0,0.0,2008-2012,2018-2022,4512f9e666db960df7cc75fb30eed882435d67645b4c4b6ace72b88e0d3db3f1,9704b972d3c33904afcb818f87ccd461d988fd30910e9788031d4176df032cd0,3f504e0bc00e47e2d3674e97ef03bed09c060383c94ac723bd7c7c9e56fa4a85
main,cocoa,COG,exp_cocoa_prep_other,COG|exp_cocoa_prep_other,0.014767646623188161,0,0.0,2008-2012,2018-2022,4512f9e666db960df7cc75fb30eed882435d67645b4c4b6ace72b88e0d3db3f1,9704b972d3c33904afcb818f87ccd461d988fd30910e9788031d4176df032cd0,3f504e0bc00e47e2d3674e97ef03bed09c060383c94ac723bd7c7c9e56fa4a85
main,cocoa,COG,exp_cocoabutter,COG|exp_cocoabutter,0.021760883910797134,0,0.0,2008-2012,2018-2022,4512f9e666db960df7cc75fb30eed882435d67645b4c4b6ace72b88e0d3db3f1,9704b972d3c33904afcb818f87ccd461d988fd30910e9788031d4176df032cd0,3f504e0bc00e47e2d3674e97ef03bed09c060383c94ac723bd7c7c9e56fa4a85
main,cocoa,COG,exp_cocoapaste,COG|exp_cocoapaste,0.019103080277548094,0,0.0,2008-2012,2018-2022,4512f9e666db960df7cc75fb30eed882435d67645b4c4b6ace72b88e0d3db3f1,9704b972d3c33904afcb818f87ccd461d988fd30910e9788031d4176df032cd0,3f504e0bc00e47e2d3674e97ef03bed09c060383c94ac723bd7c7c9e56fa4a85
main,cocoa,COG,exp_cocoapowder_sw,COG|exp_cocoapowder_sw,0.01987178208304174,0,0.0,2008-2012,2018-2022,4512f9e666db960df7cc75fb30eed882435d67645b4c4b6ace72b88e0d3db3f1,9704b972d3c33904afcb818f87ccd461d988fd30910e9788031d4176df032cd0,3f504e0bc00e47e2d3674e97ef03bed09c060383c94ac723bd7c7c9e56fa4a85
main,cocoa,COG,exp_cocoapowder_unsw,COG|exp_cocoapowder_unsw,0.017119200073823154,0,0.0,2008-2012,2018-2022,4512f9e666db960df7cc75fb30eed882435d67645b4c4b6ace72b88e0d3db3f1,9704b972d3c33904afcb818f87ccd461d988fd30910e9788031d4176df032cd0,3f504e0bc00e47e2d3674e97ef03bed09c060383c94ac723bd7c7c9e56fa4a85
main,cocoa,CRI,exp_cocoa_prep_bulk,CRI|exp_cocoa_prep_bulk,0.09758418272367042,0,0.0,2008-2012,2018-2022,4512f9e666db960df7cc75fb30eed882435d67645b4c4b6ace72b88e0d3db3f1,9704b972d3c33904afcb818f87ccd461d988fd30910e9788031d4176df032cd0,3f504e0bc00e47e2d3674e97ef03bed09c060383c94ac723bd7c7c9e56fa4a85
main,cocoa,CUB,exp_cocoa_prep_blocks_bars,CUB|exp_cocoa_prep_blocks_bars,0.038258765079291567,0,0.0,2008-2012,2018-2022,4512f9e666db960df7cc75fb30eed882435d67645b4c4b6ace72b88e0d3db3f1,9704b972d3c33904afcb818f87ccd461d988fd30910e9788031d4176df032cd0,3f504e0bc00e47e2d3674e97ef03bed09c060383c94ac723bd7c7c9e56fa4a85
main,cocoa,CUB,exp_cocoa_prep_bulk,CUB|exp_cocoa_prep_bulk,0.034482921366728675,0,0.0,2008-2012,2018-2022,4512f9e666db960df7cc75fb30eed882435d67645b4c4b6ace72b88e0d3db3f1,9704b972d3c33904afcb818f87ccd461d988fd30910e9788031d4176df032cd0,3f504e0bc00e47e2d3674e97ef03bed09c060383c94ac723bd7c7c9e56fa4a85
main,cocoa,CUB,exp_cocoa_prep_other,CUB|exp_cocoa_prep_other,0.04036140726117274,0,0.0,2008-2012,2018-2022,4512f9e666db960df7cc75fb30eed882435d67645b4c4b6ace72b88e0d3db3f1,9704b972d3c33904afcb818f87ccd461d988fd30910e9788031d4176df032cd0,3f504e0bc00e47e2d3674e97ef03bed09c060383c94ac723bd7c7c9e56fa4a85
main,cocoa,CUB,exp_cocoapowder_sw,CUB|exp_cocoapowder_sw,0.0442199400407453,0,0.0,2008-2012,2018-2022,4512f9e666db960df7cc75fb30eed882435d67645b4c4b6ace72b88e0d3db3f1,9704b972d3c33904afcb818f87ccd461d988fd30910e9788031d4176df032cd0,3f504e0bc00e47e2d3674e97ef03bed09c060383c94ac723bd7c7c9e56fa4a85
main,cocoa,CUB,exp_cocoapowder_unsw,CUB|exp_cocoapowder_unsw,0.0385202708438221,0,0.0,2008-2012,2018-2022,4512f9e666db960df7cc75fb30eed882435d67645b4c4b6ace72b88e0d3db3f1,9704b972d3c33904afcb818f87ccd461d988fd30910e9788031d4176df032cd0,3f504e0bc00e47e2d3674e97ef03bed09c060383c94ac723bd7c7c9e56fa4a85
main,cocoa,CUW,exp_cocoa_prep_blocks_bars,CUW|exp_cocoa_prep_blocks_bars,0.01900281601531157,0,0.0,2008-2012,2018-2022,4512f9e666db960df7cc75fb30eed882435d67645b4c4b6ace72b88e0d3db3f1,9704b972d3c33904afcb818f87ccd461d988fd30910e9788031d4176df032cd0,3f504e0bc00e47e2d3674e97ef03bed09c060383c94ac723bd7c7c9e56fa4a85
main,cocoa,CUW,exp_cocoa_prep_bulk,CUW|exp_cocoa_prep_bulk,0.019321552208107762,0,0.0,2008-2012,2018-2022,4512f9e666db960df7cc75fb30eed882435d67645b4c4b6ace72b88e0d3db3f1,9704b972d3c33904afcb818f87ccd461d988fd30910e9788031d4176df032cd0,3f504e0bc00e47e2d3674e97ef03bed09c060383c94ac723bd7c7c9e56fa4a85
main,cocoa,CUW,exp_cocoa_prep_other,CUW|exp_cocoa_prep_other,0.01963896424873458,0,0.0,2008-2012,2018-2022,4512f9e666db960df7cc75fb30eed882435d67645b4c4b6ace72b88e0d3db3f1,9704b972d3c33904afcb818f87ccd461d988fd30910e9788031d4176df032cd0,3f504e0bc00e47e2d3674e97ef03bed09c060383c94ac723bd7c7c9e56fa4a85
main,cocoa,CUW,exp_cocoabutter,CUW|exp_cocoabutter,0.02198176343266074,0,0.0,2008-2012,2018-2022,4512f9e666db960df7cc75fb30eed882435d67645b4c4b6ace72b88e0d3db3f1,9704b972d3c33904afcb818f87ccd461d988fd30910e9788031d4176df032cd0,3f504e0bc00e47e2d3674e97ef03bed09c060383c94ac723bd7c7c9e56fa4a85
main,cocoa,CUW,exp_cocoapaste,CUW|exp_cocoapaste,0.018602421375558207,0,0.0,2008-2012,2018-2022,4512f9e666db960df7cc75fb30eed882435d67645b4c4b6ace72b88e0d3db3f1,9704b972d3c33904afcb818f87ccd461d988fd30910e9788031d4176df032cd0,3f504e0bc00e47e2d3674e97ef03bed09c060383c94ac723bd7c7c9e56fa4a85
main,cocoa,CUW,exp_cocoapowder_sw,CUW|exp_cocoapowder_sw,0.026962971207829468,0,0.0,2008-2012,2018-2022,4512f9e666db960df7cc75fb30eed882435d67645b4c4b6ace72b88e0d3db3f1,9704b972d3c33904afcb818f87ccd461d988fd30910e9788031d4176df032cd0,3f504e0bc00e47e2d3674e97ef03bed09c060383c94ac723bd7c7c9e56fa4a85
main,cocoa,CUW,exp_cocoapowder_unsw,CUW|exp_cocoapowder_unsw,0.020334046322813944,0,0.0,2008-2012,2018-2022,4512f9e666db960df7cc75fb30eed882435d67645b4c4b6ace72b88e0d3db3f1,9704b972d3c33904afcb818f87ccd461d988fd30910e9788031d4176df032cd0,3f504e0bc00e47e2d3674e97ef03bed09c060383c94ac723bd7c7c9e56fa4a85
main,cocoa,CYP,exp_cocoa_prep_bulk,CYP|exp_cocoa_prep_bulk,0.16538329484787673,0,0.0,2008-2012,2018-2022,4512f9e666db960df7cc75fb30eed882435d67645b4c4b6ace72b88e0d3db3f1,9704b972d3c33904afcb818f87ccd461d988fd30910e9788031d4176df032cd0,3f504e0bc00e47e2d3674e97ef03bed09c060383c94ac723bd7c7c9e56fa4a85
main,cocoa,CYP,exp_cocoabutter,CYP|exp_cocoabutter,0.15066079346189107,0,0.0,2008-2012,2018-2022,4512f9e666db960df7cc75fb30eed882435d67645b4c4b6ace72b88e0d3db3f1,9704b972d3c33904afcb818f87ccd461d988fd30910e9788031d4176df032cd0,3f504e0bc00e47e2d3674e97ef03bed09c060383c94ac723bd7c7c9e56fa4a85
main,cocoa,CYP,exp_cocoapowder_sw,CYP|exp_cocoapowder_sw,0.1795310568221742,0,0.0,2008-2012,2018-2022,4512f9e666db960df7cc75fb30eed882435d67645b4c4b6ace72b88e0d3db3f1,9704b972d3c33904afcb818f87ccd461d988fd30910e9788031d4176df032cd0,3f504e0bc00e47e2d3674e97ef03bed09c060383c94ac723bd7c7c9e56fa4a85
main,cocoa,CYP,exp_cocoapowder_unsw,CYP|exp_cocoapowder_unsw,0.16577040850099337,0,0.0,2008-2012,2018-2022,4512f9e666db960df7cc75fb30eed882435d67645b4c4b6ace72b88e0d3db3f1,9704b972d3c33904afcb818f87ccd461d988fd30910e9788031d4176df032cd0,3f504e0bc00e47e2d3674e97ef03bed09c060383c94ac723bd7c7c9e56fa4a85
main,cocoa,DMA,exp_cocoa_prep_blocks_bars,DMA|exp_cocoa_prep_blocks_bars,0.11580339893994987,0,0.0,2008-2012,2018-2022,4512f9e666db960df7cc75fb30eed882435d67645b4c4b6ace72b88e0d3db3f1,9704b972d3c33904afcb818f87ccd461d988fd30910e9788031d4176df032cd0,3f504e0bc00e47e2d3674e97ef03bed09c060383c94ac723bd7c7c9e56fa4a85
main,cocoa,DMA,exp_cocoa_prep_bulk,DMA|exp_cocoa_prep_bulk,0.11982495261614172,0,0.0,2008-2012,2018-2022,4512f9e666db960df7cc75fb30eed882435d67645b4c4b6ace72b88e0d3db3f1,9704b972d3c33904afcb818f87ccd461d988fd30910e9788031d4176df032cd0,3f504e0bc00e47e2d3674e97ef03bed09c060383c94ac723bd7c7c9e56fa4a85
main,cocoa,DMA,exp_cocoa_prep_other,DMA|exp_cocoa_prep_other,0.11892864810288069,0,0.0,2008-2012,2018-2022,4512f9e666db960df7cc75fb30eed882435d67645b4c4b6ace72b88e0d3db3f1,9704b972d3c33904afcb818f87ccd461d988fd30910e9788031d4176df032cd0,3f504e0bc00e47e2d3674e97ef03bed09c060383c94ac723bd7c7c9e56fa4a85
main,cocoa,DMA,exp_cocoapaste,DMA|exp_cocoapaste,0.1019100352756547,0,0.0,2008-2012,2018-2022,4512f9e666db960df7cc75fb30eed882435d67645b4c4b6ace72b88e0d3db3f1,9704b972d3c33904afcb818f87ccd461d988fd30910e9788031d4176df032cd0,3f504e0bc00e47e2d3674e97ef03bed09c060383c94ac723bd7c7c9e56fa4a85
main,cocoa,DMA,exp_cocoapowder_sw,DMA|exp_cocoapowder_sw,0.1346280518539417,0,0.0,2008-2012,2018-2022,4512f9e666db960df7cc75fb30eed882435d67645b4c4b6ace72b88e0d3db3f1,9704b972d3c33904afcb818f87ccd461d988fd30910e9788031d4176df032cd0,3f504e0bc00e47e2d3674e97ef03bed09c060383c94ac723bd7c7c9e56fa4a85
main,cocoa,DMA,exp_cocoapowder_unsw,DMA|exp_cocoapowder_unsw,0.11351071523647974,0,0.0,2008-2012,2018-2022,4512f9e666db960df7cc75fb30eed882435d67645b4c4b6ace72b88e0d3db3f1,9704b972d3c33904afcb818f87ccd461d988fd30910e9788031d4176df032cd0,3f504e0bc00e47e2d3674e97ef03bed09c060383c94ac723bd7c7c9e56fa4a85
main,cocoa,DOM,exp_cocoa_prep_other,DOM|exp_cocoa_prep_other,0.15971139815850047,1,550.5466,2008-2012,2018-2022,4512f9e666db960df7cc75fb30eed882435d67645b4c4b6ace72b88e0d3db3f1,9704b972d3c33904afcb818f87ccd461d988fd30910e9788031d4176df032cd0,3f504e0bc00e47e2d3674e97ef03bed09c060383c94ac723bd7c7c9e56fa4a85
main,cocoa,DZA,exp_cocoa_prep_blocks_bars,DZA|exp_cocoa_prep_blocks_bars,0.010521677970588984,1,232.70460000000003,2008-2012,2018-2022,4512f9e666db960df7cc75fb30eed882435d67645b4c4b6ace72b88e0d3db3f1,9704b972d3c33904afcb818f87ccd461d988fd30910e9788031d4176df032cd0,3f504e0bc00e47e2d3674e97ef03bed09c060383c94ac723bd7c7c9e56fa4a85
main,cocoa,DZA,exp_cocoa_prep_bulk,DZA|exp_cocoa_prep_bulk,0.0088701227392887,0,0.0,2008-2012,2018-2022,4512f9e666db960df7cc75fb30eed882435d67645b4c4b6ace72b88e0d3db3f1,9704b972d3c33904afcb818f87ccd461d988fd30910e9788031d4176df032cd0,3f504e0bc00e47e2d3674e97ef03bed09c060383c94ac723bd7c7c9e56fa4a85
main,cocoa,DZA,exp_cocoa_prep_other,DZA|exp_cocoa_prep_other,0.009704787874343371,1,429.8214,2008-2012,2018-2022,4512f9e666db960df7cc75fb30eed882435d67645b4c4b6ace72b88e0d3db3f1,9704b972d3c33904afcb818f87ccd461d988fd30910e9788031d4176df032cd0,3f504e0bc00e47e2d3674e97ef03bed09c060383c94ac723bd7c7c9e56fa4a85
main,cocoa,ECU,exp_cocoapowder_sw,ECU|exp_cocoapowder_sw,0.07142645414414385,1,201.5576,2008-2012,2018-2022,4512f9e666db960df7cc75fb30eed882435d67645b4c4b6ace72b88e0d3db3f1,9704b972d3c33904afcb818f87ccd461d988fd30910e9788031d4176df032cd0,3f504e0bc00e47e2d3674e97ef03bed09c060383c94ac723bd7c7c9e56fa4a85
main,cocoa,EST,exp_cocoapowder_sw,EST|exp_cocoapowder_sw,0.2689551367125948,0,0.0,2008-2012,2018-2022,4512f9e666db960df7cc75fb30eed882435d67645b4c4b6ace72b88e0d3db3f1,9704b972d3c33904afcb818f87ccd461d988fd30910e9788031d4176df032cd0,3f504e0bc00e47e2d3674e97ef03bed09c060383c94ac723bd7c7c9e56fa4a85
main,cocoa,GAB,exp_cocoa_prep_blocks_bars,GAB|exp_cocoa_prep_blocks_bars,0.012092991509284928,0,0.0,2008-2012,2018-2022,4512f9e666db960df7cc75fb30eed882435d67645b4c4b6ace72b88e0d3db3f1,9704b972d3c33904afcb818f87ccd461d988fd30910e9788031d4176df032cd0,3f504e0bc00e47e2d3674e97ef03bed09c060383c94ac723bd7c7c9e56fa4a85
main,cocoa,GAB,exp_cocoa_prep_bulk,GAB|exp_cocoa_prep_bulk,0.011347472978943323,0,0.0,2008-2012,2018-2022,4512f9e666db960df7cc75fb30eed882435d67645b4c4b6ace72b88e0d3db3f1,9704b972d3c33904afcb818f87ccd461d988fd30910e9788031d4176df032cd0,3f504e0bc00e47e2d3674e97ef03bed09c060383c94ac723bd7c7c9e56fa4a85
main,cocoa,GAB,exp_cocoa_prep_other,GAB|exp_cocoa_prep_other,0.011641737672266115,0,0.0,2008-2012,2018-2022,4512f9e666db960df7cc75fb30eed882435d67645b4c4b6ace72b88e0d3db3f1,9704b972d3c33904afcb818f87ccd461d988fd30910e9788031d4176df032cd0,3f504e0bc00e47e2d3674e97ef03bed09c060383c94ac723bd7c7c9e56fa4a85
main,cocoa,GAB,exp_cocoabutter,GAB|exp_cocoabutter,0.01764270115919232,0,0.0,2008-2012,2018-2022,4512f9e666db960df7cc75fb30eed882435d67645b4c4b6ace72b88e0d3db3f1,9704b972d3c33904afcb818f87ccd461d988fd30910e9788031d4176df032cd0,3f504e0bc00e47e2d3674e97ef03bed09c060383c94ac723bd7c7c9e56fa4a85
main,cocoa,GAB,exp_cocoapaste,GAB|exp_cocoapaste,0.015407766854615326,0,0.0,2008-2012,2018-2022,4512f9e666db960df7cc75fb30eed882435d67645b4c4b6ace72b88e0d3db3f1,9704b972d3c33904afcb818f87ccd461d988fd30910e9788031d4176df032cd0,3f504e0bc00e47e2d3674e97ef03bed09c060383c94ac723bd7c7c9e56fa4a85
main,cocoa,GAB,exp_cocoapowder_sw,GAB|exp_cocoapowder_sw,0.014529048176185428,0,0.0,2008-2012,2018-2022,4512f9e666db960df7cc75fb30eed882435d67645b4c4b6ace72b88e0d3db3f1,9704b972d3c33904afcb818f87ccd461d988fd30910e9788031d4176df032cd0,3f504e0bc00e47e2d3674e97ef03bed09c060383c94ac723bd7c7c9e56fa4a85
main,cocoa,GAB,exp_cocoapowder_unsw,GAB|exp_cocoapowder_unsw,0.012476191707038438,0,0.0,2008-2012,2018-2022,4512f9e666db960df7cc75fb30eed882435d67645b4c4b6ace72b88e0d3db3f1,9704b972d3c33904afcb818f87ccd461d988fd30910e9788031d4176df032cd0,3f504e0bc00e47e2d3674e97ef03bed09c060383c94ac723bd7c7c9e56fa4a85
main,cocoa,GEO,exp_cocoa_prep_blocks_bars,GEO|exp_cocoa_prep_blocks_bars,0.09398064255906549,1,795.0007999999999,2008-2012,2018-2022,4512f9e666db960df7cc75fb30eed882435d67645b4c4b6ace72b88e0d3db3f1,9704b972d3c33904afcb818f87ccd461d988fd30910e9788031d4176df032cd0,3f504e0bc00e47e2d3674e97ef03bed09c060383c94ac723bd7c7c9e56fa4a85
main,cocoa,GEO,exp_cocoa_prep_bulk,GEO|exp_cocoa_prep_bulk,0.07798324970934119,0,0.0,2008-2012,2018-2022,4512f9e666db960df7cc75fb30eed882435d67645b4c4b6ace72b88e0d3db3f1,9704b972d3c33904afcb818f87ccd461d988fd30910e9788031d4176df032cd0,3f504e0bc00e47e2d3674e97ef03bed09c060383c94ac723bd7c7c9e56fa4a85
main,cocoa,GHA,exp_cocoa_prep_blocks_bars,GHA|exp_cocoa_prep_blocks_bars,0.05753282893098011,1,2581.0762,2008-2012,2018-2022,4512f9e666db960df7cc75fb30eed882435d67645b4c4b6ace72b88e0d3db3f1,9704b972d3c33904afcb818f87ccd461d988fd30910e9788031d4176df032cd0,3f504e0bc00e47e2d3674e97ef03bed09c060383c94ac723bd7c7c9e56fa4a85
main,cocoa,GIN,exp_cocoa_prep_blocks_bars,GIN|exp_cocoa_prep_blocks_bars,0.018273925203024358,0,0.0,2008-2012,2018-2022,4512f9e666db960df7cc75fb30eed882435d67645b4c4b6ace72b88e0d3db3f1,9704b972d3c33904afcb818f87ccd461d988fd30910e9788031d4176df032cd0,3f504e0bc00e47e2d3674e97ef03bed09c060383c94ac723bd7c7c9e56fa4a85
main,cocoa,GIN,exp_cocoa_prep_bulk,GIN|exp_cocoa_prep_bulk,0.017946344746115322,0,0.0,2008-2012,2018-2022,4512f9e666db960df7cc75fb30eed882435d67645b4c4b6ace72b88e0d3db3f1,9704b972d3c33904afcb818f87ccd461d988fd30910e9788031d4176df032cd0,3f504e0bc00e47e2d3674e97ef03bed09c060383c94ac723bd7c7c9e56fa4a85
main,cocoa,GIN,exp_cocoa_prep_other,GIN|exp_cocoa_prep_other,0.01872435944337574,0,0.0,2008-2012,2018-2022,4512f9e666db960df7cc75fb30eed882435d67645b4c4b6ace72b88e0d3db3f1,9704b972d3c33904afcb818f87ccd461d988fd30910e9788031d4176df032cd0,3f504e0bc00e47e2d3674e97ef03bed09c060383c94ac723bd7c7c9e56fa4a85
main,cocoa,GIN,exp_cocoabutter,GIN|exp_cocoabutter,0.028264621477269894,0,0.0,2008-2012,2018-2022,4512f9e666db960df7cc75fb30eed882435d67645b4c4b6ace72b88e0d3db3f1,9704b972d3c33904afcb818f87ccd461d988fd30910e9788031d4176df032cd0,3f504e0bc00e47e2d3674e97ef03bed09c060383c94ac723bd7c7c9e56fa4a85
main,cocoa,GIN,exp_cocoapaste,GIN|exp_cocoapaste,0.02415263496599521,0,0.0,2008-2012,2018-2022,4512f9e666db960df7cc75fb30eed882435d67645b4c4b6ace72b88e0d3db3f1,9704b972d3c33904afcb818f87ccd461d988fd30910e9788031d4176df032cd0,3f504e0bc00e47e2d3674e97ef03bed09c060383c94ac723bd7c7c9e56fa4a85
main,cocoa,GIN,exp_cocoapowder_sw,GIN|exp_cocoapowder_sw,0.027154307076369642,0,0.0,2008-2012,2018-2022,4512f9e666db960df7cc75fb30eed882435d67645b4c4b6ace72b88e0d3db3f1,9704b972d3c33904afcb818f87ccd461d988fd30910e9788031d4176df032cd0,3f504e0bc00e47e2d3674e97ef03bed09c060383c94ac723bd7c7c9e56fa4a85
main,cocoa,GIN,exp_cocoapowder_unsw,GIN|exp_cocoapowder_unsw,0.02256796180087391,0,0.0,2008-2012,2018-2022,4512f9e666db960df7cc75fb30eed882435d67645b4c4b6ace72b88e0d3db3f1,9704b972d3c33904afcb818f87ccd461d988fd30910e9788031d4176df032cd0,3f504e0bc00e47e2d3674e97ef03bed09c060383c94ac723bd7c7c9e56fa4a85
main,cocoa,GMB,exp_cocoa_prep_blocks_bars,GMB|exp_cocoa_prep_blocks_bars,0.07113688162889958,0,0.0,2008-2012,2018-2022,4512f9e666db960df7cc75fb30eed882435d67645b4c4b6ace72b88e0d3db3f1,9704b972d3c33904afcb818f87ccd461d988fd30910e9788031d4176df032cd0,3f504e0bc00e47e2d3674e97ef03bed09c060383c94ac723bd7c7c9e56fa4a85
main,cocoa,GMB,exp_cocoa_prep_bulk,GMB|exp_cocoa_prep_bulk,0.06366726361336553,0,0.0,2008-2012,2018-2022,4512f9e666db960df7cc75fb30eed882435d67645b4c4b6ace72b88e0d3db3f1,9704b972d3c33904afcb818f87ccd461d988fd30910e9788031d4176df032cd0,3f504e0bc00e47e2d3674e97ef03bed09c060383c94ac723bd7c7c9e56fa4a85
main,cocoa,GMB,exp_cocoa_prep_other,GMB|exp_cocoa_prep_other,0.07389293505759417,0,0.0,2008-2012,2018-2022,4512f9e666db960df7cc75fb30eed882435d67645b4c4b6ace72b88e0d3db3f1,9704b972d3c33904afcb818f87ccd461d988fd30910e9788031d4176df032cd0,3f504e0bc00e47e2d3674e97ef03bed09c060383c94ac723bd7c7c9e56fa4a85
main,cocoa,GMB,exp_cocoabutter,GMB|exp_cocoabutter,0.07689732773680359,0,0.0,2008-2012,2018-2022,4512f9e666db960df7cc75fb30eed882435d67645b4c4b6ace72b88e0d3db3f1,9704b972d3c33904afcb818f87ccd461d988fd30910e9788031d4176df032cd0,3f504e0bc00e47e2d3674e97ef03bed09c060383c94ac723bd7c7c9e56fa4a85
main,cocoa,GMB,exp_cocoapaste,GMB|exp_cocoapaste,0.06760477883890899,0,0.0,2008-2012,2018-2022,4512f9e666db960df7cc75fb30eed882435d67645b4c4b6ace72b88e0d3db3f1,9704b972d3c33904afcb818f87ccd461d988fd30910e9788031d4176df032cd0,3f504e0bc00e47e2d3674e97ef03bed09c060383c94ac723bd7c7c9e56fa4a85
main,cocoa,GMB,exp_cocoapowder_sw,GMB|exp_cocoapowder_sw,0.08673783353509248,0,0.0,2008-2012,2018-2022,4512f9e666db960df7cc75fb30eed882435d67645b4c4b6ace72b88e0d3db3f1,9704b972d3c33904afcb818f87ccd461d988fd30910e9788031d4176df032cd0,3f504e0bc00e47e2d3674e97ef03bed09c060383c94ac723bd7c7c9e56fa4a85
main,cocoa,GMB,exp_cocoapowder_unsw,GMB|exp_cocoapowder_unsw,0.07412491582587667,0,0.0,2008-2012,2018-2022,4512f9e666db960df7cc75fb30eed882435d67645b4c4b6ace72b88e0d3db3f1,9704b972d3c33904afcb818f87ccd461d988fd30910e9788031d4176df032cd0,3f504e0bc00e47e2d3674e97ef03bed09c060383c94ac723bd7c7c9e56fa4a85
main,cocoa,GNQ,exp_cocoa_prep_blocks_bars,GNQ|exp_cocoa_prep_blocks_bars,0.002560742342602136,0,0.0,2008-2012,2018-2022,4512f9e666db960df7cc75fb30eed882435d67645b4c4b6ace72b88e0d3db3f1,9704b972d3c33904afcb818f87ccd461d988fd30910e9788031d4176df032cd0,3f504e0bc00e47e2d3674e97ef03bed09c060383c94ac723bd7c7c9e56fa4a85
main,cocoa,GNQ,exp_cocoa_prep_bulk,GNQ|exp_cocoa_prep_bulk,0.002111688171457011,0,0.0,2008-2012,2018-2022,4512f9e666db960df7cc75fb30eed882435d67645b4c4b6ace72b88e0d3db3f1,9704b972d3c33904afcb818f87ccd461d988fd30910e9788031d4176df032cd0,3f504e0bc00e47e2d3674e97ef03bed09c060383c94ac723bd7c7c9e56fa4a85
main,cocoa,GNQ,exp_cocoa_prep_other,GNQ|exp_cocoa_prep_other,0.001843874964295823,0,0.0,2008-2012,2018-2022,4512f9e666db960df7cc75fb30eed882435d67645b4c4b6ace72b88e0d3db3f1,9704b972d3c33904afcb818f87ccd461d988fd30910e9788031d4176df032cd0,3f504e0bc00e47e2d3674e97ef03bed09c060383c94ac723bd7c7c9e56fa4a85
main,cocoa,GNQ,exp_cocoabutter,GNQ|exp_cocoabutter,0.005273199342509663,0,0.0,2008-2012,2018-2022,4512f9e666db960df7cc75fb30eed882435d67645b4c4b6ace72b88e0d3db3f1,9704b972d3c33904afcb818f87ccd461d988fd30910e9788031d4176df032cd0,3f504e0bc00e47e2d3674e97ef03bed09c060383c94ac723bd7c7c9e56fa4a85
main,cocoa,GNQ,exp_cocoapaste,GNQ|exp_cocoapaste,0.004198481786559333,0,0.0,2008-2012,2018-2022,4512f9e666db960df7cc75fb30eed882435d67645b4c4b6ace72b88e0d3db3f1,9704b972d3c33904afcb818f87ccd461d988fd30910e9788031d4176df032cd0,3f504e0bc00e47e2d3674e97ef03bed09c060383c94ac723bd7c7c9e56fa4a85
main,cocoa,GNQ,exp_cocoapowder_sw,GNQ|exp_cocoapowder_sw,0.0030124002313253297,0,0.0,2008-2012,2018-2022,4512f9e666db960df7cc75fb30eed882435d67645b4c4b6ace72b88e0d3db3f1,9704b972d3c33904afcb818f87ccd461d988fd30910e9788031d4176df032cd0,3f504e0bc00e47e2d3674e97ef03bed09c060383c94ac723bd7c7c9e56fa4a85
main,cocoa,GNQ,exp_cocoapowder_unsw,GNQ|exp_cocoapowder_unsw,0.003082805214814646,0,0.0,2008-2012,2018-2022,4512f9e666db960df7cc75fb30eed882435d67645b4c4b6ace72b88e0d3db3f1,9704b972d3c33904afcb818f87ccd461d988fd30910e9788031d4176df032cd0,3f504e0bc00e47e2d3674e97ef03bed09c060383c94ac723bd7c7c9e56fa4a85
main,cocoa,GRD,exp_cocoa_prep_blocks_bars,GRD|exp_cocoa_prep_blocks_bars,0.07838112097732958,0,0.0,2008-2012,2018-2022,4512f9e666db960df7cc75fb30eed882435d67645b4c4b6ace72b88e0d3db3f1,9704b972d3c33904afcb818f87ccd461d988fd30910e9788031d4176df032cd0,3f504e0bc00e47e2d3674e97ef03bed09c060383c94ac723bd7c7c9e56fa4a85
main,cocoa,GRD,exp_cocoa_prep_bulk,GRD|exp_cocoa_prep_bulk,0.07974002499283954,0,0.0,2008-2012,2018-2022,4512f9e666db960df7cc75fb30eed882435d67645b4c4b6ace72b88e0d3db3f1,9704b972d3c33904afcb818f87ccd461d988fd30910e9788031d4176df032cd0,3f504e0bc00e47e2d3674e97ef03bed09c060383c94ac723bd7c7c9e56fa4a85
main,cocoa,GRD,exp_cocoa_prep_other,GRD|exp_cocoa_prep_other,0.08367803364867554,0,0.0,2008-2012,2018-2022,4512f9e666db960df7cc75fb30eed882435d67645b4c4b6ace72b88e0d3db3f1,9704b972d3c33904afcb818f87ccd461d988fd30910e9788031d4176df032cd0,3f504e0bc00e47e2d3674e97ef03bed09c060383c94ac723bd7c7c9e56fa4a85
main,cocoa,GRD,exp_cocoabutter,GRD|exp_cocoabutter,0.06929788268512072,0,0.0,2008-2012,2018-2022,4512f9e666db960df7cc75fb30eed882435d67645b4c4b6ace72b88e0d3db3f1,9704b972d3c33904afcb818f87ccd461d988fd30910e9788031d4176df032cd0,3f504e0bc00e47e2d3674e97ef03bed09c060383c94ac723bd7c7c9e56fa4a85
main,cocoa,GRD,exp_cocoapaste,GRD|exp_cocoapaste,0.06469740278522292,0,0.0,2008-2012,2018-2022,4512f9e666db960df7cc75fb30eed882435d67645b4c4b6ace72b88e0d3db3f1,9704b972d3c33904afcb818f87ccd461d988fd30910e9788031d4176df032cd0,3f504e0bc00e47e2d3674e97ef03bed09c060383c94ac723bd7c7c9e56fa4a85
main,cocoa,GRD,exp_cocoapowder_sw,GRD|exp_cocoapowder_sw,0.09301844000103195,0,0.0,2008-2012,2018-2022,4512f9e666db960df7cc75fb30eed882435d67645b4c4b6ace72b88e0d3db3f1,9704b972d3c33904afcb818f87ccd461d988fd30910e9788031d4176df032cd0,3f504e0bc00e47e2d3674e97ef03bed09c060383c94ac723bd7c7c9e56fa4a85
main,cocoa,GRD,exp_cocoapowder_unsw,GRD|exp_cocoapowder_unsw,0.08295893061865697,0,0.0,2008-2012,2018-2022,4512f9e666db960df7cc75fb30eed882435d67645b4c4b6ace72b88e0d3db3f1,9704b972d3c33904afcb818f87ccd461d988fd30910e9788031d4176df032cd0,3f504e0bc00e47e2d3674e97ef03bed09c060383c94ac723bd7c7c9e56fa4a85
main,cocoa,HND,exp_cocoa_prep_bulk,HND|exp_cocoa_prep_bulk,0.07653009560131267,0,0.0,2008-2012,2018-2022,4512f9e666db960df7cc75fb30eed882435d67645b4c4b6ace72b88e0d3db3f1,9704b972d3c33904afcb818f87ccd461d988fd30910e9788031d4176df032cd0,3f504e0bc00e47e2d3674e97ef03bed09c060383c94ac723bd7c7c9e56fa4a85
main,cocoa,HND,exp_cocoapowder_sw,HND|exp_cocoapowder_sw,0.1234412790379368,0,0.0,2008-2012,2018-2022,4512f9e666db960df7cc75fb30eed882435d67645b4c4b6ace72b88e0d3db3f1,9704b972d3c33904afcb818f87ccd461d988fd30910e9788031d4176df032cd0,3f504e0bc00e47e2d3674e97ef03bed09c060383c94ac723bd7c7c9e56fa4a85
main,cocoa,HND,exp_cocoapowder_unsw,HND|exp_cocoapowder_unsw,0.09822001911328418,0,0.0,2008-2012,2018-2022,4512f9e666db960df7cc75fb30eed882435d67645b4c4b6ace72b88e0d3db3f1,9704b972d3c33904afcb818f87ccd461d988fd30910e9788031d4176df032cd0,3f504e0bc00e47e2d3674e97ef03bed09c060383c94ac723bd7c7c9e56fa4a85
main,cocoa,HTI,exp_cocoa_prep_blocks_bars,HTI|exp_cocoa_prep_blocks_bars,0.032023906231581314,0,0.0,2008-2012,2018-2022,4512f9e666db960df7cc75fb30eed882435d67645b4c4b6ace72b88e0d3db3f1,9704b972d3c33904afcb818f87ccd461d988fd30910e9788031d4176df032cd0,3f504e0bc00e47e2d3674e97ef03bed09c060383c94ac723bd7c7c9e56fa4a85
main,cocoa,HTI,exp_cocoa_prep_bulk,HTI|exp_cocoa_prep_bulk,0.023388598225984308,0,0.0,2008-2012,2018-2022,4512f9e666db960df7cc75fb30eed882435d67645b4c4b6ace72b88e0d3db3f1,9704b972d3c33904afcb818f87ccd461d988fd30910e9788031d4176df032cd0,3f504e0bc00e47e2d3674e97ef03bed09c060383c94ac723bd7c7c9e56fa4a85
main,cocoa,HTI,exp_cocoa_prep_other,HTI|exp_cocoa_prep_other,0.03441238612564957,0,0.0,2008-2012,2018-2022,4512f9e666db960df7cc75fb30eed882435d67645b4c4b6ace72b88e0d3db3f1,9704b972d3c33904afcb818f87ccd461d988fd30910e9788031d4176df032cd0,3f504e0bc00e47e2d3674e97ef03bed09c060383c94ac723bd7c7c9e56fa4a85
main,cocoa,HTI,exp_cocoabutter,HTI|exp_cocoabutter,0.03348824247024463,0,0.0,2008-2012,2018-2022,4512f9e666db960df7cc75fb30eed882435d67645b4c4b6ace72b88e0d3db3f1,9704b972d3c33904afcb818f87ccd461d988fd30910e9788031d4176df032cd0,3f504e0bc00e47e2d3674e97ef03bed09c060383c94ac723bd7c7c9e56fa4a85
main,cocoa,HTI,exp_cocoapaste,HTI|exp_cocoapaste,0.026080453082653485,0,0.0,2008-2012,2018-2022,4512f9e666db960df7cc75fb30eed882435d67645b4c4b6ace72b88e0d3db3f1,9704b972d3c33904afcb818f87ccd461d988fd30910e9788031d4176df032cd0,3f504e0bc00e47e2d3674e97ef03bed09c060383c94ac723bd7c7c9e56fa4a85
main,cocoa,HTI,exp_cocoapowder_sw,HTI|exp_cocoapowder_sw,0.04621871448087957,0,0.0,2008-2012,2018-2022,4512f9e666db960df7cc75fb30eed882435d67645b4c4b6ace72b88e0d3db3f1,9704b972d3c33904afcb818f87ccd461d988fd30910e9788031d4176df032cd0,3f504e0bc00e47e2d3674e97ef03bed09c060383c94ac723bd7c7c9e56fa4a85
main,cocoa,HTI,exp_cocoapowder_unsw,HTI|exp_cocoapowder_unsw,0.03365893802723373,0,0.0,2008-2012,2018-2022,4512f9e666db960df7cc75fb30eed882435d67645b4c4b6ace72b88e0d3db3f1,9704b972d3c33904afcb818f87ccd461d988fd30910e9788031d4176df032cd0,3f504e0bc00e47e2d3674e97ef03bed09c060383c94ac723bd7c7c9e56fa4a85
main,cocoa,IDN,exp_cocoapowder_sw,IDN|exp_cocoapowder_sw,0.22281946258699722,1,2530.6894,2008-2012,2018-2022,4512f9e666db960df7cc75fb30eed882435d67645b4c4b6ace72b88e0d3db3f1,9704b972d3c33904afcb818f87ccd461d988fd30910e9788031d4176df032cd0,3f504e0bc00e47e2d3674e97ef03bed09c060383c94ac723bd7c7c9e56fa4a85
main,cocoa,IND,exp_cocoapaste,IND|exp_cocoapaste,0.28857479950569165,1,218.89060000000003,2008-2012,2018-2022,4512f9e666db960df7cc75fb30eed882435d67645b4c4b6ace72b88e0d3db3f1,9704b972d3c33904afcb818f87ccd461d988fd30910e9788031d4176df032cd0,3f504e0bc00e47e2d3674e97ef03bed09c060383c94ac723bd7c7c9e56fa4a85
main,cocoa,IRL,exp_cocoapaste,IRL|exp_cocoapaste,0.10424504397461737,1,162.0118,2008-2012,2018-2022,4512f9e666db960df7cc75fb30eed882435d67645b4c4b6ace72b88e0d3db3f1,9704b972d3c33904afcb818f87ccd461d988fd30910e9788031d4176df032cd0,3f504e0bc00e47e2d3674e97ef03bed09c060383c94ac723bd7c7c9e56fa4a85
main,cocoa,IRL,exp_cocoapowder_unsw,IRL|exp_cocoapowder_unsw,0.10194979580519746,1,291.9986,2008-2012,2018-2022,4512f9e666db960df7cc75fb30eed882435d67645b4c4b6ace72b88e0d3db3f1,9704b972d3c33904afcb818f87ccd461d988fd30910e9788031d4176df032cd0,3f504e0bc00e47e2d3674e97ef03bed09c060383c94ac723bd7c7c9e56fa4a85
main,cocoa,IRN,exp_cocoa_prep_blocks_bars,IRN|exp_cocoa_prep_blocks_bars,0.05398035464688093,1,236.34800000000004,2008-2012,2018-2022,4512f9e666db960df7cc75fb30eed882435d67645b4c4b6ace72b88e0d3db3f1,9704b972d3c33904afcb818f87ccd461d988fd30910e9788031d4176df032cd0,3f504e0bc00e47e2d3674e97ef03bed09c060383c94ac723bd7c7c9e56fa4a85
main,cocoa,IRN,exp_cocoa_prep_bulk,IRN|exp_cocoa_prep_bulk,0.0446805008602612,1,982.4428,2008-2012,2018-2022,4512f9e666db960df7cc75fb30eed882435d67645b4c4b6ace72b88e0d3db3f1,9704b972d3c33904afcb818f87ccd461d988fd30910e9788031d4176df032cd0,3f504e0bc00e47e2d3674e97ef03bed09c060383c94ac723bd7c7c9e56fa4a85
main,cocoa,IRN,exp_cocoabutter,IRN|exp_cocoabutter,0.04892411667306215,0,0.0,2008-2012,2018-2022,4512f9e666db960df7cc75fb30eed882435d67645b4c4b6ace72b88e0d3db3f1,9704b972d3c33904afcb818f87ccd461d988fd30910e9788031d4176df032cd0,3f504e0bc00e47e2d3674e97ef03bed09c060383c94ac723bd7c7c9e56fa4a85
main,cocoa,IRN,exp_cocoapaste,IRN|exp_cocoapaste,0.04328561214017572,0,0.0,2008-2012,2018-2022,4512f9e666db960df7cc75fb30eed882435d67645b4c4b6ace72b88e0d3db3f1,9704b972d3c33904afcb818f87ccd461d988fd30910e9788031d4176df032cd0,3f504e0bc00e47e2d3674e97ef03bed09c060383c94ac723bd7c7c9e56fa4a85
main,cocoa,IRN,exp_cocoapowder_sw,IRN|exp_cocoapowder_sw,0.0568677128322852,1,213.2076,2008-2012,2018-2022,4512f9e666db960df7cc75fb30eed882435d67645b4c4b6ace72b88e0d3db3f1,9704b972d3c33904afcb818f87ccd461d988fd30910e9788031d4176df032cd0,3f504e0bc00e47e2d3674e97ef03bed09c060383c94ac723bd7c7c9e56fa4a85
main,cocoa,IRN,exp_cocoapowder_unsw,IRN|exp_cocoapowder_unsw,0.05070568663793994,0,0.0,2008-2012,2018-2022,4512f9e666db960df7cc75fb30eed882435d67645b4c4b6ace72b88e0d3db3f1,9704b972d3c33904afcb818f87ccd461d988fd30910e9788031d4176df032cd0,3f504e0bc00e47e2d3674e97ef03bed09c060383c94ac723bd7c7c9e56fa4a85
main,cocoa,ISR,exp_cocoapowder_sw,ISR|exp_cocoapowder_sw,0.19113914071905685,1,578.0228,2008-2012,2018-2022,4512f9e666db960df7cc75fb30eed882435d67645b4c4b6ace72b88e0d3db3f1,9704b972d3c33904afcb818f87ccd461d988fd30910e9788031d4176df032cd0,3f504e0bc00e47e2d3674e97ef03bed09c060383c94ac723bd7c7c9e56fa4a85
main,cocoa,JAM,exp_cocoa_prep_bulk,JAM|exp_cocoa_prep_bulk,0.056470851146261714,0,0.0,2008-2012,2018-2022,4512f9e666db960df7cc75fb30eed882435d67645b4c4b6ace72b88e0d3db3f1,9704b972d3c33904afcb818f87ccd461d988fd30910e9788031d4176df032cd0,3f504e0bc00e47e2d3674e97ef03bed09c060383c94ac723bd7c7c9e56fa4a85
main,cocoa,JAM,exp_cocoabutter,JAM|exp_cocoabutter,0.06909086219933722,0,0.0,2008-2012,2018-2022,4512f9e666db960df7cc75fb30eed882435d67645b4c4b6ace72b88e0d3db3f1,9704b972d3c33904afcb818f87ccd461d988fd30910e9788031d4176df032cd0,3f504e0bc00e47e2d3674e97ef03bed09c060383c94ac723bd7c7c9e56fa4a85
main,cocoa,JAM,exp_cocoapaste,JAM|exp_cocoapaste,0.05852721499976475,0,0.0,2008-2012,2018-2022,4512f9e666db960df7cc75fb30eed882435d67645b4c4b6ace72b88e0d3db3f1,9704b972d3c33904afcb818f87ccd461d988fd30910e9788031d4176df032cd0,3f504e0bc00e47e2d3674e97ef03bed09c060383c94ac723bd7c7c9e56fa4a85
main,cocoa,JAM,exp_cocoapowder_sw,JAM|exp_cocoapowder_sw,0.08609444721032371,1,127.61679999999998,2008-2012,2018-2022,4512f9e666db960df7cc75fb30eed882435d67645b4c4b6ace72b88e0d3db3f1,9704b972d3c33904afcb818f87ccd461d988fd30910e9788031d4176df032cd0,3f504e0bc00e47e2d3674e97ef03bed09c060383c94ac723bd7c7c9e56fa4a85
main,cocoa,JAM,exp_cocoapowder_unsw,JAM|exp_cocoapowder_unsw,0.07371961514510196,0,0.0,2008-2012,2018-2022,4512f9e666db960df7cc75fb30eed882435d67645b4c4b6ace72b88e0d3db3f1,9704b972d3c33904afcb818f87ccd461d988fd30910e9788031d4176df032cd0,3f504e0bc00e47e2d3674e97ef03bed09c060383c94ac723bd7c7c9e56fa4a85
main,cocoa,KAZ,exp_cocoa_prep_bulk,KAZ|exp_cocoa_prep_bulk,0.028488360819256438,0,0.0,2008-2012,2018-2022,4512f9e666db960df7cc75fb30eed882435d67645b4c4b6ace72b88e0d3db3f1,9704b972d3c33904afcb818f87ccd461d988fd30910e9788031d4176df032cd0,3f504e0bc00e47e2d3674e97ef03bed09c060383c94ac723bd7c7c9e56fa4a85
main,cocoa,KAZ,exp_cocoapowder_sw,KAZ|exp_cocoapowder_sw,0.03192137896979989,0,0.0,2008-2012,2018-2022,4512f9e666db960df7cc75fb30eed882435d67645b4c4b6ace72b88e0d3db3f1,9704b972d3c33904afcb818f87ccd461d988fd30910e9788031d4176df032cd0,3f504e0bc00e47e2d3674e97ef03bed09c060383c94ac723bd7c7c9e56fa4a85
main,cocoa,KEN,exp_cocoa_prep_blocks_bars,KEN|exp_cocoa_prep_blocks_bars,0.17707616586084138,0,0.0,2008-2012,2018-2022,4512f9e666db960df7cc75fb30eed882435d67645b4c4b6ace72b88e0d3db3f1,9704b972d3c33904afcb818f87ccd461d988fd30910e9788031d4176df032cd0,3f504e0bc00e47e2d3674e97ef03bed09c060383c94ac723bd7c7c9e56fa4a85
main,cocoa,KEN,exp_cocoabutter,KEN|exp_cocoabutter,0.16689365460647274,0,0.0,2008-2012,2018-2022,4512f9e666db960df7cc75fb30eed882435d67645b4c4b6ace72b88e0d3db3f1,9704b972d3c33904afcb818f87ccd461d988fd30910e9788031d4176df032cd0,3f504e0bc00e47e2d3674e97ef03bed09c060383c94ac723bd7c7c9e56fa4a85
main,cocoa,KEN,exp_cocoapaste,KEN|exp_cocoapaste,0.14334348187699375,1,140.3964,2008-2012,2018-2022,4512f9e666db960df7cc75fb30eed882435d67645b4c4b6ace72b88e0d3db3f1,9704b972d3c33904afcb818f87ccd461d988fd30910e9788031d4176df032cd0,3f504e0bc00e47e2d3674e97ef03bed09c060383c94ac723bd7c7c9e56fa4a85
main,cocoa,KOR,exp_cocoabutter,KOR|exp_cocoabutter,0.1737358141937929,1,641.5346,2008-2012,2018-2022,4512f9e666db960df7cc75fb30eed882435d67645b4c4b6ace72b88e0d3db3f1,9704b972d3c33904afcb818f87ccd461d988fd30910e9788031d4176df032cd0,3f504e0bc00e47e2d3674e97ef03bed09c060383c94ac723bd7c7c9e56fa4a85
main,cocoa,KOR,exp_cocoapaste,KOR|exp_cocoapaste,0.17654949540973014,1,231.1438,2008-2012,2018-2022,4512f9e666db960df7cc75fb30eed882435d67645b4c4b6ace72b88e0d3db3f1,9704b972d3c33904afcb818f87ccd461d988fd30910e9788031d4176df032cd0,3f504e0bc00e47e2d3674e97ef03bed09c060383c94ac723bd7c7c9e56fa4a85
main,cocoa,LAO,exp_cocoa_prep_blocks_bars,LAO|exp_cocoa_prep_blocks_bars,0.05672738767672926,0,0.0,2008-2012,2018-2022,4512f9e666db960df7cc75fb30eed882435d67645b4c4b6ace72b88e0d3db3f1,9704b972d3c33904afcb818f87ccd461d988fd30910e9788031d4176df032cd0,3f504e0bc00e47e2d3674e97ef03bed09c060383c94ac723bd7c7c9e56fa4a85
main,cocoa,LAO,exp_cocoa_prep_bulk,LAO|exp_cocoa_prep_bulk,0.04318107273560748,0,0.0,2008-2012,2018-2022,4512f9e666db960df7cc75fb30eed882435d67645b4c4b6ace72b88e0d3db3f1,9704b972d3c33904afcb818f87ccd461d988fd30910e9788031d4176df032cd0,3f504e0bc00e47e2d3674e97ef03bed09c060383c94ac723bd7c7c9e56fa4a85
main,cocoa,LAO,exp_cocoa_prep_other,LAO|exp_cocoa_prep_other,0.06122921849895654,0,0.0,2008-2012,2018-2022,4512f9e666db960df7cc75fb30eed882435d67645b4c4b6ace72b88e0d3db3f1,9704b972d3c33904afcb818f87ccd461d988fd30910e9788031d4176df032cd0,3f504e0bc00e47e2d3674e97ef03bed09c060383c94ac723bd7c7c9e56fa4a85
main,cocoa,LBN,exp_cocoabutter,LBN|exp_cocoabutter,0.19510073281730872,0,0.0,2008-2012,2018-2022,4512f9e666db960df7cc75fb30eed882435d67645b4c4b6ace72b88e0d3db3f1,9704b972d3c33904afcb818f87ccd461d988fd30910e9788031d4176df032cd0,3f504e0bc00e47e2d3674e97ef03bed09c060383c94ac723bd7c7c9e56fa4a85
main,cocoa,LBN,exp_cocoapaste,LBN|exp_cocoapaste,0.17646243367308953,0,0.0,2008-2012,2018-2022,4512f9e666db960df7cc75fb30eed882435d67645b4c4b6ace72b88e0d3db3f1,9704b972d3c33904afcb818f87ccd461d988fd30910e9788031d4176df032cd0,3f504e0bc00e47e2d3674e97ef03bed09c060383c94ac723bd7c7c9e56fa4a85
main,cocoa,LBR,exp_cocoa_prep_blocks_bars,LBR|exp_cocoa_prep_blocks_bars,0.01633160109347793,0,0.0,2008-2012,2018-2022,4512f9e666db960df7cc75fb30eed882435d67645b4c4b6ace72b88e0d3db3f1,9704b972d3c33904afcb818f87ccd461d988fd30910e9788031d4176df032cd0,3f504e0bc00e47e2d3674e97ef03bed09c060383c94ac723bd7c7c9e56fa4a85
main,cocoa,LBR,exp_cocoa_prep_bulk,LBR|exp_cocoa_prep_bulk,0.01549150568643981,0,0.0,2008-2012,2018-2022,4512f9e666db960df7cc75fb30eed882435d67645b4c4b6ace72b88e0d3db3f1,9704b972d3c33904afcb818f87ccd461d988fd30910e9788031d4176df032cd0,3f504e0bc00e47e2d3674e97ef03bed09c060383c94ac723bd7c7c9e56fa4a85
main,cocoa,LBR,exp_cocoa_prep_other,LBR|exp_cocoa_prep_other,0.016933170965124977,0,0.0,2008-2012,2018-2022,4512f9e666db960df7cc75fb30eed882435d67645b4c4b6ace72b88e0d3db3f1,9704b972d3c33904afcb818f87ccd461d988fd30910e9788031d4176df032cd0,3f504e0bc00e47e2d3674e97ef03bed09c060383c94ac723bd7c7c9e56fa4a85
main,cocoa,LBR,exp_cocoabutter,LBR|exp_cocoabutter,0.02164182779464122,0,0.0,2008-2012,2018-2022,4512f9e666db960df7cc75fb30eed882435d67645b4c4b6ace72b88e0d3db3f1,9704b972d3c33904afcb818f87ccd461d988fd30910e9788031d4176df032cd0,3f504e0bc00e47e2d3674e97ef03bed09c060383c94ac723bd7c7c9e56fa4a85
main,cocoa,LBR,exp_cocoapaste,LBR|exp_cocoapaste,0.019004066935679124,0,0.0,2008-2012,2018-2022,4512f9e666db960df7cc75fb30eed882435d67645b4c4b6ace72b88e0d3db3f1,9704b972d3c33904afcb818f87ccd461d988fd30910e9788031d4176df032cd0,3f504e0bc00e47e2d3674e97ef03bed09c060383c94ac723bd7c7c9e56fa4a85
main,cocoa,LBR,exp_cocoapowder_sw,LBR|exp_cocoapowder_sw,0.021148299211369185,0,0.0,2008-2012,2018-2022,4512f9e666db960df7cc75fb30eed882435d67645b4c4b6ace72b88e0d3db3f1,9704b972d3c33904afcb818f87ccd461d988fd30910e9788031d4176df032cd0,3f504e0bc00e47e2d3674e97ef03bed09c060383c94ac723bd7c7c9e56fa4a85
main,cocoa,LBR,exp_cocoapowder_unsw,LBR|exp_cocoapowder_unsw,0.017450787047184942,0,0.0,2008-2012,2018-2022,4512f9e666db960df7cc75fb30eed882435d67645b4c4b6ace72b88e0d3db3f1,9704b972d3c33904afcb818f87ccd461d988fd30910e9788031d4176df032cd0,3f504e0bc00e47e2d3674e97ef03bed09c060383c94ac723bd7c7c9e56fa4a85
main,cocoa,LKA,exp_cocoa_prep_bulk,LKA|exp_cocoa_prep_bulk,0.11721994760081818,0,0.0,2008-2012,2018-2022,4512f9e666db960df7cc75fb30eed882435d67645b4c4b6ace72b88e0d3db3f1,9704b972d3c33904afcb818f87ccd461d988fd30910e9788031d4176df032cd0,3f504e0bc00e47e2d3674e97ef03bed09c060383c94ac723bd7c7c9e56fa4a85
main,cocoa,LKA,exp_cocoapowder_unsw,LKA|exp_cocoapowder_unsw,0.14985315399849614,1,1727.0248,2008-2012,2018-2022,4512f9e666db960df7cc75fb30eed882435d67645b4c4b6ace72b88e0d3db3f1,9704b972d3c33904afcb818f87ccd461d988fd30910e9788031d4176df032cd0,3f504e0bc00e47e2d3674e97ef03bed09c060383c94ac723bd7c7c9e56fa4a85
main,cocoa,LTU,exp_cocoabutter,LTU|exp_cocoabutter,0.20898373623067332,1,2178.7902,2008-2012,2018-2022,4512f9e666db960df7cc75fb30eed882435d67645b4c4b6ace72b88e0d3db3f1,9704b972d3c33904afcb818f87ccd461d988fd30910e9788031d4176df032cd0,3f504e0bc00e47e2d3674e97ef03bed09c060383c94ac723bd7c7c9e56fa4a85
main,cocoa,LUX,exp_cocoapaste,LUX|exp_cocoapaste,0.14276340150575856,1,377.1988,2008-2012,2018-2022,4512f9e666db960df7cc75fb30eed882435d67645b4c4b6ace72b88e0d3db3f1,9704b972d3c33904afcb818f87ccd461d988fd30910e9788031d4176df032cd0,3f504e0bc00e47e2d3674e97ef03bed09c060383c94ac723bd7c7c9e56fa4a85
main,cocoa,MDG,exp_cocoa_prep_bulk,MDG|exp_cocoa_prep_bulk,0.08912431811232707,0,0.0,2008-2012,2018-2022,4512f9e666db960df7cc75fb30eed882435d67645b4c4b6ace72b88e0d3db3f1,9704b972d3c33904afcb818f87ccd461d988fd30910e9788031d4176df032cd0,3f504e0bc00e47e2d3674e97ef03bed09c060383c94ac723bd7c7c9e56fa4a85
main,cocoa,MDG,exp_cocoa_prep_other,MDG|exp_cocoa_prep_other,0.11637391317360549,1,198.082,2008-2012,2018-2022,4512f9e666db960df7cc75fb30eed882435d67645b4c4b6ace72b88e0d3db3f1,9704b972d3c33904afcb818f87ccd461d988fd30910e9788031d4176df032cd0,3f504e0bc00e47e2d3674e97ef03bed09c060383c94ac723bd7c7c9e56fa4a85
main,cocoa,MDG,exp_cocoabutter,MDG|exp_cocoabutter,0.11533660993928271,0,0.0,2008-2012,2018-2022,4512f9e666db960df7cc75fb30eed882435d67645b4c4b6ace72b88e0d3db3f1,9704b972d3c33904afcb818f87ccd461d988fd30910e9788031d4176df032cd0,3f504e0bc00e47e2d3674e97ef03bed09c060383c94ac723bd7c7c9e56fa4a85
main,cocoa,MDG,exp_cocoapowder_sw,MDG|exp_cocoapowder_sw,0.14085975131600723,0,0.0,2008-2012,2018-2022,4512f9e666db960df7cc75fb30eed882435d67645b4c4b6ace72b88e0d3db3f1,9704b972d3c33904afcb818f87ccd461d988fd30910e9788031d4176df032cd0,3f504e0bc00e47e2d3674e97ef03bed09c060383c94ac723bd7c7c9e56fa4a85
main,cocoa,MKD,exp_cocoapowder_sw,MKD|exp_cocoapowder_sw,0.17341622623294417,0,0.0,2008-2012,2018-2022,4512f9e666db960df7cc75fb30eed882435d67645b4c4b6ace72b88e0d3db3f1,9704b972d3c33904afcb818f87ccd461d988fd30910e9788031d4176df032cd0,3f504e0bc00e47e2d3674e97ef03bed09c060383c94ac723bd7c7c9e56fa4a85
main,cocoa,MWI,exp_cocoa_prep_blocks_bars,MWI|exp_cocoa_prep_blocks_bars,0.05905835712114897,0,0.0,2008-2012,2018-2022,4512f9e666db960df7cc75fb30eed882435d67645b4c4b6ace72b88e0d3db3f1,9704b972d3c33904afcb818f87ccd461d988fd30910e9788031d4176df032cd0,3f504e0bc00e47e2d3674e97ef03bed09c060383c94ac723bd7c7c9e56fa4a85
main,cocoa,MWI,exp_cocoa_prep_bulk,MWI|exp_cocoa_prep_bulk,0.047443668009019314,0,0.0,2008-2012,2018-2022,4512f9e666db960df7cc75fb30eed882435d67645b4c4b6ace72b88e0d3db3f1,9704b972d3c33904afcb818f87ccd461d988fd30910e9788031d4176df032cd0,3f504e0bc00e47e2d3674e97ef03bed09c060383c94ac723bd7c7c9e56fa4a85
main,cocoa,MWI,exp_cocoa_prep_other,MWI|exp_cocoa_prep_other,0.06263697107434985,0,0.0,2008-2012,2018-2022,4512f9e666db960df7cc75fb30eed882435d67645b4c4b6ace72b88e0d3db3f1,9704b972d3c33904afcb818f87ccd461d988fd30910e9788031d4176df032cd0,3f504e0bc00e47e2d3674e97ef03bed09c060383c94ac723bd7c7c9e56fa4a85
main,cocoa,MWI,exp_cocoabutter,MWI|exp_cocoabutter,0.060640325767372785,0,0.0,2008-2012,2018-2022,4512f9e666db960df7cc75fb30eed882435d67645b4c4b6ace72b88e0d3db3f1,9704b972d3c33904afcb818f87ccd461d988fd30910e9788031d4176df032cd0,3f504e0bc00e47e2d3674e97ef03bed09c060383c94ac723bd7c7c9e56fa4a85
main,cocoa,MWI,exp_cocoapaste,MWI|exp_cocoapaste,0.05114093621577441,0,0.0,2008-2012,2018-2022,4512f9e666db960df7cc75fb30eed882435d67645b4c4b6ace72b88e0d3db3f1,9704b972d3c33904afcb818f87ccd461d988fd30910e9788031d4176df032cd0,3f504e0bc00e47e2d3674e97ef03bed09c060383c94ac723bd7c7c9e56fa4a85
main,cocoa,MWI,exp_cocoapowder_sw,MWI|exp_cocoapowder_sw,0.07411618841306424,0,0.0,2008-2012,2018-2022,4512f9e666db960df7cc75fb30eed882435d67645b4c4b6ace72b88e0d3db3f1,9704b972d3c33904afcb818f87ccd461d988fd30910e9788031d4176df032cd0,3f504e0bc00e47e2d3674e97ef03bed09c060383c94ac723bd7c7c9e56fa4a85
main,cocoa,MWI,exp_cocoapowder_unsw,MWI|exp_cocoapowder_unsw,0.05953386314940483,0,0.0,2008-2012,2018-2022,4512f9e666db960df7cc75fb30eed882435d67645b4c4b6ace72b88e0d3db3f1,9704b972d3c33904afcb818f87ccd461d988fd30910e9788031d4176df032cd0,3f504e0bc00e47e2d3674e97ef03bed09c060383c94ac723bd7c7c9e56fa4a85
main,cocoa,NAM,exp_cocoabutter,NAM|exp_cocoabutter,0.07458908769442002,0,0.0,2008-2012,2018-2022,4512f9e666db960df7cc75fb30eed882435d67645b4c4b6ace72b88e0d3db3f1,9704b972d3c33904afcb818f87ccd461d988fd30910e9788031d4176df032cd0,3f504e0bc00e47e2d3674e97ef03bed09c060383c94ac723bd7c7c9e56fa4a85
main,cocoa,NAM,exp_cocoapaste,NAM|exp_cocoapaste,0.06807424799553968,0,0.0,2008-2012,2018-2022,4512f9e666db960df7cc75fb30eed882435d67645b4c4b6ace72b88e0d3db3f1,9704b972d3c33904afcb818f87ccd461d988fd30910e9788031d4176df032cd0,3f504e0bc00e47e2d3674e97ef03bed09c060383c94ac723bd7c7c9e56fa4a85
main,cocoa,NAM,exp_cocoapowder_sw,NAM|exp_cocoapowder_sw,0.10219297019576662,0,0.0,2008-2012,2018-2022,4512f9e666db960df7cc75fb30eed882435d67645b4c4b6ace72b88e0d3db3f1,9704b972d3c33904afcb818f87ccd461d988fd30910e9788031d4176df032cd0,3f504e0bc00e47e2d3674e97ef03bed09c060383c94ac723bd7c7c9e56fa4a85
main,cocoa,NAM,exp_cocoapowder_unsw,NAM|exp_cocoapowder_unsw,0.08171994706045589,0,0.0,2008-2012,2018-2022,4512f9e666db960df7cc75fb30eed882435d67645b4c4b6ace72b88e0d3db3f1,9704b972d3c33904afcb818f87ccd461d988fd30910e9788031d4176df032cd0,3f504e0bc00e47e2d3674e97ef03bed09c060383c94ac723bd7c7c9e56fa4a85
main,cocoa,NGA,exp_cocoa_prep_blocks_bars,NGA|exp_cocoa_prep_blocks_bars,0.018152540142272425,1,902.6728,2008-2012,2018-2022,4512f9e666db960df7cc75fb30eed882435d67645b4c4b6ace72b88e0d3db3f1,9704b972d3c33904afcb818f87ccd461d988fd30910e9788031d4176df032cd0,3f504e0bc00e47e2d3674e97ef03bed09c060383c94ac723bd7c7c9e56fa4a85
main,cocoa,NGA,exp_cocoa_prep_other,NGA|exp_cocoa_prep_other,0.016953839706742874,1,740.3018,2008-2012,2018-2022,4512f9e666db960df7cc75fb30eed882435d67645b4c4b6ace72b88e0d3db3f1,9704b972d3c33904afcb818f87ccd461d988fd30910e9788031d4176df032cd0,3f504e0bc00e47e2d3674e97ef03bed09c060383c94ac723bd7c7c9e56fa4a85
main,cocoa,NIC,exp_cocoa_prep_blocks_bars,NIC|exp_cocoa_prep_blocks_bars,0.07814059365351708,0,0.0,2008-2012,2018-2022,4512f9e666db960df7cc75fb30eed882435d67645b4c4b6ace72b88e0d3db3f1,9704b972d3c33904afcb818f87ccd461d988fd30910e9788031d4176df032cd0,3f504e0bc00e47e2d3674e97ef03bed09c060383c94ac723bd7c7c9e56fa4a85
main,cocoa,NIC,exp_cocoa_prep_bulk,NIC|exp_cocoa_prep_bulk,0.06329792481628656,0,0.0,2008-2012,2018-2022,4512f9e666db960df7cc75fb30eed882435d67645b4c4b6ace72b88e0d3db3f1,9704b972d3c33904afcb818f87ccd461d988fd30910e9788031d4176df032cd0,3f504e0bc00e47e2d3674e97ef03bed09c060383c94ac723bd7c7c9e56fa4a85
main,cocoa,NIC,exp_cocoa_prep_other,NIC|exp_cocoa_prep_other,0.08267608500826813,0,0.0,2008-2012,2018-2022,4512f9e666db960df7cc75fb30eed882435d67645b4c4b6ace72b88e0d3db3f1,9704b972d3c33904afcb818f87ccd461d988fd30910e9788031d4176df032cd0,3f504e0bc00e47e2d3674e97ef03bed09c060383c94ac723bd7c7c9e56fa4a85
main,cocoa,NIC,exp_cocoabutter,NIC|exp_cocoabutter,0.0795204605067679,0,0.0,2008-2012,2018-2022,4512f9e666db960df7cc75fb30eed882435d67645b4c4b6ace72b88e0d3db3f1,9704b972d3c33904afcb818f87ccd461d988fd30910e9788031d4176df032cd0,3f504e0bc00e47e2d3674e97ef03bed09c060383c94ac723bd7c7c9e56fa4a85
main,cocoa,NIC,exp_cocoapaste,NIC|exp_cocoapaste,0.06363490060471652,0,0.0,2008-2012,2018-2022,4512f9e666db960df7cc75fb30eed882435d67645b4c4b6ace72b88e0d3db3f1,9704b972d3c33904afcb818f87ccd461d988fd30910e9788031d4176df032cd0,3f504e0bc00e47e2d3674e97ef03bed09c060383c94ac723bd7c7c9e56fa4a85
main,cocoa,NIC,exp_cocoapowder_sw,NIC|exp_cocoapowder_sw,0.1110907970270377,0,0.0,2008-2012,2018-2022,4512f9e666db960df7cc75fb30eed882435d67645b4c4b6ace72b88e0d3db3f1,9704b972d3c33904afcb818f87ccd461d988fd30910e9788031d4176df032cd0,3f504e0bc00e47e2d3674e97ef03bed09c060383c94ac723bd7c7c9e56fa4a85
main,cocoa,NIC,exp_cocoapowder_unsw,NIC|exp_cocoapowder_unsw,0.0792401053816572,0,0.0,2008-2012,2018-2022,4512f9e666db960df7cc75fb30eed882435d67645b4c4b6ace72b88e0d3db3f1,9704b972d3c33904afcb818f87ccd461d988fd30910e9788031d4176df032cd0,3f504e0bc00e47e2d3674e97ef03bed09c060383c94ac723bd7c7c9e56fa4a85
main,cocoa,PAN,exp_cocoabutter,PAN|exp_cocoabutter,0.2114494633290478,1,208.9108,2008-2012,2018-2022,4512f9e666db960df7cc75fb30eed882435d67645b4c4b6ace72b88e0d3db3f1,9704b972d3c33904afcb818f87ccd461d988fd30910e9788031d4176df032cd0,3f504e0bc00e47e2d3674e97ef03bed09c060383c94ac723bd7c7c9e56fa4a85
main,cocoa,PAN,exp_cocoapaste,PAN|exp_cocoapaste,0.18722904526137196,0,0.0,2008-2012,2018-2022,4512f9e666db960df7cc75fb30eed882435d67645b4c4b6ace72b88e0d3db3f1,9704b972d3c33904afcb818f87ccd461d988fd30910e9788031d4176df032cd0,3f504e0bc00e47e2d3674e97ef03bed09c060383c94ac723bd7c7c9e56fa4a85
main,cocoa,PAN,exp_cocoapowder_sw,PAN|exp_cocoapowder_sw,0.21745571369934877,0,0.0,2008-2012,2018-2022,4512f9e666db960df7cc75fb30eed882435d67645b4c4b6ace72b88e0d3db3f1,9704b972d3c33904afcb818f87ccd461d988fd30910e9788031d4176df032cd0,3f504e0bc00e47e2d3674e97ef03bed09c060383c94ac723bd7c7c9e56fa4a85
main,cocoa,PAN,exp_cocoapowder_unsw,PAN|exp_cocoapowder_unsw,0.20022630203574374,0,0.0,2008-2012,2018-2022,4512f9e666db960df7cc75fb30eed882435d67645b4c4b6ace72b88e0d3db3f1,9704b972d3c33904afcb818f87ccd461d988fd30910e9788031d4176df032cd0,3f504e0bc00e47e2d3674e97ef03bed09c060383c94ac723bd7c7c9e56fa4a85
main,cocoa,PER,exp_cocoapowder_sw,PER|exp_cocoapowder_sw,0.10837233557138923,1,108.0404,2008-2012,2018-2022,4512f9e666db960df7cc75fb30eed882435d67645b4c4b6ace72b88e0d3db3f1,9704b972d3c33904afcb818f87ccd461d988fd30910e9788031d4176df032cd0,3f504e0bc00e47e2d3674e97ef03bed09c060383c94ac723bd7c7c9e56fa4a85
main,cocoa,PNG,exp_cocoa_prep_blocks_bars,PNG|exp_cocoa_prep_blocks_bars,0.019968571539465976,0,0.0,2008-2012,2018-2022,4512f9e666db960df7cc75fb30eed882435d67645b4c4b6ace72b88e0d3db3f1,9704b972d3c33904afcb818f87ccd461d988fd30910e9788031d4176df032cd0,3f504e0bc00e47e2d3674e97ef03bed09c060383c94ac723bd7c7c9e56fa4a85
main,cocoa,PNG,exp_cocoa_prep_bulk,PNG|exp_cocoa_prep_bulk,0.019159412638121827,0,0.0,2008-2012,2018-2022,4512f9e666db960df7cc75fb30eed882435d67645b4c4b6ace72b88e0d3db3f1,9704b972d3c33904afcb818f87ccd461d988fd30910e9788031d4176df032cd0,3f504e0bc00e47e2d3674e97ef03bed09c060383c94ac723bd7c7c9e56fa4a85
main,cocoa,PNG,exp_cocoa_prep_other,PNG|exp_cocoa_prep_other,0.020169849023003766,0,0.0,2008-2012,2018-2022,4512f9e666db960df7cc75fb30eed882435d67645b4c4b6ace72b88e0d3db3f1,9704b972d3c33904afcb818f87ccd461d988fd30910e9788031d4176df032cd0,3f504e0bc00e47e2d3674e97ef03bed09c060383c94ac723bd7c7c9e56fa4a85
main,cocoa,PNG,exp_cocoabutter,PNG|exp_cocoabutter,0.033249527390627365,0,0.0,2008-2012,2018-2022,4512f9e666db960df7cc75fb30eed882435d67645b4c4b6ace72b88e0d3db3f1,9704b972d3c33904afcb818f87ccd461d988fd30910e9788031d4176df032cd0,3f504e0bc00e47e2d3674e97ef03bed09c060383c94ac723bd7c7c9e56fa4a85
main,cocoa,PNG,exp_cocoapaste,PNG|exp_cocoapaste,0.02869827393766822,0,0.0,2008-2012,2018-2022,4512f9e666db960df7cc75fb30eed882435d67645b4c4b6ace72b88e0d3db3f1,9704b972d3c33904afcb818f87ccd461d988fd30910e9788031d4176df032cd0,3f504e0bc00e47e2d3674e97ef03bed09c060383c94ac723bd7c7c9e56fa4a85
main,cocoa,PNG,exp_cocoapowder_sw,PNG|exp_cocoapowder_sw,0.028250894496638642,0,0.0,2008-2012,2018-2022,4512f9e666db960df7cc75fb30eed882435d67645b4c4b6ace72b88e0d3db3f1,9704b972d3c33904afcb818f87ccd461d988fd30910e9788031d4176df032cd0,3f504e0bc00e47e2d3674e97ef03bed09c060383c94ac723bd7c7c9e56fa4a85
main,cocoa,PSE,exp_cocoa_prep_bulk,PSE|exp_cocoa_prep_bulk,0.12031346869040228,0,0.0,2008-2012,2018-2022,4512f9e666db960df7cc75fb30eed882435d67645b4c4b6ace72b88e0d3db3f1,9704b972d3c33904afcb818f87ccd461d988fd30910e9788031d4176df032cd0,3f504e0bc00e47e2d3674e97ef03bed09c060383c94ac723bd7c7c9e56fa4a85
main,cocoa,PSE,exp_cocoa_prep_other,PSE|exp_cocoa_prep_other,0.145813692757108,1,6361.3622000000005,2008-2012,2018-2022,4512f9e666db960df7cc75fb30eed882435d67645b4c4b6ace72b88e0d3db3f1,9704b972d3c33904afcb818f87ccd461d988fd30910e9788031d4176df032cd0,3f504e0bc00e47e2d3674e97ef03bed09c060383c94ac723bd7c7c9e56fa4a85
main,cocoa,ROU,exp_cocoabutter,ROU|exp_cocoabutter,0.19976304906783443,0,0.0,2008-2012,2018-2022,4512f9e666db960df7cc75fb30eed882435d67645b4c4b6ace72b88e0d3db3f1,9704b972d3c33904afcb818f87ccd461d988fd30910e9788031d4176df032cd0,3f504e0bc00e47e2d3674e97ef03bed09c060383c94ac723bd7c7c9e56fa4a85
main,cocoa,RUS,exp_cocoabutter,RUS|exp_cocoabutter,0.07455080951539196,1,1120.4734,2008-2012,2018-2022,4512f9e666db960df7cc75fb30eed882435d67645b4c4b6ace72b88e0d3db3f1,9704b972d3c33904afcb818f87ccd461d988fd30910e9788031d4176df032cd0,3f504e0bc00e47e2d3674e97ef03bed09c060383c94ac723bd7c7c9e56fa4a85
main,cocoa,RUS,exp_cocoapowder_sw,RUS|exp_cocoapowder_sw,0.07418734102420574,1,8867.9072,2008-2012,2018-2022,4512f9e666db960df7cc75fb30eed882435d67645b4c4b6ace72b88e0d3db3f1,9704b972d3c33904afcb818f87ccd461d988fd30910e9788031d4176df032cd0,3f504e0bc00e47e2d3674e97ef03bed09c060383c94ac723bd7c7c9e56fa4a85
main,cocoa,SAU,exp_cocoabutter,SAU|exp_cocoabutter,0.04058810373822862,0,0.0,2008-2012,2018-2022,4512f9e666db960df7cc75fb30eed882435d67645b4c4b6ace72b88e0d3db3f1,9704b972d3c33904afcb818f87ccd461d988fd30910e9788031d4176df032cd0,3f504e0bc00e47e2d3674e97ef03bed09c060383c94ac723bd7c7c9e56fa4a85
main,cocoa,SAU,exp_cocoapaste,SAU|exp_cocoapaste,0.037907358387305676,0,0.0,2008-2012,2018-2022,4512f9e666db960df7cc75fb30eed882435d67645b4c4b6ace72b88e0d3db3f1,9704b972d3c33904afcb818f87ccd461d988fd30910e9788031d4176df032cd0,3f504e0bc00e47e2d3674e97ef03bed09c060383c94ac723bd7c7c9e56fa4a85
main,cocoa,SEN,exp_cocoa_prep_blocks_bars,SEN|exp_cocoa_prep_blocks_bars,0.11036986187426823,1,226.8528,2008-2012,2018-2022,4512f9e666db960df7cc75fb30eed882435d67645b4c4b6ace72b88e0d3db3f1,9704b972d3c33904afcb818f87ccd461d988fd30910e9788031d4176df032cd0,3f504e0bc00e47e2d3674e97ef03bed09c060383c94ac723bd7c7c9e56fa4a85
main,cocoa,SEN,exp_cocoa_prep_bulk,SEN|exp_cocoa_prep_bulk,0.09219250992139146,0,0.0,2008-2012,2018-2022,4512f9e666db960df7cc75fb30eed882435d67645b4c4b6ace72b88e0d3db3f1,9704b972d3c33904afcb818f87ccd461d988fd30910e9788031d4176df032cd0,3f504e0bc00e47e2d3674e97ef03bed09c060383c94ac723bd7c7c9e56fa4a85
main,cocoa,SEN,exp_cocoapaste,SEN|exp_cocoapaste,0.09525970082290242,0,0.0,2008-2012,2018-2022,4512f9e666db960df7cc75fb30eed882435d67645b4c4b6ace72b88e0d3db3f1,9704b972d3c33904afcb818f87ccd461d988fd30910e9788031d4176df032cd0,3f504e0bc00e47e2d3674e97ef03bed09c060383c94ac723bd7c7c9e56fa4a85
main,cocoa,SEN,exp_cocoapowder_sw,SEN|exp_cocoapowder_sw,0.1321401949975117,0,0.0,2008-2012,2018-2022,4512f9e666db960df7cc75fb30eed882435d67645b4c4b6ace72b88e0d3db3f1,9704b972d3c33904afcb818f87ccd461d988fd30910e9788031d4176df032cd0,3f504e0bc00e47e2d3674e97ef03bed09c060383c94ac723bd7c7c9e56fa4a85
main,cocoa,SLB,exp_cocoa_prep_blocks_bars,SLB|exp_cocoa_prep_blocks_bars,0.012757399579465176,0,0.0,2008-2012,2018-2022,4512f9e666db960df7cc75fb30eed882435d67645b4c4b6ace72b88e0d3db3f1,9704b972d3c33904afcb818f87ccd461d988fd30910e9788031d4176df032cd0,3f504e0bc00e47e2d3674e97ef03bed09c060383c94ac723bd7c7c9e56fa4a85
main,cocoa,SLB,exp_cocoa_prep_bulk,SLB|exp_cocoa_prep_bulk,0.011837459664786538,0,0.0,2008-2012,2018-2022,4512f9e666db960df7cc75fb30eed882435d67645b4c4b6ace72b88e0d3db3f1,9704b972d3c33904afcb818f87ccd461d988fd30910e9788031d4176df032cd0,3f504e0bc00e47e2d3674e97ef03bed09c060383c94ac723bd7c7c9e56fa4a85
main,cocoa,SLB,exp_cocoa_prep_other,SLB|exp_cocoa_prep_other,0.01317881897569104,0,0.0,2008-2012,2018-2022,4512f9e666db960df7cc75fb30eed882435d67645b4c4b6ace72b88e0d3db3f1,9704b972d3c33904afcb818f87ccd461d988fd30910e9788031d4176df032cd0,3f504e0bc00e47e2d3674e97ef03bed09c060383c94ac723bd7c7c9e56fa4a85
main,cocoa,SLB,exp_cocoabutter,SLB|exp_cocoabutter,0.02068896749911257,0,0.0,2008-2012,2018-2022,4512f9e666db960df7cc75fb30eed882435d67645b4c4b6ace72b88e0d3db3f1,9704b972d3c33904afcb818f87ccd461d988fd30910e9788031d4176df032cd0,3f504e0bc00e47e2d3674e97ef03bed09c060383c94ac723bd7c7c9e56fa4a85
main,cocoa,SLB,exp_cocoapaste,SLB|exp_cocoapaste,0.0180536552847694,0,0.0,2008-2012,2018-2022,4512f9e666db960df7cc75fb30eed882435d67645b4c4b6ace72b88e0d3db3f1,9704b972d3c33904afcb818f87ccd461d988fd30910e9788031d4176df032cd0,3f504e0bc00e47e2d3674e97ef03bed09c060383c94ac723bd7c7c9e56fa4a85
main,cocoa,SLB,exp_cocoapowder_sw,SLB|exp_cocoapowder_sw,0.01888810393956465,0,0.0,2008-2012,2018-2022,4512f9e666db960df7cc75fb30eed882435d67645b4c4b6ace72b88e0d3db3f1,9704b972d3c33904afcb818f87ccd461d988fd30910e9788031d4176df032cd0,3f504e0bc00e47e2d3674e97ef03bed09c060383c94ac723bd7c7c9e56fa4a85
main,cocoa,SLB,exp_cocoapowder_unsw,SLB|exp_cocoapowder_unsw,0.01619391384842806,0,0.0,2008-2012,2018-2022,4512f9e666db960df7cc75fb30eed882435d67645b4c4b6ace72b88e0d3db3f1,9704b972d3c33904afcb818f87ccd461d988fd30910e9788031d4176df032cd0,3f504e0bc00e47e2d3674e97ef03bed09c060383c94ac723bd7c7c9e56fa4a85
main,cocoa,SLE,exp_cocoa_prep_blocks_bars,SLE|exp_cocoa_prep_blocks_bars,0.052725855257173423,0,0.0,2008-2012,2018-2022,4512f9e666db960df7cc75fb30eed882435d67645b4c4b6ace72b88e0d3db3f1,9704b972d3c33904afcb818f87ccd461d988fd30910e9788031d4176df032cd0,3f504e0bc00e47e2d3674e97ef03bed09c060383c94ac723bd7c7c9e56fa4a85
main,cocoa,SLE,exp_cocoa_prep_bulk,SLE|exp_cocoa_prep_bulk,0.04690863380810732,0,0.0,2008-2012,2018-2022,4512f9e666db960df7cc75fb30eed882435d67645b4c4b6ace72b88e0d3db3f1,9704b972d3c33904afcb818f87ccd461d988fd30910e9788031d4176df032cd0,3f504e0bc00e47e2d3674e97ef03bed09c060383c94ac723bd7c7c9e56fa4a85
main,cocoa,SLE,exp_cocoa_prep_other,SLE|exp_cocoa_prep_other,0.053751855527034056,0,0.0,2008-2012,2018-2022,4512f9e666db960df7cc75fb30eed882435d67645b4c4b6ace72b88e0d3db3f1,9704b972d3c33904afcb818f87ccd461d988fd30910e9788031d4176df032cd0,3f504e0bc00e47e2d3674e97ef03bed09c060383c94ac723bd7c7c9e56fa4a85
main,cocoa,SLE,exp_cocoabutter,SLE|exp_cocoabutter,0.05503478574605443,0,0.0,2008-2012,2018-2022,4512f9e666db960df7cc75fb30eed882435d67645b4c4b6ace72b88e0d3db3f1,9704b972d3c33904afcb818f87ccd461d988fd30910e9788031d4176df032cd0,3f504e0bc00e47e2d3674e97ef03bed09c060383c94ac723bd7c7c9e56fa4a85
main,cocoa,SLE,exp_cocoapaste,SLE|exp_cocoapaste,0.050855803964160715,0,0.0,2008-2012,2018-2022,4512f9e666db960df7cc75fb30eed882435d67645b4c4b6ace72b88e0d3db3f1,9704b972d3c33904afcb818f87ccd461d988fd30910e9788031d4176df032cd0,3f504e0bc00e47e2d3674e97ef03bed09c060383c94ac723bd7c7c9e56fa4a85
main,cocoa,SLE,exp_cocoapowder_sw,SLE|exp_cocoapowder_sw,0.060450664464978696,0,0.0,2008-2012,2018-2022,4512f9e666db960df7cc75fb30eed882435d67645b4c4b6ace72b88e0d3db3f1,9704b972d3c33904afcb818f87ccd461d988fd30910e9788031d4176df032cd0,3f504e0bc00e47e2d3674e97ef03bed09c060383c94ac723bd7c7c9e56fa4a85
main,cocoa,SLE,exp_cocoapowder_unsw,SLE|exp_cocoapowder_unsw,0.052309570944938245,1,215.9874,2008-2012,2018-2022,4512f9e666db960df7cc75fb30eed882435d67645b4c4b6ace72b88e0d3db3f1,9704b972d3c33904afcb818f87ccd461d988fd30910e9788031d4176df032cd0,3f504e0bc00e47e2d3674e97ef03bed09c060383c94ac723bd7c7c9e56fa4a85
main,cocoa,SRB,exp_cocoapowder_sw,SRB|exp_cocoapowder_sw,0.26373142664781823,0,0.0,2008-2012,2018-2022,4512f9e666db960df7cc75fb30eed882435d67645b4c4b6ace72b88e0d3db3f1,9704b972d3c33904afcb818f87ccd461d988fd30910e9788031d4176df032cd0,3f504e0bc00e47e2d3674e97ef03bed09c060383c94ac723bd7c7c9e56fa4a85
main,cocoa,STP,exp_cocoa_prep_blocks_bars,STP|exp_cocoa_prep_blocks_bars,0.06442502420268972,1,127.5062,2008-2012,2018-2022,4512f9e666db960df7cc75fb30eed882435d67645b4c4b6ace72b88e0d3db3f1,9704b972d3c33904afcb818f87ccd461d988fd30910e9788031d4176df032cd0,3f504e0bc00e47e2d3674e97ef03bed09c060383c94ac723bd7c7c9e56fa4a85
main,cocoa,STP,exp_cocoa_prep_bulk,STP|exp_cocoa_prep_bulk,0.059465697618153686,0,0.0,2008-2012,2018-2022,4512f9e666db960df7cc75fb30eed882435d67645b4c4b6ace72b88e0d3db3f1,9704b972d3c33904afcb818f87ccd461d988fd30910e9788031d4176df032cd0,3f504e0bc00e47e2d3674e97ef03bed09c060383c94ac723bd7c7c9e56fa4a85
main,cocoa,STP,exp_cocoa_prep_other,STP|exp_cocoa_prep_other,0.06750863560795611,0,0.0,2008-2012,2018-2022,4512f9e666db960df7cc75fb30eed882435d67645b4c4b6ace72b88e0d3db3f1,9704b972d3c33904afcb818f87ccd461d988fd30910e9788031d4176df032cd0,3f504e0bc00e47e2d3674e97ef03bed09c060383c94ac723bd7c7c9e56fa4a85
main,cocoa,STP,exp_cocoabutter,STP|exp_cocoabutter,0.0629842120493329,0,0.0,2008-2012,2018-2022,4512f9e666db960df7cc75fb30eed882435d67645b4c4b6ace72b88e0d3db3f1,9704b972d3c33904afcb818f87ccd461d988fd30910e9788031d4176df032cd0,3f504e0bc00e47e2d3674e97ef03bed09c060383c94ac723bd7c7c9e56fa4a85
main,cocoa,STP,exp_cocoapaste,STP|exp_cocoapaste,0.07656208051863345,0,0.0,2008-2012,2018-2022,4512f9e666db960df7cc75fb30eed882435d67645b4c4b6ace72b88e0d3db3f1,9704b972d3c33904afcb818f87ccd461d988fd30910e9788031d4176df032cd0,3f504e0bc00e47e2d3674e97ef03bed09c060383c94ac723bd7c7c9e56fa4a85
main,cocoa,STP,exp_cocoapowder_sw,STP|exp_cocoapowder_sw,0.07253912721781616,0,0.0,2008-2012,2018-2022,4512f9e666db960df7cc75fb30eed882435d67645b4c4b6ace72b88e0d3db3f1,9704b972d3c33904afcb818f87ccd461d988fd30910e9788031d4176df032cd0,3f504e0bc00e47e2d3674e97ef03bed09c060383c94ac723bd7c7c9e56fa4a85
main,cocoa,STP,exp_cocoapowder_unsw,STP|exp_cocoapowder_unsw,0.0720890575085924,0,0.0,2008-2012,2018-2022,4512f9e666db960df7cc75fb30eed882435d67645b4c4b6ace72b88e0d3db3f1,9704b972d3c33904afcb818f87ccd461d988fd30910e9788031d4176df032cd0,3f504e0bc00e47e2d3674e97ef03bed09c060383c94ac723bd7c7c9e56fa4a85
main,cocoa,SVK,exp_cocoabutter,SVK|exp_cocoabutter,0.17738533202392476,1,102.4318,2008-2012,2018-2022,4512f9e666db960df7cc75fb30eed882435d67645b4c4b6ace72b88e0d3db3f1,9704b972d3c33904afcb818f87ccd461d988fd30910e9788031d4176df032cd0,3f504e0bc00e47e2d3674e97ef03bed09c060383c94ac723bd7c7c9e56fa4a85
main,cocoa,SWZ,exp_cocoa_prep_blocks_bars,SWZ|exp_cocoa_prep_blocks_bars,0.13207853032047906,1,752.0004,2008-2012,2018-2022,4512f9e666db960df7cc75fb30eed882435d67645b4c4b6ace72b88e0d3db3f1,9704b972d3c33904afcb818f87ccd461d988fd30910e9788031d4176df032cd0,3f504e0bc00e47e2d3674e97ef03bed09c060383c94ac723bd7c7c9e56fa4a85
main,cocoa,SWZ,exp_cocoa_prep_bulk,SWZ|exp_cocoa_prep_bulk,0.12062359237147152,0,0.0,2008-2012,2018-2022,4512f9e666db960df7cc75fb30eed882435d67645b4c4b6ace72b88e0d3db3f1,9704b972d3c33904afcb818f87ccd461d988fd30910e9788031d4176df032cd0,3f504e0bc00e47e2d3674e97ef03bed09c060383c94ac723bd7c7c9e56fa4a85
main,cocoa,SWZ,exp_cocoabutter,SWZ|exp_cocoabutter,0.1273876251091608,0,0.0,2008-2012,2018-2022,4512f9e666db960df7cc75fb30eed882435d67645b4c4b6ace72b88e0d3db3f1,9704b972d3c33904afcb818f87ccd461d988fd30910e9788031d4176df032cd0,3f504e0bc00e47e2d3674e97ef03bed09c060383c94ac723bd7c7c9e56fa4a85
main,cocoa,SWZ,exp_cocoapaste,SWZ|exp_cocoapaste,0.11582641294074791,0,0.0,2008-2012,2018-2022,4512f9e666db960df7cc75fb30eed882435d67645b4c4b6ace72b88e0d3db3f1,9704b972d3c33904afcb818f87ccd461d988fd30910e9788031d4176df032cd0,3f504e0bc00e47e2d3674e97ef03bed09c060383c94ac723bd7c7c9e56fa4a85
main,cocoa,SWZ,exp_cocoapowder_unsw,SWZ|exp_cocoapowder_unsw,0.13074305429679717,0,0.0,2008-2012,2018-2022,4512f9e666db960df7cc75fb30eed882435d67645b4c4b6ace72b88e0d3db3f1,9704b972d3c33904afcb818f87ccd461d988fd30910e9788031d4176df032cd0,3f504e0bc00e47e2d3674e97ef03bed09c060383c94ac723bd7c7c9e56fa4a85
main,cocoa,TGO,exp_cocoa_prep_blocks_bars,TGO|exp_cocoa_prep_blocks_bars,0.07478273250883652,0,0.0,2008-2012,2018-2022,4512f9e666db960df7cc75fb30eed882435d67645b4c4b6ace72b88e0d3db3f1,9704b972d3c33904afcb818f87ccd461d988fd30910e9788031d4176df032cd0,3f504e0bc00e47e2d3674e97ef03bed09c060383c94ac723bd7c7c9e56fa4a85
main,cocoa,TGO,exp_cocoa_prep_bulk,TGO|exp_cocoa_prep_bulk,0.0639098198793655,0,0.0,2008-2012,2018-2022,4512f9e666db960df7cc75fb30eed882435d67645b4c4b6ace72b88e0d3db3f1,9704b972d3c33904afcb818f87ccd461d988fd30910e9788031d4176df032cd0,3f504e0bc00e47e2d3674e97ef03bed09c060383c94ac723bd7c7c9e56fa4a85
main,cocoa,TGO,exp_cocoa_prep_other,TGO|exp_cocoa_prep_other,0.07755678704327172,1,276.1046,2008-2012,2018-2022,4512f9e666db960df7cc75fb30eed882435d67645b4c4b6ace72b88e0d3db3f1,9704b972d3c33904afcb818f87ccd461d988fd30910e9788031d4176df032cd0,3f504e0bc00e47e2d3674e97ef03bed09c060383c94ac723bd7c7c9e56fa4a85
main,cocoa,TGO,exp_cocoabutter,TGO|exp_cocoabutter,0.0807018189579217,0,0.0,2008-2012,2018-2022,4512f9e666db960df7cc75fb30eed882435d67645b4c4b6ace72b88e0d3db3f1,9704b972d3c33904afcb818f87ccd461d988fd30910e9788031d4176df032cd0,3f504e0bc00e47e2d3674e97ef03bed09c060383c94ac723bd7c7c9e56fa4a85
main,cocoa,TGO,exp_cocoapaste,TGO|exp_cocoapaste,0.06842444207952325,0,0.0,2008-2012,2018-2022,4512f9e666db960df7cc75fb30eed882435d67645b4c4b6ace72b88e0d3db3f1,9704b972d3c33904afcb818f87ccd461d988fd30910e9788031d4176df032cd0,3f504e0bc00e47e2d3674e97ef03bed09c060383c94ac723bd7c7c9e56fa4a85
main,cocoa,TGO,exp_cocoapowder_sw,TGO|exp_cocoapowder_sw,0.09272411268405786,0,0.0,2008-2012,2018-2022,4512f9e666db960df7cc75fb30eed882435d67645b4c4b6ace72b88e0d3db3f1,9704b972d3c33904afcb818f87ccd461d988fd30910e9788031d4176df032cd0,3f504e0bc00e47e2d3674e97ef03bed09c060383c94ac723bd7c7c9e56fa4a85
main,cocoa,TGO,exp_cocoapowder_unsw,TGO|exp_cocoapowder_unsw,0.07609589881500639,0,0.0,2008-2012,2018-2022,4512f9e666db960df7cc75fb30eed882435d67645b4c4b6ace72b88e0d3db3f1,9704b972d3c33904afcb818f87ccd461d988fd30910e9788031d4176df032cd0,3f504e0bc00e47e2d3674e97ef03bed09c060383c94ac723bd7c7c9e56fa4a85
main,cocoa,THA,exp_cocoapaste,THA|exp_cocoapaste,0.23525663978976813,0,0.0,2008-2012,2018-2022,4512f9e666db960df7cc75fb30eed882435d67645b4c4b6ace72b88e0d3db3f1,9704b972d3c33904afcb818f87ccd461d988fd30910e9788031d4176df032cd0,3f504e0bc00e47e2d3674e97ef03bed09c060383c94ac723bd7c7c9e56fa4a85
main,cocoa,TON,exp_cocoa_prep_blocks_bars,TON|exp_cocoa_prep_blocks_bars,0.05974825935793951,0,0.0,2008-2012,2018-2022,4512f9e666db960df7cc75fb30eed882435d67645b4c4b6ace72b88e0d3db3f1,9704b972d3c33904afcb818f87ccd461d988fd30910e9788031d4176df032cd0,3f504e0bc00e47e2d3674e97ef03bed09c060383c94ac723bd7c7c9e56fa4a85
main,cocoa,TON,exp_cocoa_prep_bulk,TON|exp_cocoa_prep_bulk,0.05555318366982807,0,0.0,2008-2012,2018-2022,4512f9e666db960df7cc75fb30eed882435d67645b4c4b6ace72b88e0d3db3f1,9704b972d3c33904afcb818f87ccd461d988fd30910e9788031d4176df032cd0,3f504e0bc00e47e2d3674e97ef03bed09c060383c94ac723bd7c7c9e56fa4a85
main,cocoa,TON,exp_cocoa_prep_other,TON|exp_cocoa_prep_other,0.06315167317229158,0,0.0,2008-2012,2018-2022,4512f9e666db960df7cc75fb30eed882435d67645b4c4b6ace72b88e0d3db3f1,9704b972d3c33904afcb818f87ccd461d988fd30910e9788031d4176df032cd0,3f504e0bc00e47e2d3674e97ef03bed09c060383c94ac723bd7c7c9e56fa4a85
main,cocoa,TON,exp_cocoabutter,TON|exp_cocoabutter,0.062369310399172186,0,0.0,2008-2012,2018-2022,4512f9e666db960df7cc75fb30eed882435d67645b4c4b6ace72b88e0d3db3f1,9704b972d3c33904afcb818f87ccd461d988fd30910e9788031d4176df032cd0,3f504e0bc00e47e2d3674e97ef03bed09c060383c94ac723bd7c7c9e56fa4a85
main,cocoa,TON,exp_cocoapaste,TON|exp_cocoapaste,0.057159008910417114,0,0.0,2008-2012,2018-2022,4512f9e666db960df7cc75fb30eed882435d67645b4c4b6ace72b88e0d3db3f1,9704b972d3c33904afcb818f87ccd461d988fd30910e9788031d4176df032cd0,3f504e0bc00e47e2d3674e97ef03bed09c060383c94ac723bd7c7c9e56fa4a85
main,cocoa,TON,exp_cocoapowder_sw,TON|exp_cocoapowder_sw,0.07375927490592328,0,0.0,2008-2012,2018-2022,4512f9e666db960df7cc75fb30eed882435d67645b4c4b6ace72b88e0d3db3f1,9704b972d3c33904afcb818f87ccd461d988fd30910e9788031d4176df032cd0,3f504e0bc00e47e2d3674e97ef03bed09c060383c94ac723bd7c7c9e56fa4a85
main,cocoa,TON,exp_cocoapowder_unsw,TON|exp_cocoapowder_unsw,0.06176480058379984,0,0.0,2008-2012,2018-2022,4512f9e666db960df7cc75fb30eed882435d67645b4c4b6ace72b88e0d3db3f1,9704b972d3c33904afcb818f87ccd461d988fd30910e9788031d4176df032cd0,3f504e0bc00e47e2d3674e97ef03bed09c060383c94ac723bd7c7c9e56fa4a85
main,cocoa,TTO,exp_cocoabutter,TTO|exp_cocoabutter,0.03548492003872604,0,0.0,2008-2012,2018-2022,4512f9e666db960df7cc75fb30eed882435d67645b4c4b6ace72b88e0d3db3f1,9704b972d3c33904afcb818f87ccd461d988fd30910e9788031d4176df032cd0,3f504e0bc00e47e2d3674e97ef03bed09c060383c94ac723bd7c7c9e56fa4a85
main,cocoa,TTO,exp_cocoapaste,TTO|exp_cocoapaste,0.030897758460725434,0,0.0,2008-2012,2018-2022,4512f9e666db960df7cc75fb30eed882435d67645b4c4b6ace72b88e0d3db3f1,9704b972d3c33904afcb818f87ccd461d988fd30910e9788031d4176df032cd0,3f504e0bc00e47e2d3674e97ef03bed09c060383c94ac723bd7c7c9e56fa4a85
main,cocoa,TTO,exp_cocoapowder_sw,TTO|exp_cocoapowder_sw,0.044584266904050235,0,0.0,2008-2012,2018-2022,4512f9e666db960df7cc75fb30eed882435d67645b4c4b6ace72b88e0d3db3f1,9704b972d3c33904afcb818f87ccd461d988fd30910e9788031d4176df032cd0,3f504e0bc00e47e2d3674e97ef03bed09c060383c94ac723bd7c7c9e56fa4a85
main,cocoa,TTO,exp_cocoapowder_unsw,TTO|exp_cocoapowder_unsw,0.03400468490841244,0,0.0,2008-2012,2018-2022,4512f9e666db960df7cc75fb30eed882435d67645b4c4b6ace72b88e0d3db3f1,9704b972d3c33904afcb818f87ccd461d988fd30910e9788031d4176df032cd0,3f504e0bc00e47e2d3674e97ef03bed09c060383c94ac723bd7c7c9e56fa4a85
main,cocoa,TUN,exp_cocoabutter,TUN|exp_cocoabutter,0.17817414278005106,0,0.0,2008-2012,2018-2022,4512f9e666db960df7cc75fb30eed882435d67645b4c4b6ace72b88e0d3db3f1,9704b972d3c33904afcb818f87ccd461d988fd30910e9788031d4176df032cd0,3f504e0bc00e47e2d3674e97ef03bed09c060383c94ac723bd7c7c9e56fa4a85
main,cocoa,TUN,exp_cocoapaste,TUN|exp_cocoapaste,0.15503405774962337,0,0.0,2008-2012,2018-2022,4512f9e666db960df7cc75fb30eed882435d67645b4c4b6ace72b88e0d3db3f1,9704b972d3c33904afcb818f87ccd461d988fd30910e9788031d4176df032cd0,3f504e0bc00e47e2d3674e97ef03bed09c060383c94ac723bd7c7c9e56fa4a85
main,cocoa,TZA,exp_cocoa_prep_blocks_bars,TZA|exp_cocoa_prep_blocks_bars,0.12355450524706786,0,0.0,2008-2012,2018-2022,4512f9e666db960df7cc75fb30eed882435d67645b4c4b6ace72b88e0d3db3f1,9704b972d3c33904afcb818f87ccd461d988fd30910e9788031d4176df032cd0,3f504e0bc00e47e2d3674e97ef03bed09c060383c94ac723bd7c7c9e56fa4a85
main,cocoa,TZA,exp_cocoa_prep_bulk,TZA|exp_cocoa_prep_bulk,0.10232634695185669,0,0.0,2008-2012,2018-2022,4512f9e666db960df7cc75fb30eed882435d67645b4c4b6ace72b88e0d3db3f1,9704b972d3c33904afcb818f87ccd461d988fd30910e9788031d4176df032cd0,3f504e0bc00e47e2d3674e97ef03bed09c060383c94ac723bd7c7c9e56fa4a85
main,cocoa,TZA,exp_cocoa_prep_other,TZA|exp_cocoa_prep_other,0.12786891019891083,0,0.0,2008-2012,2018-2022,4512f9e666db960df7cc75fb30eed882435d67645b4c4b6ace72b88e0d3db3f1,9704b972d3c33904afcb818f87ccd461d988fd30910e9788031d4176df032cd0,3f504e0bc00e47e2d3674e97ef03bed09c060383c94ac723bd7c7c9e56fa4a85
main,cocoa,TZA,exp_cocoabutter,TZA|exp_cocoabutter,0.12381247008210206,0,0.0,2008-2012,2018-2022,4512f9e666db960df7cc75fb30eed882435d67645b4c4b6ace72b88e0d3db3f1,9704b972d3c33904afcb818f87ccd461d988fd30910e9788031d4176df032cd0,3f504e0bc00e47e2d3674e97ef03bed09c060383c94ac723bd7c7c9e56fa4a85
main,cocoa,TZA,exp_cocoapaste,TZA|exp_cocoapaste,0.1091918349862548,0,0.0,2008-2012,2018-2022,4512f9e666db960df7cc75fb30eed882435d67645b4c4b6ace72b88e0d3db3f1,9704b972d3c33904afcb818f87ccd461d988fd30910e9788031d4176df032cd0,3f504e0bc00e47e2d3674e97ef03bed09c060383c94ac723bd7c7c9e56fa4a85
main,cocoa,TZA,exp_cocoapowder_sw,TZA|exp_cocoapowder_sw,0.1478849230903272,0,0.0,2008-2012,2018-2022,4512f9e666db960df7cc75fb30eed882435d67645b4c4b6ace72b88e0d3db3f1,9704b972d3c33904afcb818f87ccd461d988fd30910e9788031d4176df032cd0,3f504e0bc00e47e2d3674e97ef03bed09c060383c94ac723bd7c7c9e56fa4a85
main,cocoa,TZA,exp_cocoapowder_unsw,TZA|exp_cocoapowder_unsw,0.11925034122934468,0,0.0,2008-2012,2018-2022,4512f9e666db960df7cc75fb30eed882435d67645b4c4b6ace72b88e0d3db3f1,9704b972d3c33904afcb818f87ccd461d988fd30910e9788031d4176df032cd0,3f504e0bc00e47e2d3674e97ef03bed09c060383c94ac723bd7c7c9e56fa4a85
main,cocoa,UGA,exp_cocoa_prep_blocks_bars,UGA|exp_cocoa_prep_blocks_bars,0.13228731217294956,0,0.0,2008-2012,2018-2022,4512f9e666db960df7cc75fb30eed882435d67645b4c4b6ace72b88e0d3db3f1,9704b972d3c33904afcb818f87ccd461d988fd30910e9788031d4176df032cd0,3f504e0bc00e47e2d3674e97ef03bed09c060383c94ac723bd7c7c9e56fa4a85
main,cocoa,UGA,exp_cocoa_prep_bulk,UGA|exp_cocoa_prep_bulk,0.10676202211491473,0,0.0,2008-2012,2018-2022,4512f9e666db960df7cc75fb30eed882435d67645b4c4b6ace72b88e0d3db3f1,9704b972d3c33904afcb818f87ccd461d988fd30910e9788031d4176df032cd0,3f504e0bc00e47e2d3674e97ef03bed09c060383c94ac723bd7c7c9e56fa4a85
main,cocoa,UGA,exp_cocoa_prep_other,UGA|exp_cocoa_prep_other,0.13721351771977894,0,0.0,2008-2012,2018-2022,4512f9e666db960df7cc75fb30eed882435d67645b4c4b6ace72b88e0d3db3f1,9704b972d3c33904afcb818f87ccd461d988fd30910e9788031d4176df032cd0,3f504e0bc00e47e2d3674e97ef03bed09c060383c94ac723bd7c7c9e56fa4a85
main,cocoa,UGA,exp_cocoabutter,UGA|exp_cocoabutter,0.1277697353792758,0,0.0,2008-2012,2018-2022,4512f9e666db960df7cc75fb30eed882435d67645b4c4b6ace72b88e0d3db3f1,9704b972d3c33904afcb818f87ccd461d988fd30910e9788031d4176df032cd0,3f504e0bc00e47e2d3674e97ef03bed09c060383c94ac723bd7c7c9e56fa4a85
main,cocoa,UGA,exp_cocoapaste,UGA|exp_cocoapaste,0.1100411311564426,0,0.0,2008-2012,2018-2022,4512f9e666db960df7cc75fb30eed882435d67645b4c4b6ace72b88e0d3db3f1,9704b972d3c33904afcb818f87ccd461d988fd30910e9788031d4176df032cd0,3f504e0bc00e47e2d3674e97ef03bed09c060383c94ac723bd7c7c9e56fa4a85
main,cocoa,UGA,exp_cocoapowder_sw,UGA|exp_cocoapowder_sw,0.15923998291408423,0,0.0,2008-2012,2018-2022,4512f9e666db960df7cc75fb30eed882435d67645b4c4b6ace72b88e0d3db3f1,9704b972d3c33904afcb818f87ccd461d988fd30910e9788031d4176df032cd0,3f504e0bc00e47e2d3674e97ef03bed09c060383c94ac723bd7c7c9e56fa4a85
main,cocoa,UGA,exp_cocoapowder_unsw,UGA|exp_cocoapowder_unsw,0.12643982450978558,0,0.0,2008-2012,2018-2022,4512f9e666db960df7cc75fb30eed882435d67645b4c4b6ace72b88e0d3db3f1,9704b972d3c33904afcb818f87ccd461d988fd30910e9788031d4176df032cd0,3f504e0bc00e47e2d3674e97ef03bed09c060383c94ac723bd7c7c9e56fa4a85
main,cocoa,UKR,exp_cocoabutter,UKR|exp_cocoabutter,0.16259045523810522,0,0.0,2008-2012,2018-2022,4512f9e666db960df7cc75fb30eed882435d67645b4c4b6ace72b88e0d3db3f1,9704b972d3c33904afcb818f87ccd461d988fd30910e9788031d4176df032cd0,3f504e0bc00e47e2d3674e97ef03bed09c060383c94ac723bd7c7c9e56fa4a85
main,cocoa,UKR,exp_cocoapowder_sw,UKR|exp_cocoapowder_sw,0.19056572688828713,0,0.0,2008-2012,2018-2022,4512f9e666db960df7cc75fb30eed882435d67645b4c4b6ace72b88e0d3db3f1,9704b972d3c33904afcb818f87ccd461d988fd30910e9788031d4176df032cd0,3f504e0bc00e47e2d3674e97ef03bed09c060383c94ac723bd7c7c9e56fa4a85
main,cocoa,URY,exp_cocoa_prep_blocks_bars,URY|exp_cocoa_prep_blocks_bars,0.10111206602354016,0,0.0,2008-2012,2018-2022,4512f9e666db960df7cc75fb30eed882435d67645b4c4b6ace72b88e0d3db3f1,9704b972d3c33904afcb818f87ccd461d988fd30910e9788031d4176df032cd0,3f504e0bc00e47e2d3674e97ef03bed09c060383c94ac723bd7c7c9e56fa4a85
main,cocoa,URY,exp_cocoapowder_sw,URY|exp_cocoapowder_sw,0.10146311483214161,0,0.0,2008-2012,2018-2022,4512f9e666db960df7cc75fb30eed882435d67645b4c4b6ace72b88e0d3db3f1,9704b972d3c33904afcb818f87ccd461d988fd30910e9788031d4176df032cd0,3f504e0bc00e47e2d3674e97ef03bed09c060383c94ac723bd7c7c9e56fa4a85
main,cocoa,VEN,exp_cocoapaste,VEN|exp_cocoapaste,0.015288068503696118,1,239.57,2008-2012,2018-2022,4512f9e666db960df7cc75fb30eed882435d67645b4c4b6ace72b88e0d3db3f1,9704b972d3c33904afcb818f87ccd461d988fd30910e9788031d4176df032cd0,3f504e0bc00e47e2d3674e97ef03bed09c060383c94ac723bd7c7c9e56fa4a85
main,cocoa,VEN,exp_cocoapowder_sw,VEN|exp_cocoapowder_sw,0.01693752660623012,0,0.0,2008-2012,2018-2022,4512f9e666db960df7cc75fb30eed882435d67645b4c4b6ace72b88e0d3db3f1,9704b972d3c33904afcb818f87ccd461d988fd30910e9788031d4176df032cd0,3f504e0bc00e47e2d3674e97ef03bed09c060383c94ac723bd7c7c9e56fa4a85
main,cocoa,VEN,exp_cocoapowder_unsw,VEN|exp_cocoapowder_unsw,0.013608085807148979,1,421.8488,2008-2012,2018-2022,4512f9e666db960df7cc75fb30eed882435d67645b4c4b6ace72b88e0d3db3f1,9704b972d3c33904afcb818f87ccd461d988fd30910e9788031d4176df032cd0,3f504e0bc00e47e2d3674e97ef03bed09c060383c94ac723bd7c7c9e56fa4a85
main,cocoa,VNM,exp_cocoabutter,VNM|exp_cocoabutter,0.22504150510099755,0,0.0,2008-2012,2018-2022,4512f9e666db960df7cc75fb30eed882435d67645b4c4b6ace72b88e0d3db3f1,9704b972d3c33904afcb818f87ccd461d988fd30910e9788031d4176df032cd0,3f504e0bc00e47e2d3674e97ef03bed09c060383c94ac723bd7c7c9e56fa4a85
main,cocoa,VNM,exp_cocoapaste,VNM|exp_cocoapaste,0.19179230922065113,1,1984.0726,2008-2012,2018-2022,4512f9e666db960df7cc75fb30eed882435d67645b4c4b6ace72b88e0d3db3f1,9704b972d3c33904afcb818f87ccd461d988fd30910e9788031d4176df032cd0,3f504e0bc00e47e2d3674e97ef03bed09c060383c94ac723bd7c7c9e56fa4a85
main,cocoa,VUT,exp_cocoa_prep_blocks_bars,VUT|exp_cocoa_prep_blocks_bars,0.017561785834197523,0,0.0,2008-2012,2018-2022,4512f9e666db960df7cc75fb30eed882435d67645b4c4b6ace72b88e0d3db3f1,9704b972d3c33904afcb818f87ccd461d988fd30910e9788031d4176df032cd0,3f504e0bc00e47e2d3674e97ef03bed09c060383c94ac723bd7c7c9e56fa4a85
main,cocoa,VUT,exp_cocoa_prep_bulk,VUT|exp_cocoa_prep_bulk,0.016507645435037997,0,0.0,2008-2012,2018-2022,4512f9e666db960df7cc75fb30eed882435d67645b4c4b6ace72b88e0d3db3f1,9704b972d3c33904afcb818f87ccd461d988fd30910e9788031d4176df032cd0,3f504e0bc00e47e2d3674e97ef03bed09c060383c94ac723bd7c7c9e56fa4a85
main,cocoa,VUT,exp_cocoa_prep_other,VUT|exp_cocoa_prep_other,0.01794157100006017,0,0.0,2008-2012,2018-2022,4512f9e666db960df7cc75fb30eed882435d67645b4c4b6ace72b88e0d3db3f1,9704b972d3c33904afcb818f87ccd461d988fd30910e9788031d4176df032cd0,3f504e0bc00e47e2d3674e97ef03bed09c060383c94ac723bd7c7c9e56fa4a85
main,cocoa,VUT,exp_cocoabutter,VUT|exp_cocoabutter,0.022871768782697064,0,0.0,2008-2012,2018-2022,4512f9e666db960df7cc75fb30eed882435d67645b4c4b6ace72b88e0d3db3f1,9704b972d3c33904afcb818f87ccd461d988fd30910e9788031d4176df032cd0,3f504e0bc00e47e2d3674e97ef03bed09c060383c94ac723bd7c7c9e56fa4a85
main,cocoa,VUT,exp_cocoapaste,VUT|exp_cocoapaste,0.018584118121991837,0,0.0,2008-2012,2018-2022,4512f9e666db960df7cc75fb30eed882435d67645b4c4b6ace72b88e0d3db3f1,9704b972d3c33904afcb818f87ccd461d988fd30910e9788031d4176df032cd0,3f504e0bc00e47e2d3674e97ef03bed09c060383c94ac723bd7c7c9e56fa4a85
main,cocoa,VUT,exp_cocoapowder_sw,VUT|exp_cocoapowder_sw,0.02533529722784245,0,0.0,2008-2012,2018-2022,4512f9e666db960df7cc75fb30eed882435d67645b4c4b6ace72b88e0d3db3f1,9704b972d3c33904afcb818f87ccd461d988fd30910e9788031d4176df032cd0,3f504e0bc00e47e2d3674e97ef03bed09c060383c94ac723bd7c7c9e56fa4a85
main,cocoa,VUT,exp_cocoapowder_unsw,VUT|exp_cocoapowder_unsw,0.02007808886980717,0,0.0,2008-2012,2018-2022,4512f9e666db960df7cc75fb30eed882435d67645b4c4b6ace72b88e0d3db3f1,9704b972d3c33904afcb818f87ccd461d988fd30910e9788031d4176df032cd0,3f504e0bc00e47e2d3674e97ef03bed09c060383c94ac723bd7c7c9e56fa4a85
main,oilseed-soy,AFG,exp_soyflour_meal,AFG|exp_soyflour_meal,0.092417130531087,0,0.0,2008-2012,2018-2022,5c02bd2ec03d831793091f9227bf7d35860f183d89ef70c9c37bb36ae606b4c9,9704b972d3c33904afcb818f87ccd461d988fd30910e9788031d4176df032cd0,3f504e0bc00e47e2d3674e97ef03bed09c060383c94ac723bd7c7c9e56fa4a85
main,oilseed-soy,AFG,exp_soymeal,AFG|exp_soymeal,0.08642388867062147,1,3098.7836,2008-2012,2018-2022,5c02bd2ec03d831793091f9227bf7d35860f183d89ef70c9c37bb36ae606b4c9,9704b972d3c33904afcb818f87ccd461d988fd30910e9788031d4176df032cd0,3f504e0bc00e47e2d3674e97ef03bed09c060383c94ac723bd7c7c9e56fa4a85
main,oilseed-soy,AFG,exp_soyoil_crude,AFG|exp_soyoil_crude,0.08881592683452658,0,0.0,2008-2012,2018-2022,5c02bd2ec03d831793091f9227bf7d35860f183d89ef70c9c37bb36ae606b4c9,9704b972d3c33904afcb818f87ccd461d988fd30910e9788031d4176df032cd0,3f504e0bc00e47e2d3674e97ef03bed09c060383c94ac723bd7c7c9e56fa4a85
main,oilseed-soy,AFG,exp_soyoil_noncrude,AFG|exp_soyoil_noncrude,0.10026955752013338,0,0.0,2008-2012,2018-2022,5c02bd2ec03d831793091f9227bf7d35860f183d89ef70c9c37bb36ae606b4c9,9704b972d3c33904afcb818f87ccd461d988fd30910e9788031d4176df032cd0,3f504e0bc00e47e2d3674e97ef03bed09c060383c94ac723bd7c7c9e56fa4a85
main,oilseed-soy,ATG,exp_soyflour_meal,ATG|exp_soyflour_meal,0.14108155408519565,0,0.0,2008-2012,2018-2022,5c02bd2ec03d831793091f9227bf7d35860f183d89ef70c9c37bb36ae606b4c9,9704b972d3c33904afcb818f87ccd461d988fd30910e9788031d4176df032cd0,3f504e0bc00e47e2d3674e97ef03bed09c060383c94ac723bd7c7c9e56fa4a85
main,oilseed-soy,BLR,exp_soyflour_meal,BLR|exp_soyflour_meal,0.11989244865966614,1,330.202,2008-2012,2018-2022,5c02bd2ec03d831793091f9227bf7d35860f183d89ef70c9c37bb36ae606b4c9,9704b972d3c33904afcb818f87ccd461d988fd30910e9788031d4176df032cd0,3f504e0bc00e47e2d3674e97ef03bed09c060383c94ac723bd7c7c9e56fa4a85
main,oilseed-soy,BLR,exp_soyoil_crude,BLR|exp_soyoil_crude,0.12421605089122226,1,44951.8262,2008-2012,2018-2022,5c02bd2ec03d831793091f9227bf7d35860f183d89ef70c9c37bb36ae606b4c9,9704b972d3c33904afcb818f87ccd461d988fd30910e9788031d4176df032cd0,3f504e0bc00e47e2d3674e97ef03bed09c060383c94ac723bd7c7c9e56fa4a85
main,oilseed-soy,BLZ,exp_soyoil_noncrude,BLZ|exp_soyoil_noncrude,0.1599503980280595,0,0.0,2008-2012,2018-2022,5c02bd2ec03d831793091f9227bf7d35860f183d89ef70c9c37bb36ae606b4c9,9704b972d3c33904afcb818f87ccd461d988fd30910e9788031d4176df032cd0,3f504e0bc00e47e2d3674e97ef03bed09c060383c94ac723bd7c7c9e56fa4a85
main,oilseed-soy,BMU,exp_soyflour_meal,BMU|exp_soyflour_meal,0.017927703719830303,0,0.0,2008-2012,2018-2022,5c02bd2ec03d831793091f9227bf7d35860f183d89ef70c9c37bb36ae606b4c9,9704b972d3c33904afcb818f87ccd461d988fd30910e9788031d4176df032cd0,3f504e0bc00e47e2d3674e97ef03bed09c060383c94ac723bd7c7c9e56fa4a85
main,oilseed-soy,BMU,exp_soyoil_crude,BMU|exp_soyoil_crude,0.014023853581631182,0,0.0,2008-2012,2018-2022,5c02bd2ec03d831793091f9227bf7d35860f183d89ef70c9c37bb36ae606b4c9,9704b972d3c33904afcb818f87ccd461d988fd30910e9788031d4176df032cd0,3f504e0bc00e47e2d3674e97ef03bed09c060383c94ac723bd7c7c9e56fa4a85
main,oilseed-soy,BMU,exp_soyoil_noncrude,BMU|exp_soyoil_noncrude,0.014401209405531499,0,0.0,2008-2012,2018-2022,5c02bd2ec03d831793091f9227bf7d35860f183d89ef70c9c37bb36ae606b4c9,9704b972d3c33904afcb818f87ccd461d988fd30910e9788031d4176df032cd0,3f504e0bc00e47e2d3674e97ef03bed09c060383c94ac723bd7c7c9e56fa4a85
main,oilseed-soy,CHL,exp_soyflour_meal,CHL|exp_soyflour_meal,0.08947924360064666,0,0.0,2008-2012,2018-2022,5c02bd2ec03d831793091f9227bf7d35860f183d89ef70c9c37bb36ae606b4c9,9704b972d3c33904afcb818f87ccd461d988fd30910e9788031d4176df032cd0,3f504e0bc00e47e2d3674e97ef03bed09c060383c94ac723bd7c7c9e56fa4a85
main,oilseed-soy,CHL,exp_soyoil_crude,CHL|exp_soyoil_crude,0.09788466874278169,1,364.0742,2008-2012,2018-2022,5c02bd2ec03d831793091f9227bf7d35860f183d89ef70c9c37bb36ae606b4c9,9704b972d3c33904afcb818f87ccd461d988fd30910e9788031d4176df032cd0,3f504e0bc00e47e2d3674e97ef03bed09c060383c94ac723bd7c7c9e56fa4a85
main,oilseed-soy,CHL,exp_soyoil_noncrude,CHL|exp_soyoil_noncrude,0.10147600438483304,1,584.8322000000001,2008-2012,2018-2022,5c02bd2ec03d831793091f9227bf7d35860f183d89ef70c9c37bb36ae606b4c9,9704b972d3c33904afcb818f87ccd461d988fd30910e9788031d4176df032cd0,3f504e0bc00e47e2d3674e97ef03bed09c060383c94ac723bd7c7c9e56fa4a85
main,oilseed-soy,COD,exp_soyoil_noncrude,COD|exp_soyoil_noncrude,0.02173329523169247,1,110.1266,2008-2012,2018-2022,5c02bd2ec03d831793091f9227bf7d35860f183d89ef70c9c37bb36ae606b4c9,9704b972d3c33904afcb818f87ccd461d988fd30910e9788031d4176df032cd0,3f504e0bc00e47e2d3674e97ef03bed09c060383c94ac723bd7c7c9e56fa4a85
main,oilseed-soy,COL,exp_soyflour_meal,COL|exp_soyflour_meal,0.10052620799019645,0,0.0,2008-2012,2018-2022,5c02bd2ec03d831793091f9227bf7d35860f183d89ef70c9c37bb36ae606b4c9,9704b972d3c33904afcb818f87ccd461d988fd30910e9788031d4176df032cd0,3f504e0bc00e47e2d3674e97ef03bed09c060383c94ac723bd7c7c9e56fa4a85
main,oilseed-soy,COL,exp_soymeal,COL|exp_soymeal,0.09436049358378708,1,1271.0092,2008-2012,2018-2022,5c02bd2ec03d831793091f9227bf7d35860f183d89ef70c9c37bb36ae606b4c9,9704b972d3c33904afcb818f87ccd461d988fd30910e9788031d4176df032cd0,3f504e0bc00e47e2d3674e97ef03bed09c060383c94ac723bd7c7c9e56fa4a85
main,oilseed-soy,CZE,exp_soyflour_meal,CZE|exp_soyflour_meal,0.2725917986735435,1,407.638,2008-2012,2018-2022,5c02bd2ec03d831793091f9227bf7d35860f183d89ef70c9c37bb36ae606b4c9,9704b972d3c33904afcb818f87ccd461d988fd30910e9788031d4176df032cd0,3f504e0bc00e47e2d3674e97ef03bed09c060383c94ac723bd7c7c9e56fa4a85
main,oilseed-soy,DOM,exp_soyoil_noncrude,DOM|exp_soyoil_noncrude,0.18193393949318662,1,26507.7832,2008-2012,2018-2022,5c02bd2ec03d831793091f9227bf7d35860f183d89ef70c9c37bb36ae606b4c9,9704b972d3c33904afcb818f87ccd461d988fd30910e9788031d4176df032cd0,3f504e0bc00e47e2d3674e97ef03bed09c060383c94ac723bd7c7c9e56fa4a85
main,oilseed-soy,ECU,exp_soyflour_meal,ECU|exp_soyflour_meal,0.05718631383490139,0,0.0,2008-2012,2018-2022,5c02bd2ec03d831793091f9227bf7d35860f183d89ef70c9c37bb36ae606b4c9,9704b972d3c33904afcb818f87ccd461d988fd30910e9788031d4176df032cd0,3f504e0bc00e47e2d3674e97ef03bed09c060383c94ac723bd7c7c9e56fa4a85
main,oilseed-soy,ECU,exp_soymeal,ECU|exp_soymeal,0.04982497264692048,0,0.0,2008-2012,2018-2022,5c02bd2ec03d831793091f9227bf7d35860f183d89ef70c9c37bb36ae606b4c9,9704b972d3c33904afcb818f87ccd461d988fd30910e9788031d4176df032cd0,3f504e0bc00e47e2d3674e97ef03bed09c060383c94ac723bd7c7c9e56fa4a85
main,oilseed-soy,ECU,exp_soyoil_crude,ECU|exp_soyoil_crude,0.06228271121522194,0,0.0,2008-2012,2018-2022,5c02bd2ec03d831793091f9227bf7d35860f183d89ef70c9c37bb36ae606b4c9,9704b972d3c33904afcb818f87ccd461d988fd30910e9788031d4176df032cd0,3f504e0bc00e47e2d3674e97ef03bed09c060383c94ac723bd7c7c9e56fa4a85
main,oilseed-soy,EGY,exp_soyflour_meal,EGY|exp_soyflour_meal,0.20560571498982605,0,0.0,2008-2012,2018-2022,5c02bd2ec03d831793091f9227bf7d35860f183d89ef70c9c37bb36ae606b4c9,9704b972d3c33904afcb818f87ccd461d988fd30910e9788031d4176df032cd0,3f504e0bc00e47e2d3674e97ef03bed09c060383c94ac723bd7c7c9e56fa4a85
main,oilseed-soy,EST,exp_soyoil_crude,EST|exp_soyoil_crude,0.21877957017755637,1,119.9118,2008-2012,2018-2022,5c02bd2ec03d831793091f9227bf7d35860f183d89ef70c9c37bb36ae606b4c9,9704b972d3c33904afcb818f87ccd461d988fd30910e9788031d4176df032cd0,3f504e0bc00e47e2d3674e97ef03bed09c060383c94ac723bd7c7c9e56fa4a85
main,oilseed-soy,ETH,exp_soymeal,ETH|exp_soymeal,0.08351901094878399,1,10279.6468,2008-2012,2018-2022,5c02bd2ec03d831793091f9227bf7d35860f183d89ef70c9c37bb36ae606b4c9,9704b972d3c33904afcb818f87ccd461d988fd30910e9788031d4176df032cd0,3f504e0bc00e47e2d3674e97ef03bed09c060383c94ac723bd7c7c9e56fa4a85
main,oilseed-soy,ETH,exp_soyoil_crude,ETH|exp_soyoil_crude,0.09391621019495637,0,0.0,2008-2012,2018-2022,5c02bd2ec03d831793091f9227bf7d35860f183d89ef70c9c37bb36ae606b4c9,9704b972d3c33904afcb818f87ccd461d988fd30910e9788031d4176df032cd0,3f504e0bc00e47e2d3674e97ef03bed09c060383c94ac723bd7c7c9e56fa4a85
main,oilseed-soy,ETH,exp_soyoil_noncrude,ETH|exp_soyoil_noncrude,0.11600429485704906,0,0.0,2008-2012,2018-2022,5c02bd2ec03d831793091f9227bf7d35860f183d89ef70c9c37bb36ae606b4c9,9704b972d3c33904afcb818f87ccd461d988fd30910e9788031d4176df032cd0,3f504e0bc00e47e2d3674e97ef03bed09c060383c94ac723bd7c7c9e56fa4a85
main,oilseed-soy,GHA,exp_soyoil_noncrude,GHA|exp_soyoil_noncrude,0.07695348131016497,0,0.0,2008-2012,2018-2022,5c02bd2ec03d831793091f9227bf7d35860f183d89ef70c9c37bb36ae606b4c9,9704b972d3c33904afcb818f87ccd461d988fd30910e9788031d4176df032cd0,3f504e0bc00e47e2d3674e97ef03bed09c060383c94ac723bd7c7c9e56fa4a85
main,oilseed-soy,GTM,exp_soyflour_meal,GTM|exp_soyflour_meal,0.14718588214005507,0,0.0,2008-2012,2018-2022,5c02bd2ec03d831793091f9227bf7d35860f183d89ef70c9c37bb36ae606b4c9,9704b972d3c33904afcb818f87ccd461d988fd30910e9788031d4176df032cd0,3f504e0bc00e47e2d3674e97ef03bed09c060383c94ac723bd7c7c9e56fa4a85
main,oilseed-soy,GTM,exp_soymeal,GTM|exp_soymeal,0.12770540833340968,1,211.2882,2008-2012,2018-2022,5c02bd2ec03d831793091f9227bf7d35860f183d89ef70c9c37bb36ae606b4c9,9704b972d3c33904afcb818f87ccd461d988fd30910e9788031d4176df032cd0,3f504e0bc00e47e2d3674e97ef03bed09c060383c94ac723bd7c7c9e56fa4a85
main,oilseed-soy,GTM,exp_soyoil_crude,GTM|exp_soyoil_crude,0.1545314584111291,1,243.8766,2008-2012,2018-2022,5c02bd2ec03d831793091f9227bf7d35860f183d89ef70c9c37bb36ae606b4c9,9704b972d3c33904afcb818f87ccd461d988fd30910e9788031d4176df032cd0,3f504e0bc00e47e2d3674e97ef03bed09c060383c94ac723bd7c7c9e56fa4a85
main,oilseed-soy,HKG,exp_soyflour_meal,HKG|exp_soyflour_meal,0.22940295470004263,1,148.1582,2008-2012,2018-2022,5c02bd2ec03d831793091f9227bf7d35860f183d89ef70c9c37bb36ae606b4c9,9704b972d3c33904afcb818f87ccd461d988fd30910e9788031d4176df032cd0,3f504e0bc00e47e2d3674e97ef03bed09c060383c94ac723bd7c7c9e56fa4a85
main,oilseed-soy,HRV,exp_soyflour_meal,HRV|exp_soyflour_meal,0.18157728413317323,1,255.36720000000005,2008-2012,2018-2022,5c02bd2ec03d831793091f9227bf7d35860f183d89ef70c9c37bb36ae606b4c9,9704b972d3c33904afcb818f87ccd461d988fd30910e9788031d4176df032cd0,3f504e0bc00e47e2d3674e97ef03bed09c060383c94ac723bd7c7c9e56fa4a85
main,oilseed-soy,IDN,exp_soyflour_meal,IDN|exp_soyflour_meal,0.1720057726853988,0,0.0,2008-2012,2018-2022,5c02bd2ec03d831793091f9227bf7d35860f183d89ef70c9c37bb36ae606b4c9,9704b972d3c33904afcb818f87ccd461d988fd30910e9788031d4176df032cd0,3f504e0bc00e47e2d3674e97ef03bed09c060383c94ac723bd7c7c9e56fa4a85
main,oilseed-soy,IRN,exp_soyflour_meal,IRN|exp_soyflour_meal,0.05238091946009936,0,0.0,2008-2012,2018-2022,5c02bd2ec03d831793091f9227bf7d35860f183d89ef70c9c37bb36ae606b4c9,9704b972d3c33904afcb818f87ccd461d988fd30910e9788031d4176df032cd0,3f504e0bc00e47e2d3674e97ef03bed09c060383c94ac723bd7c7c9e56fa4a85
main,oilseed-soy,IRN,exp_soyoil_crude,IRN|exp_soyoil_crude,0.05015397919717609,0,0.0,2008-2012,2018-2022,5c02bd2ec03d831793091f9227bf7d35860f183d89ef70c9c37bb36ae606b4c9,9704b972d3c33904afcb818f87ccd461d988fd30910e9788031d4176df032cd0,3f504e0bc00e47e2d3674e97ef03bed09c060383c94ac723bd7c7c9e56fa4a85
main,oilseed-soy,JOR,exp_soyflour_meal,JOR|exp_soyflour_meal,0.141502217374955,0,0.0,2008-2012,2018-2022,5c02bd2ec03d831793091f9227bf7d35860f183d89ef70c9c37bb36ae606b4c9,9704b972d3c33904afcb818f87ccd461d988fd30910e9788031d4176df032cd0,3f504e0bc00e47e2d3674e97ef03bed09c060383c94ac723bd7c7c9e56fa4a85
main,oilseed-soy,JOR,exp_soyoil_crude,JOR|exp_soyoil_crude,0.1464573336063934,0,0.0,2008-2012,2018-2022,5c02bd2ec03d831793091f9227bf7d35860f183d89ef70c9c37bb36ae606b4c9,9704b972d3c33904afcb818f87ccd461d988fd30910e9788031d4176df032cd0,3f504e0bc00e47e2d3674e97ef03bed09c060383c94ac723bd7c7c9e56fa4a85
main,oilseed-soy,KAZ,exp_soyoil_noncrude,KAZ|exp_soyoil_noncrude,0.03687478259989225,1,844.596,2008-2012,2018-2022,5c02bd2ec03d831793091f9227bf7d35860f183d89ef70c9c37bb36ae606b4c9,9704b972d3c33904afcb818f87ccd461d988fd30910e9788031d4176df032cd0,3f504e0bc00e47e2d3674e97ef03bed09c060383c94ac723bd7c7c9e56fa4a85
main,oilseed-soy,KEN,exp_soymeal,KEN|exp_soymeal,0.14087472085046004,0,0.0,2008-2012,2018-2022,5c02bd2ec03d831793091f9227bf7d35860f183d89ef70c9c37bb36ae606b4c9,9704b972d3c33904afcb818f87ccd461d988fd30910e9788031d4176df032cd0,3f504e0bc00e47e2d3674e97ef03bed09c060383c94ac723bd7c7c9e56fa4a85
main,oilseed-soy,KHM,exp_soyflour_meal,KHM|exp_soyflour_meal,0.04745874271326929,0,0.0,2008-2012,2018-2022,5c02bd2ec03d831793091f9227bf7d35860f183d89ef70c9c37bb36ae606b4c9,9704b972d3c33904afcb818f87ccd461d988fd30910e9788031d4176df032cd0,3f504e0bc00e47e2d3674e97ef03bed09c060383c94ac723bd7c7c9e56fa4a85
main,oilseed-soy,KHM,exp_soymeal,KHM|exp_soymeal,0.04714747900962242,0,0.0,2008-2012,2018-2022,5c02bd2ec03d831793091f9227bf7d35860f183d89ef70c9c37bb36ae606b4c9,9704b972d3c33904afcb818f87ccd461d988fd30910e9788031d4176df032cd0,3f504e0bc00e47e2d3674e97ef03bed09c060383c94ac723bd7c7c9e56fa4a85
main,oilseed-soy,KHM,exp_soyoil_crude,KHM|exp_soyoil_crude,0.06721601887272068,0,0.0,2008-2012,2018-2022,5c02bd2ec03d831793091f9227bf7d35860f183d89ef70c9c37bb36ae606b4c9,9704b972d3c33904afcb818f87ccd461d988fd30910e9788031d4176df032cd0,3f504e0bc00e47e2d3674e97ef03bed09c060383c94ac723bd7c7c9e56fa4a85
main,oilseed-soy,KHM,exp_soyoil_noncrude,KHM|exp_soyoil_noncrude,0.08515289857670683,0,0.0,2008-2012,2018-2022,5c02bd2ec03d831793091f9227bf7d35860f183d89ef70c9c37bb36ae606b4c9,9704b972d3c33904afcb818f87ccd461d988fd30910e9788031d4176df032cd0,3f504e0bc00e47e2d3674e97ef03bed09c060383c94ac723bd7c7c9e56fa4a85
main,oilseed-soy,KOR,exp_soyflour_meal,KOR|exp_soyflour_meal,0.15783002190788992,0,0.0,2008-2012,2018-2022,5c02bd2ec03d831793091f9227bf7d35860f183d89ef70c9c37bb36ae606b4c9,9704b972d3c33904afcb818f87ccd461d988fd30910e9788031d4176df032cd0,3f504e0bc00e47e2d3674e97ef03bed09c060383c94ac723bd7c7c9e56fa4a85
main,oilseed-soy,LAO,exp_soyflour_meal,LAO|exp_soyflour_meal,0.05728168242073557,0,0.0,2008-2012,2018-2022,5c02bd2ec03d831793091f9227bf7d35860f183d89ef70c9c37bb36ae606b4c9,9704b972d3c33904afcb818f87ccd461d988fd30910e9788031d4176df032cd0,3f504e0bc00e47e2d3674e97ef03bed09c060383c94ac723bd7c7c9e56fa4a85
main,oilseed-soy,LAO,exp_soymeal,LAO|exp_soymeal,0.05070210558046993,0,0.0,2008-2012,2018-2022,5c02bd2ec03d831793091f9227bf7d35860f183d89ef70c9c37bb36ae606b4c9,9704b972d3c33904afcb818f87ccd461d988fd30910e9788031d4176df032cd0,3f504e0bc00e47e2d3674e97ef03bed09c060383c94ac723bd7c7c9e56fa4a85
main,oilseed-soy,LAO,exp_soyoil_crude,LAO|exp_soyoil_crude,0.06109599209729014,0,0.0,2008-2012,2018-2022,5c02bd2ec03d831793091f9227bf7d35860f183d89ef70c9c37bb36ae606b4c9,9704b972d3c33904afcb818f87ccd461d988fd30910e9788031d4176df032cd0,3f504e0bc00e47e2d3674e97ef03bed09c060383c94ac723bd7c7c9e56fa4a85
main,oilseed-soy,LAO,exp_soyoil_noncrude,LAO|exp_soyoil_noncrude,0.07826139719244359,0,0.0,2008-2012,2018-2022,5c02bd2ec03d831793091f9227bf7d35860f183d89ef70c9c37bb36ae606b4c9,9704b972d3c33904afcb818f87ccd461d988fd30910e9788031d4176df032cd0,3f504e0bc00e47e2d3674e97ef03bed09c060383c94ac723bd7c7c9e56fa4a85
main,oilseed-soy,LBN,exp_soyoil_noncrude,LBN|exp_soyoil_noncrude,0.26487108459616293,0,0.0,2008-2012,2018-2022,5c02bd2ec03d831793091f9227bf7d35860f183d89ef70c9c37bb36ae606b4c9,9704b972d3c33904afcb818f87ccd461d988fd30910e9788031d4176df032cd0,3f504e0bc00e47e2d3674e97ef03bed09c060383c94ac723bd7c7c9e56fa4a85
main,oilseed-soy,LUX,exp_soyflour_meal,LUX|exp_soyflour_meal,0.1481312543724291,0,0.0,2008-2012,2018-2022,5c02bd2ec03d831793091f9227bf7d35860f183d89ef70c9c37bb36ae606b4c9,9704b972d3c33904afcb818f87ccd461d988fd30910e9788031d4176df032cd0,3f504e0bc00e47e2d3674e97ef03bed09c060383c94ac723bd7c7c9e56fa4a85
main,oilseed-soy,LUX,exp_soyoil_noncrude,LUX|exp_soyoil_noncrude,0.14746101613222198,0,0.0,2008-2012,2018-2022,5c02bd2ec03d831793091f9227bf7d35860f183d89ef70c9c37bb36ae606b4c9,9704b972d3c33904afcb818f87ccd461d988fd30910e9788031d4176df032cd0,3f504e0bc00e47e2d3674e97ef03bed09c060383c94ac723bd7c7c9e56fa4a85
main,oilseed-soy,LVA,exp_soyoil_crude,LVA|exp_soyoil_crude,0.21885607563049753,1,1087.6462,2008-2012,2018-2022,5c02bd2ec03d831793091f9227bf7d35860f183d89ef70c9c37bb36ae606b4c9,9704b972d3c33904afcb818f87ccd461d988fd30910e9788031d4176df032cd0,3f504e0bc00e47e2d3674e97ef03bed09c060383c94ac723bd7c7c9e56fa4a85
main,oilseed-soy,MDA,exp_soyflour_meal,MDA|exp_soyflour_meal,0.13260164955705217,0,0.0,2008-2012,2018-2022,5c02bd2ec03d831793091f9227bf7d35860f183d89ef70c9c37bb36ae606b4c9,9704b972d3c33904afcb818f87ccd461d988fd30910e9788031d4176df032cd0,3f504e0bc00e47e2d3674e97ef03bed09c060383c94ac723bd7c7c9e56fa4a85
main,oilseed-soy,MDA,exp_soyoil_noncrude,MDA|exp_soyoil_noncrude,0.17578004691809462,0,0.0,2008-2012,2018-2022,5c02bd2ec03d831793091f9227bf7d35860f183d89ef70c9c37bb36ae606b4c9,9704b972d3c33904afcb818f87ccd461d988fd30910e9788031d4176df032cd0,3f504e0bc00e47e2d3674e97ef03bed09c060383c94ac723bd7c7c9e56fa4a85
main,oilseed-soy,MLT,exp_soyflour_meal,MLT|exp_soyflour_meal,0.05238735472329493,0,0.0,2008-2012,2018-2022,5c02bd2ec03d831793091f9227bf7d35860f183d89ef70c9c37bb36ae606b4c9,9704b972d3c33904afcb818f87ccd461d988fd30910e9788031d4176df032cd0,3f504e0bc00e47e2d3674e97ef03bed09c060383c94ac723bd7c7c9e56fa4a85
main,oilseed-soy,MLT,exp_soyoil_crude,MLT|exp_soyoil_crude,0.05543520011716477,0,0.0,2008-2012,2018-2022,5c02bd2ec03d831793091f9227bf7d35860f183d89ef70c9c37bb36ae606b4c9,9704b972d3c33904afcb818f87ccd461d988fd30910e9788031d4176df032cd0,3f504e0bc00e47e2d3674e97ef03bed09c060383c94ac723bd7c7c9e56fa4a85
main,oilseed-soy,MLT,exp_soyoil_noncrude,MLT|exp_soyoil_noncrude,0.061528153285404875,1,342.0666,2008-2012,2018-2022,5c02bd2ec03d831793091f9227bf7d35860f183d89ef70c9c37bb36ae606b4c9,9704b972d3c33904afcb818f87ccd461d988fd30910e9788031d4176df032cd0,3f504e0bc00e47e2d3674e97ef03bed09c060383c94ac723bd7c7c9e56fa4a85
main,oilseed-soy,MOZ,exp_soyoil_noncrude,MOZ|exp_soyoil_noncrude,0.061518987601855694,1,1096.6136,2008-2012,2018-2022,5c02bd2ec03d831793091f9227bf7d35860f183d89ef70c9c37bb36ae606b4c9,9704b972d3c33904afcb818f87ccd461d988fd30910e9788031d4176df032cd0,3f504e0bc00e47e2d3674e97ef03bed09c060383c94ac723bd7c7c9e56fa4a85
main,oilseed-soy,MWI,exp_soyoil_crude,MWI|exp_soyoil_crude,0.061047911755042386,0,0.0,2008-2012,2018-2022,5c02bd2ec03d831793091f9227bf7d35860f183d89ef70c9c37bb36ae606b4c9,9704b972d3c33904afcb818f87ccd461d988fd30910e9788031d4176df032cd0,3f504e0bc00e47e2d3674e97ef03bed09c060383c94ac723bd7c7c9e56fa4a85
main,oilseed-soy,NGA,exp_soyflour_meal,NGA|exp_soyflour_meal,0.021570532839796177,1,651.0354,2008-2012,2018-2022,5c02bd2ec03d831793091f9227bf7d35860f183d89ef70c9c37bb36ae606b4c9,9704b972d3c33904afcb818f87ccd461d988fd30910e9788031d4176df032cd0,3f504e0bc00e47e2d3674e97ef03bed09c060383c94ac723bd7c7c9e56fa4a85
main,oilseed-soy,NGA,exp_soymeal,NGA|exp_soymeal,0.018536664187262086,1,50436.3904,2008-2012,2018-2022,5c02bd2ec03d831793091f9227bf7d35860f183d89ef70c9c37bb36ae606b4c9,9704b972d3c33904afcb818f87ccd461d988fd30910e9788031d4176df032cd0,3f504e0bc00e47e2d3674e97ef03bed09c060383c94ac723bd7c7c9e56fa4a85
main,oilseed-soy,NGA,exp_soyoil_crude,NGA|exp_soyoil_crude,0.020048092233364376,1,730.2614,2008-2012,2018-2022,5c02bd2ec03d831793091f9227bf7d35860f183d89ef70c9c37bb36ae606b4c9,9704b972d3c33904afcb818f87ccd461d988fd30910e9788031d4176df032cd0,3f504e0bc00e47e2d3674e97ef03bed09c060383c94ac723bd7c7c9e56fa4a85
main,oilseed-soy,NGA,exp_soyoil_noncrude,NGA|exp_soyoil_noncrude,0.02308928422153725,0,0.0,2008-2012,2018-2022,5c02bd2ec03d831793091f9227bf7d35860f183d89ef70c9c37bb36ae606b4c9,9704b972d3c33904afcb818f87ccd461d988fd30910e9788031d4176df032cd0,3f504e0bc00e47e2d3674e97ef03bed09c060383c94ac723bd7c7c9e56fa4a85
main,oilseed-soy,NIC,exp_soyflour_meal,NIC|exp_soyflour_meal,0.07658153828923485,0,0.0,2008-2012,2018-2022,5c02bd2ec03d831793091f9227bf7d35860f183d89ef70c9c37bb36ae606b4c9,9704b972d3c33904afcb818f87ccd461d988fd30910e9788031d4176df032cd0,3f504e0bc00e47e2d3674e97ef03bed09c060383c94ac723bd7c7c9e56fa4a85
main,oilseed-soy,NIC,exp_soymeal,NIC|exp_soymeal,0.0671779226261868,0,0.0,2008-2012,2018-2022,5c02bd2ec03d831793091f9227bf7d35860f183d89ef70c9c37bb36ae606b4c9,9704b972d3c33904afcb818f87ccd461d988fd30910e9788031d4176df032cd0,3f504e0bc00e47e2d3674e97ef03bed09c060383c94ac723bd7c7c9e56fa4a85
main,oilseed-soy,NOR,exp_soyoil_noncrude,NOR|exp_soyoil_noncrude,0.08531512002668878,0,0.0,2008-2012,2018-2022,5c02bd2ec03d831793091f9227bf7d35860f183d89ef70c9c37bb36ae606b4c9,9704b972d3c33904afcb818f87ccd461d988fd30910e9788031d4176df032cd0,3f504e0bc00e47e2d3674e97ef03bed09c060383c94ac723bd7c7c9e56fa4a85
main,oilseed-soy,PAK,exp_soyoil_noncrude,PAK|exp_soyoil_noncrude,0.22685340391673614,1,477.3204,2008-2012,2018-2022,5c02bd2ec03d831793091f9227bf7d35860f183d89ef70c9c37bb36ae606b4c9,9704b972d3c33904afcb818f87ccd461d988fd30910e9788031d4176df032cd0,3f504e0bc00e47e2d3674e97ef03bed09c060383c94ac723bd7c7c9e56fa4a85
main,oilseed-soy,PAN,exp_soyoil_crude,PAN|exp_soyoil_crude,0.19476660502226845,1,302.935,2008-2012,2018-2022,5c02bd2ec03d831793091f9227bf7d35860f183d89ef70c9c37bb36ae606b4c9,9704b972d3c33904afcb818f87ccd461d988fd30910e9788031d4176df032cd0,3f504e0bc00e47e2d3674e97ef03bed09c060383c94ac723bd7c7c9e56fa4a85
main,oilseed-soy,POL,exp_soyflour_meal,POL|exp_soyflour_meal,0.30501420831881104,1,553.2736,2008-2012,2018-2022,5c02bd2ec03d831793091f9227bf7d35860f183d89ef70c9c37bb36ae606b4c9,9704b972d3c33904afcb818f87ccd461d988fd30910e9788031d4176df032cd0,3f504e0bc00e47e2d3674e97ef03bed09c060383c94ac723bd7c7c9e56fa4a85
main,oilseed-soy,QAT,exp_soyoil_noncrude,QAT|exp_soyoil_noncrude,0.009453257902412377,0,0.0,2008-2012,2018-2022,5c02bd2ec03d831793091f9227bf7d35860f183d89ef70c9c37bb36ae606b4c9,9704b972d3c33904afcb818f87ccd461d988fd30910e9788031d4176df032cd0,3f504e0bc00e47e2d3674e97ef03bed09c060383c94ac723bd7c7c9e56fa4a85
main,oilseed-soy,SVK,exp_soyflour_meal,SVK|exp_soyflour_meal,0.198082285808394,1,494.5596000000001,2008-2012,2018-2022,5c02bd2ec03d831793091f9227bf7d35860f183d89ef70c9c37bb36ae606b4c9,9704b972d3c33904afcb818f87ccd461d988fd30910e9788031d4176df032cd0,3f504e0bc00e47e2d3674e97ef03bed09c060383c94ac723bd7c7c9e56fa4a85
main,oilseed-soy,SVK,exp_soyoil_crude,SVK|exp_soyoil_crude,0.19202627845907258,1,25352.440200000005,2008-2012,2018-2022,5c02bd2ec03d831793091f9227bf7d35860f183d89ef70c9c37bb36ae606b4c9,9704b972d3c33904afcb818f87ccd461d988fd30910e9788031d4176df032cd0,3f504e0bc00e47e2d3674e97ef03bed09c060383c94ac723bd7c7c9e56fa4a85
main,oilseed-soy,SWZ,exp_soyoil_noncrude,SWZ|exp_soyoil_noncrude,0.14809199753947389,0,0.0,2008-2012,2018-2022,5c02bd2ec03d831793091f9227bf7d35860f183d89ef70c9c37bb36ae606b4c9,9704b972d3c33904afcb818f87ccd461d988fd30910e9788031d4176df032cd0,3f504e0bc00e47e2d3674e97ef03bed09c060383c94ac723bd7c7c9e56fa4a85
main,oilseed-soy,SYC,exp_soyoil_noncrude,SYC|exp_soyoil_noncrude,0.04861422199492357,0,0.0,2008-2012,2018-2022,5c02bd2ec03d831793091f9227bf7d35860f183d89ef70c9c37bb36ae606b4c9,9704b972d3c33904afcb818f87ccd461d988fd30910e9788031d4176df032cd0,3f504e0bc00e47e2d3674e97ef03bed09c060383c94ac723bd7c7c9e56fa4a85
main,oilseed-soy,TGO,exp_soyoil_crude,TGO|exp_soyoil_crude,0.07179618394072348,1,611.3532,2008-2012,2018-2022,5c02bd2ec03d831793091f9227bf7d35860f183d89ef70c9c37bb36ae606b4c9,9704b972d3c33904afcb818f87ccd461d988fd30910e9788031d4176df032cd0,3f504e0bc00e47e2d3674e97ef03bed09c060383c94ac723bd7c7c9e56fa4a85
main,oilseed-soy,TGO,exp_soyoil_noncrude,TGO|exp_soyoil_noncrude,0.09794021995876662,0,0.0,2008-2012,2018-2022,5c02bd2ec03d831793091f9227bf7d35860f183d89ef70c9c37bb36ae606b4c9,9704b972d3c33904afcb818f87ccd461d988fd30910e9788031d4176df032cd0,3f504e0bc00e47e2d3674e97ef03bed09c060383c94ac723bd7c7c9e56fa4a85
main,oilseed-soy,TUN,exp_soyflour_meal,TUN|exp_soyflour_meal,0.1603978425127085,1,155.6992,2008-2012,2018-2022,5c02bd2ec03d831793091f9227bf7d35860f183d89ef70c9c37bb36ae606b4c9,9704b972d3c33904afcb818f87ccd461d988fd30910e9788031d4176df032cd0,3f504e0bc00e47e2d3674e97ef03bed09c060383c94ac723bd7c7c9e56fa4a85
main,oilseed-soy,TUR,exp_soyflour_meal,TUR|exp_soyflour_meal,0.2913602885574474,1,292.176,2008-2012,2018-2022,5c02bd2ec03d831793091f9227bf7d35860f183d89ef70c9c37bb36ae606b4c9,9704b972d3c33904afcb818f87ccd461d988fd30910e9788031d4176df032cd0,3f504e0bc00e47e2d3674e97ef03bed09c060383c94ac723bd7c7c9e56fa4a85
main,oilseed-soy,TZA,exp_soymeal,TZA|exp_soymeal,0.11175410104595468,1,120.07840000000002,2008-2012,2018-2022,5c02bd2ec03d831793091f9227bf7d35860f183d89ef70c9c37bb36ae606b4c9,9704b972d3c33904afcb818f87ccd461d988fd30910e9788031d4176df032cd0,3f504e0bc00e47e2d3674e97ef03bed09c060383c94ac723bd7c7c9e56fa4a85
main,oilseed-soy,TZA,exp_soyoil_noncrude,TZA|exp_soyoil_noncrude,0.16071117251559947,1,194.1212,2008-2012,2018-2022,5c02bd2ec03d831793091f9227bf7d35860f183d89ef70c9c37bb36ae606b4c9,9704b972d3c33904afcb818f87ccd461d988fd30910e9788031d4176df032cd0,3f504e0bc00e47e2d3674e97ef03bed09c060383c94ac723bd7c7c9e56fa4a85
main,oilseed-soy,UKR,exp_soyflour_meal,UKR|exp_soyflour_meal,0.17658334833020115,0,0.0,2008-2012,2018-2022,5c02bd2ec03d831793091f9227bf7d35860f183d89ef70c9c37bb36ae606b4c9,9704b972d3c33904afcb818f87ccd461d988fd30910e9788031d4176df032cd0,3f504e0bc00e47e2d3674e97ef03bed09c060383c94ac723bd7c7c9e56fa4a85
main,oilseed-soy,URY,exp_soyflour_meal,URY|exp_soyflour_meal,0.10342292027663615,1,177.5574,2008-2012,2018-2022,5c02bd2ec03d831793091f9227bf7d35860f183d89ef70c9c37bb36ae606b4c9,9704b972d3c33904afcb818f87ccd461d988fd30910e9788031d4176df032cd0,3f504e0bc00e47e2d3674e97ef03bed09c060383c94ac723bd7c7c9e56fa4a85
main,oilseed-soy,ZMB,exp_soyoil_crude,ZMB|exp_soyoil_crude,0.05096883869034525,1,173.6908,2008-2012,2018-2022,5c02bd2ec03d831793091f9227bf7d35860f183d89ef70c9c37bb36ae606b4c9,9704b972d3c33904afcb818f87ccd461d988fd30910e9788031d4176df032cd0,3f504e0bc00e47e2d3674e97ef03bed09c060383c94ac723bd7c7c9e56fa4a85
main,oilseed-soy,ZWE,exp_soyoil_crude,ZWE|exp_soyoil_crude,0.07440947637342755,0,0.0,2008-2012,2018-2022,5c02bd2ec03d831793091f9227bf7d35860f183d89ef70c9c37bb36ae606b4c9,9704b972d3c33904afcb818f87ccd461d988fd30910e9788031d4176df032cd0,3f504e0bc00e47e2d3674e97ef03bed09c060383c94ac723bd7c7c9e56fa4a85
main,oilseed-soy,ZWE,exp_soyoil_noncrude,ZWE|exp_soyoil_noncrude,0.0919460373565672,0,0.0,2008-2012,2018-2022,5c02bd2ec03d831793091f9227bf7d35860f183d89ef70c9c37bb36ae606b4c9,9704b972d3c33904afcb818f87ccd461d988fd30910e9788031d4176df032cd0,3f504e0bc00e47e2d3674e97ef03bed09c060383c94ac723bd7c7c9e56fa4a85
