chain_id,code,decision,stage,candidate_source,matched_focal_lexicon,focal_regex,description,rationale_category,rationale,legacy_stage,previous_stage,adjudication_method,human_review_status
sheep,010410,include,exp_live,observable_regex,True,\b(?:sheep|lambs?|wool)\b,Sheep: live,observable_attribution_and_stage_fit,"The official HS92 description identifies live sheep and no other species, which is inside the canonical stage definition. No unobserved product form, feedstock, species, or end use is inferred from the commodity name alone.",exp_live,,frozen observable-attribution decision specification,not_performed
sheep,010420,exclude,,legacy_only,False,\b(?:sheep|lambs?|wool)\b,Goats: live,legacy_description_lacks_focal_term,"The historical proposal is retained for provenance, but the official HS92 description does not match the frozen focal lexicon. Observable attribution therefore forbids inclusion.",exp_live,,frozen observable-attribution decision specification,not_performed
sheep,020410,include,exp_meat,observable_regex,True,\b(?:sheep|lambs?|wool)\b,"Meat: of sheep, lamb carcasses and half-carcasses, fresh or chilled",observable_attribution_and_stage_fit,"The official HS92 description identifies meat of sheep or lamb, which is inside the canonical stage definition. No unobserved product form, feedstock, species, or end use is inferred from the commodity name alone.",exp_meat,,frozen observable-attribution decision specification,not_performed
sheep,020421,include,exp_meat,observable_regex,True,\b(?:sheep|lambs?|wool)\b,"Meat: of sheep, carcasses and half-carcasses (excluding carcasses and half-carcasses of lamb), fresh or chilled",observable_attribution_and_stage_fit,"The official HS92 description identifies meat of sheep or lamb, which is inside the canonical stage definition. No unobserved product form, feedstock, species, or end use is inferred from the commodity name alone.",exp_meat,,frozen observable-attribution decision specification,not_performed
sheep,020422,include,exp_meat,observable_regex,True,\b(?:sheep|lambs?|wool)\b,"Meat: of sheep (including lamb), cuts with bone in (excluding carcasses and half-carcasses), fresh or chilled",observable_attribution_and_stage_fit,"The official HS92 description identifies meat of sheep or lamb, which is inside the canonical stage definition. No unobserved product form, feedstock, species, or end use is inferred from the commodity name alone.",exp_meat,,frozen observable-attribution decision specification,not_performed
sheep,020423,include,exp_meat,observable_regex,True,\b(?:sheep|lambs?|wool)\b,"Meat: of sheep (including lamb), boneless cuts, fresh or chilled",observable_attribution_and_stage_fit,"The official HS92 description identifies meat of sheep or lamb, which is inside the canonical stage definition. No unobserved product form, feedstock, species, or end use is inferred from the commodity name alone.",exp_meat,,frozen observable-attribution decision specification,not_performed
sheep,020430,include,exp_meat,observable_regex,True,\b(?:sheep|lambs?|wool)\b,"Meat: of sheep, lamb carcasses and half-carcasses, frozen",observable_attribution_and_stage_fit,"The official HS92 description identifies meat of sheep or lamb, which is inside the canonical stage definition. No unobserved product form, feedstock, species, or end use is inferred from the commodity name alone.",exp_meat,,frozen observable-attribution decision specification,not_performed
sheep,020441,include,exp_meat,observable_regex,True,\b(?:sheep|lambs?|wool)\b,"Meat: of sheep, carcasses and half-carcasses (excluding carcasses and half-carcasses of lamb), frozen",observable_attribution_and_stage_fit,"The official HS92 description identifies meat of sheep or lamb, which is inside the canonical stage definition. No unobserved product form, feedstock, species, or end use is inferred from the commodity name alone.",exp_meat,,frozen observable-attribution decision specification,not_performed
sheep,020442,include,exp_meat,observable_regex,True,\b(?:sheep|lambs?|wool)\b,"Meat: of sheep (including lamb), cuts with bone in (excluding carcasses and half-carcasses), frozen",observable_attribution_and_stage_fit,"The official HS92 description identifies meat of sheep or lamb, which is inside the canonical stage definition. No unobserved product form, feedstock, species, or end use is inferred from the commodity name alone.",exp_meat,,frozen observable-attribution decision specification,not_performed
sheep,020443,include,exp_meat,observable_regex,True,\b(?:sheep|lambs?|wool)\b,"Meat: of sheep (including lamb), boneless cuts, frozen",observable_attribution_and_stage_fit,"The official HS92 description identifies meat of sheep or lamb, which is inside the canonical stage definition. No unobserved product form, feedstock, species, or end use is inferred from the commodity name alone.",exp_meat,,frozen observable-attribution decision specification,not_performed
sheep,020450,exclude,,legacy_only,False,\b(?:sheep|lambs?|wool)\b,"Meat: of goats, fresh, chilled or frozen",legacy_description_lacks_focal_term,"The historical proposal is retained for provenance, but the official HS92 description does not match the frozen focal lexicon. Observable attribution therefore forbids inclusion.",exp_meat,,frozen observable-attribution decision specification,not_performed
sheep,020680,exclude,,observable_regex,True,\b(?:sheep|lambs?|wool)\b,"Offal, edible: of sheep, goats, horses, asses, mules or hinnies, fresh or chilled",focal_expression_not_isolated,"Although the frozen focal expression occurs in the official HS92 description, the wording is negative, generic, multi-commodity, mixed-species, or otherwise does not isolate the focal commodity or material for attribution.",exp_offal,,frozen observable-attribution decision specification,not_performed
sheep,020690,exclude,,observable_regex,True,\b(?:sheep|lambs?|wool)\b,"Offal, edible: of sheep, goats, horses, asses, mules or hinnies, frozen",focal_expression_not_isolated,"Although the frozen focal expression occurs in the official HS92 description, the wording is negative, generic, multi-commodity, mixed-species, or otherwise does not isolate the focal commodity or material for attribution.",exp_offal,,frozen observable-attribution decision specification,not_performed
sheep,021090,exclude,,legacy_only,False,\b(?:sheep|lambs?|wool)\b,"Meat and edible meat offal, preserved: salted, in brine, dried or smoked, and edible flours and meals of meat or meat offal, n.e.s. in heading no. 0210",legacy_description_lacks_focal_term,"The historical proposal is retained for provenance, but the official HS92 description does not match the frozen focal lexicon. Observable attribution therefore forbids inclusion.",exp_prepared,,frozen observable-attribution decision specification,not_performed
sheep,050400,exclude,,legacy_only,False,\b(?:sheep|lambs?|wool)\b,"Animal products: guts, bladders and stomachs of animals (other than fish), whole and pieces thereof",legacy_description_lacks_focal_term,"The historical proposal is retained for provenance, but the official HS92 description does not match the frozen focal lexicon. Observable attribution therefore forbids inclusion.",exp_casings,,frozen observable-attribution decision specification,not_performed
sheep,150200,exclude,,observable_regex,True,\b(?:sheep|lambs?|wool)\b,"Fats of bovine animals, sheep or goats: raw or rendered, whether or not pressed or solvent-extracted",focal_expression_not_isolated,"Although the frozen focal expression occurs in the official HS92 description, the wording is negative, generic, multi-commodity, mixed-species, or otherwise does not isolate the focal commodity or material for attribution.",,,frozen observable-attribution decision specification,not_performed
sheep,150510,out_of_stage,,observable_regex,True,\b(?:sheep|lambs?|wool)\b,"Animal fats and oils: wool grease, crude",explicit_focal_product_outside_frozen_stage,"The official HS92 description explicitly names the focal commodity or material, but its described product form is outside every frozen stage in this chain.",,,frozen observable-attribution decision specification,not_performed
sheep,150590,include,exp_woolgrease,observable_regex,True,\b(?:sheep|lambs?|wool)\b,Animal fats and oils: wool grease (other than crude) and fatty substances derived therefrom (including lanolin),observable_attribution_and_stage_fit,"The official HS92 description identifies non-crude wool grease or fatty substances derived from it, which is inside the canonical stage definition. No unobserved product form, feedstock, species, or end use is inferred from the commodity name alone.",exp_woolgrease,exp_fats,frozen observable-attribution decision specification,not_performed
sheep,151800,exclude,,legacy_only,False,\b(?:sheep|lambs?|wool)\b,"Animal or vegetable fats and oils and their fractions: oxidised, boiled or otherwise chemically modified, (excluding those of heading no. 1516), inedible mixtures or preparations of fats or oils",legacy_description_lacks_focal_term,"The historical proposal is retained for provenance, but the official HS92 description does not match the frozen focal lexicon. Observable attribution therefore forbids inclusion.",exp_fats,,frozen observable-attribution decision specification,not_performed
sheep,160100,exclude,,legacy_only,False,\b(?:sheep|lambs?|wool)\b,"Meat preparations: sausages and similar products, of meat, meat offal or blood, and food preparations based on these products",legacy_description_lacks_focal_term,"The historical proposal is retained for provenance, but the official HS92 description does not match the frozen focal lexicon. Observable attribution therefore forbids inclusion.",exp_prepared,,frozen observable-attribution decision specification,not_performed
sheep,160290,exclude,,legacy_only,False,\b(?:sheep|lambs?|wool)\b,"Meat preparations: of meat, meat offal or the blood of any animal, n.e.s. in heading no. 1602",legacy_description_lacks_focal_term,"The historical proposal is retained for provenance, but the official HS92 description does not match the frozen focal lexicon. Observable attribution therefore forbids inclusion.",exp_prepared,,frozen observable-attribution decision specification,not_performed
sheep,230110,exclude,,legacy_only,False,\b(?:sheep|lambs?|wool)\b,"Flours, meals and pellets: of meat or meat offal, greaves",legacy_description_lacks_focal_term,"The historical proposal is retained for provenance, but the official HS92 description does not match the frozen focal lexicon. Observable attribution therefore forbids inclusion.",exp_meal,,frozen observable-attribution decision specification,not_performed
sheep,230910,exclude,,legacy_only,False,\b(?:sheep|lambs?|wool)\b,"Dog or cat food: put up for retail sale, used in animal feeding",legacy_description_lacks_focal_term,"The historical proposal is retained for provenance, but the official HS92 description does not match the frozen focal lexicon. Observable attribution therefore forbids inclusion.",exp_petfood,,frozen observable-attribution decision specification,not_performed
sheep,230990,exclude,,legacy_only,False,\b(?:sheep|lambs?|wool)\b,"Dog or cat food: (not put up for retail sale), used in animal feeding",legacy_description_lacks_focal_term,"The historical proposal is retained for provenance, but the official HS92 description does not match the frozen focal lexicon. Observable attribution therefore forbids inclusion.",exp_petfood,,frozen observable-attribution decision specification,not_performed
sheep,410210,include,exp_rawskin,observable_regex,True,\b(?:sheep|lambs?|wool)\b,"Skins: raw, of sheep or lambs, fresh, or salted, dried, limed, pickled or otherwise preserved, (but not tanned, parchment-dressed or further prepared), with wool on",observable_attribution_and_stage_fit,"The official HS92 description identifies raw sheep or lamb skins, which is inside the canonical stage definition. No unobserved product form, feedstock, species, or end use is inferred from the commodity name alone.",exp_rawskin,,frozen observable-attribution decision specification,not_performed
sheep,410221,include,exp_rawskin,observable_regex,True,\b(?:sheep|lambs?|wool)\b,"Skins: raw, of sheep or lambs, pickled (but not tanned, parchment-dressed or further preserved), without wool on",observable_attribution_and_stage_fit,"The official HS92 description identifies raw sheep or lamb skins, which is inside the canonical stage definition. No unobserved product form, feedstock, species, or end use is inferred from the commodity name alone.",,,frozen observable-attribution decision specification,not_performed
sheep,410229,include,exp_rawskin,observable_regex,True,\b(?:sheep|lambs?|wool)\b,"Skins: raw, of sheep or lambs, fresh or salted, dried, limed or otherwise preserved other than by pickling, (but not tanned, parchment-dressed or further preserved), without wool on",observable_attribution_and_stage_fit,"The official HS92 description identifies raw sheep or lamb skins, which is inside the canonical stage definition. No unobserved product form, feedstock, species, or end use is inferred from the commodity name alone.",exp_rawskin,,frozen observable-attribution decision specification,not_performed
sheep,410511,out_of_stage,,observable_regex,True,\b(?:sheep|lambs?|wool)\b,"Leather: of sheep or lamb, without wool on, tanned or retanned (but not further prepared), vegetable pre-tanned, whether or not split, excluding leather of heading no. 4108 and 4109",explicit_focal_product_outside_frozen_stage,"The official HS92 description explicitly names the focal commodity or material, but its described product form is outside every frozen stage in this chain.",,,frozen observable-attribution decision specification,not_performed
sheep,410512,out_of_stage,,observable_regex,True,\b(?:sheep|lambs?|wool)\b,"Leather: of sheep or lamb, without wool on, tanned or retanned (but not further prepared), pre-tanned (not vegetable pre-tanned), whether or not split, excluding leather of heading no. 4108 and 4109",explicit_focal_product_outside_frozen_stage,"The official HS92 description explicitly names the focal commodity or material, but its described product form is outside every frozen stage in this chain.",,,frozen observable-attribution decision specification,not_performed
sheep,410519,out_of_stage,,observable_regex,True,\b(?:sheep|lambs?|wool)\b,"Leather: of sheep or lamb, without wool on, tanned or retanned (but not further prepared), whether or not split, n.e.s. in heading no. 4105 (not pre-tanned), excluding leather of heading no. 4108 and 4109",explicit_focal_product_outside_frozen_stage,"The official HS92 description explicitly names the focal commodity or material, but its described product form is outside every frozen stage in this chain.",,,frozen observable-attribution decision specification,not_performed
sheep,410520,out_of_stage,,observable_regex,True,\b(?:sheep|lambs?|wool)\b,"Leather: of sheep or lamb, without wool on, parchment-dressed or prepared after tanning, excluding leather of heading no. 4108 and 4109",explicit_focal_product_outside_frozen_stage,"The official HS92 description explicitly names the focal commodity or material, but its described product form is outside every frozen stage in this chain.",,,frozen observable-attribution decision specification,not_performed
sheep,430130,include,exp_rawskin,observable_regex,True,\b(?:sheep|lambs?|wool)\b,"Furskins: raw, of Astrakhan, Broadtail, Caracul, Persian and similar lamb, Indian, Chinese, Mongolian or Tibetan lamb, whole, with or without head, tail or paws",observable_attribution_and_stage_fit,"The official HS92 description identifies raw sheep or lamb skins, which is inside the canonical stage definition. No unobserved product form, feedstock, species, or end use is inferred from the commodity name alone.",,,frozen observable-attribution decision specification,not_performed
sheep,430213,out_of_stage,,observable_regex,True,\b(?:sheep|lambs?|wool)\b,"Furskins: tanned or dressed, Astrakhan, Broadtail, Caracul, Persian and similar lamb, Indian, Chinese, Mongolian or Tibetan lamb, whole, with or without head, tail or paws, not assembled",explicit_focal_product_outside_frozen_stage,"The official HS92 description explicitly names the focal commodity or material, but its described product form is outside every frozen stage in this chain.",,,frozen observable-attribution decision specification,not_performed
sheep,430219,exclude,,legacy_only,False,\b(?:sheep|lambs?|wool)\b,"Furskins: tanned or dressed, whole, with or without head, tail or paws, not assembled, n.e.s. in heading no. 4302, excluding goods or heading no. 4303",legacy_description_lacks_focal_term,"The historical proposal is retained for provenance, but the official HS92 description does not match the frozen focal lexicon. Observable attribution therefore forbids inclusion.",exp_furleather,,frozen observable-attribution decision specification,not_performed
sheep,440500,exclude,,observable_regex,True,\b(?:sheep|lambs?|wool)\b,Wood: wood wool and wood flour,focal_expression_not_isolated,"Although the frozen focal expression occurs in the official HS92 description, the wording is negative, generic, multi-commodity, mixed-species, or otherwise does not isolate the focal commodity or material for attribution.",,,frozen observable-attribution decision specification,not_performed
sheep,510111,include,exp_woolraw,observable_regex,True,\b(?:sheep|lambs?|wool)\b,"Wool: (not carded or combed), greasy (including fleece-washed wool), shorn",observable_attribution_and_stage_fit,"The official HS92 description identifies wool explicitly described as not carded or combed, which is inside the canonical stage definition. No unobserved product form, feedstock, species, or end use is inferred from the commodity name alone.",exp_woolraw,,frozen observable-attribution decision specification,not_performed
sheep,510119,include,exp_woolraw,observable_regex,True,\b(?:sheep|lambs?|wool)\b,"Wool: (other than shorn), greasy (including fleece-washed wool), not carded or combed",observable_attribution_and_stage_fit,"The official HS92 description identifies wool explicitly described as not carded or combed, which is inside the canonical stage definition. No unobserved product form, feedstock, species, or end use is inferred from the commodity name alone.",exp_woolraw,,frozen observable-attribution decision specification,not_performed
sheep,510121,include,exp_woolraw,observable_regex,True,\b(?:sheep|lambs?|wool)\b,"Wool: (not carded or combed), degreased, (not carbonised), shorn",observable_attribution_and_stage_fit,"The official HS92 description identifies wool explicitly described as not carded or combed, which is inside the canonical stage definition. No unobserved product form, feedstock, species, or end use is inferred from the commodity name alone.",exp_woolraw,,frozen observable-attribution decision specification,not_performed
sheep,510129,include,exp_woolraw,observable_regex,True,\b(?:sheep|lambs?|wool)\b,"Wool: (not carded or combed), degreased, (not carbonised), (other than shorn)",observable_attribution_and_stage_fit,"The official HS92 description identifies wool explicitly described as not carded or combed, which is inside the canonical stage definition. No unobserved product form, feedstock, species, or end use is inferred from the commodity name alone.",exp_woolraw,,frozen observable-attribution decision specification,not_performed
sheep,510130,include,exp_woolraw,observable_regex,True,\b(?:sheep|lambs?|wool)\b,"Wool: (not carded or combed), carbonised",observable_attribution_and_stage_fit,"The official HS92 description identifies wool explicitly described as not carded or combed, which is inside the canonical stage definition. No unobserved product form, feedstock, species, or end use is inferred from the commodity name alone.",exp_woolraw,,frozen observable-attribution decision specification,not_performed
sheep,510210,exclude,,legacy_only,False,\b(?:sheep|lambs?|wool)\b,"Hair: fine animal hair, not carded or combed",legacy_description_lacks_focal_term,"The historical proposal is retained for provenance, but the official HS92 description does not match the frozen focal lexicon. Observable attribution therefore forbids inclusion.",exp_woolraw,,frozen observable-attribution decision specification,not_performed
sheep,510310,exclude,,observable_regex,True,\b(?:sheep|lambs?|wool)\b,"Wool and hair: noils of wool or of fine animal hair, including yarn waste, but excluding garnetted stock",focal_expression_not_isolated,"Although the frozen focal expression occurs in the official HS92 description, the wording is negative, generic, multi-commodity, mixed-species, or otherwise does not isolate the focal commodity or material for attribution.",exp_woolraw,,frozen observable-attribution decision specification,not_performed
sheep,510320,exclude,,observable_regex,True,\b(?:sheep|lambs?|wool)\b,"Wool and hair: waste of wool or of fine animal hair, including yarn waste, but excluding garnetted stock and noils of wool or of fine animal hair",focal_expression_not_isolated,"Although the frozen focal expression occurs in the official HS92 description, the wording is negative, generic, multi-commodity, mixed-species, or otherwise does not isolate the focal commodity or material for attribution.",exp_woolraw,,frozen observable-attribution decision specification,not_performed
sheep,510330,exclude,,observable_regex,True,\b(?:sheep|lambs?|wool)\b,"Wool and hair: waste of coarse animal hair, including yarn waste, but excluding garnetted stock",focal_expression_not_isolated,"Although the frozen focal expression occurs in the official HS92 description, the wording is negative, generic, multi-commodity, mixed-species, or otherwise does not isolate the focal commodity or material for attribution.",,,frozen observable-attribution decision specification,not_performed
sheep,510400,exclude,,observable_regex,True,\b(?:sheep|lambs?|wool)\b,Wool and hair: garnetted stock of wool or of fine or coarse animal hair,focal_expression_not_isolated,"Although the frozen focal expression occurs in the official HS92 description, the wording is negative, generic, multi-commodity, mixed-species, or otherwise does not isolate the focal commodity or material for attribution.",,,frozen observable-attribution decision specification,not_performed
sheep,510510,out_of_stage,,observable_regex,True,\b(?:sheep|lambs?|wool)\b,Wool: carded,explicit_focal_product_outside_frozen_stage,"The official HS92 description explicitly names the focal commodity or material, but its described product form is outside every frozen stage in this chain.",,,frozen observable-attribution decision specification,not_performed
sheep,510521,include,exp_wooltop,observable_regex,True,\b(?:sheep|lambs?|wool)\b,"Wool: wool tops and other combed wool, in fragments",observable_attribution_and_stage_fit,"The official HS92 description identifies wool tops or other combed wool, not yarn, which is inside the canonical stage definition. No unobserved product form, feedstock, species, or end use is inferred from the commodity name alone.",exp_wooltop,exp_woolyarn,frozen observable-attribution decision specification,not_performed
sheep,510529,include,exp_wooltop,observable_regex,True,\b(?:sheep|lambs?|wool)\b,"Wool: wool tops and other combed wool, other than in fragments",observable_attribution_and_stage_fit,"The official HS92 description identifies wool tops or other combed wool, not yarn, which is inside the canonical stage definition. No unobserved product form, feedstock, species, or end use is inferred from the commodity name alone.",exp_wooltop,exp_woolyarn,frozen observable-attribution decision specification,not_performed
sheep,510610,include,exp_woolyarn,observable_regex,True,\b(?:sheep|lambs?|wool)\b,"Yarn: of carded wool, containing 85% or more by weight of wool, not put up for retail sale",observable_attribution_and_stage_fit,"The official HS92 description identifies yarn explicitly of carded or combed wool, which is inside the canonical stage definition. No unobserved product form, feedstock, species, or end use is inferred from the commodity name alone.",,,frozen observable-attribution decision specification,not_performed
sheep,510620,include,exp_woolyarn,observable_regex,True,\b(?:sheep|lambs?|wool)\b,"Yarn: of carded wool, containing less than 85% by weight of wool, not put up for retail sale",observable_attribution_and_stage_fit,"The official HS92 description identifies yarn explicitly of carded or combed wool, which is inside the canonical stage definition. No unobserved product form, feedstock, species, or end use is inferred from the commodity name alone.",exp_woolyarn,,frozen observable-attribution decision specification,not_performed
sheep,510710,include,exp_woolyarn,observable_regex,True,\b(?:sheep|lambs?|wool)\b,"Yarn: of combed wool, containing 85% or more by weight of wool, not put up for retail sale",observable_attribution_and_stage_fit,"The official HS92 description identifies yarn explicitly of carded or combed wool, which is inside the canonical stage definition. No unobserved product form, feedstock, species, or end use is inferred from the commodity name alone.",exp_woolyarn,,frozen observable-attribution decision specification,not_performed
sheep,510720,include,exp_woolyarn,observable_regex,True,\b(?:sheep|lambs?|wool)\b,"Yarn: of combed wool, containing less than 85% by weight of wool, not put up for retail sale",observable_attribution_and_stage_fit,"The official HS92 description identifies yarn explicitly of carded or combed wool, which is inside the canonical stage definition. No unobserved product form, feedstock, species, or end use is inferred from the commodity name alone.",exp_woolyarn,,frozen observable-attribution decision specification,not_performed
sheep,510910,exclude,,observable_regex,True,\b(?:sheep|lambs?|wool)\b,"Yarn: of wool or of fine animal hair, containing 85% or more by weight of wool or fine animal hair, put up for retail sale",focal_expression_not_isolated,"Although the frozen focal expression occurs in the official HS92 description, the wording is negative, generic, multi-commodity, mixed-species, or otherwise does not isolate the focal commodity or material for attribution.",exp_woolyarn,,frozen observable-attribution decision specification,not_performed
sheep,510990,exclude,,observable_regex,True,\b(?:sheep|lambs?|wool)\b,"Yarn: of wool or of fine animal hair, containing less than 85% by weight of wool or fine animal hair, put up for retail sale",focal_expression_not_isolated,"Although the frozen focal expression occurs in the official HS92 description, the wording is negative, generic, multi-commodity, mixed-species, or otherwise does not isolate the focal commodity or material for attribution.",,,frozen observable-attribution decision specification,not_performed
sheep,511111,exclude,,observable_regex,True,\b(?:sheep|lambs?|wool)\b,"Fabrics, woven: of carded wool or of carded fine animal hair, containing 85% or more by weight of wool or of fine animal hair, of a weight not exceeding 300g/m2",focal_expression_not_isolated,"Although the frozen focal expression occurs in the official HS92 description, the wording is negative, generic, multi-commodity, mixed-species, or otherwise does not isolate the focal commodity or material for attribution.",,,frozen observable-attribution decision specification,not_performed
sheep,511119,exclude,,observable_regex,True,\b(?:sheep|lambs?|wool)\b,"Fabrics, woven: of carded wool or of carded fine animal hair, containing 85% or more by weight of wool or of fine animal hair, of a weight exceeding 300g/m2",focal_expression_not_isolated,"Although the frozen focal expression occurs in the official HS92 description, the wording is negative, generic, multi-commodity, mixed-species, or otherwise does not isolate the focal commodity or material for attribution.",exp_woolfabric,,frozen observable-attribution decision specification,not_performed
sheep,511120,exclude,,observable_regex,True,\b(?:sheep|lambs?|wool)\b,"Fabrics, woven: of carded wool or carded fine animal hair, containing less than 85% by weight of wool or fine animal hair, mixed mainly or solely with man-made filaments",focal_expression_not_isolated,"Although the frozen focal expression occurs in the official HS92 description, the wording is negative, generic, multi-commodity, mixed-species, or otherwise does not isolate the focal commodity or material for attribution.",,,frozen observable-attribution decision specification,not_performed
sheep,511130,exclude,,observable_regex,True,\b(?:sheep|lambs?|wool)\b,"Fabrics, woven: of carded wool or carded fine animal hair, containing less than 85% by weight of wool or fine animal hair, mixed mainly or solely with man-made staple fibres",focal_expression_not_isolated,"Although the frozen focal expression occurs in the official HS92 description, the wording is negative, generic, multi-commodity, mixed-species, or otherwise does not isolate the focal commodity or material for attribution.",,,frozen observable-attribution decision specification,not_performed
sheep,511190,exclude,,observable_regex,True,\b(?:sheep|lambs?|wool)\b,"Fabrics, woven: of carded wool or carded fine animal hair, containing less than 85% by weight of wool or fine animal hair, mixed mainly or solely with fibres n.e.s. in heading no. 5111",focal_expression_not_isolated,"Although the frozen focal expression occurs in the official HS92 description, the wording is negative, generic, multi-commodity, mixed-species, or otherwise does not isolate the focal commodity or material for attribution.",exp_woolfabric,,frozen observable-attribution decision specification,not_performed
sheep,511211,exclude,,observable_regex,True,\b(?:sheep|lambs?|wool)\b,"Fabrics, woven: of combed wool or combed fine animal hair, containing 85% or more by weight of wool or fine animal hair, of a weight not exceeding 200g/m2",focal_expression_not_isolated,"Although the frozen focal expression occurs in the official HS92 description, the wording is negative, generic, multi-commodity, mixed-species, or otherwise does not isolate the focal commodity or material for attribution.",exp_woolfabric,,frozen observable-attribution decision specification,not_performed
sheep,511219,exclude,,observable_regex,True,\b(?:sheep|lambs?|wool)\b,"Fabrics, woven: of combed wool or combed fine animal hair, containing 85% or more by weight of wool or fine animal hair, of a weight exceeding 200g/m2",focal_expression_not_isolated,"Although the frozen focal expression occurs in the official HS92 description, the wording is negative, generic, multi-commodity, mixed-species, or otherwise does not isolate the focal commodity or material for attribution.",exp_woolfabric,,frozen observable-attribution decision specification,not_performed
sheep,511220,exclude,,observable_regex,True,\b(?:sheep|lambs?|wool)\b,"Fabrics, woven: of combed wool or combed fine animal hair, containing less than 85% by weight of wool or fine animal hair, mixed mainly or solely with man-made filaments",focal_expression_not_isolated,"Although the frozen focal expression occurs in the official HS92 description, the wording is negative, generic, multi-commodity, mixed-species, or otherwise does not isolate the focal commodity or material for attribution.",,,frozen observable-attribution decision specification,not_performed
sheep,511230,exclude,,observable_regex,True,\b(?:sheep|lambs?|wool)\b,"Fabrics, woven: of combed wool or combed fine animal hair, containing less than 85% by weight of wool or fine animal hair, mixed mainly or solely with man-made staple fibres",focal_expression_not_isolated,"Although the frozen focal expression occurs in the official HS92 description, the wording is negative, generic, multi-commodity, mixed-species, or otherwise does not isolate the focal commodity or material for attribution.",exp_woolfabric,,frozen observable-attribution decision specification,not_performed
sheep,511290,exclude,,observable_regex,True,\b(?:sheep|lambs?|wool)\b,"Fabrics, woven: of combed wool or combed fine animal hair, containing less than 85% by weight of wool or fine animal hair, mixed mainly or solely with fibres n.e.s. in heading no. 5112",focal_expression_not_isolated,"Although the frozen focal expression occurs in the official HS92 description, the wording is negative, generic, multi-commodity, mixed-species, or otherwise does not isolate the focal commodity or material for attribution.",exp_woolfabric,,frozen observable-attribution decision specification,not_performed
sheep,550952,exclude,,observable_regex,True,\b(?:sheep|lambs?|wool)\b,"Yarn: (not sewing thread), of polyester staple fibres, mixed mainly or solely with wool or fine animal hair, not put up for retail sale",focal_expression_not_isolated,"Although the frozen focal expression occurs in the official HS92 description, the wording is negative, generic, multi-commodity, mixed-species, or otherwise does not isolate the focal commodity or material for attribution.",,,frozen observable-attribution decision specification,not_performed
sheep,550961,exclude,,observable_regex,True,\b(?:sheep|lambs?|wool)\b,"Yarn: (not sewing thread), of acrylic or modacrylic staple fibres, mixed mainly or solely with wool or fine animal hair, not put up for retail sale",focal_expression_not_isolated,"Although the frozen focal expression occurs in the official HS92 description, the wording is negative, generic, multi-commodity, mixed-species, or otherwise does not isolate the focal commodity or material for attribution.",,,frozen observable-attribution decision specification,not_performed
sheep,550991,exclude,,observable_regex,True,\b(?:sheep|lambs?|wool)\b,"Yarn: (not sewing thread), of synthetic staple fibres, mixed mainly or solely with wool or fine animal hair, n.e.s. in heading no. 5509, not put up for retail sale",focal_expression_not_isolated,"Although the frozen focal expression occurs in the official HS92 description, the wording is negative, generic, multi-commodity, mixed-species, or otherwise does not isolate the focal commodity or material for attribution.",,,frozen observable-attribution decision specification,not_performed
sheep,550999,exclude,,observable_regex,True,\b(?:sheep|lambs?|wool)\b,"Yarn: (not sewing thread), of synthetic staple fibres, mixed mainly or solely with fibres (other than wool, fine animal hair or cotton), n.e.s. in heading no. 5509, not put up for retail sale",focal_expression_not_isolated,"Although the frozen focal expression occurs in the official HS92 description, the wording is negative, generic, multi-commodity, mixed-species, or otherwise does not isolate the focal commodity or material for attribution.",,,frozen observable-attribution decision specification,not_performed
sheep,551020,exclude,,observable_regex,True,\b(?:sheep|lambs?|wool)\b,"Yarn: (not sewing thread), of artificial staple fibres, mixed mainly or solely with wool or fine animal hair, not put up for retail sale",focal_expression_not_isolated,"Although the frozen focal expression occurs in the official HS92 description, the wording is negative, generic, multi-commodity, mixed-species, or otherwise does not isolate the focal commodity or material for attribution.",,,frozen observable-attribution decision specification,not_performed
sheep,551090,exclude,,observable_regex,True,\b(?:sheep|lambs?|wool)\b,"Yarn: (not sewing thread), of artificial staple fibres, mixed mainly or solely with fibres (other than wool, fine animal hair or cotton), not put up for retail sale",focal_expression_not_isolated,"Although the frozen focal expression occurs in the official HS92 description, the wording is negative, generic, multi-commodity, mixed-species, or otherwise does not isolate the focal commodity or material for attribution.",,,frozen observable-attribution decision specification,not_performed
sheep,551513,exclude,,observable_regex,True,\b(?:sheep|lambs?|wool)\b,"Fabrics, woven: of polyester staple fibres n.e.s. in chapter 55, mixed mainly or solely with wool or fine animal hair",focal_expression_not_isolated,"Although the frozen focal expression occurs in the official HS92 description, the wording is negative, generic, multi-commodity, mixed-species, or otherwise does not isolate the focal commodity or material for attribution.",,,frozen observable-attribution decision specification,not_performed
sheep,551522,exclude,,observable_regex,True,\b(?:sheep|lambs?|wool)\b,"Fabrics, woven: of acrylic or modacrylic staple fibres n.e.s. in chapter 55, mixed mainly or solely with wool or fine animal hair",focal_expression_not_isolated,"Although the frozen focal expression occurs in the official HS92 description, the wording is negative, generic, multi-commodity, mixed-species, or otherwise does not isolate the focal commodity or material for attribution.",,,frozen observable-attribution decision specification,not_performed
sheep,551592,exclude,,observable_regex,True,\b(?:sheep|lambs?|wool)\b,"Fabrics, woven: of synthetic staple fibres n.e.s. in chapter 55, mixed mainly or solely with wool or fine animal hair",focal_expression_not_isolated,"Although the frozen focal expression occurs in the official HS92 description, the wording is negative, generic, multi-commodity, mixed-species, or otherwise does not isolate the focal commodity or material for attribution.",,,frozen observable-attribution decision specification,not_performed
sheep,551631,exclude,,observable_regex,True,\b(?:sheep|lambs?|wool)\b,"Fabrics, woven: unbleached or bleached, containing less than 85% by weight of artificial staple fibres, mixed mainly or solely with wool or fine animal hair",focal_expression_not_isolated,"Although the frozen focal expression occurs in the official HS92 description, the wording is negative, generic, multi-commodity, mixed-species, or otherwise does not isolate the focal commodity or material for attribution.",,,frozen observable-attribution decision specification,not_performed
sheep,551632,exclude,,observable_regex,True,\b(?:sheep|lambs?|wool)\b,"Fabrics, woven: dyed, containing less than 85% by weight of artificial staple fibres, mixed mainly or solely with wool or fine animal hair",focal_expression_not_isolated,"Although the frozen focal expression occurs in the official HS92 description, the wording is negative, generic, multi-commodity, mixed-species, or otherwise does not isolate the focal commodity or material for attribution.",,,frozen observable-attribution decision specification,not_performed
sheep,551633,exclude,,observable_regex,True,\b(?:sheep|lambs?|wool)\b,"Fabrics, woven: of yarns of different colours, containing less than 85% by weight of artificial staple fibres, mixed mainly or solely with wool or fine animal hair",focal_expression_not_isolated,"Although the frozen focal expression occurs in the official HS92 description, the wording is negative, generic, multi-commodity, mixed-species, or otherwise does not isolate the focal commodity or material for attribution.",,,frozen observable-attribution decision specification,not_performed
sheep,551634,exclude,,observable_regex,True,\b(?:sheep|lambs?|wool)\b,"Fabrics, woven: printed, containing less than 85% by weight of artificial staple fibres, mixed mainly or solely with wool or fine animal hair",focal_expression_not_isolated,"Although the frozen focal expression occurs in the official HS92 description, the wording is negative, generic, multi-commodity, mixed-species, or otherwise does not isolate the focal commodity or material for attribution.",,,frozen observable-attribution decision specification,not_performed
sheep,560221,exclude,,observable_regex,True,\b(?:sheep|lambs?|wool)\b,"Felt: of wool or fine animal hair (excluding needleloom felt or stitch-bonded fibre fabrics), not impregnated, coated, covered nor laminated",focal_expression_not_isolated,"Although the frozen focal expression occurs in the official HS92 description, the wording is negative, generic, multi-commodity, mixed-species, or otherwise does not isolate the focal commodity or material for attribution.",,,frozen observable-attribution decision specification,not_performed
sheep,560229,exclude,,observable_regex,True,\b(?:sheep|lambs?|wool)\b,"Felt: of textile materials other than wool or fine animal hair (excluding needleloom felt and stitch-bonded fibre fabrics), not impregnated, coated, covered or laminated",focal_expression_not_isolated,"Although the frozen focal expression occurs in the official HS92 description, the wording is negative, generic, multi-commodity, mixed-species, or otherwise does not isolate the focal commodity or material for attribution.",,,frozen observable-attribution decision specification,not_performed
sheep,570110,exclude,,observable_regex,True,\b(?:sheep|lambs?|wool)\b,"Carpets and other textile floor coverings: knotted, of wool or fine animal hair, whether or not made up",focal_expression_not_isolated,"Although the frozen focal expression occurs in the official HS92 description, the wording is negative, generic, multi-commodity, mixed-species, or otherwise does not isolate the focal commodity or material for attribution.",exp_woolcarpet,,frozen observable-attribution decision specification,not_performed
sheep,570190,exclude,,observable_regex,True,\b(?:sheep|lambs?|wool)\b,"Carpets and other textile floor coverings: knotted, of textile materials (other than wool or fine animal hair), whether or not made up",focal_expression_not_isolated,"Although the frozen focal expression occurs in the official HS92 description, the wording is negative, generic, multi-commodity, mixed-species, or otherwise does not isolate the focal commodity or material for attribution.",exp_woolcarpet,,frozen observable-attribution decision specification,not_performed
sheep,570231,exclude,,observable_regex,True,\b(?:sheep|lambs?|wool)\b,"Carpets and other textile floor coverings: woven, (not tufted or flocked), of wool or fine animal hair, of pile construction, not made up, n.e.s. in item no. 5702.10 or 5702.20",focal_expression_not_isolated,"Although the frozen focal expression occurs in the official HS92 description, the wording is negative, generic, multi-commodity, mixed-species, or otherwise does not isolate the focal commodity or material for attribution.",,,frozen observable-attribution decision specification,not_performed
sheep,570232,exclude,,legacy_only,False,\b(?:sheep|lambs?|wool)\b,"Carpets and other textile floor coverings: woven, (not tufted or flocked), of man-made textile materials, of pile construction, not made up, n.e.s. in item no. 5702.10 or 5702.20",legacy_description_lacks_focal_term,"The historical proposal is retained for provenance, but the official HS92 description does not match the frozen focal lexicon. Observable attribution therefore forbids inclusion.",exp_woolcarpet,,frozen observable-attribution decision specification,not_performed
sheep,570239,exclude,,observable_regex,True,\b(?:sheep|lambs?|wool)\b,"Carpets and other textile floor coverings: woven, (not tufted or flocked), of textile materials (other than man-made, wool or fine animal hair), of pile construction, not made up, n.e.s. in item no. 5702.10 or 5702.20",focal_expression_not_isolated,"Although the frozen focal expression occurs in the official HS92 description, the wording is negative, generic, multi-commodity, mixed-species, or otherwise does not isolate the focal commodity or material for attribution.",,,frozen observable-attribution decision specification,not_performed
sheep,570241,exclude,,observable_regex,True,\b(?:sheep|lambs?|wool)\b,"Carpets and other textile floor coverings: woven, (not tufted or flocked), of wool or fine animal hair, of pile construction, made up, n.e.s. in item no. 5702.10 or 5702.20",focal_expression_not_isolated,"Although the frozen focal expression occurs in the official HS92 description, the wording is negative, generic, multi-commodity, mixed-species, or otherwise does not isolate the focal commodity or material for attribution.",exp_woolcarpet,,frozen observable-attribution decision specification,not_performed
sheep,570242,exclude,,legacy_only,False,\b(?:sheep|lambs?|wool)\b,"Carpets and other textile floor coverings: woven, (not tufted or flocked), of man-made textile materials, of pile construction, made up, n.e.s. in item no. 5702.10 or 5702.20",legacy_description_lacks_focal_term,"The historical proposal is retained for provenance, but the official HS92 description does not match the frozen focal lexicon. Observable attribution therefore forbids inclusion.",exp_woolcarpet,,frozen observable-attribution decision specification,not_performed
sheep,570249,exclude,,observable_regex,True,\b(?:sheep|lambs?|wool)\b,"Carpets and other textile floor coverings: woven, (not tufted or flocked), of textile materials (other than man-made, wool or fine animal hair), of pile construction, made up, n.e.s. in item no. 5702.10 or 5702.20",focal_expression_not_isolated,"Although the frozen focal expression occurs in the official HS92 description, the wording is negative, generic, multi-commodity, mixed-species, or otherwise does not isolate the focal commodity or material for attribution.",,,frozen observable-attribution decision specification,not_performed
sheep,570251,exclude,,observable_regex,True,\b(?:sheep|lambs?|wool)\b,"Carpets and other textile floor coverings: woven, (not tufted or flocked), of wool or fine animal hair, not of pile construction, not made up, n.e.s. in item no. 5702.10 or 5702.20",focal_expression_not_isolated,"Although the frozen focal expression occurs in the official HS92 description, the wording is negative, generic, multi-commodity, mixed-species, or otherwise does not isolate the focal commodity or material for attribution.",,,frozen observable-attribution decision specification,not_performed
sheep,570259,exclude,,observable_regex,True,\b(?:sheep|lambs?|wool)\b,"Carpets and other textile floor coverings: woven, (not tufted or flocked), of textile materials (other than man-made or wool or fine animal hair), not of pile construction, not made up, n.e.s. in item no. 5702.10 or 5702.20",focal_expression_not_isolated,"Although the frozen focal expression occurs in the official HS92 description, the wording is negative, generic, multi-commodity, mixed-species, or otherwise does not isolate the focal commodity or material for attribution.",exp_woolcarpet,,frozen observable-attribution decision specification,not_performed
sheep,570291,exclude,,observable_regex,True,\b(?:sheep|lambs?|wool)\b,"Carpets and other textile floor coverings: woven, (not tufted or flocked), of wool or fine animal hair, (not of pile construction), made up, n.e.s. in item no. 5702.10 or 5702.20",focal_expression_not_isolated,"Although the frozen focal expression occurs in the official HS92 description, the wording is negative, generic, multi-commodity, mixed-species, or otherwise does not isolate the focal commodity or material for attribution.",,,frozen observable-attribution decision specification,not_performed
sheep,570299,exclude,,observable_regex,True,\b(?:sheep|lambs?|wool)\b,"Carpets and other textile floor coverings: woven, (not tufted or flocked), of textile materials (other than man-made or wool or fine animal hair, not of pile construction), made up, n.e.s. in item no. 5702.10 or 5702.20",focal_expression_not_isolated,"Although the frozen focal expression occurs in the official HS92 description, the wording is negative, generic, multi-commodity, mixed-species, or otherwise does not isolate the focal commodity or material for attribution.",exp_woolcarpet,,frozen observable-attribution decision specification,not_performed
sheep,570310,exclude,,observable_regex,True,\b(?:sheep|lambs?|wool)\b,"Carpets and other textile floor coverings: tufted, of wool or fine animal hair, whether or not made up",focal_expression_not_isolated,"Although the frozen focal expression occurs in the official HS92 description, the wording is negative, generic, multi-commodity, mixed-species, or otherwise does not isolate the focal commodity or material for attribution.",exp_woolcarpet,,frozen observable-attribution decision specification,not_performed
sheep,570320,exclude,,legacy_only,False,\b(?:sheep|lambs?|wool)\b,"Carpets and other textile floor coverings: tufted, of nylon or other polyamides, whether or not made up",legacy_description_lacks_focal_term,"The historical proposal is retained for provenance, but the official HS92 description does not match the frozen focal lexicon. Observable attribution therefore forbids inclusion.",exp_woolcarpet,,frozen observable-attribution decision specification,not_performed
sheep,570330,exclude,,legacy_only,False,\b(?:sheep|lambs?|wool)\b,"Carpets and other textile floor coverings: tufted, of man-made textile materials (other than polyamides), whether or not made up",legacy_description_lacks_focal_term,"The historical proposal is retained for provenance, but the official HS92 description does not match the frozen focal lexicon. Observable attribution therefore forbids inclusion.",exp_woolcarpet,,frozen observable-attribution decision specification,not_performed
sheep,570390,exclude,,observable_regex,True,\b(?:sheep|lambs?|wool)\b,"Carpets and other textile floor coverings: tufted, of textile materials (other than man-made, wool or fine animal hair), whether or not made up",focal_expression_not_isolated,"Although the frozen focal expression occurs in the official HS92 description, the wording is negative, generic, multi-commodity, mixed-species, or otherwise does not isolate the focal commodity or material for attribution.",exp_woolcarpet,,frozen observable-attribution decision specification,not_performed
sheep,580110,exclude,,observable_regex,True,\b(?:sheep|lambs?|wool)\b,"Fabrics: woven pile, of wool or fine animal hair, other than fabrics of heading no. 5802 or 5806",focal_expression_not_isolated,"Although the frozen focal expression occurs in the official HS92 description, the wording is negative, generic, multi-commodity, mixed-species, or otherwise does not isolate the focal commodity or material for attribution.",,,frozen observable-attribution decision specification,not_performed
sheep,600241,exclude,,observable_regex,True,\b(?:sheep|lambs?|wool)\b,"Fabrics: warp knit, (including those made on galloon knitting machines, excluding pile fabrics), of wool or fine animal hair",focal_expression_not_isolated,"Although the frozen focal expression occurs in the official HS92 description, the wording is negative, generic, multi-commodity, mixed-species, or otherwise does not isolate the focal commodity or material for attribution.",,,frozen observable-attribution decision specification,not_performed
sheep,600291,exclude,,observable_regex,True,\b(?:sheep|lambs?|wool)\b,"Fabrics: knitted or crocheted (excluding pile fabrics and warp knit), of wool or fine animal hair",focal_expression_not_isolated,"Although the frozen focal expression occurs in the official HS92 description, the wording is negative, generic, multi-commodity, mixed-species, or otherwise does not isolate the focal commodity or material for attribution.",,,frozen observable-attribution decision specification,not_performed
sheep,610110,exclude,,observable_regex,True,\b(?:sheep|lambs?|wool)\b,"Coats: men's or boys' overcoats, car-coats, capes, anoraks, wind-jackets and similar articles, of wool or fine animal hair, knitted or crocheted (excluding those of heading no. 6103)",focal_expression_not_isolated,"Although the frozen focal expression occurs in the official HS92 description, the wording is negative, generic, multi-commodity, mixed-species, or otherwise does not isolate the focal commodity or material for attribution.",,,frozen observable-attribution decision specification,not_performed
sheep,610210,exclude,,observable_regex,True,\b(?:sheep|lambs?|wool)\b,"Coats: women's or girls' overcoats, car-coats, capes, anoraks, wind-jackets and similar articles, of wool or fine animal hair, knitted or crocheted (excluding those of heading no. 6104)",focal_expression_not_isolated,"Although the frozen focal expression occurs in the official HS92 description, the wording is negative, generic, multi-commodity, mixed-species, or otherwise does not isolate the focal commodity or material for attribution.",,,frozen observable-attribution decision specification,not_performed
sheep,610311,exclude,,observable_regex,True,\b(?:sheep|lambs?|wool)\b,"Suits: men's or boys', of wool or fine animal hair, knitted or crocheted",focal_expression_not_isolated,"Although the frozen focal expression occurs in the official HS92 description, the wording is negative, generic, multi-commodity, mixed-species, or otherwise does not isolate the focal commodity or material for attribution.",,,frozen observable-attribution decision specification,not_performed
sheep,610319,exclude,,observable_regex,True,\b(?:sheep|lambs?|wool)\b,"Suits: men's or boys', of textile materials (other than wool, fine animal hair or synthetic fibres), knitted or crocheted",focal_expression_not_isolated,"Although the frozen focal expression occurs in the official HS92 description, the wording is negative, generic, multi-commodity, mixed-species, or otherwise does not isolate the focal commodity or material for attribution.",,,frozen observable-attribution decision specification,not_performed
sheep,610321,exclude,,observable_regex,True,\b(?:sheep|lambs?|wool)\b,"Ensembles: men's or boys', of wool or fine animal hair, knitted or crocheted",focal_expression_not_isolated,"Although the frozen focal expression occurs in the official HS92 description, the wording is negative, generic, multi-commodity, mixed-species, or otherwise does not isolate the focal commodity or material for attribution.",,,frozen observable-attribution decision specification,not_performed
sheep,610329,exclude,,observable_regex,True,\b(?:sheep|lambs?|wool)\b,"Ensembles: men's or boys', of textile materials (other than wool or fine animal hair, cotton or synthetic fibres), knitted or crocheted",focal_expression_not_isolated,"Although the frozen focal expression occurs in the official HS92 description, the wording is negative, generic, multi-commodity, mixed-species, or otherwise does not isolate the focal commodity or material for attribution.",,,frozen observable-attribution decision specification,not_performed
sheep,610331,exclude,,observable_regex,True,\b(?:sheep|lambs?|wool)\b,"Jackets and blazers: men's or boys', of wool or fine animal hair, knitted or crocheted",focal_expression_not_isolated,"Although the frozen focal expression occurs in the official HS92 description, the wording is negative, generic, multi-commodity, mixed-species, or otherwise does not isolate the focal commodity or material for attribution.",,,frozen observable-attribution decision specification,not_performed
sheep,610339,exclude,,observable_regex,True,\b(?:sheep|lambs?|wool)\b,"Jackets and blazers: men's or boys', of textile materials (other than wool or fine animal hair, cotton or synthetic fibres), knitted or crocheted",focal_expression_not_isolated,"Although the frozen focal expression occurs in the official HS92 description, the wording is negative, generic, multi-commodity, mixed-species, or otherwise does not isolate the focal commodity or material for attribution.",,,frozen observable-attribution decision specification,not_performed
sheep,610341,exclude,,observable_regex,True,\b(?:sheep|lambs?|wool)\b,"Trousers, bib and brace overalls, breeches and shorts: men's or boys', of wool or fine animal hair, knitted or crocheted",focal_expression_not_isolated,"Although the frozen focal expression occurs in the official HS92 description, the wording is negative, generic, multi-commodity, mixed-species, or otherwise does not isolate the focal commodity or material for attribution.",,,frozen observable-attribution decision specification,not_performed
sheep,610349,exclude,,observable_regex,True,\b(?:sheep|lambs?|wool)\b,"Trousers, bib and brace overalls, breeches and shorts: men's or boys', of textile materials (other than wool or fine animal hair, cotton or synthetic fibres), knitted or crocheted",focal_expression_not_isolated,"Although the frozen focal expression occurs in the official HS92 description, the wording is negative, generic, multi-commodity, mixed-species, or otherwise does not isolate the focal commodity or material for attribution.",,,frozen observable-attribution decision specification,not_performed
sheep,610411,exclude,,observable_regex,True,\b(?:sheep|lambs?|wool)\b,"Suits: women's or girls', of wool or fine animal hair, knitted or crocheted",focal_expression_not_isolated,"Although the frozen focal expression occurs in the official HS92 description, the wording is negative, generic, multi-commodity, mixed-species, or otherwise does not isolate the focal commodity or material for attribution.",,,frozen observable-attribution decision specification,not_performed
sheep,610419,exclude,,observable_regex,True,\b(?:sheep|lambs?|wool)\b,"Suits: women's or girls', of textile materials (other than wool or fine animal hair, cotton or synthetic fibres), knitted or crocheted",focal_expression_not_isolated,"Although the frozen focal expression occurs in the official HS92 description, the wording is negative, generic, multi-commodity, mixed-species, or otherwise does not isolate the focal commodity or material for attribution.",,,frozen observable-attribution decision specification,not_performed
sheep,610421,exclude,,observable_regex,True,\b(?:sheep|lambs?|wool)\b,"Ensembles: women's or girls', of wool or fine animal hair, knitted or crocheted",focal_expression_not_isolated,"Although the frozen focal expression occurs in the official HS92 description, the wording is negative, generic, multi-commodity, mixed-species, or otherwise does not isolate the focal commodity or material for attribution.",,,frozen observable-attribution decision specification,not_performed
sheep,610429,exclude,,observable_regex,True,\b(?:sheep|lambs?|wool)\b,"Ensembles: women's or girls', of textile materials (other than wool or fine animal hair, cotton or synthetic fibres), knitted or crocheted",focal_expression_not_isolated,"Although the frozen focal expression occurs in the official HS92 description, the wording is negative, generic, multi-commodity, mixed-species, or otherwise does not isolate the focal commodity or material for attribution.",,,frozen observable-attribution decision specification,not_performed
sheep,610431,exclude,,observable_regex,True,\b(?:sheep|lambs?|wool)\b,"Jackets: women's or girls', of wool or fine animal hair, knitted or crocheted",focal_expression_not_isolated,"Although the frozen focal expression occurs in the official HS92 description, the wording is negative, generic, multi-commodity, mixed-species, or otherwise does not isolate the focal commodity or material for attribution.",,,frozen observable-attribution decision specification,not_performed
sheep,610439,exclude,,observable_regex,True,\b(?:sheep|lambs?|wool)\b,"Jackets: women's or girls', of textile materials (other than wool or fine animal hair, cotton or synthetic fibres), knitted or crocheted",focal_expression_not_isolated,"Although the frozen focal expression occurs in the official HS92 description, the wording is negative, generic, multi-commodity, mixed-species, or otherwise does not isolate the focal commodity or material for attribution.",,,frozen observable-attribution decision specification,not_performed
sheep,610441,exclude,,observable_regex,True,\b(?:sheep|lambs?|wool)\b,"Dresses: women's or girls', of wool or fine animal hair, knitted or crocheted",focal_expression_not_isolated,"Although the frozen focal expression occurs in the official HS92 description, the wording is negative, generic, multi-commodity, mixed-species, or otherwise does not isolate the focal commodity or material for attribution.",,,frozen observable-attribution decision specification,not_performed
sheep,610449,exclude,,observable_regex,True,\b(?:sheep|lambs?|wool)\b,"Dresses: women's or girls', of textile materials (other than wool or fine animal hair, cotton, synthetic or artificial fibres), knitted or crocheted",focal_expression_not_isolated,"Although the frozen focal expression occurs in the official HS92 description, the wording is negative, generic, multi-commodity, mixed-species, or otherwise does not isolate the focal commodity or material for attribution.",,,frozen observable-attribution decision specification,not_performed
sheep,610451,exclude,,observable_regex,True,\b(?:sheep|lambs?|wool)\b,"Skirts and divided skirts: women's or girls', of wool or fine animal hair, knitted or crocheted",focal_expression_not_isolated,"Although the frozen focal expression occurs in the official HS92 description, the wording is negative, generic, multi-commodity, mixed-species, or otherwise does not isolate the focal commodity or material for attribution.",,,frozen observable-attribution decision specification,not_performed
sheep,610459,exclude,,observable_regex,True,\b(?:sheep|lambs?|wool)\b,"Skirts and divided skirts: women's or girls', of textile materials (other than wool or fine animal hair, cotton or synthetic fibres), knitted or crocheted",focal_expression_not_isolated,"Although the frozen focal expression occurs in the official HS92 description, the wording is negative, generic, multi-commodity, mixed-species, or otherwise does not isolate the focal commodity or material for attribution.",,,frozen observable-attribution decision specification,not_performed
sheep,610461,exclude,,observable_regex,True,\b(?:sheep|lambs?|wool)\b,"Trousers, bib and brace overalls, breeches and shorts: women's or girls', of wool or fine animal hair, knitted or crocheted",focal_expression_not_isolated,"Although the frozen focal expression occurs in the official HS92 description, the wording is negative, generic, multi-commodity, mixed-species, or otherwise does not isolate the focal commodity or material for attribution.",,,frozen observable-attribution decision specification,not_performed
sheep,610469,exclude,,observable_regex,True,\b(?:sheep|lambs?|wool)\b,"Trousers, bib and brace overalls, breeches and shorts: women's or girls', of textile materials (other than wool or fine animal hair, cotton or synthetic fibres), knitted or crocheted",focal_expression_not_isolated,"Although the frozen focal expression occurs in the official HS92 description, the wording is negative, generic, multi-commodity, mixed-species, or otherwise does not isolate the focal commodity or material for attribution.",,,frozen observable-attribution decision specification,not_performed
sheep,611010,exclude,,observable_regex,True,\b(?:sheep|lambs?|wool)\b,"Jerseys, pullovers, cardigans, waistcoats and similar articles: of wool or fine animal hair, knitted or crocheted",focal_expression_not_isolated,"Although the frozen focal expression occurs in the official HS92 description, the wording is negative, generic, multi-commodity, mixed-species, or otherwise does not isolate the focal commodity or material for attribution.",,,frozen observable-attribution decision specification,not_performed
sheep,611090,exclude,,observable_regex,True,\b(?:sheep|lambs?|wool)\b,"Jerseys, pullovers, cardigans, waistcoats and similar articles: of textile materials (other than wool or fine animal hair, cotton or man-made fibres), knitted or crocheted",focal_expression_not_isolated,"Although the frozen focal expression occurs in the official HS92 description, the wording is negative, generic, multi-commodity, mixed-species, or otherwise does not isolate the focal commodity or material for attribution.",,,frozen observable-attribution decision specification,not_performed
sheep,611110,exclude,,observable_regex,True,\b(?:sheep|lambs?|wool)\b,"Garments and clothing accessories: babies', of wool or fine animal hair, knitted or crocheted",focal_expression_not_isolated,"Although the frozen focal expression occurs in the official HS92 description, the wording is negative, generic, multi-commodity, mixed-species, or otherwise does not isolate the focal commodity or material for attribution.",,,frozen observable-attribution decision specification,not_performed
sheep,611190,exclude,,observable_regex,True,\b(?:sheep|lambs?|wool)\b,"Garments and clothing accessories: babies', of textile materials (other than wool or fine animal hair, cotton or synthetic fibres), knitted or crocheted",focal_expression_not_isolated,"Although the frozen focal expression occurs in the official HS92 description, the wording is negative, generic, multi-commodity, mixed-species, or otherwise does not isolate the focal commodity or material for attribution.",,,frozen observable-attribution decision specification,not_performed
sheep,611410,exclude,,observable_regex,True,\b(?:sheep|lambs?|wool)\b,"Garments: of wool or fine animal hair, knitted or crocheted, n.e.s. in chapter 61",focal_expression_not_isolated,"Although the frozen focal expression occurs in the official HS92 description, the wording is negative, generic, multi-commodity, mixed-species, or otherwise does not isolate the focal commodity or material for attribution.",,,frozen observable-attribution decision specification,not_performed
sheep,611490,exclude,,observable_regex,True,\b(?:sheep|lambs?|wool)\b,"Garments: of textile materials (other than wool or fine animal hair, cotton or man-made fibres), knitted or crocheted, n.e.s. in chapter 61",focal_expression_not_isolated,"Although the frozen focal expression occurs in the official HS92 description, the wording is negative, generic, multi-commodity, mixed-species, or otherwise does not isolate the focal commodity or material for attribution.",,,frozen observable-attribution decision specification,not_performed
sheep,611591,exclude,,observable_regex,True,\b(?:sheep|lambs?|wool)\b,"Hosiery and footwear: without applied soles, of wool or fine animal hair, knitted or crocheted (excluding tights, women's full or knee-length hosiery measuring per single yarn less than 67 decitex)",focal_expression_not_isolated,"Although the frozen focal expression occurs in the official HS92 description, the wording is negative, generic, multi-commodity, mixed-species, or otherwise does not isolate the focal commodity or material for attribution.",,,frozen observable-attribution decision specification,not_performed
sheep,611691,exclude,,observable_regex,True,\b(?:sheep|lambs?|wool)\b,"Gloves, mittens and mitts: of wool or fine animal hair, knitted or crocheted, (other than impregnated, coated or covered with plastics or rubber)",focal_expression_not_isolated,"Although the frozen focal expression occurs in the official HS92 description, the wording is negative, generic, multi-commodity, mixed-species, or otherwise does not isolate the focal commodity or material for attribution.",,,frozen observable-attribution decision specification,not_performed
sheep,611699,exclude,,observable_regex,True,\b(?:sheep|lambs?|wool)\b,"Gloves, mittens and mitts: of textile materials (other than wool or fine animal hair, cotton or synthetic fibres), knitted or crocheted, (other than impregnated, coated or covered with plastics or rubber)",focal_expression_not_isolated,"Although the frozen focal expression occurs in the official HS92 description, the wording is negative, generic, multi-commodity, mixed-species, or otherwise does not isolate the focal commodity or material for attribution.",,,frozen observable-attribution decision specification,not_performed
sheep,620111,exclude,,observable_regex,True,\b(?:sheep|lambs?|wool)\b,"Coats: men's or boys', overcoats, raincoats, car-coats, capes, cloaks and similar articles, of wool or fine animal hair, other than those of heading no. 6203 (not knitted or crocheted)",focal_expression_not_isolated,"Although the frozen focal expression occurs in the official HS92 description, the wording is negative, generic, multi-commodity, mixed-species, or otherwise does not isolate the focal commodity or material for attribution.",,,frozen observable-attribution decision specification,not_performed
sheep,620119,exclude,,observable_regex,True,\b(?:sheep|lambs?|wool)\b,"Coats: men's or boys', overcoats, raincoats, car-coats, capes, cloaks and similar articles, of textile materials (other than wool or fine animal hair, cotton or man-made fibres), other than those of heading no. 6203 (not knitted or crocheted)",focal_expression_not_isolated,"Although the frozen focal expression occurs in the official HS92 description, the wording is negative, generic, multi-commodity, mixed-species, or otherwise does not isolate the focal commodity or material for attribution.",,,frozen observable-attribution decision specification,not_performed
sheep,620191,exclude,,observable_regex,True,\b(?:sheep|lambs?|wool)\b,"Anoraks (including ski-jackets), wind-cheaters, wind-jackets and similar articles: men's or boys', of wool or fine animal hair, other than those of heading no. 6203 (not knitted or crocheted)",focal_expression_not_isolated,"Although the frozen focal expression occurs in the official HS92 description, the wording is negative, generic, multi-commodity, mixed-species, or otherwise does not isolate the focal commodity or material for attribution.",,,frozen observable-attribution decision specification,not_performed
sheep,620199,exclude,,observable_regex,True,\b(?:sheep|lambs?|wool)\b,"Anoraks (including ski-jackets), wind-cheaters, wind-jackets and similar articles: men's or boys', of textile materials (other than wool or fine animal hair, cotton or man-made fibres), other than those of heading no. 6203 (not knitted or crocheted)",focal_expression_not_isolated,"Although the frozen focal expression occurs in the official HS92 description, the wording is negative, generic, multi-commodity, mixed-species, or otherwise does not isolate the focal commodity or material for attribution.",,,frozen observable-attribution decision specification,not_performed
sheep,620211,exclude,,observable_regex,True,\b(?:sheep|lambs?|wool)\b,"Coats: women's or girls', overcoats, raincoats, car-coats, capes, cloaks and similar articles, of wool or fine animal hair, other than those of heading no. 6204 (not knitted or crocheted)",focal_expression_not_isolated,"Although the frozen focal expression occurs in the official HS92 description, the wording is negative, generic, multi-commodity, mixed-species, or otherwise does not isolate the focal commodity or material for attribution.",,,frozen observable-attribution decision specification,not_performed
sheep,620219,exclude,,observable_regex,True,\b(?:sheep|lambs?|wool)\b,"Coats: women's or girls', overcoats, raincoats, car-coats, capes, cloaks and similar articles, of textile materials (other than wool or fine animal hair, cotton or man-made fibres), other than those of heading no. 6204 (not knitted or crocheted)",focal_expression_not_isolated,"Although the frozen focal expression occurs in the official HS92 description, the wording is negative, generic, multi-commodity, mixed-species, or otherwise does not isolate the focal commodity or material for attribution.",,,frozen observable-attribution decision specification,not_performed
sheep,620291,exclude,,observable_regex,True,\b(?:sheep|lambs?|wool)\b,"Anoraks (including ski-jackets), wind-cheaters, wind-jackets and similar articles: women's or girls', of wool or fine animal hair, other than those of heading no. 6204 (not knitted or crocheted)",focal_expression_not_isolated,"Although the frozen focal expression occurs in the official HS92 description, the wording is negative, generic, multi-commodity, mixed-species, or otherwise does not isolate the focal commodity or material for attribution.",,,frozen observable-attribution decision specification,not_performed
sheep,620311,exclude,,observable_regex,True,\b(?:sheep|lambs?|wool)\b,"Suits: men's or boys', of wool or fine animal hair (not knitted or crocheted)",focal_expression_not_isolated,"Although the frozen focal expression occurs in the official HS92 description, the wording is negative, generic, multi-commodity, mixed-species, or otherwise does not isolate the focal commodity or material for attribution.",,,frozen observable-attribution decision specification,not_performed
sheep,620321,exclude,,observable_regex,True,\b(?:sheep|lambs?|wool)\b,"Ensembles: men's or boys', of wool or fine animal hair (not knitted or crocheted)",focal_expression_not_isolated,"Although the frozen focal expression occurs in the official HS92 description, the wording is negative, generic, multi-commodity, mixed-species, or otherwise does not isolate the focal commodity or material for attribution.",,,frozen observable-attribution decision specification,not_performed
sheep,620331,exclude,,observable_regex,True,\b(?:sheep|lambs?|wool)\b,"Jackets and blazers: men's or boys', of wool or fine animal hair (not knitted or crocheted)",focal_expression_not_isolated,"Although the frozen focal expression occurs in the official HS92 description, the wording is negative, generic, multi-commodity, mixed-species, or otherwise does not isolate the focal commodity or material for attribution.",,,frozen observable-attribution decision specification,not_performed
sheep,620341,exclude,,observable_regex,True,\b(?:sheep|lambs?|wool)\b,"Trousers, bib and brace overalls, breeches and shorts: men's or boys', of wool or fine animal hair (not knitted or crocheted)",focal_expression_not_isolated,"Although the frozen focal expression occurs in the official HS92 description, the wording is negative, generic, multi-commodity, mixed-species, or otherwise does not isolate the focal commodity or material for attribution.",,,frozen observable-attribution decision specification,not_performed
sheep,620349,exclude,,observable_regex,True,\b(?:sheep|lambs?|wool)\b,"Trousers, bib and brace overalls, breeches and shorts: men's or boys', of textile materials (other than wool, fine animal hair, cotton or synthetic fibres), (not knitted or crocheted)",focal_expression_not_isolated,"Although the frozen focal expression occurs in the official HS92 description, the wording is negative, generic, multi-commodity, mixed-species, or otherwise does not isolate the focal commodity or material for attribution.",,,frozen observable-attribution decision specification,not_performed
sheep,620411,exclude,,observable_regex,True,\b(?:sheep|lambs?|wool)\b,"Suits: women's or girls', of wool or fine animal hair (not knitted or crocheted)",focal_expression_not_isolated,"Although the frozen focal expression occurs in the official HS92 description, the wording is negative, generic, multi-commodity, mixed-species, or otherwise does not isolate the focal commodity or material for attribution.",,,frozen observable-attribution decision specification,not_performed
sheep,620421,exclude,,observable_regex,True,\b(?:sheep|lambs?|wool)\b,"Ensembles: women's or girls', of wool or fine animal hair (not knitted or crocheted)",focal_expression_not_isolated,"Although the frozen focal expression occurs in the official HS92 description, the wording is negative, generic, multi-commodity, mixed-species, or otherwise does not isolate the focal commodity or material for attribution.",,,frozen observable-attribution decision specification,not_performed
sheep,620431,exclude,,observable_regex,True,\b(?:sheep|lambs?|wool)\b,"Jackets and blazers: women's or girls', of wool or fine animal hair (not knitted or crocheted)",focal_expression_not_isolated,"Although the frozen focal expression occurs in the official HS92 description, the wording is negative, generic, multi-commodity, mixed-species, or otherwise does not isolate the focal commodity or material for attribution.",,,frozen observable-attribution decision specification,not_performed
sheep,620441,exclude,,observable_regex,True,\b(?:sheep|lambs?|wool)\b,"Dresses: women's or girls', of wool or fine animal hair (not knitted or crocheted)",focal_expression_not_isolated,"Although the frozen focal expression occurs in the official HS92 description, the wording is negative, generic, multi-commodity, mixed-species, or otherwise does not isolate the focal commodity or material for attribution.",,,frozen observable-attribution decision specification,not_performed
sheep,620451,exclude,,observable_regex,True,\b(?:sheep|lambs?|wool)\b,"Skirts and divided skirts: women's or girls', of wool or fine animal hair (not knitted or crocheted)",focal_expression_not_isolated,"Although the frozen focal expression occurs in the official HS92 description, the wording is negative, generic, multi-commodity, mixed-species, or otherwise does not isolate the focal commodity or material for attribution.",,,frozen observable-attribution decision specification,not_performed
sheep,620461,exclude,,observable_regex,True,\b(?:sheep|lambs?|wool)\b,"Trousers, bib and brace overalls, breeches and shorts: women's or girls', of wool or fine animal hair (not knitted or crocheted)",focal_expression_not_isolated,"Although the frozen focal expression occurs in the official HS92 description, the wording is negative, generic, multi-commodity, mixed-species, or otherwise does not isolate the focal commodity or material for attribution.",,,frozen observable-attribution decision specification,not_performed
sheep,620469,exclude,,observable_regex,True,\b(?:sheep|lambs?|wool)\b,"Trousers, bib and brace overalls, breeches and shorts: women's or girls', of textile materials (other than wool, fine animal hair, cotton or synthetic fibres), (not knitted or crocheted)",focal_expression_not_isolated,"Although the frozen focal expression occurs in the official HS92 description, the wording is negative, generic, multi-commodity, mixed-species, or otherwise does not isolate the focal commodity or material for attribution.",,,frozen observable-attribution decision specification,not_performed
sheep,620510,exclude,,observable_regex,True,\b(?:sheep|lambs?|wool)\b,"Shirts: men's or boys', of wool or fine animal hair (not knitted or crocheted)",focal_expression_not_isolated,"Although the frozen focal expression occurs in the official HS92 description, the wording is negative, generic, multi-commodity, mixed-species, or otherwise does not isolate the focal commodity or material for attribution.",,,frozen observable-attribution decision specification,not_performed
sheep,620620,exclude,,observable_regex,True,\b(?:sheep|lambs?|wool)\b,"Blouses, shirts and shirt-blouses: women's or girls', of wool or fine animal hair (not knitted or crocheted)",focal_expression_not_isolated,"Although the frozen focal expression occurs in the official HS92 description, the wording is negative, generic, multi-commodity, mixed-species, or otherwise does not isolate the focal commodity or material for attribution.",,,frozen observable-attribution decision specification,not_performed
sheep,620910,exclude,,observable_regex,True,\b(?:sheep|lambs?|wool)\b,"Garments and clothing accessories: babies', of wool or fine animal hair (not knitted or crocheted)",focal_expression_not_isolated,"Although the frozen focal expression occurs in the official HS92 description, the wording is negative, generic, multi-commodity, mixed-species, or otherwise does not isolate the focal commodity or material for attribution.",,,frozen observable-attribution decision specification,not_performed
sheep,620990,exclude,,observable_regex,True,\b(?:sheep|lambs?|wool)\b,"Garments and clothing accessories: babies', of textile materials other than wool or fine animal hair, cotton or synthetic fibres (not knitted or crocheted)",focal_expression_not_isolated,"Although the frozen focal expression occurs in the official HS92 description, the wording is negative, generic, multi-commodity, mixed-species, or otherwise does not isolate the focal commodity or material for attribution.",,,frozen observable-attribution decision specification,not_performed
sheep,621131,exclude,,observable_regex,True,\b(?:sheep|lambs?|wool)\b,"Track suits and other garments n.e.s.: men's or boys', of wool or fine animal hair (not knitted or crocheted)",focal_expression_not_isolated,"Although the frozen focal expression occurs in the official HS92 description, the wording is negative, generic, multi-commodity, mixed-species, or otherwise does not isolate the focal commodity or material for attribution.",,,frozen observable-attribution decision specification,not_performed
sheep,621141,exclude,,observable_regex,True,\b(?:sheep|lambs?|wool)\b,"Track suits and other garments n.e.s.: women's or girls', of wool or fine animal hair (not knitted or crocheted)",focal_expression_not_isolated,"Although the frozen focal expression occurs in the official HS92 description, the wording is negative, generic, multi-commodity, mixed-species, or otherwise does not isolate the focal commodity or material for attribution.",,,frozen observable-attribution decision specification,not_performed
sheep,621420,exclude,,observable_regex,True,\b(?:sheep|lambs?|wool)\b,"Shawls, scarves, mufflers, mantillas, veils and the like: of wool or fine animal hair (not knitted or crocheted)",focal_expression_not_isolated,"Although the frozen focal expression occurs in the official HS92 description, the wording is negative, generic, multi-commodity, mixed-species, or otherwise does not isolate the focal commodity or material for attribution.",,,frozen observable-attribution decision specification,not_performed
sheep,630120,exclude,,observable_regex,True,\b(?:sheep|lambs?|wool)\b,Blankets (other than electric blankets) and travelling rugs: of wool or fine animal hair,focal_expression_not_isolated,"Although the frozen focal expression occurs in the official HS92 description, the wording is negative, generic, multi-commodity, mixed-species, or otherwise does not isolate the focal commodity or material for attribution.",exp_woolblanket,,frozen observable-attribution decision specification,not_performed
sheep,630130,exclude,,legacy_only,False,\b(?:sheep|lambs?|wool)\b,Blankets (other than electric blankets) and travelling rugs: of cotton,legacy_description_lacks_focal_term,"The historical proposal is retained for provenance, but the official HS92 description does not match the frozen focal lexicon. Observable attribution therefore forbids inclusion.",exp_woolblanket,,frozen observable-attribution decision specification,not_performed
sheep,630140,exclude,,legacy_only,False,\b(?:sheep|lambs?|wool)\b,Blankets (other than electric blankets) and travelling rugs: of synthetic fibres,legacy_description_lacks_focal_term,"The historical proposal is retained for provenance, but the official HS92 description does not match the frozen focal lexicon. Observable attribution therefore forbids inclusion.",exp_woolblanket,,frozen observable-attribution decision specification,not_performed
sheep,630190,exclude,,legacy_only,False,\b(?:sheep|lambs?|wool)\b,Blankets and travelling rugs: n.e.s. in heading no. 6301,legacy_description_lacks_focal_term,"The historical proposal is retained for provenance, but the official HS92 description does not match the frozen focal lexicon. Observable attribution therefore forbids inclusion.",exp_woolblanket,,frozen observable-attribution decision specification,not_performed
sheep,670300,exclude,,observable_regex,True,\b(?:sheep|lambs?|wool)\b,"Human hair, dressed, thinned, bleached or otherwise worked: wool or other animal hair or other textile materials, prepared for use in making wigs or the like",focal_expression_not_isolated,"Although the frozen focal expression occurs in the official HS92 description, the wording is negative, generic, multi-commodity, mixed-species, or otherwise does not isolate the focal commodity or material for attribution.",,,frozen observable-attribution decision specification,not_performed
sheep,680610,exclude,,observable_regex,True,\b(?:sheep|lambs?|wool)\b,"Slag wool, rock wool and similar mineral wools (including intermixtures thereof), in bulk, sheets or rolls",focal_expression_not_isolated,"Although the frozen focal expression occurs in the official HS92 description, the wording is negative, generic, multi-commodity, mixed-species, or otherwise does not isolate the focal commodity or material for attribution.",,,frozen observable-attribution decision specification,not_performed
sheep,701910,exclude,,observable_regex,True,\b(?:sheep|lambs?|wool)\b,"Glass fibres (including glass wool): slivers, rovings, yarn and chopped strands",focal_expression_not_isolated,"Although the frozen focal expression occurs in the official HS92 description, the wording is negative, generic, multi-commodity, mixed-species, or otherwise does not isolate the focal commodity or material for attribution.",,,frozen observable-attribution decision specification,not_performed
sheep,732310,exclude,,observable_regex,True,\b(?:sheep|lambs?|wool)\b,"Iron or steel: wool, pot scourers and scouring or polishing pads, gloves and the like",focal_expression_not_isolated,"Although the frozen focal expression occurs in the official HS92 description, the wording is negative, generic, multi-commodity, mixed-species, or otherwise does not isolate the focal commodity or material for attribution.",,,frozen observable-attribution decision specification,not_performed
cotton,120720,out_of_stage,,observable_regex,True,\bcotton\b,"Oil seeds: cotton seeds, whether or not broken",explicit_focal_product_outside_frozen_stage,"The official HS92 description explicitly names the focal commodity or material, but its described product form is outside every frozen stage in this chain.",,,frozen observable-attribution decision specification,not_performed
cotton,140420,out_of_stage,,observable_regex,True,\bcotton\b,Vegetable products: cotton linters,explicit_focal_product_outside_frozen_stage,"The official HS92 description explicitly names the focal commodity or material, but its described product form is outside every frozen stage in this chain.",,,frozen observable-attribution decision specification,not_performed
cotton,151221,out_of_stage,,observable_regex,True,\bcotton\b,"Vegetable oils: cotton-seed oil and its fractions: crude, whether or not gossypol has been removed, not chemically modified",explicit_focal_product_outside_frozen_stage,"The official HS92 description explicitly names the focal commodity or material, but its described product form is outside every frozen stage in this chain.",,,frozen observable-attribution decision specification,not_performed
cotton,151229,out_of_stage,,observable_regex,True,\bcotton\b,"Vegetable oils: cotton-seed oil and its fractions, other than crude, whether or not refined, but not chemically modified",explicit_focal_product_outside_frozen_stage,"The official HS92 description explicitly names the focal commodity or material, but its described product form is outside every frozen stage in this chain.",,,frozen observable-attribution decision specification,not_performed
cotton,230610,out_of_stage,,observable_regex,True,\bcotton\b,"Oil-cake and other solid residues: whether or not ground or in the form of pellets, resulting from the extraction of cotton seed oils",explicit_focal_product_outside_frozen_stage,"The official HS92 description explicitly names the focal commodity or material, but its described product form is outside every frozen stage in this chain.",,,frozen observable-attribution decision specification,not_performed
cotton,470610,out_of_stage,,observable_regex,True,\bcotton\b,Pulp: cotton linters pulp,explicit_focal_product_outside_frozen_stage,"The official HS92 description explicitly names the focal commodity or material, but its described product form is outside every frozen stage in this chain.",,,frozen observable-attribution decision specification,not_performed
cotton,470691,exclude,,observable_regex,True,\bcotton\b,"Pulp: of fibrous cellulosic material (other than wood or cotton linters pulp), mechanical",focal_expression_not_isolated,"Although the frozen focal expression occurs in the official HS92 description, the wording is negative, generic, multi-commodity, mixed-species, or otherwise does not isolate the focal commodity or material for attribution.",,,frozen observable-attribution decision specification,not_performed
cotton,470692,exclude,,observable_regex,True,\bcotton\b,"Pulp: of fibrous cellulosic material (other than wood or cotton linters pulp), chemical",focal_expression_not_isolated,"Although the frozen focal expression occurs in the official HS92 description, the wording is negative, generic, multi-commodity, mixed-species, or otherwise does not isolate the focal commodity or material for attribution.",,,frozen observable-attribution decision specification,not_performed
cotton,470693,exclude,,observable_regex,True,\bcotton\b,"Pulp: of fibrous cellulosic material (other than wood or cotton linters pulp), semi-chemical",focal_expression_not_isolated,"Although the frozen focal expression occurs in the official HS92 description, the wording is negative, generic, multi-commodity, mixed-species, or otherwise does not isolate the focal commodity or material for attribution.",,,frozen observable-attribution decision specification,not_performed
cotton,520100,include,exp_cottonraw,observable_regex,True,\bcotton\b,Cotton: not carded or combed,observable_attribution_and_stage_fit,"The official HS92 description identifies cotton not carded or combed, which is inside the canonical stage definition. No unobserved product form, feedstock, species, or end use is inferred from the commodity name alone.",exp_cottonraw,,frozen observable-attribution decision specification,not_performed
cotton,520210,include,exp_cottonwaste,observable_regex,True,\bcotton\b,Cotton: yarn waste (including thread waste),observable_attribution_and_stage_fit,"The official HS92 description identifies cotton waste, including yarn or thread waste, which is inside the canonical stage definition. No unobserved product form, feedstock, species, or end use is inferred from the commodity name alone.",exp_cottonwaste,exp_cottonraw,frozen observable-attribution decision specification,not_performed
cotton,520291,include,exp_cottonwaste,observable_regex,True,\bcotton\b,Cotton: garnetted stock waste,observable_attribution_and_stage_fit,"The official HS92 description identifies cotton waste, including yarn or thread waste, which is inside the canonical stage definition. No unobserved product form, feedstock, species, or end use is inferred from the commodity name alone.",,,frozen observable-attribution decision specification,not_performed
cotton,520299,include,exp_cottonwaste,observable_regex,True,\bcotton\b,Cotton: waste other than garnetted stock and yarn (including thread) waste,observable_attribution_and_stage_fit,"The official HS92 description identifies cotton waste, including yarn or thread waste, which is inside the canonical stage definition. No unobserved product form, feedstock, species, or end use is inferred from the commodity name alone.",exp_cottonwaste,exp_cottonraw,frozen observable-attribution decision specification,not_performed
cotton,520300,include,exp_cottonprepared,observable_regex,True,\bcotton\b,Cotton: carded or combed,observable_attribution_and_stage_fit,"The official HS92 description identifies cotton explicitly carded or combed, which is inside the canonical stage definition. No unobserved product form, feedstock, species, or end use is inferred from the commodity name alone.",exp_cottonprepared,exp_cottonraw,frozen observable-attribution decision specification,not_performed
cotton,520411,include,exp_cottonsewthread,observable_regex,True,\bcotton\b,"Cotton: sewing thread, containing 85% or more by weight of cotton, not put up for retail sale",observable_attribution_and_stage_fit,"The official HS92 description identifies cotton sewing thread, which is inside the canonical stage definition. No unobserved product form, feedstock, species, or end use is inferred from the commodity name alone.",exp_cottonsewthread,,frozen observable-attribution decision specification,not_performed
cotton,520419,include,exp_cottonsewthread,observable_regex,True,\bcotton\b,"Cotton: sewing thread, containing less than 85% by weight of cotton, not put up for retail sale",observable_attribution_and_stage_fit,"The official HS92 description identifies cotton sewing thread, which is inside the canonical stage definition. No unobserved product form, feedstock, species, or end use is inferred from the commodity name alone.",exp_cottonsewthread,,frozen observable-attribution decision specification,not_performed
cotton,520420,include,exp_cottonsewthread,observable_regex,True,\bcotton\b,"Cotton: sewing thread, put up for retail sale",observable_attribution_and_stage_fit,"The official HS92 description identifies cotton sewing thread, which is inside the canonical stage definition. No unobserved product form, feedstock, species, or end use is inferred from the commodity name alone.",exp_cottonsewthread,,frozen observable-attribution decision specification,not_performed
cotton,520511,include,exp_cottonyarn,observable_regex,True,\bcotton\b,"Cotton yarn: (not sewing thread), single, of uncombed fibres, 85% or more by weight of cotton, measuring 714.29 decitex or more, (not exceeding 14 metric number), not for retail sale",observable_attribution_and_stage_fit,"The official HS92 description identifies non-sewing yarn explicitly containing cotton, including cross-material blends, which is inside the canonical stage definition. No unobserved product form, feedstock, species, or end use is inferred from the commodity name alone.",exp_cottonyarn,,frozen observable-attribution decision specification,not_performed
cotton,520512,include,exp_cottonyarn,observable_regex,True,\bcotton\b,"Cotton yarn: (not sewing thread), single, of uncombed fibres, 85% or more by weight of cotton, less than 714.29 but not less than 232.56 decitex (exceeding 14 but not exceeding 43 metric number), not for retail sale",observable_attribution_and_stage_fit,"The official HS92 description identifies non-sewing yarn explicitly containing cotton, including cross-material blends, which is inside the canonical stage definition. No unobserved product form, feedstock, species, or end use is inferred from the commodity name alone.",exp_cottonyarn,,frozen observable-attribution decision specification,not_performed
cotton,520513,include,exp_cottonyarn,observable_regex,True,\bcotton\b,"Cotton yarn: (not sewing thread), single, of uncombed fibres, 85% or more by weight of cotton, less than 232.56 but not less than 192.31 decitex (exceeding 43 but not exceeding 52 metric number), not for retail sale",observable_attribution_and_stage_fit,"The official HS92 description identifies non-sewing yarn explicitly containing cotton, including cross-material blends, which is inside the canonical stage definition. No unobserved product form, feedstock, species, or end use is inferred from the commodity name alone.",,,frozen observable-attribution decision specification,not_performed
cotton,520514,include,exp_cottonyarn,observable_regex,True,\bcotton\b,"Cotton yarn: (not sewing thread), single, of uncombed fibres, 85% or more by weight of cotton, less than 192.31 but not less than 125 decitex (exceeding 52 but not exceeding 80 metric number), not for retail sale",observable_attribution_and_stage_fit,"The official HS92 description identifies non-sewing yarn explicitly containing cotton, including cross-material blends, which is inside the canonical stage definition. No unobserved product form, feedstock, species, or end use is inferred from the commodity name alone.",,,frozen observable-attribution decision specification,not_performed
cotton,520515,include,exp_cottonyarn,observable_regex,True,\bcotton\b,"Cotton yarn: (not sewing thread), single, of uncombed fibres, 85% or more by weight of cotton, measuring less than 125 decitex (exceeding 80 metric number), not for retail sale",observable_attribution_and_stage_fit,"The official HS92 description identifies non-sewing yarn explicitly containing cotton, including cross-material blends, which is inside the canonical stage definition. No unobserved product form, feedstock, species, or end use is inferred from the commodity name alone.",,,frozen observable-attribution decision specification,not_performed
cotton,520521,include,exp_cottonyarn,observable_regex,True,\bcotton\b,"Cotton yarn: (not sewing thread), single, of combed fibres, 85% or more by weight of cotton, measuring 714.29 decitex or more, (not exceeding 14 metric number), not for retail sale",observable_attribution_and_stage_fit,"The official HS92 description identifies non-sewing yarn explicitly containing cotton, including cross-material blends, which is inside the canonical stage definition. No unobserved product form, feedstock, species, or end use is inferred from the commodity name alone.",exp_cottonyarn,,frozen observable-attribution decision specification,not_performed
cotton,520522,include,exp_cottonyarn,observable_regex,True,\bcotton\b,"Cotton yarn: (not sewing thread), single, of combed fibres, 85% or more by weight of cotton, less than 714.29 but not less than 232.56 decitex (exceeding 14 but not exceeding 43 metric number), not for retail sale",observable_attribution_and_stage_fit,"The official HS92 description identifies non-sewing yarn explicitly containing cotton, including cross-material blends, which is inside the canonical stage definition. No unobserved product form, feedstock, species, or end use is inferred from the commodity name alone.",exp_cottonyarn,,frozen observable-attribution decision specification,not_performed
cotton,520523,include,exp_cottonyarn,observable_regex,True,\bcotton\b,"Cotton yarn: (not sewing thread), single, of combed fibres, 85% or more by weight of cotton, less than 232.56 but not less than 192.31 decitex (exceeding 43 but not exceeding 52 metric number), not for retail sale",observable_attribution_and_stage_fit,"The official HS92 description identifies non-sewing yarn explicitly containing cotton, including cross-material blends, which is inside the canonical stage definition. No unobserved product form, feedstock, species, or end use is inferred from the commodity name alone.",,,frozen observable-attribution decision specification,not_performed
cotton,520524,include,exp_cottonyarn,observable_regex,True,\bcotton\b,"Cotton yarn: (not sewing thread), single, of combed fibres, 85% or more by weight of cotton, less than 192.31 but not less than 125 decitex (exceeding 52 but not exceeding 80 metric number), not for retail sale",observable_attribution_and_stage_fit,"The official HS92 description identifies non-sewing yarn explicitly containing cotton, including cross-material blends, which is inside the canonical stage definition. No unobserved product form, feedstock, species, or end use is inferred from the commodity name alone.",,,frozen observable-attribution decision specification,not_performed
cotton,520525,include,exp_cottonyarn,observable_regex,True,\bcotton\b,"Cotton yarn: (not sewing thread), single, of combed fibres, 85% or more by weight of cotton, measuring less than 125 decitex (exceeding 80 metric number), not for retail sale",observable_attribution_and_stage_fit,"The official HS92 description identifies non-sewing yarn explicitly containing cotton, including cross-material blends, which is inside the canonical stage definition. No unobserved product form, feedstock, species, or end use is inferred from the commodity name alone.",,,frozen observable-attribution decision specification,not_performed
cotton,520531,include,exp_cottonyarn,observable_regex,True,\bcotton\b,"Cotton yarn: (not sewing thread), multiple or cabled, of uncombed fibres, 85% or more by weight of cotton, 714.29 decitex or more (not exceeding 14 metric number) per single yarn, not for retail sale",observable_attribution_and_stage_fit,"The official HS92 description identifies non-sewing yarn explicitly containing cotton, including cross-material blends, which is inside the canonical stage definition. No unobserved product form, feedstock, species, or end use is inferred from the commodity name alone.",exp_cottonyarn,,frozen observable-attribution decision specification,not_performed
cotton,520532,include,exp_cottonyarn,observable_regex,True,\bcotton\b,"Cotton yarn: (not sewing thread), multiple or cabled, of uncombed fibres, 85% or more by weight of cotton, 714.28 to 232.56 decitex (15 to 43 metric number) per single yarn, not for retail sale",observable_attribution_and_stage_fit,"The official HS92 description identifies non-sewing yarn explicitly containing cotton, including cross-material blends, which is inside the canonical stage definition. No unobserved product form, feedstock, species, or end use is inferred from the commodity name alone.",,,frozen observable-attribution decision specification,not_performed
cotton,520533,include,exp_cottonyarn,observable_regex,True,\bcotton\b,"Cotton yarn: (not sewing thread), multiple or cabled, of uncombed fibres, 85% or more by weight of cotton, 232.55 to 192.31 decitex (44 to 52 metric number) per single yarn, not for retail sale",observable_attribution_and_stage_fit,"The official HS92 description identifies non-sewing yarn explicitly containing cotton, including cross-material blends, which is inside the canonical stage definition. No unobserved product form, feedstock, species, or end use is inferred from the commodity name alone.",,,frozen observable-attribution decision specification,not_performed
cotton,520534,include,exp_cottonyarn,observable_regex,True,\bcotton\b,"Cotton yarn: (not sewing thread), multiple or cabled, of uncombed fibres, 85% or more by weight of cotton, 192.30 to 125 decitex (53 to 80 metric number) per single yarn, not for retail sale",observable_attribution_and_stage_fit,"The official HS92 description identifies non-sewing yarn explicitly containing cotton, including cross-material blends, which is inside the canonical stage definition. No unobserved product form, feedstock, species, or end use is inferred from the commodity name alone.",,,frozen observable-attribution decision specification,not_performed
cotton,520535,include,exp_cottonyarn,observable_regex,True,\bcotton\b,"Cotton yarn: (not sewing thread), multiple or cabled, of uncombed fibres, 85% or more by weight of cotton, less than 125 decitex (exceeding 80 metric number), per single yarn, not for retail sale",observable_attribution_and_stage_fit,"The official HS92 description identifies non-sewing yarn explicitly containing cotton, including cross-material blends, which is inside the canonical stage definition. No unobserved product form, feedstock, species, or end use is inferred from the commodity name alone.",,,frozen observable-attribution decision specification,not_performed
cotton,520541,include,exp_cottonyarn,observable_regex,True,\bcotton\b,"Cotton yarn: (not sewing thread), multiple or cabled, of combed fibres, 85% or more by weight of cotton, 714.29 decitex or more (not exceeding 14 metric number) per single yarn, not for retail sale",observable_attribution_and_stage_fit,"The official HS92 description identifies non-sewing yarn explicitly containing cotton, including cross-material blends, which is inside the canonical stage definition. No unobserved product form, feedstock, species, or end use is inferred from the commodity name alone.",exp_cottonyarn,,frozen observable-attribution decision specification,not_performed
cotton,520542,include,exp_cottonyarn,observable_regex,True,\bcotton\b,"Cotton yarn: (not sewing thread), multiple or cabled, of combed fibres, 85% or more by weight of cotton, 714.28 to 232.56 decitex (15 to 43 metric number) per single yarn, not for retail sale",observable_attribution_and_stage_fit,"The official HS92 description identifies non-sewing yarn explicitly containing cotton, including cross-material blends, which is inside the canonical stage definition. No unobserved product form, feedstock, species, or end use is inferred from the commodity name alone.",,,frozen observable-attribution decision specification,not_performed
cotton,520543,include,exp_cottonyarn,observable_regex,True,\bcotton\b,"Cotton yarn: (not sewing thread), multiple or cabled, of combed fibres, 85% or more by weight of cotton, 232.55 to 192.31 decitex (44 to 52 metric number) per single yarn, not for retail sale",observable_attribution_and_stage_fit,"The official HS92 description identifies non-sewing yarn explicitly containing cotton, including cross-material blends, which is inside the canonical stage definition. No unobserved product form, feedstock, species, or end use is inferred from the commodity name alone.",,,frozen observable-attribution decision specification,not_performed
cotton,520544,include,exp_cottonyarn,observable_regex,True,\bcotton\b,"Cotton yarn: (not sewing thread), multiple or cabled, of combed fibres, 85% or more by weight of cotton, 192.30 to 125 decitex (53 to 80 metric number) per single yarn, not for retail sale",observable_attribution_and_stage_fit,"The official HS92 description identifies non-sewing yarn explicitly containing cotton, including cross-material blends, which is inside the canonical stage definition. No unobserved product form, feedstock, species, or end use is inferred from the commodity name alone.",,,frozen observable-attribution decision specification,not_performed
cotton,520545,include,exp_cottonyarn,observable_regex,True,\bcotton\b,"Cotton yarn: (not sewing thread), multiple or cabled, of combed fibres, 85% or more by weight of cotton, less than 125 decitex (exceeding 80 metric number), per single yarn, not for retail sale",observable_attribution_and_stage_fit,"The official HS92 description identifies non-sewing yarn explicitly containing cotton, including cross-material blends, which is inside the canonical stage definition. No unobserved product form, feedstock, species, or end use is inferred from the commodity name alone.",,,frozen observable-attribution decision specification,not_performed
cotton,520611,include,exp_cottonyarn,observable_regex,True,\bcotton\b,"Cotton yarn: (not sewing thread), single, of uncombed fibres, less than 85% by weight of cotton, measuring 714.29 decitex or more (not exceeding 14 metric number), not for retail sale",observable_attribution_and_stage_fit,"The official HS92 description identifies non-sewing yarn explicitly containing cotton, including cross-material blends, which is inside the canonical stage definition. No unobserved product form, feedstock, species, or end use is inferred from the commodity name alone.",exp_cottonyarn,,frozen observable-attribution decision specification,not_performed
cotton,520612,include,exp_cottonyarn,observable_regex,True,\bcotton\b,"Cotton yarn: (not sewing thread), single, of uncombed fibres, less than 85% by weight of cotton, less than 714.29 but not less than 232.56 decitex (exceeding 14 but not exceeding 43 metric number), not for retail sale",observable_attribution_and_stage_fit,"The official HS92 description identifies non-sewing yarn explicitly containing cotton, including cross-material blends, which is inside the canonical stage definition. No unobserved product form, feedstock, species, or end use is inferred from the commodity name alone.",exp_cottonyarn,,frozen observable-attribution decision specification,not_performed
cotton,520613,include,exp_cottonyarn,observable_regex,True,\bcotton\b,"Cotton yarn: (not sewing thread), single, of uncombed fibres, less than 85% by weight of cotton, less than 232.56 but not less than 192.31 decitex (exceeding 43 but not exceeding 52 metric number), not for retail sale",observable_attribution_and_stage_fit,"The official HS92 description identifies non-sewing yarn explicitly containing cotton, including cross-material blends, which is inside the canonical stage definition. No unobserved product form, feedstock, species, or end use is inferred from the commodity name alone.",,,frozen observable-attribution decision specification,not_performed
cotton,520614,include,exp_cottonyarn,observable_regex,True,\bcotton\b,"Cotton yarn: (not sewing thread), single, of uncombed fibres, less than 85% by weight of cotton, less than 192.31 but not less than 125 decitex (exceeding 52 but not exceeding 80 metric number), not for retail sale",observable_attribution_and_stage_fit,"The official HS92 description identifies non-sewing yarn explicitly containing cotton, including cross-material blends, which is inside the canonical stage definition. No unobserved product form, feedstock, species, or end use is inferred from the commodity name alone.",,,frozen observable-attribution decision specification,not_performed
cotton,520615,include,exp_cottonyarn,observable_regex,True,\bcotton\b,"Cotton yarn: (not sewing thread), single, of uncombed fibres, less than 85% by weight of cotton, measuring less than 125 decitex (exceeding 80 metric number), not for retail sale",observable_attribution_and_stage_fit,"The official HS92 description identifies non-sewing yarn explicitly containing cotton, including cross-material blends, which is inside the canonical stage definition. No unobserved product form, feedstock, species, or end use is inferred from the commodity name alone.",,,frozen observable-attribution decision specification,not_performed
cotton,520621,include,exp_cottonyarn,observable_regex,True,\bcotton\b,"Cotton yarn: (not sewing thread), single, of combed fibres, less than 85% by weight of cotton, measuring 714.29 decitex or more, (not exceeding 14 metric number), not for retail sale",observable_attribution_and_stage_fit,"The official HS92 description identifies non-sewing yarn explicitly containing cotton, including cross-material blends, which is inside the canonical stage definition. No unobserved product form, feedstock, species, or end use is inferred from the commodity name alone.",exp_cottonyarn,,frozen observable-attribution decision specification,not_performed
cotton,520622,include,exp_cottonyarn,observable_regex,True,\bcotton\b,"Cotton yarn: (not sewing thread), single, of combed fibres, less than 85% by weight of cotton, less than 714.29 but not less than 232.56 decitex (exceeding 14 but not exceeding 43 metric number), not for retail sale",observable_attribution_and_stage_fit,"The official HS92 description identifies non-sewing yarn explicitly containing cotton, including cross-material blends, which is inside the canonical stage definition. No unobserved product form, feedstock, species, or end use is inferred from the commodity name alone.",,,frozen observable-attribution decision specification,not_performed
cotton,520623,include,exp_cottonyarn,observable_regex,True,\bcotton\b,"Cotton yarn: (not sewing thread), single, of combed fibres, less than 85% by weight of cotton, less than 232.56 but not less than 192.31 decitex (exceeding 43 but not exceeding 52 metric number), not for retail sale",observable_attribution_and_stage_fit,"The official HS92 description identifies non-sewing yarn explicitly containing cotton, including cross-material blends, which is inside the canonical stage definition. No unobserved product form, feedstock, species, or end use is inferred from the commodity name alone.",,,frozen observable-attribution decision specification,not_performed
cotton,520624,include,exp_cottonyarn,observable_regex,True,\bcotton\b,"Cotton yarn: (not sewing thread), single, of combed fibres, less than 85% by weight of cotton, less than 192.31 but not less than 125 decitex (exceeding 52 but not exceeding 80 metric number), not for retail sale",observable_attribution_and_stage_fit,"The official HS92 description identifies non-sewing yarn explicitly containing cotton, including cross-material blends, which is inside the canonical stage definition. No unobserved product form, feedstock, species, or end use is inferred from the commodity name alone.",,,frozen observable-attribution decision specification,not_performed
cotton,520625,include,exp_cottonyarn,observable_regex,True,\bcotton\b,"Cotton yarn: (not sewing thread), single, of combed fibres, less than 85% by weight of cotton, measuring less than 125 decitex (exceeding 80 metric number), not for retail sale",observable_attribution_and_stage_fit,"The official HS92 description identifies non-sewing yarn explicitly containing cotton, including cross-material blends, which is inside the canonical stage definition. No unobserved product form, feedstock, species, or end use is inferred from the commodity name alone.",,,frozen observable-attribution decision specification,not_performed
cotton,520631,include,exp_cottonyarn,observable_regex,True,\bcotton\b,"Cotton yarn: (not sewing thread), multiple or cabled, of uncombed fibres, less than 85% by weight of cotton, 714.29 decitex or more (not exceeding 14 metric number) per single yarn, not for retail sale",observable_attribution_and_stage_fit,"The official HS92 description identifies non-sewing yarn explicitly containing cotton, including cross-material blends, which is inside the canonical stage definition. No unobserved product form, feedstock, species, or end use is inferred from the commodity name alone.",exp_cottonyarn,,frozen observable-attribution decision specification,not_performed
cotton,520632,include,exp_cottonyarn,observable_regex,True,\bcotton\b,"Cotton yarn: (not sewing thread), multiple or cabled, of uncombed fibres, less than 85% by weight of cotton, 714.28 to 232.56 decitex (15 to 43 metric number) per single yarn, not for retail sale",observable_attribution_and_stage_fit,"The official HS92 description identifies non-sewing yarn explicitly containing cotton, including cross-material blends, which is inside the canonical stage definition. No unobserved product form, feedstock, species, or end use is inferred from the commodity name alone.",,,frozen observable-attribution decision specification,not_performed
cotton,520633,include,exp_cottonyarn,observable_regex,True,\bcotton\b,"Cotton yarn: (not sewing thread), multiple or cabled, of uncombed fibres, less than 85% by weight of cotton, 232.55 to 192.31 decitex (44 to 52 metric number) per single yarn, not for retail sale",observable_attribution_and_stage_fit,"The official HS92 description identifies non-sewing yarn explicitly containing cotton, including cross-material blends, which is inside the canonical stage definition. No unobserved product form, feedstock, species, or end use is inferred from the commodity name alone.",,,frozen observable-attribution decision specification,not_performed
cotton,520634,include,exp_cottonyarn,observable_regex,True,\bcotton\b,"Cotton yarn: (not sewing thread), multiple or cabled, of uncombed fibres, less than 85% by weight of cotton, 192.30 to 125 decitex (53 to 80 metric number) per single yarn, not for retail sale",observable_attribution_and_stage_fit,"The official HS92 description identifies non-sewing yarn explicitly containing cotton, including cross-material blends, which is inside the canonical stage definition. No unobserved product form, feedstock, species, or end use is inferred from the commodity name alone.",,,frozen observable-attribution decision specification,not_performed
cotton,520635,include,exp_cottonyarn,observable_regex,True,\bcotton\b,"Cotton yarn: (not sewing thread), multiple or cabled, of uncombed fibres, less than 85% by weight of cotton, less than 125 decitex (exceeding 80 metric number) per single yarn, not for retail sale",observable_attribution_and_stage_fit,"The official HS92 description identifies non-sewing yarn explicitly containing cotton, including cross-material blends, which is inside the canonical stage definition. No unobserved product form, feedstock, species, or end use is inferred from the commodity name alone.",,,frozen observable-attribution decision specification,not_performed
cotton,520641,include,exp_cottonyarn,observable_regex,True,\bcotton\b,"Cotton yarn: (not sewing thread), multiple or cabled, of combed fibres, less than 85% by weight of cotton, 714.29 decitex or more (not exceeding 14 metric number) per single yarn, not for retail sale",observable_attribution_and_stage_fit,"The official HS92 description identifies non-sewing yarn explicitly containing cotton, including cross-material blends, which is inside the canonical stage definition. No unobserved product form, feedstock, species, or end use is inferred from the commodity name alone.",,,frozen observable-attribution decision specification,not_performed
cotton,520642,include,exp_cottonyarn,observable_regex,True,\bcotton\b,"Cotton yarn: (not sewing thread), multiple or cabled, of combed fibres, less than 85% by weight of cotton, 714.28 to 232.56 decitex (15 to 43 metric number) per single yarn, not for retail sale",observable_attribution_and_stage_fit,"The official HS92 description identifies non-sewing yarn explicitly containing cotton, including cross-material blends, which is inside the canonical stage definition. No unobserved product form, feedstock, species, or end use is inferred from the commodity name alone.",,,frozen observable-attribution decision specification,not_performed
cotton,520643,include,exp_cottonyarn,observable_regex,True,\bcotton\b,"Cotton yarn: (not sewing thread), multiple or cabled, of combed fibres, less than 85% by weight of cotton, 232.55 to 192.31 decitex (44 to 52 metric number) per single yarn, not for retail sale",observable_attribution_and_stage_fit,"The official HS92 description identifies non-sewing yarn explicitly containing cotton, including cross-material blends, which is inside the canonical stage definition. No unobserved product form, feedstock, species, or end use is inferred from the commodity name alone.",,,frozen observable-attribution decision specification,not_performed
cotton,520644,include,exp_cottonyarn,observable_regex,True,\bcotton\b,"Cotton yarn: (not sewing thread), multiple or cabled, of combed fibres, less than 85% by weight of cotton, 192.30 to 125 decitex (53 to 80 metric number) per single yarn, not for retail sale",observable_attribution_and_stage_fit,"The official HS92 description identifies non-sewing yarn explicitly containing cotton, including cross-material blends, which is inside the canonical stage definition. No unobserved product form, feedstock, species, or end use is inferred from the commodity name alone.",,,frozen observable-attribution decision specification,not_performed
cotton,520645,include,exp_cottonyarn,observable_regex,True,\bcotton\b,"Cotton yarn: (not sewing thread), multiple or cabled, of combed fibres, less than 85% by weight of cotton, less than 125 decitex (exceeding 80 metric number) per single yarn, not for retail sale",observable_attribution_and_stage_fit,"The official HS92 description identifies non-sewing yarn explicitly containing cotton, including cross-material blends, which is inside the canonical stage definition. No unobserved product form, feedstock, species, or end use is inferred from the commodity name alone.",,,frozen observable-attribution decision specification,not_performed
cotton,520710,include,exp_cottonyarn,observable_regex,True,\bcotton\b,"Cotton yarn: (not sewing thread), containing 85% or more by weight of cotton, put up for retail sale",observable_attribution_and_stage_fit,"The official HS92 description identifies non-sewing yarn explicitly containing cotton, including cross-material blends, which is inside the canonical stage definition. No unobserved product form, feedstock, species, or end use is inferred from the commodity name alone.",exp_cottonyarn,,frozen observable-attribution decision specification,not_performed
cotton,520790,include,exp_cottonyarn,observable_regex,True,\bcotton\b,"Cotton yarn: (not sewing thread), containing less than 85% by weight of cotton, put up for retail sale",observable_attribution_and_stage_fit,"The official HS92 description identifies non-sewing yarn explicitly containing cotton, including cross-material blends, which is inside the canonical stage definition. No unobserved product form, feedstock, species, or end use is inferred from the commodity name alone.",exp_cottonyarn,,frozen observable-attribution decision specification,not_performed
cotton,520811,include,exp_cottonfabric,observable_regex,True,\bcotton\b,"Fabrics, woven: containing 85% or more by weight of cotton, unbleached, plain weave, weighing not more than 100g/m2",observable_attribution_and_stage_fit,"The official HS92 description identifies woven fabric explicitly containing or made of cotton, which is inside the canonical stage definition. No unobserved product form, feedstock, species, or end use is inferred from the commodity name alone.",exp_cottonfabric,,frozen observable-attribution decision specification,not_performed
cotton,520812,include,exp_cottonfabric,observable_regex,True,\bcotton\b,"Fabrics, woven: containing 85% or more by weight of cotton, unbleached, plain weave, weighing more than 100g/m2 but not more than 200g/m2",observable_attribution_and_stage_fit,"The official HS92 description identifies woven fabric explicitly containing or made of cotton, which is inside the canonical stage definition. No unobserved product form, feedstock, species, or end use is inferred from the commodity name alone.",,,frozen observable-attribution decision specification,not_performed
cotton,520813,include,exp_cottonfabric,observable_regex,True,\bcotton\b,"Fabrics, woven: containing 85% or more by weight of cotton, unbleached, 3-thread or 4-thread twill, including cross twill, weighing not more than 200g/m2",observable_attribution_and_stage_fit,"The official HS92 description identifies woven fabric explicitly containing or made of cotton, which is inside the canonical stage definition. No unobserved product form, feedstock, species, or end use is inferred from the commodity name alone.",,,frozen observable-attribution decision specification,not_performed
cotton,520819,include,exp_cottonfabric,observable_regex,True,\bcotton\b,"Fabrics, woven: containing 85% or more by weight of cotton, unbleached, of weaves n.e.s. in item no. 5208.1, weighing not more than 200g/m2",observable_attribution_and_stage_fit,"The official HS92 description identifies woven fabric explicitly containing or made of cotton, which is inside the canonical stage definition. No unobserved product form, feedstock, species, or end use is inferred from the commodity name alone.",,,frozen observable-attribution decision specification,not_performed
cotton,520821,include,exp_cottonfabric,observable_regex,True,\bcotton\b,"Fabrics, woven: containing 85% or more by weight of cotton, bleached, plain weave, weighing not more than 100g/m2",observable_attribution_and_stage_fit,"The official HS92 description identifies woven fabric explicitly containing or made of cotton, which is inside the canonical stage definition. No unobserved product form, feedstock, species, or end use is inferred from the commodity name alone.",exp_cottonfabric,,frozen observable-attribution decision specification,not_performed
cotton,520822,include,exp_cottonfabric,observable_regex,True,\bcotton\b,"Fabrics, woven: containing 85% or more by weight of cotton, bleached, plain weave, weighing more than 100g/m2 but not more than 200g/m2",observable_attribution_and_stage_fit,"The official HS92 description identifies woven fabric explicitly containing or made of cotton, which is inside the canonical stage definition. No unobserved product form, feedstock, species, or end use is inferred from the commodity name alone.",,,frozen observable-attribution decision specification,not_performed
cotton,520823,include,exp_cottonfabric,observable_regex,True,\bcotton\b,"Fabrics, woven: containing 85% or more by weight of cotton, bleached, 3-thread or 4-thread twill, including cross twill, weighing not more than 200g/m2",observable_attribution_and_stage_fit,"The official HS92 description identifies woven fabric explicitly containing or made of cotton, which is inside the canonical stage definition. No unobserved product form, feedstock, species, or end use is inferred from the commodity name alone.",,,frozen observable-attribution decision specification,not_performed
cotton,520829,include,exp_cottonfabric,observable_regex,True,\bcotton\b,"Fabrics, woven: containing 85% or more by weight of cotton, bleached, of weaves n.e.s. in item no. 5208.2, weighing not more than 200g/m2",observable_attribution_and_stage_fit,"The official HS92 description identifies woven fabric explicitly containing or made of cotton, which is inside the canonical stage definition. No unobserved product form, feedstock, species, or end use is inferred from the commodity name alone.",,,frozen observable-attribution decision specification,not_performed
cotton,520831,include,exp_cottonfabric,observable_regex,True,\bcotton\b,"Fabrics, woven: containing 85% or more by weight of cotton, dyed, plain weave, weighing not more than 100g/m2",observable_attribution_and_stage_fit,"The official HS92 description identifies woven fabric explicitly containing or made of cotton, which is inside the canonical stage definition. No unobserved product form, feedstock, species, or end use is inferred from the commodity name alone.",exp_cottonfabric,,frozen observable-attribution decision specification,not_performed
cotton,520832,include,exp_cottonfabric,observable_regex,True,\bcotton\b,"Fabrics, woven: containing 85% or more by weight of cotton, dyed, plain weave, weighing more than 100g/m2 but not more than 200g/m2",observable_attribution_and_stage_fit,"The official HS92 description identifies woven fabric explicitly containing or made of cotton, which is inside the canonical stage definition. No unobserved product form, feedstock, species, or end use is inferred from the commodity name alone.",,,frozen observable-attribution decision specification,not_performed
cotton,520833,include,exp_cottonfabric,observable_regex,True,\bcotton\b,"Fabrics, woven: containing 85% or more by weight of cotton, dyed, 3-thread or 4-thread twill, including cross twill, weighing not more than 200g/m2",observable_attribution_and_stage_fit,"The official HS92 description identifies woven fabric explicitly containing or made of cotton, which is inside the canonical stage definition. No unobserved product form, feedstock, species, or end use is inferred from the commodity name alone.",,,frozen observable-attribution decision specification,not_performed
cotton,520839,include,exp_cottonfabric,observable_regex,True,\bcotton\b,"Fabrics, woven: containing 85% or more by weight of cotton, dyed, of weaves n.e.s. in item no. 5208.3 weighing not more than 200g/m2",observable_attribution_and_stage_fit,"The official HS92 description identifies woven fabric explicitly containing or made of cotton, which is inside the canonical stage definition. No unobserved product form, feedstock, species, or end use is inferred from the commodity name alone.",,,frozen observable-attribution decision specification,not_performed
cotton,520841,include,exp_cottonfabric,observable_regex,True,\bcotton\b,"Fabrics, woven: containing 85% or more by weight of cotton, of yarns of different colours, plain weave, weighing not more than 100g/m2",observable_attribution_and_stage_fit,"The official HS92 description identifies woven fabric explicitly containing or made of cotton, which is inside the canonical stage definition. No unobserved product form, feedstock, species, or end use is inferred from the commodity name alone.",exp_cottonfabric,,frozen observable-attribution decision specification,not_performed
cotton,520842,include,exp_cottonfabric,observable_regex,True,\bcotton\b,"Fabrics, woven: containing 85% or more by weight of cotton, of yarns of different colours, weighing more than 100g/m2 but not more than 200g/m2",observable_attribution_and_stage_fit,"The official HS92 description identifies woven fabric explicitly containing or made of cotton, which is inside the canonical stage definition. No unobserved product form, feedstock, species, or end use is inferred from the commodity name alone.",,,frozen observable-attribution decision specification,not_performed
cotton,520843,include,exp_cottonfabric,observable_regex,True,\bcotton\b,"Fabrics, woven: containing 85% or more by weight of cotton, of yarns of different colours, 3-thread or 4-thread twill, including cross twill, weighing not more than 200g/m2",observable_attribution_and_stage_fit,"The official HS92 description identifies woven fabric explicitly containing or made of cotton, which is inside the canonical stage definition. No unobserved product form, feedstock, species, or end use is inferred from the commodity name alone.",,,frozen observable-attribution decision specification,not_performed
cotton,520849,include,exp_cottonfabric,observable_regex,True,\bcotton\b,"Fabrics, woven: containing 85% or more by weight of cotton, of yarns of different colours, of weaves n.e.s. in item no. 5208.4, weighing not more than 200g/m2",observable_attribution_and_stage_fit,"The official HS92 description identifies woven fabric explicitly containing or made of cotton, which is inside the canonical stage definition. No unobserved product form, feedstock, species, or end use is inferred from the commodity name alone.",,,frozen observable-attribution decision specification,not_performed
cotton,520851,include,exp_cottonfabric,observable_regex,True,\bcotton\b,"Fabrics, woven: containing 85% or more by weight of cotton, printed, plain weave, weighing not more than 100g/m2",observable_attribution_and_stage_fit,"The official HS92 description identifies woven fabric explicitly containing or made of cotton, which is inside the canonical stage definition. No unobserved product form, feedstock, species, or end use is inferred from the commodity name alone.",exp_cottonfabric,,frozen observable-attribution decision specification,not_performed
cotton,520852,include,exp_cottonfabric,observable_regex,True,\bcotton\b,"Fabrics, woven: containing 85% or more by weight of cotton, printed, plain weave, weighing more than 100g/m2 but not more than 200g/m2",observable_attribution_and_stage_fit,"The official HS92 description identifies woven fabric explicitly containing or made of cotton, which is inside the canonical stage definition. No unobserved product form, feedstock, species, or end use is inferred from the commodity name alone.",,,frozen observable-attribution decision specification,not_performed
cotton,520853,include,exp_cottonfabric,observable_regex,True,\bcotton\b,"Fabrics, woven: containing 85% or more by weight of cotton, printed, 3-thread or 4-thread twill, including cross twill, weighing not more than 200g/m2",observable_attribution_and_stage_fit,"The official HS92 description identifies woven fabric explicitly containing or made of cotton, which is inside the canonical stage definition. No unobserved product form, feedstock, species, or end use is inferred from the commodity name alone.",,,frozen observable-attribution decision specification,not_performed
cotton,520859,include,exp_cottonfabric,observable_regex,True,\bcotton\b,"Fabrics, woven: containing 85% or more by weight of cotton, printed, of weaves n.e.s. in item no. 5208.5, weighing not more than 200g/m2",observable_attribution_and_stage_fit,"The official HS92 description identifies woven fabric explicitly containing or made of cotton, which is inside the canonical stage definition. No unobserved product form, feedstock, species, or end use is inferred from the commodity name alone.",,,frozen observable-attribution decision specification,not_performed
cotton,520911,include,exp_cottonfabric,observable_regex,True,\bcotton\b,"Fabrics, woven: containing 85% or more by weight of cotton, unbleached, plain weave, weighing more than 200g/m2",observable_attribution_and_stage_fit,"The official HS92 description identifies woven fabric explicitly containing or made of cotton, which is inside the canonical stage definition. No unobserved product form, feedstock, species, or end use is inferred from the commodity name alone.",exp_cottonfabric,,frozen observable-attribution decision specification,not_performed
cotton,520912,include,exp_cottonfabric,observable_regex,True,\bcotton\b,"Fabrics, woven: containing 85% or more by weight of cotton, unbleached, 3-thread or 4-thread twill, including cross twill, weighing more than 200g/m2",observable_attribution_and_stage_fit,"The official HS92 description identifies woven fabric explicitly containing or made of cotton, which is inside the canonical stage definition. No unobserved product form, feedstock, species, or end use is inferred from the commodity name alone.",,,frozen observable-attribution decision specification,not_performed
cotton,520919,include,exp_cottonfabric,observable_regex,True,\bcotton\b,"Fabrics, woven: containing 85% or more by weight of cotton, unbleached, of weaves n.e.s. in item no. 5209.1, weighing more than 200g/m2",observable_attribution_and_stage_fit,"The official HS92 description identifies woven fabric explicitly containing or made of cotton, which is inside the canonical stage definition. No unobserved product form, feedstock, species, or end use is inferred from the commodity name alone.",,,frozen observable-attribution decision specification,not_performed
cotton,520921,include,exp_cottonfabric,observable_regex,True,\bcotton\b,"Fabrics, woven: containing 85% or more by weight of cotton, bleached, plain weave, weighing more than 200g/m2",observable_attribution_and_stage_fit,"The official HS92 description identifies woven fabric explicitly containing or made of cotton, which is inside the canonical stage definition. No unobserved product form, feedstock, species, or end use is inferred from the commodity name alone.",exp_cottonfabric,,frozen observable-attribution decision specification,not_performed
cotton,520922,include,exp_cottonfabric,observable_regex,True,\bcotton\b,"Fabrics, woven: containing 85% or more by weight of cotton, bleached, 3-thread or 4-thread twill, including cross twill, weighing more than 200g/m2",observable_attribution_and_stage_fit,"The official HS92 description identifies woven fabric explicitly containing or made of cotton, which is inside the canonical stage definition. No unobserved product form, feedstock, species, or end use is inferred from the commodity name alone.",,,frozen observable-attribution decision specification,not_performed
cotton,520929,include,exp_cottonfabric,observable_regex,True,\bcotton\b,"Fabrics, woven: containing 85% or more by weight of cotton, bleached, of weaves n.e.s. in item no. 5209.2, weighing more than 200g/m2",observable_attribution_and_stage_fit,"The official HS92 description identifies woven fabric explicitly containing or made of cotton, which is inside the canonical stage definition. No unobserved product form, feedstock, species, or end use is inferred from the commodity name alone.",,,frozen observable-attribution decision specification,not_performed
cotton,520931,include,exp_cottonfabric,observable_regex,True,\bcotton\b,"Fabrics, woven: containing 85% or more by weight of cotton, dyed, plain weave, weighing more than 200g/m2",observable_attribution_and_stage_fit,"The official HS92 description identifies woven fabric explicitly containing or made of cotton, which is inside the canonical stage definition. No unobserved product form, feedstock, species, or end use is inferred from the commodity name alone.",exp_cottonfabric,,frozen observable-attribution decision specification,not_performed
cotton,520932,include,exp_cottonfabric,observable_regex,True,\bcotton\b,"Fabrics, woven: containing 85% or more by weight of cotton, dyed, 3-thread or 4-thread twill, including cross twill, weighing more than 200g/m2",observable_attribution_and_stage_fit,"The official HS92 description identifies woven fabric explicitly containing or made of cotton, which is inside the canonical stage definition. No unobserved product form, feedstock, species, or end use is inferred from the commodity name alone.",,,frozen observable-attribution decision specification,not_performed
cotton,520939,include,exp_cottonfabric,observable_regex,True,\bcotton\b,"Fabrics, woven: containing 85% or more by weight of cotton, dyed, of weaves n.e.s. in item no. 5209.3, weighing more than 200g/m2",observable_attribution_and_stage_fit,"The official HS92 description identifies woven fabric explicitly containing or made of cotton, which is inside the canonical stage definition. No unobserved product form, feedstock, species, or end use is inferred from the commodity name alone.",,,frozen observable-attribution decision specification,not_performed
cotton,520941,include,exp_cottonfabric,observable_regex,True,\bcotton\b,"Fabrics, woven: containing 85% or more by weight of cotton, of yarns of different colours, plain weave, weighing more than 200g/m2",observable_attribution_and_stage_fit,"The official HS92 description identifies woven fabric explicitly containing or made of cotton, which is inside the canonical stage definition. No unobserved product form, feedstock, species, or end use is inferred from the commodity name alone.",exp_cottonfabric,,frozen observable-attribution decision specification,not_performed
cotton,520942,include,exp_cottonfabric,observable_regex,True,\bcotton\b,"Fabrics, woven: containing 85% or more by weight of cotton, of yarns of different colours, weighing more than 200g/m2, denim",observable_attribution_and_stage_fit,"The official HS92 description identifies woven fabric explicitly containing or made of cotton, which is inside the canonical stage definition. No unobserved product form, feedstock, species, or end use is inferred from the commodity name alone.",,,frozen observable-attribution decision specification,not_performed
cotton,520943,include,exp_cottonfabric,observable_regex,True,\bcotton\b,"Fabrics, woven: containing 85% or more by weight of cotton, of yarns of different colours, 3-thread or 4-thread twill, including cross twill, weighing more than 200g/m2",observable_attribution_and_stage_fit,"The official HS92 description identifies woven fabric explicitly containing or made of cotton, which is inside the canonical stage definition. No unobserved product form, feedstock, species, or end use is inferred from the commodity name alone.",,,frozen observable-attribution decision specification,not_performed
cotton,520949,include,exp_cottonfabric,observable_regex,True,\bcotton\b,"Fabrics, woven: containing 85% or more by weight of cotton, of yarns of different colours, of weaves n.e.s. in item no. 5209.4, weighing more than 200g/m2",observable_attribution_and_stage_fit,"The official HS92 description identifies woven fabric explicitly containing or made of cotton, which is inside the canonical stage definition. No unobserved product form, feedstock, species, or end use is inferred from the commodity name alone.",,,frozen observable-attribution decision specification,not_performed
cotton,520951,include,exp_cottonfabric,observable_regex,True,\bcotton\b,"Fabrics, woven: containing 85% or more by weight of cotton, printed, plain weave, weighing more than 200g/m2",observable_attribution_and_stage_fit,"The official HS92 description identifies woven fabric explicitly containing or made of cotton, which is inside the canonical stage definition. No unobserved product form, feedstock, species, or end use is inferred from the commodity name alone.",exp_cottonfabric,,frozen observable-attribution decision specification,not_performed
cotton,520952,include,exp_cottonfabric,observable_regex,True,\bcotton\b,"Fabrics, woven: containing 85% or more by weight of cotton, printed, 3-thread or 4-thread twill, including cross twill, weighing more than 200g/m2",observable_attribution_and_stage_fit,"The official HS92 description identifies woven fabric explicitly containing or made of cotton, which is inside the canonical stage definition. No unobserved product form, feedstock, species, or end use is inferred from the commodity name alone.",,,frozen observable-attribution decision specification,not_performed
cotton,520959,include,exp_cottonfabric,observable_regex,True,\bcotton\b,"Fabrics, woven: containing 85% or more by weight of cotton, printed, of weaves n.e.s. in item no. 5209.5, weighing more than 200g/m2",observable_attribution_and_stage_fit,"The official HS92 description identifies woven fabric explicitly containing or made of cotton, which is inside the canonical stage definition. No unobserved product form, feedstock, species, or end use is inferred from the commodity name alone.",,,frozen observable-attribution decision specification,not_performed
cotton,521011,include,exp_cottonfabric,observable_regex,True,\bcotton\b,"Fabrics, woven: containing less than 85% by weight of cotton, mixed mainly or solely with man-made fibres, unbleached, plain weave, weighing 200g/m2 or less",observable_attribution_and_stage_fit,"The official HS92 description identifies woven fabric explicitly containing or made of cotton, which is inside the canonical stage definition. No unobserved product form, feedstock, species, or end use is inferred from the commodity name alone.",exp_cottonfabric,,frozen observable-attribution decision specification,not_performed
cotton,521012,include,exp_cottonfabric,observable_regex,True,\bcotton\b,"Fabrics, woven: containing less than 85% by weight of cotton, mixed mainly or solely with man-made fibres, unbleached, 3-thread or 4-thread twill, including cross twill, weighing 200g/m2 or less",observable_attribution_and_stage_fit,"The official HS92 description identifies woven fabric explicitly containing or made of cotton, which is inside the canonical stage definition. No unobserved product form, feedstock, species, or end use is inferred from the commodity name alone.",,,frozen observable-attribution decision specification,not_performed
cotton,521019,include,exp_cottonfabric,observable_regex,True,\bcotton\b,"Fabrics, woven: containing less than 85% by weight of cotton, mixed mainly or solely with man-made fibres, unbleached, of weaves n.e.s. in item no. 5210.1, weighing 200g/m2 or less",observable_attribution_and_stage_fit,"The official HS92 description identifies woven fabric explicitly containing or made of cotton, which is inside the canonical stage definition. No unobserved product form, feedstock, species, or end use is inferred from the commodity name alone.",,,frozen observable-attribution decision specification,not_performed
cotton,521021,include,exp_cottonfabric,observable_regex,True,\bcotton\b,"Fabrics, woven: containing less than 85% by weight of cotton, mixed mainly or solely with man-made fibres, bleached, plain weave, weighing 200g/m2 or less",observable_attribution_and_stage_fit,"The official HS92 description identifies woven fabric explicitly containing or made of cotton, which is inside the canonical stage definition. No unobserved product form, feedstock, species, or end use is inferred from the commodity name alone.",,,frozen observable-attribution decision specification,not_performed
cotton,521022,include,exp_cottonfabric,observable_regex,True,\bcotton\b,"Fabrics, woven: containing less than 85% by weight of cotton, mixed mainly or solely with man-made fibres, bleached, 3-thread or 4-thread twill, including cross twill, weighing 200g/m2 or less",observable_attribution_and_stage_fit,"The official HS92 description identifies woven fabric explicitly containing or made of cotton, which is inside the canonical stage definition. No unobserved product form, feedstock, species, or end use is inferred from the commodity name alone.",,,frozen observable-attribution decision specification,not_performed
cotton,521029,include,exp_cottonfabric,observable_regex,True,\bcotton\b,"Fabrics, woven: containing less than 85% by weight of cotton, mixed mainly or solely with man-made fibres, weighing 200g/m2 or less, bleached, of weaves n.e.s. in item no. 5210.2",observable_attribution_and_stage_fit,"The official HS92 description identifies woven fabric explicitly containing or made of cotton, which is inside the canonical stage definition. No unobserved product form, feedstock, species, or end use is inferred from the commodity name alone.",,,frozen observable-attribution decision specification,not_performed
cotton,521031,include,exp_cottonfabric,observable_regex,True,\bcotton\b,"Fabrics, woven: containing less than 85% by weight of cotton, mixed mainly or solely with man-made fibres, weighing 200g/m2 or less, dyed, plain weave",observable_attribution_and_stage_fit,"The official HS92 description identifies woven fabric explicitly containing or made of cotton, which is inside the canonical stage definition. No unobserved product form, feedstock, species, or end use is inferred from the commodity name alone.",exp_cottonfabric,,frozen observable-attribution decision specification,not_performed
cotton,521032,include,exp_cottonfabric,observable_regex,True,\bcotton\b,"Fabrics, woven: containing less than 85% by weight of cotton, mixed mainly or solely with man-made fibres, weighing 200g/m2 or less, dyed, 3-thread or 4-thread twill, including cross twill",observable_attribution_and_stage_fit,"The official HS92 description identifies woven fabric explicitly containing or made of cotton, which is inside the canonical stage definition. No unobserved product form, feedstock, species, or end use is inferred from the commodity name alone.",,,frozen observable-attribution decision specification,not_performed
cotton,521039,include,exp_cottonfabric,observable_regex,True,\bcotton\b,"Fabrics, woven: containing less than 85% by weight of cotton, mixed mainly or solely with man-made fibres, weighing 200g/m2 or less, dyed, of weaves n.e.s. in item no. 5210.3",observable_attribution_and_stage_fit,"The official HS92 description identifies woven fabric explicitly containing or made of cotton, which is inside the canonical stage definition. No unobserved product form, feedstock, species, or end use is inferred from the commodity name alone.",,,frozen observable-attribution decision specification,not_performed
cotton,521041,include,exp_cottonfabric,observable_regex,True,\bcotton\b,"Fabrics, woven: containing less than 85% by weight of cotton, mixed mainly or solely with man-made fibres, weighing 200g/m2 or less, of yarns of different colours, plain weave",observable_attribution_and_stage_fit,"The official HS92 description identifies woven fabric explicitly containing or made of cotton, which is inside the canonical stage definition. No unobserved product form, feedstock, species, or end use is inferred from the commodity name alone.",,,frozen observable-attribution decision specification,not_performed
cotton,521042,include,exp_cottonfabric,observable_regex,True,\bcotton\b,"Fabrics, woven: containing less than 85% by weight of cotton, mixed mainly or solely with man-made fibres, weighing 200g/m2 or less, of yarns of different colours, 3-thread or 4-thread twill, including cross twill",observable_attribution_and_stage_fit,"The official HS92 description identifies woven fabric explicitly containing or made of cotton, which is inside the canonical stage definition. No unobserved product form, feedstock, species, or end use is inferred from the commodity name alone.",,,frozen observable-attribution decision specification,not_performed
cotton,521049,include,exp_cottonfabric,observable_regex,True,\bcotton\b,"Fabrics, woven: containing less than 85% by weight of cotton, mixed mainly or solely with man-made fibres, weighing 200g/m2 or less, of yarns of different colours, of weaves n.e.s. in item no. 5210.4",observable_attribution_and_stage_fit,"The official HS92 description identifies woven fabric explicitly containing or made of cotton, which is inside the canonical stage definition. No unobserved product form, feedstock, species, or end use is inferred from the commodity name alone.",,,frozen observable-attribution decision specification,not_performed
cotton,521051,include,exp_cottonfabric,observable_regex,True,\bcotton\b,"Fabrics, woven: containing less than 85% by weight of cotton, mixed mainly or solely with man-made fibres, weighing 200g/m2 or less, printed, plain weave",observable_attribution_and_stage_fit,"The official HS92 description identifies woven fabric explicitly containing or made of cotton, which is inside the canonical stage definition. No unobserved product form, feedstock, species, or end use is inferred from the commodity name alone.",,,frozen observable-attribution decision specification,not_performed
cotton,521052,include,exp_cottonfabric,observable_regex,True,\bcotton\b,"Fabrics, woven: containing less than 85% by weight of cotton, mixed mainly of solely with man-made fibres, weighing 200g/m2 or less, printed, 3-thread or 4-thread twill, including cross twill",observable_attribution_and_stage_fit,"The official HS92 description identifies woven fabric explicitly containing or made of cotton, which is inside the canonical stage definition. No unobserved product form, feedstock, species, or end use is inferred from the commodity name alone.",,,frozen observable-attribution decision specification,not_performed
cotton,521059,include,exp_cottonfabric,observable_regex,True,\bcotton\b,"Fabrics, woven: containing less than 85% by weight of cotton, mixed mainly or solely with man-made fibres, weighing 200g/m2 or less, printed, of weaves n.e.s. in item no. 5210.5",observable_attribution_and_stage_fit,"The official HS92 description identifies woven fabric explicitly containing or made of cotton, which is inside the canonical stage definition. No unobserved product form, feedstock, species, or end use is inferred from the commodity name alone.",,,frozen observable-attribution decision specification,not_performed
cotton,521111,include,exp_cottonfabric,observable_regex,True,\bcotton\b,"Fabrics, woven: containing less than 85% by weight of cotton, mixed mainly or solely with man-made fibres, unbleached, plain weave, weighing more than 200g/m2",observable_attribution_and_stage_fit,"The official HS92 description identifies woven fabric explicitly containing or made of cotton, which is inside the canonical stage definition. No unobserved product form, feedstock, species, or end use is inferred from the commodity name alone.",exp_cottonfabric,,frozen observable-attribution decision specification,not_performed
cotton,521112,include,exp_cottonfabric,observable_regex,True,\bcotton\b,"Fabrics, woven: containing less than 85% by weight of cotton, mixed mainly or solely with man-made fibres, unbleached, 3- or 4-thread twill, including cross twill, weighing more than 200g/m2",observable_attribution_and_stage_fit,"The official HS92 description identifies woven fabric explicitly containing or made of cotton, which is inside the canonical stage definition. No unobserved product form, feedstock, species, or end use is inferred from the commodity name alone.",,,frozen observable-attribution decision specification,not_performed
cotton,521119,include,exp_cottonfabric,observable_regex,True,\bcotton\b,"Fabrics, woven: containing less than 85% by weight of cotton, mixed mainly or solely with man-made fibres, unbleached, of weaves n.e.s. in item no. 5211.1, weighing more than 200g/m2",observable_attribution_and_stage_fit,"The official HS92 description identifies woven fabric explicitly containing or made of cotton, which is inside the canonical stage definition. No unobserved product form, feedstock, species, or end use is inferred from the commodity name alone.",,,frozen observable-attribution decision specification,not_performed
cotton,521121,include,exp_cottonfabric,observable_regex,True,\bcotton\b,"Fabrics, woven: containing less than 85% by weight of cotton, mixed mainly or solely with man-made fibres, weighing more than 200g/m2, bleached, plain weave",observable_attribution_and_stage_fit,"The official HS92 description identifies woven fabric explicitly containing or made of cotton, which is inside the canonical stage definition. No unobserved product form, feedstock, species, or end use is inferred from the commodity name alone.",,,frozen observable-attribution decision specification,not_performed
cotton,521122,include,exp_cottonfabric,observable_regex,True,\bcotton\b,"Fabrics, woven: containing less than 85% by weight of cotton, mixed mainly or solely with man-made fibres, weighing more than 200g/m2, bleached, 3-thread or 4-thread twill, including cross twill",observable_attribution_and_stage_fit,"The official HS92 description identifies woven fabric explicitly containing or made of cotton, which is inside the canonical stage definition. No unobserved product form, feedstock, species, or end use is inferred from the commodity name alone.",,,frozen observable-attribution decision specification,not_performed
cotton,521129,include,exp_cottonfabric,observable_regex,True,\bcotton\b,"Fabrics, woven: containing less than 85% by weight of cotton, mixed mainly or solely with man-made fibres, weighing more than 200g/m2, bleached, of weaves n.e.s. in item no. 5211.2",observable_attribution_and_stage_fit,"The official HS92 description identifies woven fabric explicitly containing or made of cotton, which is inside the canonical stage definition. No unobserved product form, feedstock, species, or end use is inferred from the commodity name alone.",,,frozen observable-attribution decision specification,not_performed
cotton,521131,include,exp_cottonfabric,observable_regex,True,\bcotton\b,"Fabrics, woven: containing less than 85% by weight of cotton, mixed mainly or solely with man-made fibres, weighing more than 200g/m2, dyed, plain weave",observable_attribution_and_stage_fit,"The official HS92 description identifies woven fabric explicitly containing or made of cotton, which is inside the canonical stage definition. No unobserved product form, feedstock, species, or end use is inferred from the commodity name alone.",exp_cottonfabric,,frozen observable-attribution decision specification,not_performed
cotton,521132,include,exp_cottonfabric,observable_regex,True,\bcotton\b,"Fabrics, woven: containing less than 85% by weight of cotton, mixed mainly or solely with man-made fibres, weighing more than 200g/m2, dyed, 3-thread or 4-thread twill, including cross twill",observable_attribution_and_stage_fit,"The official HS92 description identifies woven fabric explicitly containing or made of cotton, which is inside the canonical stage definition. No unobserved product form, feedstock, species, or end use is inferred from the commodity name alone.",,,frozen observable-attribution decision specification,not_performed
cotton,521139,include,exp_cottonfabric,observable_regex,True,\bcotton\b,"Fabrics, woven: containing less than 85% by weight of cotton, mixed mainly or solely with man-made fibres, weighing more than 200g/m2, dyed, of weaves n.e.s. in item no. 5211.3",observable_attribution_and_stage_fit,"The official HS92 description identifies woven fabric explicitly containing or made of cotton, which is inside the canonical stage definition. No unobserved product form, feedstock, species, or end use is inferred from the commodity name alone.",,,frozen observable-attribution decision specification,not_performed
cotton,521141,include,exp_cottonfabric,observable_regex,True,\bcotton\b,"Fabrics, woven: containing less than 85% by weight of cotton, mixed mainly or solely with man-made fibres, weighing more than 200g/m2, of yarns of different colours, plain weave",observable_attribution_and_stage_fit,"The official HS92 description identifies woven fabric explicitly containing or made of cotton, which is inside the canonical stage definition. No unobserved product form, feedstock, species, or end use is inferred from the commodity name alone.",,,frozen observable-attribution decision specification,not_performed
cotton,521142,include,exp_cottonfabric,observable_regex,True,\bcotton\b,"Fabrics, woven: containing less than 85% by weight of cotton, mixed mainly or solely with man-made fibres, weighing more than 200g/m2, of yarns of different colours, denim",observable_attribution_and_stage_fit,"The official HS92 description identifies woven fabric explicitly containing or made of cotton, which is inside the canonical stage definition. No unobserved product form, feedstock, species, or end use is inferred from the commodity name alone.",,,frozen observable-attribution decision specification,not_performed
cotton,521143,include,exp_cottonfabric,observable_regex,True,\bcotton\b,"Fabrics, woven: containing less than 85% by weight of cotton, mixed mainly or solely with man-made fibres, weighing more than 200g/m2, of yarns of different colours, 3-thread or 4-thread twill, including cross twill",observable_attribution_and_stage_fit,"The official HS92 description identifies woven fabric explicitly containing or made of cotton, which is inside the canonical stage definition. No unobserved product form, feedstock, species, or end use is inferred from the commodity name alone.",,,frozen observable-attribution decision specification,not_performed
cotton,521149,include,exp_cottonfabric,observable_regex,True,\bcotton\b,"Fabrics, woven: containing less than 85% by weight of cotton, mixed mainly or solely with man-made fibres, weighing more than 200g/m2, of yarns of different colours, of weaves n.e.s. in item no. 5211.4",observable_attribution_and_stage_fit,"The official HS92 description identifies woven fabric explicitly containing or made of cotton, which is inside the canonical stage definition. No unobserved product form, feedstock, species, or end use is inferred from the commodity name alone.",,,frozen observable-attribution decision specification,not_performed
cotton,521151,include,exp_cottonfabric,observable_regex,True,\bcotton\b,"Fabrics, woven: containing less than 85% by weight of cotton, mixed mainly or solely with man-made fibres, weighing more than 200g/m2, printed, plain weave",observable_attribution_and_stage_fit,"The official HS92 description identifies woven fabric explicitly containing or made of cotton, which is inside the canonical stage definition. No unobserved product form, feedstock, species, or end use is inferred from the commodity name alone.",,,frozen observable-attribution decision specification,not_performed
cotton,521152,include,exp_cottonfabric,observable_regex,True,\bcotton\b,"Fabrics, woven: containing less than 85% by weight of cotton, mixed mainly or solely with man-made fibres, weighing more than 200g/m2, printed, 3-thread or 4-thread twill, including cross twill",observable_attribution_and_stage_fit,"The official HS92 description identifies woven fabric explicitly containing or made of cotton, which is inside the canonical stage definition. No unobserved product form, feedstock, species, or end use is inferred from the commodity name alone.",,,frozen observable-attribution decision specification,not_performed
cotton,521159,include,exp_cottonfabric,observable_regex,True,\bcotton\b,"Fabrics, woven: containing less than 85% by weight of cotton, mixed mainly or solely with man-made fibres, weighing more than 200g/m2, printed, of weaves n.e.s. in item no. 5211.5",observable_attribution_and_stage_fit,"The official HS92 description identifies woven fabric explicitly containing or made of cotton, which is inside the canonical stage definition. No unobserved product form, feedstock, species, or end use is inferred from the commodity name alone.",,,frozen observable-attribution decision specification,not_performed
cotton,521211,include,exp_cottonfabric,observable_regex,True,\bcotton\b,"Fabrics, woven: of cotton, unbleached, weighing not more than 200g/m2, n.e.s. in chapter 52",observable_attribution_and_stage_fit,"The official HS92 description identifies woven fabric explicitly containing or made of cotton, which is inside the canonical stage definition. No unobserved product form, feedstock, species, or end use is inferred from the commodity name alone.",exp_cottonfabric,,frozen observable-attribution decision specification,not_performed
cotton,521212,include,exp_cottonfabric,observable_regex,True,\bcotton\b,"Fabrics, woven: of cotton, bleached, weighing not more than 200g/m2, n.e.s. in chapter 52",observable_attribution_and_stage_fit,"The official HS92 description identifies woven fabric explicitly containing or made of cotton, which is inside the canonical stage definition. No unobserved product form, feedstock, species, or end use is inferred from the commodity name alone.",,,frozen observable-attribution decision specification,not_performed
cotton,521213,include,exp_cottonfabric,observable_regex,True,\bcotton\b,"Fabrics, woven: of cotton, dyed, weighing not more than 200g/m2, n.e.s. in chapter 52",observable_attribution_and_stage_fit,"The official HS92 description identifies woven fabric explicitly containing or made of cotton, which is inside the canonical stage definition. No unobserved product form, feedstock, species, or end use is inferred from the commodity name alone.",,,frozen observable-attribution decision specification,not_performed
cotton,521214,include,exp_cottonfabric,observable_regex,True,\bcotton\b,"Fabrics, woven: of cotton, of yarns of different colours, weighing not more than 200g/m2, n.e.s. in chapter 52",observable_attribution_and_stage_fit,"The official HS92 description identifies woven fabric explicitly containing or made of cotton, which is inside the canonical stage definition. No unobserved product form, feedstock, species, or end use is inferred from the commodity name alone.",,,frozen observable-attribution decision specification,not_performed
cotton,521215,include,exp_cottonfabric,observable_regex,True,\bcotton\b,"Fabrics, woven: of cotton, printed, weighing not more than 200g/m2, n.e.s. in chapter 52",observable_attribution_and_stage_fit,"The official HS92 description identifies woven fabric explicitly containing or made of cotton, which is inside the canonical stage definition. No unobserved product form, feedstock, species, or end use is inferred from the commodity name alone.",,,frozen observable-attribution decision specification,not_performed
cotton,521221,include,exp_cottonfabric,observable_regex,True,\bcotton\b,"Fabrics, woven: of cotton, unbleached, weighing more than  200g/m2, n.e.s. in chapter 52",observable_attribution_and_stage_fit,"The official HS92 description identifies woven fabric explicitly containing or made of cotton, which is inside the canonical stage definition. No unobserved product form, feedstock, species, or end use is inferred from the commodity name alone.",exp_cottonfabric,,frozen observable-attribution decision specification,not_performed
cotton,521222,include,exp_cottonfabric,observable_regex,True,\bcotton\b,"Fabrics, woven: of cotton, bleached, weighing more than 200g/m2, n.e.s. in chapter 52",observable_attribution_and_stage_fit,"The official HS92 description identifies woven fabric explicitly containing or made of cotton, which is inside the canonical stage definition. No unobserved product form, feedstock, species, or end use is inferred from the commodity name alone.",,,frozen observable-attribution decision specification,not_performed
cotton,521223,include,exp_cottonfabric,observable_regex,True,\bcotton\b,"Fabrics, woven: of cotton, dyed, weighing more than 200g/m2, n.e.s. in chapter 52",observable_attribution_and_stage_fit,"The official HS92 description identifies woven fabric explicitly containing or made of cotton, which is inside the canonical stage definition. No unobserved product form, feedstock, species, or end use is inferred from the commodity name alone.",,,frozen observable-attribution decision specification,not_performed
cotton,521224,include,exp_cottonfabric,observable_regex,True,\bcotton\b,"Fabrics, woven: of cotton, of yarns of different colours, weighing more than 200g/m2, n.e.s. in chapter 52",observable_attribution_and_stage_fit,"The official HS92 description identifies woven fabric explicitly containing or made of cotton, which is inside the canonical stage definition. No unobserved product form, feedstock, species, or end use is inferred from the commodity name alone.",,,frozen observable-attribution decision specification,not_performed
cotton,521225,include,exp_cottonfabric,observable_regex,True,\bcotton\b,"Fabrics, woven: of cotton, printed, weighing more than 200g/m2, n.e.s. in chapter 52",observable_attribution_and_stage_fit,"The official HS92 description identifies woven fabric explicitly containing or made of cotton, which is inside the canonical stage definition. No unobserved product form, feedstock, species, or end use is inferred from the commodity name alone.",,,frozen observable-attribution decision specification,not_performed
cotton,540781,include,exp_cottonfabric,observable_regex,True,\bcotton\b,"Fabrics, woven: of synthetic filament yarn, containing less than 85% by weight of synthetic filaments, mixed mainly or solely with cotton, bleached or unbleached",observable_attribution_and_stage_fit,"The official HS92 description identifies woven fabric explicitly containing or made of cotton, which is inside the canonical stage definition. No unobserved product form, feedstock, species, or end use is inferred from the commodity name alone.",,,frozen observable-attribution decision specification,not_performed
cotton,540782,include,exp_cottonfabric,observable_regex,True,\bcotton\b,"Fabrics, woven: of synthetic filament yarn, containing less than 85% by weight of synthetic filaments, mixed mainly or solely with cotton, dyed",observable_attribution_and_stage_fit,"The official HS92 description identifies woven fabric explicitly containing or made of cotton, which is inside the canonical stage definition. No unobserved product form, feedstock, species, or end use is inferred from the commodity name alone.",,,frozen observable-attribution decision specification,not_performed
cotton,540783,include,exp_cottonfabric,observable_regex,True,\bcotton\b,"Fabrics, woven: of synthetic filament yarn, containing less than 85% by weight of synthetic filaments, mixed mainly or solely with cotton, of yarns of different colours",observable_attribution_and_stage_fit,"The official HS92 description identifies woven fabric explicitly containing or made of cotton, which is inside the canonical stage definition. No unobserved product form, feedstock, species, or end use is inferred from the commodity name alone.",,,frozen observable-attribution decision specification,not_performed
cotton,550953,include,exp_cottonyarn,observable_regex,True,\bcotton\b,"Yarn: (not sewing thread), of polyester staple fibres, mixed mainly or solely with cotton, not put up for retail sale",observable_attribution_and_stage_fit,"The official HS92 description identifies non-sewing yarn explicitly containing cotton, including cross-material blends, which is inside the canonical stage definition. No unobserved product form, feedstock, species, or end use is inferred from the commodity name alone.",,,frozen observable-attribution decision specification,not_performed
cotton,550962,include,exp_cottonyarn,observable_regex,True,\bcotton\b,"Yarn: (not sewing thread), of acrylic or modacrylic staple fibres, mixed mainly or solely with cotton, not put up for retail sale",observable_attribution_and_stage_fit,"The official HS92 description identifies non-sewing yarn explicitly containing cotton, including cross-material blends, which is inside the canonical stage definition. No unobserved product form, feedstock, species, or end use is inferred from the commodity name alone.",,,frozen observable-attribution decision specification,not_performed
cotton,550992,include,exp_cottonyarn,observable_regex,True,\bcotton\b,"Yarn: (not sewing thread), of synthetic staple fibres, mixed mainly or solely with cotton, n.e.s. in heading no. 5509, not put up for retail sale",observable_attribution_and_stage_fit,"The official HS92 description identifies non-sewing yarn explicitly containing cotton, including cross-material blends, which is inside the canonical stage definition. No unobserved product form, feedstock, species, or end use is inferred from the commodity name alone.",,,frozen observable-attribution decision specification,not_performed
cotton,550999,exclude,,observable_regex,True,\bcotton\b,"Yarn: (not sewing thread), of synthetic staple fibres, mixed mainly or solely with fibres (other than wool, fine animal hair or cotton), n.e.s. in heading no. 5509, not put up for retail sale",focal_expression_not_isolated,"Although the frozen focal expression occurs in the official HS92 description, the wording is negative, generic, multi-commodity, mixed-species, or otherwise does not isolate the focal commodity or material for attribution.",,,frozen observable-attribution decision specification,not_performed
cotton,551030,include,exp_cottonyarn,observable_regex,True,\bcotton\b,"Yarn: (not sewing thread), of artificial staple fibres, mixed mainly or solely with cotton, not put up for retail sale",observable_attribution_and_stage_fit,"The official HS92 description identifies non-sewing yarn explicitly containing cotton, including cross-material blends, which is inside the canonical stage definition. No unobserved product form, feedstock, species, or end use is inferred from the commodity name alone.",,,frozen observable-attribution decision specification,not_performed
cotton,551090,exclude,,observable_regex,True,\bcotton\b,"Yarn: (not sewing thread), of artificial staple fibres, mixed mainly or solely with fibres (other than wool, fine animal hair or cotton), not put up for retail sale",focal_expression_not_isolated,"Although the frozen focal expression occurs in the official HS92 description, the wording is negative, generic, multi-commodity, mixed-species, or otherwise does not isolate the focal commodity or material for attribution.",,,frozen observable-attribution decision specification,not_performed
cotton,551311,include,exp_cottonfabric,observable_regex,True,\bcotton\b,"Fabrics, woven: plain weave, of polyester staple fibres, containing less than 85% by weight of such fibres, mixed mainly or solely with cotton, of a weight not exceeding 170g/m2, unbleached or bleached",observable_attribution_and_stage_fit,"The official HS92 description identifies woven fabric explicitly containing or made of cotton, which is inside the canonical stage definition. No unobserved product form, feedstock, species, or end use is inferred from the commodity name alone.",,,frozen observable-attribution decision specification,not_performed
cotton,551312,include,exp_cottonfabric,observable_regex,True,\bcotton\b,"Fabrics, woven: 3-thread or 4-thread twill, of polyester staple fibres, containing less than 85% by weight of such, mixed mainly or solely with cotton, not exceeding 170g/m2, unbleached or bleached",observable_attribution_and_stage_fit,"The official HS92 description identifies woven fabric explicitly containing or made of cotton, which is inside the canonical stage definition. No unobserved product form, feedstock, species, or end use is inferred from the commodity name alone.",,,frozen observable-attribution decision specification,not_performed
cotton,551313,include,exp_cottonfabric,observable_regex,True,\bcotton\b,"Fabrics, woven: of polyester staple fibres, containing less than 85% by weight of such fibres, mixed mainly or solely with cotton, not exceeding 170g/m2, unbleached or bleached",observable_attribution_and_stage_fit,"The official HS92 description identifies woven fabric explicitly containing or made of cotton, which is inside the canonical stage definition. No unobserved product form, feedstock, species, or end use is inferred from the commodity name alone.",,,frozen observable-attribution decision specification,not_performed
cotton,551319,include,exp_cottonfabric,observable_regex,True,\bcotton\b,"Fabrics, woven: containing less than 85% by weight of synthetic staple fibres (other than polyesters), mixed mainly or solely with cotton, not exceeding 170g/m2, unbleached or bleached",observable_attribution_and_stage_fit,"The official HS92 description identifies woven fabric explicitly containing or made of cotton, which is inside the canonical stage definition. No unobserved product form, feedstock, species, or end use is inferred from the commodity name alone.",,,frozen observable-attribution decision specification,not_performed
cotton,551321,include,exp_cottonfabric,observable_regex,True,\bcotton\b,"Fabrics, woven: plain weave, dyed, containing less than 85% by weight of polyester staple fibres, mixed mainly or solely with cotton, not exceeding 170g/m2",observable_attribution_and_stage_fit,"The official HS92 description identifies woven fabric explicitly containing or made of cotton, which is inside the canonical stage definition. No unobserved product form, feedstock, species, or end use is inferred from the commodity name alone.",,,frozen observable-attribution decision specification,not_performed
cotton,551322,include,exp_cottonfabric,observable_regex,True,\bcotton\b,"Fabrics, woven: 3- or 4-thread twill, including cross twill, dyed, containing less than 85% by weight of polyester staple fibres, mixed mainly or solely with cotton, not exceeding 170g/m2",observable_attribution_and_stage_fit,"The official HS92 description identifies woven fabric explicitly containing or made of cotton, which is inside the canonical stage definition. No unobserved product form, feedstock, species, or end use is inferred from the commodity name alone.",,,frozen observable-attribution decision specification,not_performed
cotton,551323,include,exp_cottonfabric,observable_regex,True,\bcotton\b,"Fabrics, woven: dyed, containing less than 85% by weight of polyester staple fibres, mixed mainly or solely with cotton, not exceeding 170g/m2",observable_attribution_and_stage_fit,"The official HS92 description identifies woven fabric explicitly containing or made of cotton, which is inside the canonical stage definition. No unobserved product form, feedstock, species, or end use is inferred from the commodity name alone.",,,frozen observable-attribution decision specification,not_performed
cotton,551329,include,exp_cottonfabric,observable_regex,True,\bcotton\b,"Fabrics, woven: dyed, containing less than 85% by weight of synthetic staple fibres (other than polyesters), mixed mainly or solely with cotton, not exceeding 170g/m2",observable_attribution_and_stage_fit,"The official HS92 description identifies woven fabric explicitly containing or made of cotton, which is inside the canonical stage definition. No unobserved product form, feedstock, species, or end use is inferred from the commodity name alone.",,,frozen observable-attribution decision specification,not_performed
cotton,551331,include,exp_cottonfabric,observable_regex,True,\bcotton\b,"Fabrics, woven: plain weave, of yarns of different colours, containing less than 85% by weight of polyester staple fibres, mixed mainly or solely with cotton, not exceeding 170g/m2",observable_attribution_and_stage_fit,"The official HS92 description identifies woven fabric explicitly containing or made of cotton, which is inside the canonical stage definition. No unobserved product form, feedstock, species, or end use is inferred from the commodity name alone.",,,frozen observable-attribution decision specification,not_performed
cotton,551332,include,exp_cottonfabric,observable_regex,True,\bcotton\b,"Fabrics, woven: 3- or 4-thread twill, including cross twill, of yarns of different colours, less than 85% by weight of polyester staple fibres, mixed mainly or solely with cotton, not exceeding 170g/m2",observable_attribution_and_stage_fit,"The official HS92 description identifies woven fabric explicitly containing or made of cotton, which is inside the canonical stage definition. No unobserved product form, feedstock, species, or end use is inferred from the commodity name alone.",,,frozen observable-attribution decision specification,not_performed
cotton,551333,include,exp_cottonfabric,observable_regex,True,\bcotton\b,"Fabrics, woven: of yarns of different colours, containing less than 85% by weight of polyester staple fibres, mixed mainly or solely with cotton, not exceeding 170g/m2, n.e.s. in heading no. 5513",observable_attribution_and_stage_fit,"The official HS92 description identifies woven fabric explicitly containing or made of cotton, which is inside the canonical stage definition. No unobserved product form, feedstock, species, or end use is inferred from the commodity name alone.",,,frozen observable-attribution decision specification,not_performed
cotton,551339,include,exp_cottonfabric,observable_regex,True,\bcotton\b,"Fabrics, woven: of yarns of different colours, containing less than 85% of synthetic staple fibres (other than polyesters), mixed mainly or solely with cotton, not exceeding 170g/m2",observable_attribution_and_stage_fit,"The official HS92 description identifies woven fabric explicitly containing or made of cotton, which is inside the canonical stage definition. No unobserved product form, feedstock, species, or end use is inferred from the commodity name alone.",,,frozen observable-attribution decision specification,not_performed
cotton,551341,include,exp_cottonfabric,observable_regex,True,\bcotton\b,"Fabrics, woven: plain weave, printed, of polyester staple fibres, containing less than 85% by weight of such fibres, mixed mainly or solely with cotton, not exceeding 170g/m2",observable_attribution_and_stage_fit,"The official HS92 description identifies woven fabric explicitly containing or made of cotton, which is inside the canonical stage definition. No unobserved product form, feedstock, species, or end use is inferred from the commodity name alone.",,,frozen observable-attribution decision specification,not_performed
cotton,551342,include,exp_cottonfabric,observable_regex,True,\bcotton\b,"Fabrics, woven: 3- or 4-thread twill, including cross twill, printed, containing less than 85% by weight of polyester staple fibres, mixed mainly or solely with cotton, not exceeding 170g/m2",observable_attribution_and_stage_fit,"The official HS92 description identifies woven fabric explicitly containing or made of cotton, which is inside the canonical stage definition. No unobserved product form, feedstock, species, or end use is inferred from the commodity name alone.",,,frozen observable-attribution decision specification,not_performed
cotton,551343,include,exp_cottonfabric,observable_regex,True,\bcotton\b,"Fabrics, woven: printed, containing less than 85% by weight of polyester staple fibres, mixed mainly or solely with cotton, not exceeding 170g/m2, n.e.s. in heading no. 5513",observable_attribution_and_stage_fit,"The official HS92 description identifies woven fabric explicitly containing or made of cotton, which is inside the canonical stage definition. No unobserved product form, feedstock, species, or end use is inferred from the commodity name alone.",,,frozen observable-attribution decision specification,not_performed
cotton,551349,include,exp_cottonfabric,observable_regex,True,\bcotton\b,"Fabrics, woven: printed, containing less than 85% by weight of synthetic staple fibres (other than polyesters), mixed mainly or solely with cotton, not exceeding 170g/m2",observable_attribution_and_stage_fit,"The official HS92 description identifies woven fabric explicitly containing or made of cotton, which is inside the canonical stage definition. No unobserved product form, feedstock, species, or end use is inferred from the commodity name alone.",,,frozen observable-attribution decision specification,not_performed
cotton,551411,include,exp_cottonfabric,observable_regex,True,\bcotton\b,"Fabrics, woven: plain weave, unbleached or bleached, containing less than 85% by weight of polyester staple fibres, mixed mainly or solely with cotton, exceeding 170g/m2",observable_attribution_and_stage_fit,"The official HS92 description identifies woven fabric explicitly containing or made of cotton, which is inside the canonical stage definition. No unobserved product form, feedstock, species, or end use is inferred from the commodity name alone.",,,frozen observable-attribution decision specification,not_performed
cotton,551412,include,exp_cottonfabric,observable_regex,True,\bcotton\b,"Fabrics, woven: 3- or 4-thread twill, including cross twill, unbleached or bleached, containing less than 85% by weight of polyester staple fibres, mixed mainly or solely with cotton, over 170g/m2",observable_attribution_and_stage_fit,"The official HS92 description identifies woven fabric explicitly containing or made of cotton, which is inside the canonical stage definition. No unobserved product form, feedstock, species, or end use is inferred from the commodity name alone.",,,frozen observable-attribution decision specification,not_performed
cotton,551413,include,exp_cottonfabric,observable_regex,True,\bcotton\b,"Fabrics, woven: unbleached or bleached, containing less than 85% by weight of polyester staple fibres, mixed mainly or solely with cotton, exceeding 170g/m2, n.e.s. in heading no. 5514",observable_attribution_and_stage_fit,"The official HS92 description identifies woven fabric explicitly containing or made of cotton, which is inside the canonical stage definition. No unobserved product form, feedstock, species, or end use is inferred from the commodity name alone.",,,frozen observable-attribution decision specification,not_performed
cotton,551419,include,exp_cottonfabric,observable_regex,True,\bcotton\b,"Fabrics, woven: unbleached or bleached, containing less than 85% by weight of synthetic staple fibres (other than polyesters), mixed mainly or solely with cotton, exceeding 170g/m2",observable_attribution_and_stage_fit,"The official HS92 description identifies woven fabric explicitly containing or made of cotton, which is inside the canonical stage definition. No unobserved product form, feedstock, species, or end use is inferred from the commodity name alone.",,,frozen observable-attribution decision specification,not_performed
cotton,551421,include,exp_cottonfabric,observable_regex,True,\bcotton\b,"Fabrics, woven: plain weave, dyed, containing less than 85% by weight of polyester staple fibres, mixed mainly or solely with cotton, exceeding 170g/m2",observable_attribution_and_stage_fit,"The official HS92 description identifies woven fabric explicitly containing or made of cotton, which is inside the canonical stage definition. No unobserved product form, feedstock, species, or end use is inferred from the commodity name alone.",,,frozen observable-attribution decision specification,not_performed
cotton,551422,include,exp_cottonfabric,observable_regex,True,\bcotton\b,"Fabrics, woven: 3- or 4-thread twill, including cross twill, dyed, containing less than 85% by weight of polyester staple fibres, mixed mainly or solely with cotton, exceeding 170g/m2",observable_attribution_and_stage_fit,"The official HS92 description identifies woven fabric explicitly containing or made of cotton, which is inside the canonical stage definition. No unobserved product form, feedstock, species, or end use is inferred from the commodity name alone.",,,frozen observable-attribution decision specification,not_performed
cotton,551423,include,exp_cottonfabric,observable_regex,True,\bcotton\b,"Fabrics, woven: dyed, containing less than 85% by weight of polyester staple fibres, mixed mainly or solely with cotton, exceeding 170g/m2, n.e.s. in  heading no. 5514",observable_attribution_and_stage_fit,"The official HS92 description identifies woven fabric explicitly containing or made of cotton, which is inside the canonical stage definition. No unobserved product form, feedstock, species, or end use is inferred from the commodity name alone.",,,frozen observable-attribution decision specification,not_performed
cotton,551429,include,exp_cottonfabric,observable_regex,True,\bcotton\b,"Fabrics, woven: dyed, containing less than 85% by weight of synthetic staple fibres (other than polyesters), mixed mainly or solely with cotton, exceeding 170g/m2",observable_attribution_and_stage_fit,"The official HS92 description identifies woven fabric explicitly containing or made of cotton, which is inside the canonical stage definition. No unobserved product form, feedstock, species, or end use is inferred from the commodity name alone.",,,frozen observable-attribution decision specification,not_performed
cotton,551431,include,exp_cottonfabric,observable_regex,True,\bcotton\b,"Fabrics, woven: plain weave, of yarns of different colours, containing less than 85% by weight of polyester staple fibres, mixed mainly or solely with cotton, exceeding 170g/m2",observable_attribution_and_stage_fit,"The official HS92 description identifies woven fabric explicitly containing or made of cotton, which is inside the canonical stage definition. No unobserved product form, feedstock, species, or end use is inferred from the commodity name alone.",,,frozen observable-attribution decision specification,not_performed
cotton,551432,include,exp_cottonfabric,observable_regex,True,\bcotton\b,"Fabrics, woven: 3- or 4-thread twill, including cross twill, of yarns of different colours, containing less than 85% by weight of polyester staple fibres, mixed mainly or solely with cotton, exceeding 170g/m2",observable_attribution_and_stage_fit,"The official HS92 description identifies woven fabric explicitly containing or made of cotton, which is inside the canonical stage definition. No unobserved product form, feedstock, species, or end use is inferred from the commodity name alone.",,,frozen observable-attribution decision specification,not_performed
cotton,551433,include,exp_cottonfabric,observable_regex,True,\bcotton\b,"Fabrics, woven: of yarns of different colours, of polyester staple fibres, containing less than 85% by weight of such, mixed mainly or solely with cotton, over 170g/m2, n.e.s. in heading no. 5514",observable_attribution_and_stage_fit,"The official HS92 description identifies woven fabric explicitly containing or made of cotton, which is inside the canonical stage definition. No unobserved product form, feedstock, species, or end use is inferred from the commodity name alone.",,,frozen observable-attribution decision specification,not_performed
cotton,551439,include,exp_cottonfabric,observable_regex,True,\bcotton\b,"Fabrics, woven: of yarns of different colours, containing less than 85% by weight of synthetic staple fibres (other than polyesters), mixed mainly or solely with cotton, exceeding 170g/m2",observable_attribution_and_stage_fit,"The official HS92 description identifies woven fabric explicitly containing or made of cotton, which is inside the canonical stage definition. No unobserved product form, feedstock, species, or end use is inferred from the commodity name alone.",,,frozen observable-attribution decision specification,not_performed
cotton,551441,include,exp_cottonfabric,observable_regex,True,\bcotton\b,"Fabrics, woven: plain weave, printed, containing less than 85% by weight of polyester staple fibres, mixed mainly or solely with cotton, exceeding 170g/m2",observable_attribution_and_stage_fit,"The official HS92 description identifies woven fabric explicitly containing or made of cotton, which is inside the canonical stage definition. No unobserved product form, feedstock, species, or end use is inferred from the commodity name alone.",,,frozen observable-attribution decision specification,not_performed
cotton,551442,include,exp_cottonfabric,observable_regex,True,\bcotton\b,"Fabrics, woven: 3- or 4-thread twill, including cross twill, printed, containing less than 85% by weight of polyester staple fibres, mixed mainly or solely with cotton, exceeding 170g/m2",observable_attribution_and_stage_fit,"The official HS92 description identifies woven fabric explicitly containing or made of cotton, which is inside the canonical stage definition. No unobserved product form, feedstock, species, or end use is inferred from the commodity name alone.",,,frozen observable-attribution decision specification,not_performed
cotton,551443,include,exp_cottonfabric,observable_regex,True,\bcotton\b,"Fabrics, woven: printed, containing less than 85% by weight of polyester staple fibres, mixed mainly or solely with cotton, weight exceeding 170g/m2, n.e.s. in heading no. 5514",observable_attribution_and_stage_fit,"The official HS92 description identifies woven fabric explicitly containing or made of cotton, which is inside the canonical stage definition. No unobserved product form, feedstock, species, or end use is inferred from the commodity name alone.",,,frozen observable-attribution decision specification,not_performed
cotton,551449,include,exp_cottonfabric,observable_regex,True,\bcotton\b,"Fabrics, woven: printed, containing less than 85% by weight of synthetic staple fibres (other than polyesters), mixed mainly or solely with cotton, exceeding 170g/m2",observable_attribution_and_stage_fit,"The official HS92 description identifies woven fabric explicitly containing or made of cotton, which is inside the canonical stage definition. No unobserved product form, feedstock, species, or end use is inferred from the commodity name alone.",,,frozen observable-attribution decision specification,not_performed
cotton,551641,include,exp_cottonfabric,observable_regex,True,\bcotton\b,"Fabrics, woven: unbleached or bleached, containing less than 85% by weight of artificial staple fibres, mixed mainly or solely with cotton",observable_attribution_and_stage_fit,"The official HS92 description identifies woven fabric explicitly containing or made of cotton, which is inside the canonical stage definition. No unobserved product form, feedstock, species, or end use is inferred from the commodity name alone.",,,frozen observable-attribution decision specification,not_performed
cotton,551642,include,exp_cottonfabric,observable_regex,True,\bcotton\b,"Fabrics, woven: dyed, containing less than 85% by weight of artificial staple fibres, mixed mainly or solely with cotton",observable_attribution_and_stage_fit,"The official HS92 description identifies woven fabric explicitly containing or made of cotton, which is inside the canonical stage definition. No unobserved product form, feedstock, species, or end use is inferred from the commodity name alone.",,,frozen observable-attribution decision specification,not_performed
cotton,551643,include,exp_cottonfabric,observable_regex,True,\bcotton\b,"Fabrics, woven: of yarns of different colours, containing less than 85% by weight of artificial staple fibres, mixed mainly or solely with cotton",observable_attribution_and_stage_fit,"The official HS92 description identifies woven fabric explicitly containing or made of cotton, which is inside the canonical stage definition. No unobserved product form, feedstock, species, or end use is inferred from the commodity name alone.",,,frozen observable-attribution decision specification,not_performed
cotton,551644,include,exp_cottonfabric,observable_regex,True,\bcotton\b,"Fabrics, woven: printed, containing less than 85% by weight of artificial staple fibres, mixed mainly or solely with cotton",observable_attribution_and_stage_fit,"The official HS92 description identifies woven fabric explicitly containing or made of cotton, which is inside the canonical stage definition. No unobserved product form, feedstock, species, or end use is inferred from the commodity name alone.",,,frozen observable-attribution decision specification,not_performed
cotton,560121,out_of_stage,,observable_regex,True,\bcotton\b,"Wadding: other articles thereof, of cotton",explicit_focal_product_outside_frozen_stage,"The official HS92 description explicitly names the focal commodity or material, but its described product form is outside every frozen stage in this chain.",,,frozen observable-attribution decision specification,not_performed
cotton,560129,exclude,,observable_regex,True,\bcotton\b,"Wadding: other articles thereof, other than of cotton or man-made fibres",focal_expression_not_isolated,"Although the frozen focal expression occurs in the official HS92 description, the wording is negative, generic, multi-commodity, mixed-species, or otherwise does not isolate the focal commodity or material for attribution.",,,frozen observable-attribution decision specification,not_performed
cotton,580121,include,exp_cottonfabric,observable_regex,True,\bcotton\b,"Fabrics: woven pile, of cotton, uncut weft pile fabrics, other than fabrics of heading no. 5802 or 5806",observable_attribution_and_stage_fit,"The official HS92 description identifies woven fabric explicitly containing or made of cotton, which is inside the canonical stage definition. No unobserved product form, feedstock, species, or end use is inferred from the commodity name alone.",,,frozen observable-attribution decision specification,not_performed
cotton,580122,include,exp_cottonfabric,observable_regex,True,\bcotton\b,"Fabrics: woven pile, of cotton, cut corduroy, other than fabrics of heading no. 5802 or 5806",observable_attribution_and_stage_fit,"The official HS92 description identifies woven fabric explicitly containing or made of cotton, which is inside the canonical stage definition. No unobserved product form, feedstock, species, or end use is inferred from the commodity name alone.",,,frozen observable-attribution decision specification,not_performed
cotton,580123,include,exp_cottonfabric,observable_regex,True,\bcotton\b,"Fabrics: woven pile, of cotton, weft pile fabrics other than uncut and corduroy, other than fabrics of heading no. 5802 or 5806",observable_attribution_and_stage_fit,"The official HS92 description identifies woven fabric explicitly containing or made of cotton, which is inside the canonical stage definition. No unobserved product form, feedstock, species, or end use is inferred from the commodity name alone.",,,frozen observable-attribution decision specification,not_performed
cotton,580124,include,exp_cottonfabric,observable_regex,True,\bcotton\b,"Fabrics: woven pile, of cotton, warp pile fabrics, epingle (uncut), other than fabrics of heading no. 5802 or 5806",observable_attribution_and_stage_fit,"The official HS92 description identifies woven fabric explicitly containing or made of cotton, which is inside the canonical stage definition. No unobserved product form, feedstock, species, or end use is inferred from the commodity name alone.",,,frozen observable-attribution decision specification,not_performed
cotton,580125,include,exp_cottonfabric,observable_regex,True,\bcotton\b,"Fabrics: woven pile, of cotton, warp pile fabrics, cut, other than fabrics of heading no. 5802 or 5806",observable_attribution_and_stage_fit,"The official HS92 description identifies woven fabric explicitly containing or made of cotton, which is inside the canonical stage definition. No unobserved product form, feedstock, species, or end use is inferred from the commodity name alone.",,,frozen observable-attribution decision specification,not_performed
cotton,580126,out_of_stage,,observable_regex,True,\bcotton\b,"Fabrics: chenille, of cotton, other than fabrics of heading no. 5802 or 5806",explicit_focal_product_outside_frozen_stage,"The official HS92 description explicitly names the focal commodity or material, but its described product form is outside every frozen stage in this chain.",,,frozen observable-attribution decision specification,not_performed
cotton,580211,include,exp_cottonfabric,observable_regex,True,\bcotton\b,"Fabrics: terry towelling and similar woven terry fabrics, of cotton, unbleached, excluding narrow fabrics of heading no. 5806",observable_attribution_and_stage_fit,"The official HS92 description identifies woven fabric explicitly containing or made of cotton, which is inside the canonical stage definition. No unobserved product form, feedstock, species, or end use is inferred from the commodity name alone.",,,frozen observable-attribution decision specification,not_performed
cotton,580219,include,exp_cottonfabric,observable_regex,True,\bcotton\b,"Fabrics: terry towelling and similar woven terry fabrics, of cotton, bleached, excluding narrow fabrics of heading no. 5806",observable_attribution_and_stage_fit,"The official HS92 description identifies woven fabric explicitly containing or made of cotton, which is inside the canonical stage definition. No unobserved product form, feedstock, species, or end use is inferred from the commodity name alone.",,,frozen observable-attribution decision specification,not_performed
cotton,580220,exclude,,observable_regex,True,\bcotton\b,"Fabrics: terry towelling and similar woven terry fabrics, of textile materials, excluding cotton, excluding narrow fabrics of heading no. 5806",focal_expression_not_isolated,"Although the frozen focal expression occurs in the official HS92 description, the wording is negative, generic, multi-commodity, mixed-species, or otherwise does not isolate the focal commodity or material for attribution.",,,frozen observable-attribution decision specification,not_performed
cotton,580310,out_of_stage,,observable_regex,True,\bcotton\b,"Gauze: of cotton, other than narrow fabrics of heading no. 5806",explicit_focal_product_outside_frozen_stage,"The official HS92 description explicitly names the focal commodity or material, but its described product form is outside every frozen stage in this chain.",,,frozen observable-attribution decision specification,not_performed
cotton,580390,exclude,,observable_regex,True,\bcotton\b,"Gauze: of textile materials other than cotton, (excluding narrow fabrics of heading no. 5806)",focal_expression_not_isolated,"Although the frozen focal expression occurs in the official HS92 description, the wording is negative, generic, multi-commodity, mixed-species, or otherwise does not isolate the focal commodity or material for attribution.",,,frozen observable-attribution decision specification,not_performed
cotton,580631,include,exp_cottonfabric,observable_regex,True,\bcotton\b,"Fabrics: narrow woven fabrics, n.e.s. in heading no. 5806, of cotton (excluding goods of heading no. 5807)",observable_attribution_and_stage_fit,"The official HS92 description identifies woven fabric explicitly containing or made of cotton, which is inside the canonical stage definition. No unobserved product form, feedstock, species, or end use is inferred from the commodity name alone.",,,frozen observable-attribution decision specification,not_performed
cotton,581091,out_of_stage,,observable_regex,True,\bcotton\b,"Embroidery: with visible ground, of cotton, in the piece, in strips or in motifs",explicit_focal_product_outside_frozen_stage,"The official HS92 description explicitly names the focal commodity or material, but its described product form is outside every frozen stage in this chain.",,,frozen observable-attribution decision specification,not_performed
cotton,581099,exclude,,observable_regex,True,\bcotton\b,"Embroidery: with visible ground, of textile materials (other than cotton and man-made fibres), in the piece, in strips or in motifs",focal_expression_not_isolated,"Although the frozen focal expression occurs in the official HS92 description, the wording is negative, generic, multi-commodity, mixed-species, or otherwise does not isolate the focal commodity or material for attribution.",,,frozen observable-attribution decision specification,not_performed
cotton,600121,include,exp_cottonknitfabric,observable_regex,True,\bcotton\b,"Fabrics: looped pile fabrics, of cotton, knitted or crocheted",observable_attribution_and_stage_fit,"The official HS92 description identifies knitted or crocheted cotton fabric, which is inside the canonical stage definition. No unobserved product form, feedstock, species, or end use is inferred from the commodity name alone.",exp_cottonknitfabric,,frozen observable-attribution decision specification,not_performed
cotton,600129,exclude,,observable_regex,True,\bcotton\b,"Fabrics: looped pile fabrics, of textile materials (other than cotton or man-made fibres), knitted or crocheted",focal_expression_not_isolated,"Although the frozen focal expression occurs in the official HS92 description, the wording is negative, generic, multi-commodity, mixed-species, or otherwise does not isolate the focal commodity or material for attribution.",,,frozen observable-attribution decision specification,not_performed
cotton,600191,include,exp_cottonknitfabric,observable_regex,True,\bcotton\b,"Fabrics: pile fabrics (excluding ""long pile"" and loop pile), of cotton, knitted or crocheted",observable_attribution_and_stage_fit,"The official HS92 description identifies knitted or crocheted cotton fabric, which is inside the canonical stage definition. No unobserved product form, feedstock, species, or end use is inferred from the commodity name alone.",exp_cottonknitfabric,,frozen observable-attribution decision specification,not_performed
cotton,600199,exclude,,observable_regex,True,\bcotton\b,"Fabrics: pile fabrics (excluding ""long pile"" and loop pile), of textile materials (other than cotton or man-made fibres), knitted or crocheted",focal_expression_not_isolated,"Although the frozen focal expression occurs in the official HS92 description, the wording is negative, generic, multi-commodity, mixed-species, or otherwise does not isolate the focal commodity or material for attribution.",,,frozen observable-attribution decision specification,not_performed
cotton,600220,exclude,,legacy_only,False,\bcotton\b,"Fabrics: knitted or crocheted (excluding pile fabrics), 30cm or less wide",legacy_description_lacks_focal_term,"The historical proposal is retained for provenance, but the official HS92 description does not match the frozen focal lexicon. Observable attribution therefore forbids inclusion.",exp_cottonknitfabric,,frozen observable-attribution decision specification,not_performed
cotton,600242,include,exp_cottonknitfabric,observable_regex,True,\bcotton\b,"Fabrics: warp knit, (including those made on galloon knitting machines, excluding pile fabrics), of cotton",observable_attribution_and_stage_fit,"The official HS92 description identifies knitted or crocheted cotton fabric, which is inside the canonical stage definition. No unobserved product form, feedstock, species, or end use is inferred from the commodity name alone.",exp_cottonknitfabric,,frozen observable-attribution decision specification,not_performed
cotton,600292,include,exp_cottonknitfabric,observable_regex,True,\bcotton\b,"Fabrics: knitted or crocheted (excluding pile fabrics and warp knit), of cotton",observable_attribution_and_stage_fit,"The official HS92 description identifies knitted or crocheted cotton fabric, which is inside the canonical stage definition. No unobserved product form, feedstock, species, or end use is inferred from the commodity name alone.",exp_cottonknitfabric,,frozen observable-attribution decision specification,not_performed
cotton,610120,out_of_stage,,observable_regex,True,\bcotton\b,"Coats: men's or boys' overcoats, car-coats, capes, anoraks, wind-jackets and similar articles, of cotton, knitted or crocheted (excluding those of heading no. 6103)",explicit_focal_product_outside_frozen_stage,"The official HS92 description explicitly names the focal commodity or material, but its described product form is outside every frozen stage in this chain.",,,frozen observable-attribution decision specification,not_performed
cotton,610220,out_of_stage,,observable_regex,True,\bcotton\b,"Coats: women's or girls' overcoats, car-coats, capes, anoraks, wind-jackets and similar articles, of cotton, knitted or crocheted (excluding those of heading no. 6104)",explicit_focal_product_outside_frozen_stage,"The official HS92 description explicitly names the focal commodity or material, but its described product form is outside every frozen stage in this chain.",,,frozen observable-attribution decision specification,not_performed
cotton,610322,out_of_stage,,observable_regex,True,\bcotton\b,"Ensembles: men's or boys', of cotton, knitted or crocheted",explicit_focal_product_outside_frozen_stage,"The official HS92 description explicitly names the focal commodity or material, but its described product form is outside every frozen stage in this chain.",,,frozen observable-attribution decision specification,not_performed
cotton,610329,exclude,,observable_regex,True,\bcotton\b,"Ensembles: men's or boys', of textile materials (other than wool or fine animal hair, cotton or synthetic fibres), knitted or crocheted",focal_expression_not_isolated,"Although the frozen focal expression occurs in the official HS92 description, the wording is negative, generic, multi-commodity, mixed-species, or otherwise does not isolate the focal commodity or material for attribution.",,,frozen observable-attribution decision specification,not_performed
cotton,610332,out_of_stage,,observable_regex,True,\bcotton\b,"Jackets and blazers: men's or boys', of cotton, knitted or crocheted",explicit_focal_product_outside_frozen_stage,"The official HS92 description explicitly names the focal commodity or material, but its described product form is outside every frozen stage in this chain.",,,frozen observable-attribution decision specification,not_performed
cotton,610339,exclude,,observable_regex,True,\bcotton\b,"Jackets and blazers: men's or boys', of textile materials (other than wool or fine animal hair, cotton or synthetic fibres), knitted or crocheted",focal_expression_not_isolated,"Although the frozen focal expression occurs in the official HS92 description, the wording is negative, generic, multi-commodity, mixed-species, or otherwise does not isolate the focal commodity or material for attribution.",,,frozen observable-attribution decision specification,not_performed
cotton,610342,include,exp_cottonapparel_knit,observable_regex,True,\bcotton\b,"Trousers, bib and brace overalls, breeches and shorts: men's or boys', of cotton, knitted or crocheted",observable_attribution_and_stage_fit,"The official HS92 description identifies one of the declared knitted or crocheted cotton-apparel forms, which is inside the canonical stage definition. No unobserved product form, feedstock, species, or end use is inferred from the commodity name alone.",exp_cottonapparel_knit,,frozen observable-attribution decision specification,not_performed
cotton,610349,exclude,,observable_regex,True,\bcotton\b,"Trousers, bib and brace overalls, breeches and shorts: men's or boys', of textile materials (other than wool or fine animal hair, cotton or synthetic fibres), knitted or crocheted",focal_expression_not_isolated,"Although the frozen focal expression occurs in the official HS92 description, the wording is negative, generic, multi-commodity, mixed-species, or otherwise does not isolate the focal commodity or material for attribution.",,,frozen observable-attribution decision specification,not_performed
cotton,610412,out_of_stage,,observable_regex,True,\bcotton\b,"Suits: women's or girls', of cotton, knitted or crocheted",explicit_focal_product_outside_frozen_stage,"The official HS92 description explicitly names the focal commodity or material, but its described product form is outside every frozen stage in this chain.",,,frozen observable-attribution decision specification,not_performed
cotton,610419,exclude,,observable_regex,True,\bcotton\b,"Suits: women's or girls', of textile materials (other than wool or fine animal hair, cotton or synthetic fibres), knitted or crocheted",focal_expression_not_isolated,"Although the frozen focal expression occurs in the official HS92 description, the wording is negative, generic, multi-commodity, mixed-species, or otherwise does not isolate the focal commodity or material for attribution.",,,frozen observable-attribution decision specification,not_performed
cotton,610422,out_of_stage,,observable_regex,True,\bcotton\b,"Ensembles: women's or girls', of cotton, knitted or crocheted",explicit_focal_product_outside_frozen_stage,"The official HS92 description explicitly names the focal commodity or material, but its described product form is outside every frozen stage in this chain.",,,frozen observable-attribution decision specification,not_performed
cotton,610429,exclude,,observable_regex,True,\bcotton\b,"Ensembles: women's or girls', of textile materials (other than wool or fine animal hair, cotton or synthetic fibres), knitted or crocheted",focal_expression_not_isolated,"Although the frozen focal expression occurs in the official HS92 description, the wording is negative, generic, multi-commodity, mixed-species, or otherwise does not isolate the focal commodity or material for attribution.",,,frozen observable-attribution decision specification,not_performed
cotton,610432,out_of_stage,,observable_regex,True,\bcotton\b,"Jackets: women's or girls', of cotton, knitted or crocheted",explicit_focal_product_outside_frozen_stage,"The official HS92 description explicitly names the focal commodity or material, but its described product form is outside every frozen stage in this chain.",,,frozen observable-attribution decision specification,not_performed
cotton,610439,exclude,,observable_regex,True,\bcotton\b,"Jackets: women's or girls', of textile materials (other than wool or fine animal hair, cotton or synthetic fibres), knitted or crocheted",focal_expression_not_isolated,"Although the frozen focal expression occurs in the official HS92 description, the wording is negative, generic, multi-commodity, mixed-species, or otherwise does not isolate the focal commodity or material for attribution.",,,frozen observable-attribution decision specification,not_performed
cotton,610442,out_of_stage,,observable_regex,True,\bcotton\b,"Dresses: women's or girls', of cotton, knitted or crocheted",explicit_focal_product_outside_frozen_stage,"The official HS92 description explicitly names the focal commodity or material, but its described product form is outside every frozen stage in this chain.",,,frozen observable-attribution decision specification,not_performed
cotton,610449,exclude,,observable_regex,True,\bcotton\b,"Dresses: women's or girls', of textile materials (other than wool or fine animal hair, cotton, synthetic or artificial fibres), knitted or crocheted",focal_expression_not_isolated,"Although the frozen focal expression occurs in the official HS92 description, the wording is negative, generic, multi-commodity, mixed-species, or otherwise does not isolate the focal commodity or material for attribution.",,,frozen observable-attribution decision specification,not_performed
cotton,610452,out_of_stage,,observable_regex,True,\bcotton\b,"Skirts and divided skirts: women's or girls', of cotton, knitted or crocheted",explicit_focal_product_outside_frozen_stage,"The official HS92 description explicitly names the focal commodity or material, but its described product form is outside every frozen stage in this chain.",,,frozen observable-attribution decision specification,not_performed
cotton,610459,exclude,,observable_regex,True,\bcotton\b,"Skirts and divided skirts: women's or girls', of textile materials (other than wool or fine animal hair, cotton or synthetic fibres), knitted or crocheted",focal_expression_not_isolated,"Although the frozen focal expression occurs in the official HS92 description, the wording is negative, generic, multi-commodity, mixed-species, or otherwise does not isolate the focal commodity or material for attribution.",,,frozen observable-attribution decision specification,not_performed
cotton,610462,include,exp_cottonapparel_knit,observable_regex,True,\bcotton\b,"Trousers, bib and brace overalls, breeches and shorts: women's or girls', of cotton, knitted or crocheted",observable_attribution_and_stage_fit,"The official HS92 description identifies one of the declared knitted or crocheted cotton-apparel forms, which is inside the canonical stage definition. No unobserved product form, feedstock, species, or end use is inferred from the commodity name alone.",exp_cottonapparel_knit,,frozen observable-attribution decision specification,not_performed
cotton,610469,exclude,,observable_regex,True,\bcotton\b,"Trousers, bib and brace overalls, breeches and shorts: women's or girls', of textile materials (other than wool or fine animal hair, cotton or synthetic fibres), knitted or crocheted",focal_expression_not_isolated,"Although the frozen focal expression occurs in the official HS92 description, the wording is negative, generic, multi-commodity, mixed-species, or otherwise does not isolate the focal commodity or material for attribution.",,,frozen observable-attribution decision specification,not_performed
cotton,610510,include,exp_cottonapparel_knit,observable_regex,True,\bcotton\b,"Shirts: men's or boys', of cotton, knitted or crocheted",observable_attribution_and_stage_fit,"The official HS92 description identifies one of the declared knitted or crocheted cotton-apparel forms, which is inside the canonical stage definition. No unobserved product form, feedstock, species, or end use is inferred from the commodity name alone.",exp_cottonapparel_knit,,frozen observable-attribution decision specification,not_performed
cotton,610590,exclude,,observable_regex,True,\bcotton\b,"Shirts: men's or boys', of textile materials (other than cotton or man-made fibres), knitted or crocheted",focal_expression_not_isolated,"Although the frozen focal expression occurs in the official HS92 description, the wording is negative, generic, multi-commodity, mixed-species, or otherwise does not isolate the focal commodity or material for attribution.",,,frozen observable-attribution decision specification,not_performed
cotton,610610,out_of_stage,,observable_regex,True,\bcotton\b,"Blouses, shirts and shirt-blouses: women's or girls', of cotton, knitted or crocheted",explicit_focal_product_outside_frozen_stage,"The official HS92 description explicitly names the focal commodity or material, but its described product form is outside every frozen stage in this chain.",,,frozen observable-attribution decision specification,not_performed
cotton,610690,exclude,,observable_regex,True,\bcotton\b,"Blouses, shirts and shirt-blouses: women's or girls', of textile materials (other than cotton or man-made fibres), knitted or crocheted",focal_expression_not_isolated,"Although the frozen focal expression occurs in the official HS92 description, the wording is negative, generic, multi-commodity, mixed-species, or otherwise does not isolate the focal commodity or material for attribution.",,,frozen observable-attribution decision specification,not_performed
cotton,610711,out_of_stage,,observable_regex,True,\bcotton\b,"Underpants and briefs: men's or boys', of cotton, knitted or crocheted",explicit_focal_product_outside_frozen_stage,"The official HS92 description explicitly names the focal commodity or material, but its described product form is outside every frozen stage in this chain.",,,frozen observable-attribution decision specification,not_performed
cotton,610719,exclude,,observable_regex,True,\bcotton\b,"Underpants and briefs: men's or boys', of textile materials (other than cotton or man-made fibres), knitted or crocheted",focal_expression_not_isolated,"Although the frozen focal expression occurs in the official HS92 description, the wording is negative, generic, multi-commodity, mixed-species, or otherwise does not isolate the focal commodity or material for attribution.",,,frozen observable-attribution decision specification,not_performed
cotton,610721,out_of_stage,,observable_regex,True,\bcotton\b,"Nightshirts and pyjamas: men's or boys', of cotton, knitted or crocheted",explicit_focal_product_outside_frozen_stage,"The official HS92 description explicitly names the focal commodity or material, but its described product form is outside every frozen stage in this chain.",,,frozen observable-attribution decision specification,not_performed
cotton,610729,exclude,,observable_regex,True,\bcotton\b,"Nightshirts and pyjamas: men's or boys', of textile materials (other than cotton or man-made fibres), knitted or crocheted",focal_expression_not_isolated,"Although the frozen focal expression occurs in the official HS92 description, the wording is negative, generic, multi-commodity, mixed-species, or otherwise does not isolate the focal commodity or material for attribution.",,,frozen observable-attribution decision specification,not_performed
cotton,610791,out_of_stage,,observable_regex,True,\bcotton\b,"Bathrobes, dressing gowns and similar articles: men's or boys', of cotton, knitted or crocheted",explicit_focal_product_outside_frozen_stage,"The official HS92 description explicitly names the focal commodity or material, but its described product form is outside every frozen stage in this chain.",,,frozen observable-attribution decision specification,not_performed
cotton,610799,exclude,,observable_regex,True,\bcotton\b,"Bathrobes, dressing gowns and similar articles: men's or boys', of textile materials (other than cotton or man-made fibres), knitted or crocheted",focal_expression_not_isolated,"Although the frozen focal expression occurs in the official HS92 description, the wording is negative, generic, multi-commodity, mixed-species, or otherwise does not isolate the focal commodity or material for attribution.",,,frozen observable-attribution decision specification,not_performed
cotton,610821,out_of_stage,,observable_regex,True,\bcotton\b,"Briefs and panties: women's or girls', of cotton, knitted or crocheted",explicit_focal_product_outside_frozen_stage,"The official HS92 description explicitly names the focal commodity or material, but its described product form is outside every frozen stage in this chain.",,,frozen observable-attribution decision specification,not_performed
cotton,610829,exclude,,observable_regex,True,\bcotton\b,"Briefs and panties: women's or girls', of textile materials (other than cotton or man-made fibres), knitted or crocheted",focal_expression_not_isolated,"Although the frozen focal expression occurs in the official HS92 description, the wording is negative, generic, multi-commodity, mixed-species, or otherwise does not isolate the focal commodity or material for attribution.",,,frozen observable-attribution decision specification,not_performed
cotton,610831,out_of_stage,,observable_regex,True,\bcotton\b,"Nightdresses and pyjamas: women's or girls', of cotton, knitted or crocheted",explicit_focal_product_outside_frozen_stage,"The official HS92 description explicitly names the focal commodity or material, but its described product form is outside every frozen stage in this chain.",,,frozen observable-attribution decision specification,not_performed
cotton,610839,exclude,,observable_regex,True,\bcotton\b,"Nightdresses and pyjamas: women's or girls', of textile materials (other than cotton or man-made fibres), knitted or crocheted",focal_expression_not_isolated,"Although the frozen focal expression occurs in the official HS92 description, the wording is negative, generic, multi-commodity, mixed-species, or otherwise does not isolate the focal commodity or material for attribution.",,,frozen observable-attribution decision specification,not_performed
cotton,610891,out_of_stage,,observable_regex,True,\bcotton\b,"Negligees, bathrobes, dressing gowns and similar articles: women's or girls', of cotton, knitted or crocheted",explicit_focal_product_outside_frozen_stage,"The official HS92 description explicitly names the focal commodity or material, but its described product form is outside every frozen stage in this chain.",,,frozen observable-attribution decision specification,not_performed
cotton,610899,exclude,,observable_regex,True,\bcotton\b,"Negligees, bathrobes, dressing gowns and similar articles: women's or girls', of textile materials (other than cotton or man-made fibres), knitted or crocheted",focal_expression_not_isolated,"Although the frozen focal expression occurs in the official HS92 description, the wording is negative, generic, multi-commodity, mixed-species, or otherwise does not isolate the focal commodity or material for attribution.",,,frozen observable-attribution decision specification,not_performed
cotton,610910,include,exp_cottonapparel_knit,observable_regex,True,\bcotton\b,"T-shirts, singlets and other vests: of cotton, knitted or crocheted",observable_attribution_and_stage_fit,"The official HS92 description identifies one of the declared knitted or crocheted cotton-apparel forms, which is inside the canonical stage definition. No unobserved product form, feedstock, species, or end use is inferred from the commodity name alone.",exp_cottonapparel_knit,,frozen observable-attribution decision specification,not_performed
cotton,610990,exclude,,observable_regex,True,\bcotton\b,"T-shirts, singlets and other vests: of textile materials (other than cotton), knitted or crocheted",focal_expression_not_isolated,"Although the frozen focal expression occurs in the official HS92 description, the wording is negative, generic, multi-commodity, mixed-species, or otherwise does not isolate the focal commodity or material for attribution.",,,frozen observable-attribution decision specification,not_performed
cotton,611020,include,exp_cottonapparel_knit,observable_regex,True,\bcotton\b,"Jerseys, pullovers, cardigans, waistcoats and similar articles: of cotton, knitted or crocheted",observable_attribution_and_stage_fit,"The official HS92 description identifies one of the declared knitted or crocheted cotton-apparel forms, which is inside the canonical stage definition. No unobserved product form, feedstock, species, or end use is inferred from the commodity name alone.",exp_cottonapparel_knit,,frozen observable-attribution decision specification,not_performed
cotton,611090,exclude,,observable_regex,True,\bcotton\b,"Jerseys, pullovers, cardigans, waistcoats and similar articles: of textile materials (other than wool or fine animal hair, cotton or man-made fibres), knitted or crocheted",focal_expression_not_isolated,"Although the frozen focal expression occurs in the official HS92 description, the wording is negative, generic, multi-commodity, mixed-species, or otherwise does not isolate the focal commodity or material for attribution.",,,frozen observable-attribution decision specification,not_performed
cotton,611120,out_of_stage,,observable_regex,True,\bcotton\b,"Garments and clothing accessories: babies', of cotton, knitted or crocheted",explicit_focal_product_outside_frozen_stage,"The official HS92 description explicitly names the focal commodity or material, but its described product form is outside every frozen stage in this chain.",,,frozen observable-attribution decision specification,not_performed
cotton,611190,exclude,,observable_regex,True,\bcotton\b,"Garments and clothing accessories: babies', of textile materials (other than wool or fine animal hair, cotton or synthetic fibres), knitted or crocheted",focal_expression_not_isolated,"Although the frozen focal expression occurs in the official HS92 description, the wording is negative, generic, multi-commodity, mixed-species, or otherwise does not isolate the focal commodity or material for attribution.",,,frozen observable-attribution decision specification,not_performed
cotton,611211,out_of_stage,,observable_regex,True,\bcotton\b,"Track suits: of cotton, knitted or crocheted",explicit_focal_product_outside_frozen_stage,"The official HS92 description explicitly names the focal commodity or material, but its described product form is outside every frozen stage in this chain.",,,frozen observable-attribution decision specification,not_performed
cotton,611219,exclude,,observable_regex,True,\bcotton\b,"Track suits: of textile materials (other than cotton or synthetic fibres), knitted or crocheted",focal_expression_not_isolated,"Although the frozen focal expression occurs in the official HS92 description, the wording is negative, generic, multi-commodity, mixed-species, or otherwise does not isolate the focal commodity or material for attribution.",,,frozen observable-attribution decision specification,not_performed
cotton,611420,out_of_stage,,observable_regex,True,\bcotton\b,"Garments: of cotton, knitted or crocheted, n.e.s. in chapter 61",explicit_focal_product_outside_frozen_stage,"The official HS92 description explicitly names the focal commodity or material, but its described product form is outside every frozen stage in this chain.",,,frozen observable-attribution decision specification,not_performed
cotton,611490,exclude,,observable_regex,True,\bcotton\b,"Garments: of textile materials (other than wool or fine animal hair, cotton or man-made fibres), knitted or crocheted, n.e.s. in chapter 61",focal_expression_not_isolated,"Although the frozen focal expression occurs in the official HS92 description, the wording is negative, generic, multi-commodity, mixed-species, or otherwise does not isolate the focal commodity or material for attribution.",,,frozen observable-attribution decision specification,not_performed
cotton,611592,out_of_stage,,observable_regex,True,\bcotton\b,"Hosiery and footwear: without applied soles, of cotton, knitted or crocheted (excluding panty hose, tights, full or knee-length hosiery measuring per single yarn less than 67 decitex)",explicit_focal_product_outside_frozen_stage,"The official HS92 description explicitly names the focal commodity or material, but its described product form is outside every frozen stage in this chain.",,,frozen observable-attribution decision specification,not_performed
cotton,611692,out_of_stage,,observable_regex,True,\bcotton\b,"Gloves, mittens and mitts: of cotton, knitted or crocheted, (other than impregnated, coated or covered with plastics or rubber)",explicit_focal_product_outside_frozen_stage,"The official HS92 description explicitly names the focal commodity or material, but its described product form is outside every frozen stage in this chain.",,,frozen observable-attribution decision specification,not_performed
cotton,611699,exclude,,observable_regex,True,\bcotton\b,"Gloves, mittens and mitts: of textile materials (other than wool or fine animal hair, cotton or synthetic fibres), knitted or crocheted, (other than impregnated, coated or covered with plastics or rubber)",focal_expression_not_isolated,"Although the frozen focal expression occurs in the official HS92 description, the wording is negative, generic, multi-commodity, mixed-species, or otherwise does not isolate the focal commodity or material for attribution.",,,frozen observable-attribution decision specification,not_performed
cotton,620112,out_of_stage,,observable_regex,True,\bcotton\b,"Coats: men's or boys', overcoats, raincoats, car-coats, capes, cloaks and similar articles, of cotton, other than those of heading no. 6203 (not knitted or crocheted)",explicit_focal_product_outside_frozen_stage,"The official HS92 description explicitly names the focal commodity or material, but its described product form is outside every frozen stage in this chain.",,,frozen observable-attribution decision specification,not_performed
cotton,620119,exclude,,observable_regex,True,\bcotton\b,"Coats: men's or boys', overcoats, raincoats, car-coats, capes, cloaks and similar articles, of textile materials (other than wool or fine animal hair, cotton or man-made fibres), other than those of heading no. 6203 (not knitted or crocheted)",focal_expression_not_isolated,"Although the frozen focal expression occurs in the official HS92 description, the wording is negative, generic, multi-commodity, mixed-species, or otherwise does not isolate the focal commodity or material for attribution.",,,frozen observable-attribution decision specification,not_performed
cotton,620192,out_of_stage,,observable_regex,True,\bcotton\b,"Anoraks (including ski-jackets), wind-cheaters, wind-jackets and similar articles: men's or boys', of cotton, other than those of heading no. 6203 (not knitted or crocheted)",explicit_focal_product_outside_frozen_stage,"The official HS92 description explicitly names the focal commodity or material, but its described product form is outside every frozen stage in this chain.",,,frozen observable-attribution decision specification,not_performed
cotton,620199,exclude,,observable_regex,True,\bcotton\b,"Anoraks (including ski-jackets), wind-cheaters, wind-jackets and similar articles: men's or boys', of textile materials (other than wool or fine animal hair, cotton or man-made fibres), other than those of heading no. 6203 (not knitted or crocheted)",focal_expression_not_isolated,"Although the frozen focal expression occurs in the official HS92 description, the wording is negative, generic, multi-commodity, mixed-species, or otherwise does not isolate the focal commodity or material for attribution.",,,frozen observable-attribution decision specification,not_performed
cotton,620212,out_of_stage,,observable_regex,True,\bcotton\b,"Coats: women's or girls', overcoats, raincoats, car-coats, capes, cloaks and similar articles, of cotton, other than those of heading no. 6204 (not knitted or crocheted)",explicit_focal_product_outside_frozen_stage,"The official HS92 description explicitly names the focal commodity or material, but its described product form is outside every frozen stage in this chain.",,,frozen observable-attribution decision specification,not_performed
cotton,620219,exclude,,observable_regex,True,\bcotton\b,"Coats: women's or girls', overcoats, raincoats, car-coats, capes, cloaks and similar articles, of textile materials (other than wool or fine animal hair, cotton or man-made fibres), other than those of heading no. 6204 (not knitted or crocheted)",focal_expression_not_isolated,"Although the frozen focal expression occurs in the official HS92 description, the wording is negative, generic, multi-commodity, mixed-species, or otherwise does not isolate the focal commodity or material for attribution.",,,frozen observable-attribution decision specification,not_performed
cotton,620292,out_of_stage,,observable_regex,True,\bcotton\b,"Anoraks (including ski-jackets), wind-cheaters, wind-jackets and similar articles: women's or girls', of cotton, other than those of heading no. 6204 (not knitted or crocheted)",explicit_focal_product_outside_frozen_stage,"The official HS92 description explicitly names the focal commodity or material, but its described product form is outside every frozen stage in this chain.",,,frozen observable-attribution decision specification,not_performed
cotton,620322,out_of_stage,,observable_regex,True,\bcotton\b,"Ensembles: men's or boys', of cotton (not knitted or crocheted)",explicit_focal_product_outside_frozen_stage,"The official HS92 description explicitly names the focal commodity or material, but its described product form is outside every frozen stage in this chain.",,,frozen observable-attribution decision specification,not_performed
cotton,620329,exclude,,legacy_only,False,\bcotton\b,"Ensembles: men's or boys', of textile materials n.e.s. in item no. 6203.2 (not knitted or crocheted)",legacy_description_lacks_focal_term,"The historical proposal is retained for provenance, but the official HS92 description does not match the frozen focal lexicon. Observable attribution therefore forbids inclusion.",exp_cottonapparel_woven,,frozen observable-attribution decision specification,not_performed
cotton,620332,out_of_stage,,observable_regex,True,\bcotton\b,"Jackets and blazers: men's or boys', of cotton (not knitted or crocheted)",explicit_focal_product_outside_frozen_stage,"The official HS92 description explicitly names the focal commodity or material, but its described product form is outside every frozen stage in this chain.",,,frozen observable-attribution decision specification,not_performed
cotton,620342,include,exp_cottonapparel_woven,observable_regex,True,\bcotton\b,"Trousers, bib and brace overalls, breeches and shorts: men's or boys', of cotton (not knitted or crocheted)",observable_attribution_and_stage_fit,"The official HS92 description identifies one of the declared non-knit cotton-apparel forms, which is inside the canonical stage definition. No unobserved product form, feedstock, species, or end use is inferred from the commodity name alone.",exp_cottonapparel_woven,,frozen observable-attribution decision specification,not_performed
cotton,620349,exclude,,observable_regex,True,\bcotton\b,"Trousers, bib and brace overalls, breeches and shorts: men's or boys', of textile materials (other than wool, fine animal hair, cotton or synthetic fibres), (not knitted or crocheted)",focal_expression_not_isolated,"Although the frozen focal expression occurs in the official HS92 description, the wording is negative, generic, multi-commodity, mixed-species, or otherwise does not isolate the focal commodity or material for attribution.",,,frozen observable-attribution decision specification,not_performed
cotton,620412,out_of_stage,,observable_regex,True,\bcotton\b,"Suits: women's or girls', of cotton (not knitted or crocheted)",explicit_focal_product_outside_frozen_stage,"The official HS92 description explicitly names the focal commodity or material, but its described product form is outside every frozen stage in this chain.",,,frozen observable-attribution decision specification,not_performed
cotton,620422,out_of_stage,,observable_regex,True,\bcotton\b,"Ensembles: women's or girls', of cotton (not knitted or crocheted)",explicit_focal_product_outside_frozen_stage,"The official HS92 description explicitly names the focal commodity or material, but its described product form is outside every frozen stage in this chain.",,,frozen observable-attribution decision specification,not_performed
cotton,620432,out_of_stage,,observable_regex,True,\bcotton\b,"Jackets and blazers: women's or girls', of cotton (not knitted or crocheted)",explicit_focal_product_outside_frozen_stage,"The official HS92 description explicitly names the focal commodity or material, but its described product form is outside every frozen stage in this chain.",,,frozen observable-attribution decision specification,not_performed
cotton,620442,out_of_stage,,observable_regex,True,\bcotton\b,"Dresses: women's or girls', of cotton (not knitted or crocheted)",explicit_focal_product_outside_frozen_stage,"The official HS92 description explicitly names the focal commodity or material, but its described product form is outside every frozen stage in this chain.",,,frozen observable-attribution decision specification,not_performed
cotton,620452,out_of_stage,,observable_regex,True,\bcotton\b,"Skirts and divided skirts: women's or girls', of cotton (not knitted or crocheted)",explicit_focal_product_outside_frozen_stage,"The official HS92 description explicitly names the focal commodity or material, but its described product form is outside every frozen stage in this chain.",,,frozen observable-attribution decision specification,not_performed
cotton,620462,include,exp_cottonapparel_woven,observable_regex,True,\bcotton\b,"Trousers, bib and brace overalls, breeches and shorts: women's or girls', of cotton (not knitted or crocheted)",observable_attribution_and_stage_fit,"The official HS92 description identifies one of the declared non-knit cotton-apparel forms, which is inside the canonical stage definition. No unobserved product form, feedstock, species, or end use is inferred from the commodity name alone.",exp_cottonapparel_woven,,frozen observable-attribution decision specification,not_performed
cotton,620469,exclude,,observable_regex,True,\bcotton\b,"Trousers, bib and brace overalls, breeches and shorts: women's or girls', of textile materials (other than wool, fine animal hair, cotton or synthetic fibres), (not knitted or crocheted)",focal_expression_not_isolated,"Although the frozen focal expression occurs in the official HS92 description, the wording is negative, generic, multi-commodity, mixed-species, or otherwise does not isolate the focal commodity or material for attribution.",,,frozen observable-attribution decision specification,not_performed
cotton,620520,include,exp_cottonapparel_woven,observable_regex,True,\bcotton\b,"Shirts: men's or boys', of cotton (not knitted or crocheted)",observable_attribution_and_stage_fit,"The official HS92 description identifies one of the declared non-knit cotton-apparel forms, which is inside the canonical stage definition. No unobserved product form, feedstock, species, or end use is inferred from the commodity name alone.",exp_cottonapparel_woven,,frozen observable-attribution decision specification,not_performed
cotton,620630,out_of_stage,,observable_regex,True,\bcotton\b,"Blouses, shirts and shirt-blouses: women's or girls', of cotton (not knitted or crocheted)",explicit_focal_product_outside_frozen_stage,"The official HS92 description explicitly names the focal commodity or material, but its described product form is outside every frozen stage in this chain.",,,frozen observable-attribution decision specification,not_performed
cotton,620711,out_of_stage,,observable_regex,True,\bcotton\b,"Underpants and briefs: men's or boys', of cotton (not knitted or crocheted)",explicit_focal_product_outside_frozen_stage,"The official HS92 description explicitly names the focal commodity or material, but its described product form is outside every frozen stage in this chain.",,,frozen observable-attribution decision specification,not_performed
cotton,620719,exclude,,observable_regex,True,\bcotton\b,"Underpants and briefs: men's or boys', of textile materials other than cotton (not knitted or crocheted)",focal_expression_not_isolated,"Although the frozen focal expression occurs in the official HS92 description, the wording is negative, generic, multi-commodity, mixed-species, or otherwise does not isolate the focal commodity or material for attribution.",,,frozen observable-attribution decision specification,not_performed
cotton,620721,out_of_stage,,observable_regex,True,\bcotton\b,"Nightshirts and pyjamas: men's or boys', of cotton (not knitted or crocheted)",explicit_focal_product_outside_frozen_stage,"The official HS92 description explicitly names the focal commodity or material, but its described product form is outside every frozen stage in this chain.",,,frozen observable-attribution decision specification,not_performed
cotton,620729,exclude,,observable_regex,True,\bcotton\b,"Nightshirts and pyjamas: men's or boys', of textile materials other than cotton or man-made fibres (not knitted or crocheted)",focal_expression_not_isolated,"Although the frozen focal expression occurs in the official HS92 description, the wording is negative, generic, multi-commodity, mixed-species, or otherwise does not isolate the focal commodity or material for attribution.",,,frozen observable-attribution decision specification,not_performed
cotton,620791,out_of_stage,,observable_regex,True,\bcotton\b,"Singlets and other vests, bathrobes, dressing gowns and similar articles: men's or boys', of cotton (not knitted or crocheted)",explicit_focal_product_outside_frozen_stage,"The official HS92 description explicitly names the focal commodity or material, but its described product form is outside every frozen stage in this chain.",,,frozen observable-attribution decision specification,not_performed
cotton,620799,exclude,,observable_regex,True,\bcotton\b,"Singlets and other vests, bathrobes, dressing gowns and similar articles: men's or boys', of textile materials other than cotton or man-made fibres (not knitted or crocheted)",focal_expression_not_isolated,"Although the frozen focal expression occurs in the official HS92 description, the wording is negative, generic, multi-commodity, mixed-species, or otherwise does not isolate the focal commodity or material for attribution.",,,frozen observable-attribution decision specification,not_performed
cotton,620821,out_of_stage,,observable_regex,True,\bcotton\b,"Nightdresses and pyjamas: women's or girls', of cotton (not knitted or crocheted)",explicit_focal_product_outside_frozen_stage,"The official HS92 description explicitly names the focal commodity or material, but its described product form is outside every frozen stage in this chain.",,,frozen observable-attribution decision specification,not_performed
cotton,620829,exclude,,observable_regex,True,\bcotton\b,"Nightdresses and pyjamas: women's or girls', of textile materials other than cotton or man-made fibres (not knitted or crocheted)",focal_expression_not_isolated,"Although the frozen focal expression occurs in the official HS92 description, the wording is negative, generic, multi-commodity, mixed-species, or otherwise does not isolate the focal commodity or material for attribution.",,,frozen observable-attribution decision specification,not_performed
cotton,620891,out_of_stage,,observable_regex,True,\bcotton\b,"Singlets and other vests, briefs, panties, negligees, bathrobes, dressing gowns and similar articles: women's or girls', of cotton (not knitted or crocheted)",explicit_focal_product_outside_frozen_stage,"The official HS92 description explicitly names the focal commodity or material, but its described product form is outside every frozen stage in this chain.",,,frozen observable-attribution decision specification,not_performed
cotton,620899,exclude,,observable_regex,True,\bcotton\b,"Singlets and other vests, briefs, panties, negligees, bathrobes, dressing gowns and similar articles: women's or girls', of textile materials other than cotton or man-made fibres (not knitted or crocheted)",focal_expression_not_isolated,"Although the frozen focal expression occurs in the official HS92 description, the wording is negative, generic, multi-commodity, mixed-species, or otherwise does not isolate the focal commodity or material for attribution.",,,frozen observable-attribution decision specification,not_performed
cotton,620920,out_of_stage,,observable_regex,True,\bcotton\b,"Garments and clothing accessories: babies', of cotton (not knitted or crocheted)",explicit_focal_product_outside_frozen_stage,"The official HS92 description explicitly names the focal commodity or material, but its described product form is outside every frozen stage in this chain.",,,frozen observable-attribution decision specification,not_performed
cotton,620990,exclude,,observable_regex,True,\bcotton\b,"Garments and clothing accessories: babies', of textile materials other than wool or fine animal hair, cotton or synthetic fibres (not knitted or crocheted)",focal_expression_not_isolated,"Although the frozen focal expression occurs in the official HS92 description, the wording is negative, generic, multi-commodity, mixed-species, or otherwise does not isolate the focal commodity or material for attribution.",,,frozen observable-attribution decision specification,not_performed
cotton,621132,out_of_stage,,observable_regex,True,\bcotton\b,"Track suits and other garments n.e.s.: men's or boys', of cotton (not knitted or crocheted)",explicit_focal_product_outside_frozen_stage,"The official HS92 description explicitly names the focal commodity or material, but its described product form is outside every frozen stage in this chain.",,,frozen observable-attribution decision specification,not_performed
cotton,621142,out_of_stage,,observable_regex,True,\bcotton\b,"Track suits and other garments n.e.s.: women's or girls', of cotton (not knitted or crocheted)",explicit_focal_product_outside_frozen_stage,"The official HS92 description explicitly names the focal commodity or material, but its described product form is outside every frozen stage in this chain.",,,frozen observable-attribution decision specification,not_performed
cotton,621210,exclude,,legacy_only,False,\bcotton\b,Brassieres: whether or not knitted or crocheted,legacy_description_lacks_focal_term,"The historical proposal is retained for provenance, but the official HS92 description does not match the frozen focal lexicon. Observable attribution therefore forbids inclusion.",exp_cottonapparel_woven,,frozen observable-attribution decision specification,not_performed
cotton,621320,out_of_stage,,observable_regex,True,\bcotton\b,Handkerchiefs: of cotton (not knitted or crocheted),explicit_focal_product_outside_frozen_stage,"The official HS92 description explicitly names the focal commodity or material, but its described product form is outside every frozen stage in this chain.",,,frozen observable-attribution decision specification,not_performed
cotton,621390,exclude,,observable_regex,True,\bcotton\b,Handkerchiefs: of textile materials other than silk or cotton (not knitted or crocheted),focal_expression_not_isolated,"Although the frozen focal expression occurs in the official HS92 description, the wording is negative, generic, multi-commodity, mixed-species, or otherwise does not isolate the focal commodity or material for attribution.",,,frozen observable-attribution decision specification,not_performed
cotton,630130,out_of_stage,,observable_regex,True,\bcotton\b,Blankets (other than electric blankets) and travelling rugs: of cotton,explicit_focal_product_outside_frozen_stage,"The official HS92 description explicitly names the focal commodity or material, but its described product form is outside every frozen stage in this chain.",,,frozen observable-attribution decision specification,not_performed
cotton,630221,include,exp_cottonhomewares,observable_regex,True,\bcotton\b,"Bed linen: of cotton, printed, not knitted or crocheted",observable_attribution_and_stage_fit,"The official HS92 description identifies bed, kitchen, or toilet linen explicitly of cotton, which is inside the canonical stage definition. No unobserved product form, feedstock, species, or end use is inferred from the commodity name alone.",exp_cottonhomewares,,frozen observable-attribution decision specification,not_performed
cotton,630229,exclude,,observable_regex,True,\bcotton\b,"Bed linen: of textile materials (other than cotton or man-made fibres), printed, not knitted or crocheted",focal_expression_not_isolated,"Although the frozen focal expression occurs in the official HS92 description, the wording is negative, generic, multi-commodity, mixed-species, or otherwise does not isolate the focal commodity or material for attribution.",,,frozen observable-attribution decision specification,not_performed
cotton,630231,include,exp_cottonhomewares,observable_regex,True,\bcotton\b,"Bed linen: of cotton (not printed, knitted or crocheted)",observable_attribution_and_stage_fit,"The official HS92 description identifies bed, kitchen, or toilet linen explicitly of cotton, which is inside the canonical stage definition. No unobserved product form, feedstock, species, or end use is inferred from the commodity name alone.",exp_cottonhomewares,,frozen observable-attribution decision specification,not_performed
cotton,630239,exclude,,observable_regex,True,\bcotton\b,"Bed linen: of textile materials other than cotton or man-made fibres (not printed, knitted or crocheted)",focal_expression_not_isolated,"Although the frozen focal expression occurs in the official HS92 description, the wording is negative, generic, multi-commodity, mixed-species, or otherwise does not isolate the focal commodity or material for attribution.",,,frozen observable-attribution decision specification,not_performed
cotton,630251,out_of_stage,,observable_regex,True,\bcotton\b,"Table linen: of cotton, not knitted or crocheted",explicit_focal_product_outside_frozen_stage,"The official HS92 description explicitly names the focal commodity or material, but its described product form is outside every frozen stage in this chain.",,,frozen observable-attribution decision specification,not_performed
cotton,630259,exclude,,observable_regex,True,\bcotton\b,"Table linen: of textile materials (other than cotton, flax or man-made fibres), not knitted or crocheted",focal_expression_not_isolated,"Although the frozen focal expression occurs in the official HS92 description, the wording is negative, generic, multi-commodity, mixed-species, or otherwise does not isolate the focal commodity or material for attribution.",,,frozen observable-attribution decision specification,not_performed
cotton,630260,include,exp_cottonhomewares,observable_regex,True,\bcotton\b,"Kitchen and toilet linen: of terry towelling or similar terry fabrics, of cotton",observable_attribution_and_stage_fit,"The official HS92 description identifies bed, kitchen, or toilet linen explicitly of cotton, which is inside the canonical stage definition. No unobserved product form, feedstock, species, or end use is inferred from the commodity name alone.",exp_cottonhomewares,,frozen observable-attribution decision specification,not_performed
cotton,630291,include,exp_cottonhomewares,observable_regex,True,\bcotton\b,"Toilet and kitchen linen: of cotton, excluding terry towelling or similar terry fabrics",observable_attribution_and_stage_fit,"The official HS92 description identifies bed, kitchen, or toilet linen explicitly of cotton, which is inside the canonical stage definition. No unobserved product form, feedstock, species, or end use is inferred from the commodity name alone.",,,frozen observable-attribution decision specification,not_performed
cotton,630299,exclude,,observable_regex,True,\bcotton\b,"Toilet and kitchen linen: of textile materials (other than cotton, flax or man-made fibres)",focal_expression_not_isolated,"Although the frozen focal expression occurs in the official HS92 description, the wording is negative, generic, multi-commodity, mixed-species, or otherwise does not isolate the focal commodity or material for attribution.",,,frozen observable-attribution decision specification,not_performed
cotton,630311,out_of_stage,,observable_regex,True,\bcotton\b,"Curtains (including drapes) and interior blinds: curtain or bed valances, knitted or crocheted, of cotton",explicit_focal_product_outside_frozen_stage,"The official HS92 description explicitly names the focal commodity or material, but its described product form is outside every frozen stage in this chain.",,,frozen observable-attribution decision specification,not_performed
cotton,630319,exclude,,observable_regex,True,\bcotton\b,"Curtains (including drapes) and interior blinds: curtain or bed valances, knitted or crocheted, of textile materials other than cotton or synthetic fibres",focal_expression_not_isolated,"Although the frozen focal expression occurs in the official HS92 description, the wording is negative, generic, multi-commodity, mixed-species, or otherwise does not isolate the focal commodity or material for attribution.",,,frozen observable-attribution decision specification,not_performed
cotton,630391,out_of_stage,,observable_regex,True,\bcotton\b,"Curtains (including drapes) and interior blinds, curtain or bed valances: of cotton, not knitted or crocheted",explicit_focal_product_outside_frozen_stage,"The official HS92 description explicitly names the focal commodity or material, but its described product form is outside every frozen stage in this chain.",,,frozen observable-attribution decision specification,not_performed
cotton,630399,exclude,,observable_regex,True,\bcotton\b,"Curtains (including drapes) and interior blinds, curtain or bed valances: of textile materials other than cotton or synthetic fibres, not knitted or crocheted",focal_expression_not_isolated,"Although the frozen focal expression occurs in the official HS92 description, the wording is negative, generic, multi-commodity, mixed-species, or otherwise does not isolate the focal commodity or material for attribution.",,,frozen observable-attribution decision specification,not_performed
cotton,630419,exclude,,legacy_only,False,\bcotton\b,Bedspreads: not knitted or crocheted,legacy_description_lacks_focal_term,"The historical proposal is retained for provenance, but the official HS92 description does not match the frozen focal lexicon. Observable attribution therefore forbids inclusion.",exp_cottonhomewares,,frozen observable-attribution decision specification,not_performed
cotton,630492,out_of_stage,,observable_regex,True,\bcotton\b,"Furnishing articles: of cotton, not knitted or crocheted (excluding bedspreads and articles of heading no. 9404)",explicit_focal_product_outside_frozen_stage,"The official HS92 description explicitly names the focal commodity or material, but its described product form is outside every frozen stage in this chain.",,,frozen observable-attribution decision specification,not_performed
cotton,630499,exclude,,observable_regex,True,\bcotton\b,"Furnishing articles: of textile materials other than cotton or synthetic fibres, not knitted or crocheted (excluding bedspreads and articles of heading no. 9404)",focal_expression_not_isolated,"Although the frozen focal expression occurs in the official HS92 description, the wording is negative, generic, multi-commodity, mixed-species, or otherwise does not isolate the focal commodity or material for attribution.",,,frozen observable-attribution decision specification,not_performed
cotton,630520,out_of_stage,,observable_regex,True,\bcotton\b,"Sacks and bags: of a kind used for the packing of goods, of cotton",explicit_focal_product_outside_frozen_stage,"The official HS92 description explicitly names the focal commodity or material, but its described product form is outside every frozen stage in this chain.",,,frozen observable-attribution decision specification,not_performed
cotton,630590,exclude,,observable_regex,True,\bcotton\b,"Sacks and bags: of a kind used for the packing of goods, of textile materials (other than jute, cotton or man-made textile materials)",focal_expression_not_isolated,"Although the frozen focal expression occurs in the official HS92 description, the wording is negative, generic, multi-commodity, mixed-species, or otherwise does not isolate the focal commodity or material for attribution.",,,frozen observable-attribution decision specification,not_performed
cotton,630611,out_of_stage,,observable_regex,True,\bcotton\b,"Tarpaulins, awnings and sunblinds: of cotton",explicit_focal_product_outside_frozen_stage,"The official HS92 description explicitly names the focal commodity or material, but its described product form is outside every frozen stage in this chain.",,,frozen observable-attribution decision specification,not_performed
cotton,630619,exclude,,observable_regex,True,\bcotton\b,"Tarpaulins, awnings and sunblinds: of textile materials other than cotton or synthetic fibres",focal_expression_not_isolated,"Although the frozen focal expression occurs in the official HS92 description, the wording is negative, generic, multi-commodity, mixed-species, or otherwise does not isolate the focal commodity or material for attribution.",,,frozen observable-attribution decision specification,not_performed
cotton,630621,out_of_stage,,observable_regex,True,\bcotton\b,Tents: of cotton,explicit_focal_product_outside_frozen_stage,"The official HS92 description explicitly names the focal commodity or material, but its described product form is outside every frozen stage in this chain.",,,frozen observable-attribution decision specification,not_performed
cotton,630629,exclude,,observable_regex,True,\bcotton\b,Tents: of textile materials other than cotton or synthetic fibres,focal_expression_not_isolated,"Although the frozen focal expression occurs in the official HS92 description, the wording is negative, generic, multi-commodity, mixed-species, or otherwise does not isolate the focal commodity or material for attribution.",,,frozen observable-attribution decision specification,not_performed
cotton,630641,out_of_stage,,observable_regex,True,\bcotton\b,Pneumatic mattresses: of cotton,explicit_focal_product_outside_frozen_stage,"The official HS92 description explicitly names the focal commodity or material, but its described product form is outside every frozen stage in this chain.",,,frozen observable-attribution decision specification,not_performed
cotton,630649,exclude,,observable_regex,True,\bcotton\b,Pneumatic mattresses: of textile materials other than cotton,focal_expression_not_isolated,"Although the frozen focal expression occurs in the official HS92 description, the wording is negative, generic, multi-commodity, mixed-species, or otherwise does not isolate the focal commodity or material for attribution.",,,frozen observable-attribution decision specification,not_performed
cotton,630691,out_of_stage,,observable_regex,True,\bcotton\b,"Sailboards, landcraft or camping goods: of cotton",explicit_focal_product_outside_frozen_stage,"The official HS92 description explicitly names the focal commodity or material, but its described product form is outside every frozen stage in this chain.",,,frozen observable-attribution decision specification,not_performed
cotton,630699,exclude,,observable_regex,True,\bcotton\b,"Sailboards, landcraft or camping goods: of textile materials other than cotton",focal_expression_not_isolated,"Although the frozen focal expression occurs in the official HS92 description, the wording is negative, generic, multi-commodity, mixed-species, or otherwise does not isolate the focal commodity or material for attribution.",,,frozen observable-attribution decision specification,not_performed
cotton,631090,exclude,,legacy_only,False,\bcotton\b,"Rags: used or new, scrap twine, cordage, rope and cables and worn out articles of twine, cordage, rope or cables, of textile materials: other than sorted",legacy_description_lacks_focal_term,"The historical proposal is retained for provenance, but the official HS92 description does not match the frozen focal lexicon. Observable attribution therefore forbids inclusion.",exp_cottonhomewares,,frozen observable-attribution decision specification,not_performed
aluminium,251010,exclude,,observable_regex,True,(?:alumin|corundum|bauxite),"Natural calcium phosphates, natural aluminium calcium phosphates and phosphatic chalk: unground",focal_expression_not_isolated,"Although the frozen focal expression occurs in the official HS92 description, the wording is negative, generic, multi-commodity, mixed-species, or otherwise does not isolate the focal commodity or material for attribution.",,,frozen observable-attribution decision specification,not_performed
aluminium,251020,exclude,,observable_regex,True,(?:alumin|corundum|bauxite),"Natural calcium phosphates, natural aluminium calcium phosphates and phosphatic chalk: ground",focal_expression_not_isolated,"Although the frozen focal expression occurs in the official HS92 description, the wording is negative, generic, multi-commodity, mixed-species, or otherwise does not isolate the focal commodity or material for attribution.",,,frozen observable-attribution decision specification,not_performed
aluminium,251321,exclude,,observable_regex,True,(?:alumin|corundum|bauxite),"Emery, corundum, garnet and other abrasives: natural, crude or in irregular pieces, whether or not heat-treated",focal_expression_not_isolated,"Although the frozen focal expression occurs in the official HS92 description, the wording is negative, generic, multi-commodity, mixed-species, or otherwise does not isolate the focal commodity or material for attribution.",,,frozen observable-attribution decision specification,not_performed
aluminium,251329,exclude,,observable_regex,True,(?:alumin|corundum|bauxite),"Emery, corundum, garnet and other abrasives: natural, in other forms excluding crude or in irregular pieces, whether or not heat-treated",focal_expression_not_isolated,"Although the frozen focal expression occurs in the official HS92 description, the wording is negative, generic, multi-commodity, mixed-species, or otherwise does not isolate the focal commodity or material for attribution.",,,frozen observable-attribution decision specification,not_performed
aluminium,252330,out_of_stage,,observable_regex,True,(?:alumin|corundum|bauxite),"Cement: aluminous (""ciment fondu""), whether or not coloured or in the form of clinkers",explicit_focal_product_outside_frozen_stage,"The official HS92 description explicitly names the focal commodity or material, but its described product form is outside every frozen stage in this chain.",,,frozen observable-attribution decision specification,not_performed
aluminium,260600,include,exp_aluminium_ore,observable_regex,True,(?:alumin|corundum|bauxite),Aluminium ores and concentrates,observable_attribution_and_stage_fit,"The official HS92 description identifies aluminium ores and concentrates, which is inside the canonical stage definition. No unobserved product form, feedstock, species, or end use is inferred from the commodity name alone.",exp_aluminium_ore,exp_bauxite,frozen observable-attribution decision specification,not_performed
aluminium,262040,out_of_stage,,observable_regex,True,(?:alumin|corundum|bauxite),"Ash and residues: (not from the manufacture of iron or steel), containing mainly aluminium",explicit_focal_product_outside_frozen_stage,"The official HS92 description explicitly names the focal commodity or material, but its described product form is outside every frozen stage in this chain.",,,frozen observable-attribution decision specification,not_performed
aluminium,281810,include,exp_corundum,observable_regex,True,(?:alumin|corundum|bauxite),Aluminium oxide: artificial corundum,observable_attribution_and_stage_fit,"The official HS92 description identifies artificial aluminium-oxide corundum, which is inside the canonical stage definition. No unobserved product form, feedstock, species, or end use is inferred from the commodity name alone.",exp_corundum,,frozen observable-attribution decision specification,not_performed
aluminium,281820,include,exp_aluminium_oxide,observable_regex,True,(?:alumin|corundum|bauxite),Aluminium oxide: other than artificial corundum,observable_attribution_and_stage_fit,"The official HS92 description identifies aluminium oxide other than artificial corundum, which is inside the canonical stage definition. No unobserved product form, feedstock, species, or end use is inferred from the commodity name alone.",exp_aluminium_oxide,exp_alumina,frozen observable-attribution decision specification,not_performed
aluminium,281830,include,exp_aluminium_hydroxide,observable_regex,True,(?:alumin|corundum|bauxite),Aluminium hydroxide,observable_attribution_and_stage_fit,"The official HS92 description identifies aluminium hydroxide, which is inside the canonical stage definition. No unobserved product form, feedstock, species, or end use is inferred from the commodity name alone.",exp_aluminium_hydroxide,exp_alumina,frozen observable-attribution decision specification,not_performed
aluminium,282612,out_of_stage,,observable_regex,True,(?:alumin|corundum|bauxite),Fluorides: of aluminium,explicit_focal_product_outside_frozen_stage,"The official HS92 description explicitly names the focal commodity or material, but its described product form is outside every frozen stage in this chain.",,,frozen observable-attribution decision specification,not_performed
aluminium,282619,exclude,,observable_regex,True,(?:alumin|corundum|bauxite),Fluorides: other than of ammonium or sodium or aluminium,focal_expression_not_isolated,"Although the frozen focal expression occurs in the official HS92 description, the wording is negative, generic, multi-commodity, mixed-species, or otherwise does not isolate the focal commodity or material for attribution.",,,frozen observable-attribution decision specification,not_performed
aluminium,282630,out_of_stage,,observable_regex,True,(?:alumin|corundum|bauxite),Sodium hexafluoroaluminate (synthetic cryolite),explicit_focal_product_outside_frozen_stage,"The official HS92 description explicitly names the focal commodity or material, but its described product form is outside every frozen stage in this chain.",,,frozen observable-attribution decision specification,not_performed
aluminium,282690,exclude,,observable_regex,True,(?:alumin|corundum|bauxite),"Fluorides: fluorosilicates, fluoroaluminates and other complex fluorine salts, n.e.s. in heading no. 2826",focal_expression_not_isolated,"Although the frozen focal expression occurs in the official HS92 description, the wording is negative, generic, multi-commodity, mixed-species, or otherwise does not isolate the focal commodity or material for attribution.",,,frozen observable-attribution decision specification,not_performed
aluminium,282732,out_of_stage,,observable_regex,True,(?:alumin|corundum|bauxite),Chlorides: of aluminium,explicit_focal_product_outside_frozen_stage,"The official HS92 description explicitly names the focal commodity or material, but its described product form is outside every frozen stage in this chain.",,,frozen observable-attribution decision specification,not_performed
aluminium,283322,out_of_stage,,observable_regex,True,(?:alumin|corundum|bauxite),Sulphates: of aluminium,explicit_focal_product_outside_frozen_stage,"The official HS92 description explicitly names the focal commodity or material, but its described product form is outside every frozen stage in this chain.",,,frozen observable-attribution decision specification,not_performed
aluminium,284110,out_of_stage,,observable_regex,True,(?:alumin|corundum|bauxite),Salts: aluminates,explicit_focal_product_outside_frozen_stage,"The official HS92 description explicitly names the focal commodity or material, but its described product form is outside every frozen stage in this chain.",,,frozen observable-attribution decision specification,not_performed
aluminium,690220,exclude,,observable_regex,True,(?:alumin|corundum|bauxite),"Refractory bricks, blocks, tiles and similar refractory ceramic constructional goods: containing by weight more than 50% of alumina (Al2o3), of silica (SiO2) or of a mixture or compound of these",focal_expression_not_isolated,"Although the frozen focal expression occurs in the official HS92 description, the wording is negative, generic, multi-commodity, mixed-species, or otherwise does not isolate the focal commodity or material for attribution.",,,frozen observable-attribution decision specification,not_performed
aluminium,690320,out_of_stage,,observable_regex,True,(?:alumin|corundum|bauxite),"Refractory ceramic goods: containing by weight more than 50% of alumina or of a mixture or compound of alumina and of silica, excluding those of siliceous fossil meals or similar earths",explicit_focal_product_outside_frozen_stage,"The official HS92 description explicitly names the focal commodity or material, but its described product form is outside every frozen stage in this chain.",,,frozen observable-attribution decision specification,not_performed
aluminium,721060,out_of_stage,,observable_regex,True,(?:alumin|corundum|bauxite),"Iron or non-alloy steel: flat-rolled, width 600mm or more, plated or coated with aluminium",explicit_focal_product_outside_frozen_stage,"The official HS92 description explicitly names the focal commodity or material, but its described product form is outside every frozen stage in this chain.",,,frozen observable-attribution decision specification,not_performed
aluminium,760110,include,exp_unwrought,observable_regex,True,(?:alumin|corundum|bauxite),"Aluminium: unwrought, (not alloyed)",observable_attribution_and_stage_fit,"The official HS92 description identifies unwrought aluminium, which is inside the canonical stage definition. No unobserved product form, feedstock, species, or end use is inferred from the commodity name alone.",exp_unwrought,,frozen observable-attribution decision specification,not_performed
aluminium,760120,include,exp_unwrought,observable_regex,True,(?:alumin|corundum|bauxite),"Aluminium: unwrought, alloys",observable_attribution_and_stage_fit,"The official HS92 description identifies unwrought aluminium, which is inside the canonical stage definition. No unobserved product form, feedstock, species, or end use is inferred from the commodity name alone.",exp_unwrought,,frozen observable-attribution decision specification,not_performed
aluminium,760200,include,exp_scrap,observable_regex,True,(?:alumin|corundum|bauxite),Aluminium: waste and scrap,observable_attribution_and_stage_fit,"The official HS92 description identifies aluminium waste and scrap, which is inside the canonical stage definition. No unobserved product form, feedstock, species, or end use is inferred from the commodity name alone.",exp_scrap,,frozen observable-attribution decision specification,not_performed
aluminium,760310,out_of_stage,,observable_regex,True,(?:alumin|corundum|bauxite),Aluminium: powders of non-lamellar structure,explicit_focal_product_outside_frozen_stage,"The official HS92 description explicitly names the focal commodity or material, but its described product form is outside every frozen stage in this chain.",,,frozen observable-attribution decision specification,not_performed
aluminium,760320,out_of_stage,,observable_regex,True,(?:alumin|corundum|bauxite),"Aluminium: powders of lamellar structure, flakes",explicit_focal_product_outside_frozen_stage,"The official HS92 description explicitly names the focal commodity or material, but its described product form is outside every frozen stage in this chain.",,,frozen observable-attribution decision specification,not_performed
aluminium,760410,include,exp_semis_barrod,observable_regex,True,(?:alumin|corundum|bauxite),"Aluminium: (not alloyed), bars, rods and profiles",observable_attribution_and_stage_fit,"The official HS92 description identifies aluminium bars, rods, or profiles, which is inside the canonical stage definition. No unobserved product form, feedstock, species, or end use is inferred from the commodity name alone.",exp_semis_barrod,,frozen observable-attribution decision specification,not_performed
aluminium,760421,include,exp_semis_barrod,observable_regex,True,(?:alumin|corundum|bauxite),"Aluminium: alloys, hollow profiles",observable_attribution_and_stage_fit,"The official HS92 description identifies aluminium bars, rods, or profiles, which is inside the canonical stage definition. No unobserved product form, feedstock, species, or end use is inferred from the commodity name alone.",exp_semis_barrod,,frozen observable-attribution decision specification,not_performed
aluminium,760429,include,exp_semis_barrod,observable_regex,True,(?:alumin|corundum|bauxite),"Aluminium: alloys, bars, rods and profiles, other than hollow",observable_attribution_and_stage_fit,"The official HS92 description identifies aluminium bars, rods, or profiles, which is inside the canonical stage definition. No unobserved product form, feedstock, species, or end use is inferred from the commodity name alone.",exp_semis_barrod,,frozen observable-attribution decision specification,not_performed
aluminium,760511,include,exp_semis_wire,observable_regex,True,(?:alumin|corundum|bauxite),"Aluminium: (not alloyed), wire, maximum cross-sectional dimension exceeds 7mm",observable_attribution_and_stage_fit,"The official HS92 description identifies aluminium wire, which is inside the canonical stage definition. No unobserved product form, feedstock, species, or end use is inferred from the commodity name alone.",exp_semis_wire,,frozen observable-attribution decision specification,not_performed
aluminium,760519,include,exp_semis_wire,observable_regex,True,(?:alumin|corundum|bauxite),"Aluminium: (not alloyed), wire, maximum cross-sectional dimension is 7mm or less",observable_attribution_and_stage_fit,"The official HS92 description identifies aluminium wire, which is inside the canonical stage definition. No unobserved product form, feedstock, species, or end use is inferred from the commodity name alone.",exp_semis_wire,,frozen observable-attribution decision specification,not_performed
aluminium,760521,include,exp_semis_wire,observable_regex,True,(?:alumin|corundum|bauxite),"Aluminium: alloys, wire, maximum cross-sectional dimension exceeding 7mm",observable_attribution_and_stage_fit,"The official HS92 description identifies aluminium wire, which is inside the canonical stage definition. No unobserved product form, feedstock, species, or end use is inferred from the commodity name alone.",exp_semis_wire,,frozen observable-attribution decision specification,not_performed
aluminium,760529,include,exp_semis_wire,observable_regex,True,(?:alumin|corundum|bauxite),"Aluminium: alloys, wire, maximum cross-sectional dimension is 7mm or less",observable_attribution_and_stage_fit,"The official HS92 description identifies aluminium wire, which is inside the canonical stage definition. No unobserved product form, feedstock, species, or end use is inferred from the commodity name alone.",exp_semis_wire,,frozen observable-attribution decision specification,not_performed
aluminium,760611,include,exp_semis_plate,observable_regex,True,(?:alumin|corundum|bauxite),"Aluminium: plates, sheets and strip, thickness exceeding 0.2mm, (not alloyed), rectangular (including square)",observable_attribution_and_stage_fit,"The official HS92 description identifies aluminium plates, sheets, or strip, which is inside the canonical stage definition. No unobserved product form, feedstock, species, or end use is inferred from the commodity name alone.",exp_semis_plate,,frozen observable-attribution decision specification,not_performed
aluminium,760612,include,exp_semis_plate,observable_regex,True,(?:alumin|corundum|bauxite),"Aluminium: plates, sheets and strip, thickness exceeding 0.2mm, alloys, rectangular (including square)",observable_attribution_and_stage_fit,"The official HS92 description identifies aluminium plates, sheets, or strip, which is inside the canonical stage definition. No unobserved product form, feedstock, species, or end use is inferred from the commodity name alone.",exp_semis_plate,,frozen observable-attribution decision specification,not_performed
aluminium,760691,include,exp_semis_plate,observable_regex,True,(?:alumin|corundum|bauxite),"Aluminium: plates, sheets and strip, thickness exceeding 0.2mm, not alloyed, (not rectangular or square)",observable_attribution_and_stage_fit,"The official HS92 description identifies aluminium plates, sheets, or strip, which is inside the canonical stage definition. No unobserved product form, feedstock, species, or end use is inferred from the commodity name alone.",exp_semis_plate,,frozen observable-attribution decision specification,not_performed
aluminium,760692,include,exp_semis_plate,observable_regex,True,(?:alumin|corundum|bauxite),"Aluminium: plates, sheets and strip, thickness exceeding 0.2mm, alloys, (not rectangular or square)",observable_attribution_and_stage_fit,"The official HS92 description identifies aluminium plates, sheets, or strip, which is inside the canonical stage definition. No unobserved product form, feedstock, species, or end use is inferred from the commodity name alone.",exp_semis_plate,,frozen observable-attribution decision specification,not_performed
aluminium,760711,include,exp_semis_foil,observable_regex,True,(?:alumin|corundum|bauxite),"Aluminium: foil, (not backed), rolled (but not further worked), of a thickness not exceeding 0.2mm",observable_attribution_and_stage_fit,"The official HS92 description identifies aluminium foil, which is inside the canonical stage definition. No unobserved product form, feedstock, species, or end use is inferred from the commodity name alone.",exp_semis_foil,,frozen observable-attribution decision specification,not_performed
aluminium,760719,include,exp_semis_foil,observable_regex,True,(?:alumin|corundum|bauxite),"Aluminium: foil, (not backed), of a thickness not exceeding 0.2mm, not rolled",observable_attribution_and_stage_fit,"The official HS92 description identifies aluminium foil, which is inside the canonical stage definition. No unobserved product form, feedstock, species, or end use is inferred from the commodity name alone.",exp_semis_foil,,frozen observable-attribution decision specification,not_performed
aluminium,760720,include,exp_semis_foil,observable_regex,True,(?:alumin|corundum|bauxite),"Aluminium: foil, backed with paper, paperboard, plastics or similar backing materials, of a thickness (excluding any backing) not exceeding 0.2mm",observable_attribution_and_stage_fit,"The official HS92 description identifies aluminium foil, which is inside the canonical stage definition. No unobserved product form, feedstock, species, or end use is inferred from the commodity name alone.",exp_semis_foil,,frozen observable-attribution decision specification,not_performed
aluminium,760810,include,exp_semis_tube,observable_regex,True,(?:alumin|corundum|bauxite),"Aluminium: tubes and pipes, not alloyed",observable_attribution_and_stage_fit,"The official HS92 description identifies aluminium tubes, pipes, or their fittings, which is inside the canonical stage definition. No unobserved product form, feedstock, species, or end use is inferred from the commodity name alone.",exp_semis_tube,,frozen observable-attribution decision specification,not_performed
aluminium,760820,include,exp_semis_tube,observable_regex,True,(?:alumin|corundum|bauxite),"Aluminium: tubes and pipes, alloys",observable_attribution_and_stage_fit,"The official HS92 description identifies aluminium tubes, pipes, or their fittings, which is inside the canonical stage definition. No unobserved product form, feedstock, species, or end use is inferred from the commodity name alone.",exp_semis_tube,,frozen observable-attribution decision specification,not_performed
aluminium,760900,include,exp_semis_tube,observable_regex,True,(?:alumin|corundum|bauxite),"Aluminium: tube or pipe fittings (eg couplings, elbows, sleeves)",observable_attribution_and_stage_fit,"The official HS92 description identifies aluminium tubes, pipes, or their fittings, which is inside the canonical stage definition. No unobserved product form, feedstock, species, or end use is inferred from the commodity name alone.",exp_semis_tube,,frozen observable-attribution decision specification,not_performed
aluminium,761010,out_of_stage,,observable_regex,True,(?:alumin|corundum|bauxite),"Aluminium: structures (excluding prefabricated buildings of heading no. 9406) and parts of structures, doors, windows and their frames and thresholds for doors",explicit_focal_product_outside_frozen_stage,"The official HS92 description explicitly names the focal commodity or material, but its described product form is outside every frozen stage in this chain.",,,frozen observable-attribution decision specification,not_performed
aluminium,761090,out_of_stage,,observable_regex,True,(?:alumin|corundum|bauxite),"Aluminium: structures (excluding prefabricated buildings of heading no. 9406) and parts of structures, n.e.s. in heading no. 7610, plates, rods, profiles, tubes and the like",explicit_focal_product_outside_frozen_stage,"The official HS92 description explicitly names the focal commodity or material, but its described product form is outside every frozen stage in this chain.",,,frozen observable-attribution decision specification,not_performed
aluminium,761100,out_of_stage,,observable_regex,True,(?:alumin|corundum|bauxite),"Aluminium: reservoirs, tanks, vats and similar containers, for material (not compressed or liquefied gas), of a capacity over 300l, whether or not lined, not fitted with mechanical/thermal equipment",explicit_focal_product_outside_frozen_stage,"The official HS92 description explicitly names the focal commodity or material, but its described product form is outside every frozen stage in this chain.",,,frozen observable-attribution decision specification,not_performed
aluminium,761210,out_of_stage,,observable_regex,True,(?:alumin|corundum|bauxite),"Aluminium: collapsible tubular containers, for any material, (not compressed or liquefied gas), 300l capacity or less, whether or not lined, not fitted with mechanical/thermal equipment",explicit_focal_product_outside_frozen_stage,"The official HS92 description explicitly names the focal commodity or material, but its described product form is outside every frozen stage in this chain.",,,frozen observable-attribution decision specification,not_performed
aluminium,761290,out_of_stage,,observable_regex,True,(?:alumin|corundum|bauxite),"Aluminium: casks, drums, cans, boxes and the like for any material (not compressed or liquefied gas), 300l capacity or less, whether or not lined or heat-insulated, no mechanical or thermal equipment",explicit_focal_product_outside_frozen_stage,"The official HS92 description explicitly names the focal commodity or material, but its described product form is outside every frozen stage in this chain.",,,frozen observable-attribution decision specification,not_performed
aluminium,761300,out_of_stage,,observable_regex,True,(?:alumin|corundum|bauxite),Aluminium: containers for compressed or liquefied gas,explicit_focal_product_outside_frozen_stage,"The official HS92 description explicitly names the focal commodity or material, but its described product form is outside every frozen stage in this chain.",,,frozen observable-attribution decision specification,not_performed
aluminium,761410,out_of_stage,,observable_regex,True,(?:alumin|corundum|bauxite),"Aluminium: stranded wire, cables, plaited bands and the like, (not electrically insulated), with steel core",explicit_focal_product_outside_frozen_stage,"The official HS92 description explicitly names the focal commodity or material, but its described product form is outside every frozen stage in this chain.",,,frozen observable-attribution decision specification,not_performed
aluminium,761490,out_of_stage,,observable_regex,True,(?:alumin|corundum|bauxite),"Aluminium: stranded wire, cables, plaited bands and the like, (not electrically insulated), other than steel core",explicit_focal_product_outside_frozen_stage,"The official HS92 description explicitly names the focal commodity or material, but its described product form is outside every frozen stage in this chain.",,,frozen observable-attribution decision specification,not_performed
aluminium,761510,out_of_stage,,observable_regex,True,(?:alumin|corundum|bauxite),"Aluminium: table, kitchen or other household articles and parts thereof, pot scourers and scouring or polishing pads, gloves and the like",explicit_focal_product_outside_frozen_stage,"The official HS92 description explicitly names the focal commodity or material, but its described product form is outside every frozen stage in this chain.",,,frozen observable-attribution decision specification,not_performed
aluminium,761520,out_of_stage,,observable_regex,True,(?:alumin|corundum|bauxite),Aluminium: sanitary ware and parts thereof,explicit_focal_product_outside_frozen_stage,"The official HS92 description explicitly names the focal commodity or material, but its described product form is outside every frozen stage in this chain.",,,frozen observable-attribution decision specification,not_performed
aluminium,761610,out_of_stage,,observable_regex,True,(?:alumin|corundum|bauxite),"Aluminium: nails, tacks, staples (other than those of heading no. 8305) screws, bolts, nuts, screw hooks, rivets, cotters, cotter-pins, washers and similar articles",explicit_focal_product_outside_frozen_stage,"The official HS92 description explicitly names the focal commodity or material, but its described product form is outside every frozen stage in this chain.",,,frozen observable-attribution decision specification,not_performed
aluminium,761690,out_of_stage,,observable_regex,True,(?:alumin|corundum|bauxite),Aluminium: articles n.e.s. in heading no. 7616,explicit_focal_product_outside_frozen_stage,"The official HS92 description explicitly names the focal commodity or material, but its described product form is outside every frozen stage in this chain.",,,frozen observable-attribution decision specification,not_performed
aluminium,853222,out_of_stage,,observable_regex,True,(?:alumin|corundum|bauxite),"Electrical capacitors: fixed, aluminium electrolytic",explicit_focal_product_outside_frozen_stage,"The official HS92 description explicitly names the focal commodity or material, but its described product form is outside every frozen stage in this chain.",,,frozen observable-attribution decision specification,not_performed
nickel,260400,include,exp_nickel_ore,observable_regex,True,\bnickel\b,Nickel ores and concentrates,observable_attribution_and_stage_fit,"The official HS92 description identifies nickel ores and concentrates, which is inside the canonical stage definition. No unobserved product form, feedstock, species, or end use is inferred from the commodity name alone.",exp_nickel_ore,,frozen observable-attribution decision specification,not_performed
nickel,282540,out_of_stage,,observable_regex,True,\bnickel\b,Nickel oxides and hydroxides,explicit_focal_product_outside_frozen_stage,"The official HS92 description explicitly names the focal commodity or material, but its described product form is outside every frozen stage in this chain.",,,frozen observable-attribution decision specification,not_performed
nickel,282735,include,exp_nickel_salts,observable_regex,True,\bnickel\b,Chlorides: of nickel,observable_attribution_and_stage_fit,"The official HS92 description identifies nickel sulphate or nickel chloride without an asserted end use, which is inside the canonical stage definition. No unobserved product form, feedstock, species, or end use is inferred from the commodity name alone.",exp_nickel_salts,exp_battery_salts,frozen observable-attribution decision specification,not_performed
nickel,283324,include,exp_nickel_salts,observable_regex,True,\bnickel\b,Sulphates: of nickel,observable_attribution_and_stage_fit,"The official HS92 description identifies nickel sulphate or nickel chloride without an asserted end use, which is inside the canonical stage definition. No unobserved product form, feedstock, species, or end use is inferred from the commodity name alone.",exp_nickel_salts,exp_battery_salts,frozen observable-attribution decision specification,not_performed
nickel,381511,out_of_stage,,observable_regex,True,\bnickel\b,"Catalysts, supported: reaction initiators, reaction accelerators and catalytic preparations, with nickel or nickel compounds as the active substance, n.e.s. or included",explicit_focal_product_outside_frozen_stage,"The official HS92 description explicitly names the focal commodity or material, but its described product form is outside every frozen stage in this chain.",,,frozen observable-attribution decision specification,not_performed
nickel,381519,exclude,,observable_regex,True,\bnickel\b,"Catalysts, supported: reaction initiators, reaction accelerators and catalytic preparations, with an active substance other than nickel or precious metals or their compounds, n.e.s. or included",focal_expression_not_isolated,"Although the frozen focal expression occurs in the official HS92 description, the wording is negative, generic, multi-commodity, mixed-species, or otherwise does not isolate the focal commodity or material for attribution.",,,frozen observable-attribution decision specification,not_performed
nickel,720260,include,exp_ferronickel,observable_regex,True,\bnickel\b,Ferro-alloys: ferro-nickel,observable_attribution_and_stage_fit,"The official HS92 description identifies ferro-nickel, which is inside the canonical stage definition. No unobserved product form, feedstock, species, or end use is inferred from the commodity name alone.",exp_ferronickel,,frozen observable-attribution decision specification,not_performed
nickel,721810,exclude,,legacy_only,False,\bnickel\b,"Steel, stainless: ingots and other primary forms",legacy_description_lacks_focal_term,"The historical proposal is retained for provenance, but the official HS92 description does not match the frozen focal lexicon. Observable attribution therefore forbids inclusion.",exp_stainless,,frozen observable-attribution decision specification,not_performed
nickel,721890,exclude,,legacy_only,False,\bnickel\b,"Steel, stainless: semi-finished products",legacy_description_lacks_focal_term,"The historical proposal is retained for provenance, but the official HS92 description does not match the frozen focal lexicon. Observable attribution therefore forbids inclusion.",exp_stainless,,frozen observable-attribution decision specification,not_performed
nickel,721911,exclude,,legacy_only,False,\bnickel\b,"Steel, stainless: flat-rolled, width 600mm or more, hot-rolled, in coils, of a thickness exceeding 10mm",legacy_description_lacks_focal_term,"The historical proposal is retained for provenance, but the official HS92 description does not match the frozen focal lexicon. Observable attribution therefore forbids inclusion.",exp_stainless,,frozen observable-attribution decision specification,not_performed
nickel,721922,exclude,,legacy_only,False,\bnickel\b,"Steel, stainless: flat-rolled, width 600mm or more, hot-rolled, (not in coils), of a thickness of 4.75mm or more but not exceeding 10mm",legacy_description_lacks_focal_term,"The historical proposal is retained for provenance, but the official HS92 description does not match the frozen focal lexicon. Observable attribution therefore forbids inclusion.",exp_stainless,,frozen observable-attribution decision specification,not_performed
nickel,721932,exclude,,legacy_only,False,\bnickel\b,"Steel, stainless: flat-rolled, width 600mm or more, cold-rolled, of a thickness of 3mm or more but less than 4.75mm",legacy_description_lacks_focal_term,"The historical proposal is retained for provenance, but the official HS92 description does not match the frozen focal lexicon. Observable attribution therefore forbids inclusion.",exp_stainless,,frozen observable-attribution decision specification,not_performed
nickel,721990,exclude,,legacy_only,False,\bnickel\b,"Steel, stainless: flat-rolled, width 600mm or more, n.e.s. in heading no. 7219",legacy_description_lacks_focal_term,"The historical proposal is retained for provenance, but the official HS92 description does not match the frozen focal lexicon. Observable attribution therefore forbids inclusion.",exp_stainless,,frozen observable-attribution decision specification,not_performed
nickel,722011,exclude,,legacy_only,False,\bnickel\b,"Steel, stainless: flat-rolled, width less than 600mm, hot-rolled, of a thickness of 4.75mm or more",legacy_description_lacks_focal_term,"The historical proposal is retained for provenance, but the official HS92 description does not match the frozen focal lexicon. Observable attribution therefore forbids inclusion.",exp_stainless,,frozen observable-attribution decision specification,not_performed
nickel,722020,exclude,,legacy_only,False,\bnickel\b,"Steel, stainless: flat-rolled, width less than 600mm, cold-rolled",legacy_description_lacks_focal_term,"The historical proposal is retained for provenance, but the official HS92 description does not match the frozen focal lexicon. Observable attribution therefore forbids inclusion.",exp_stainless,,frozen observable-attribution decision specification,not_performed
nickel,722090,exclude,,legacy_only,False,\bnickel\b,"Steel, stainless: flat-rolled, width less than 600mm, nes in heading no 7220",legacy_description_lacks_focal_term,"The historical proposal is retained for provenance, but the official HS92 description does not match the frozen focal lexicon. Observable attribution therefore forbids inclusion.",exp_stainless,,frozen observable-attribution decision specification,not_performed
nickel,740323,include,exp_unwrought,observable_regex,True,\bnickel\b,Copper: copper-nickel base alloys (cupro-nickel) or copper-nickel-zinc base alloys (nickel silver) unwrought,observable_attribution_and_stage_fit,"The official HS92 description identifies unwrought nickel or a nickel-explicit copper-nickel alloy basket, which is inside the canonical stage definition. No unobserved product form, feedstock, species, or end use is inferred from the commodity name alone.",,,frozen observable-attribution decision specification,not_performed
nickel,740722,include,exp_bars_wire,observable_regex,True,\bnickel\b,"Copper: bars, rods and profiles, of copper-nickel base alloys (cupro-nickel) or copper-nickel-zinc base alloys (nickel silver)",observable_attribution_and_stage_fit,"The official HS92 description identifies nickel-explicit bars, rods, profiles, or wire, including copper-nickel alloy baskets, which is inside the canonical stage definition. No unobserved product form, feedstock, species, or end use is inferred from the commodity name alone.",,,frozen observable-attribution decision specification,not_performed
nickel,740729,exclude,,observable_regex,True,\bnickel\b,"Copper: bars, rods and profiles, of copper alloys, (other than copper-zinc base alloys, copper-nickel base alloys or copper-nickel-zinc base alloys)",focal_expression_not_isolated,"Although the frozen focal expression occurs in the official HS92 description, the wording is negative, generic, multi-commodity, mixed-species, or otherwise does not isolate the focal commodity or material for attribution.",,,frozen observable-attribution decision specification,not_performed
nickel,740822,include,exp_bars_wire,observable_regex,True,\bnickel\b,"Copper: wire, of copper-nickel base alloys (cupro-nickel) or copper-nickel-zinc base alloys (nickel silver)",observable_attribution_and_stage_fit,"The official HS92 description identifies nickel-explicit bars, rods, profiles, or wire, including copper-nickel alloy baskets, which is inside the canonical stage definition. No unobserved product form, feedstock, species, or end use is inferred from the commodity name alone.",,,frozen observable-attribution decision specification,not_performed
nickel,740829,exclude,,observable_regex,True,\bnickel\b,"Copper: wire, of copper alloys (other than copper-zinc base alloys, copper-nickel base alloys or copper-nickel-zinc base alloys)",focal_expression_not_isolated,"Although the frozen focal expression occurs in the official HS92 description, the wording is negative, generic, multi-commodity, mixed-species, or otherwise does not isolate the focal commodity or material for attribution.",,,frozen observable-attribution decision specification,not_performed
nickel,740940,include,exp_plates_foil,observable_regex,True,\bnickel\b,"Copper: plates, sheets and strip, of a thickness exceeding 0.15mm, of copper-nickel base alloys (cupro-nickel) or copper-nickel-zinc base alloys (nickel silver)",observable_attribution_and_stage_fit,"The official HS92 description identifies nickel-explicit plates, sheets, strip, or foil, including copper-nickel alloy baskets, which is inside the canonical stage definition. No unobserved product form, feedstock, species, or end use is inferred from the commodity name alone.",,,frozen observable-attribution decision specification,not_performed
nickel,740990,exclude,,observable_regex,True,\bnickel\b,"Copper: plates, sheets and strip, of a thickness exceeding 0.15mm, of copper alloys (other than copper-zinc base alloys, copper-tin base alloys, copper-nickel base alloys or copper-nickel-zinc base alloys)",focal_expression_not_isolated,"Although the frozen focal expression occurs in the official HS92 description, the wording is negative, generic, multi-commodity, mixed-species, or otherwise does not isolate the focal commodity or material for attribution.",,,frozen observable-attribution decision specification,not_performed
nickel,741122,include,exp_tubes,observable_regex,True,\bnickel\b,"Copper: tubes and pipes, of copper-nickel base alloys (cupro-nickel) or copper-nickel-zinc base alloys (nickel silver)",observable_attribution_and_stage_fit,"The official HS92 description identifies nickel-explicit tubes, pipes, or fittings, including copper-nickel alloy baskets, which is inside the canonical stage definition. No unobserved product form, feedstock, species, or end use is inferred from the commodity name alone.",,,frozen observable-attribution decision specification,not_performed
nickel,741129,exclude,,observable_regex,True,\bnickel\b,"Copper: tubes and pipes, of copper alloys (other than copper-zinc, copper-nickel base alloys (cupro-nickel) or copper-nickel-zinc base alloys (nickel-silver))",focal_expression_not_isolated,"Although the frozen focal expression occurs in the official HS92 description, the wording is negative, generic, multi-commodity, mixed-species, or otherwise does not isolate the focal commodity or material for attribution.",,,frozen observable-attribution decision specification,not_performed
nickel,750110,include,exp_nickel_matte,observable_regex,True,\bnickel\b,Nickel: nickel mattes,observable_attribution_and_stage_fit,"The official HS92 description identifies nickel mattes, which is inside the canonical stage definition. No unobserved product form, feedstock, species, or end use is inferred from the commodity name alone.",exp_nickel_matte,exp_matte,frozen observable-attribution decision specification,not_performed
nickel,750120,include,exp_nickel_intermediate,observable_regex,True,\bnickel\b,Nickel: oxide sinters and other intermediate products of nickel metallurgy,observable_attribution_and_stage_fit,"The official HS92 description identifies oxide sinters or other intermediate products of nickel metallurgy, which is inside the canonical stage definition. No unobserved product form, feedstock, species, or end use is inferred from the commodity name alone.",exp_nickel_intermediate,exp_matte,frozen observable-attribution decision specification,not_performed
nickel,750210,include,exp_unwrought,observable_regex,True,\bnickel\b,"Nickel: unwrought, not alloyed",observable_attribution_and_stage_fit,"The official HS92 description identifies unwrought nickel or a nickel-explicit copper-nickel alloy basket, which is inside the canonical stage definition. No unobserved product form, feedstock, species, or end use is inferred from the commodity name alone.",exp_unwrought,,frozen observable-attribution decision specification,not_performed
nickel,750220,include,exp_unwrought,observable_regex,True,\bnickel\b,"Nickel: unwrought, alloys",observable_attribution_and_stage_fit,"The official HS92 description identifies unwrought nickel or a nickel-explicit copper-nickel alloy basket, which is inside the canonical stage definition. No unobserved product form, feedstock, species, or end use is inferred from the commodity name alone.",exp_unwrought,,frozen observable-attribution decision specification,not_performed
nickel,750300,out_of_stage,,observable_regex,True,\bnickel\b,Nickel: waste and scrap,explicit_focal_product_outside_frozen_stage,"The official HS92 description explicitly names the focal commodity or material, but its described product form is outside every frozen stage in this chain.",,,frozen observable-attribution decision specification,not_performed
nickel,750400,include,exp_powder,observable_regex,True,\bnickel\b,Nickel: powders and flakes,observable_attribution_and_stage_fit,"The official HS92 description identifies nickel powders or flakes, which is inside the canonical stage definition. No unobserved product form, feedstock, species, or end use is inferred from the commodity name alone.",exp_powder,,frozen observable-attribution decision specification,not_performed
nickel,750511,include,exp_bars_wire,observable_regex,True,\bnickel\b,"Nickel: bars, rods and profiles, not alloyed",observable_attribution_and_stage_fit,"The official HS92 description identifies nickel-explicit bars, rods, profiles, or wire, including copper-nickel alloy baskets, which is inside the canonical stage definition. No unobserved product form, feedstock, species, or end use is inferred from the commodity name alone.",exp_bars_wire,,frozen observable-attribution decision specification,not_performed
nickel,750512,include,exp_bars_wire,observable_regex,True,\bnickel\b,"Nickel: bars, rods and profiles, of nickel alloys",observable_attribution_and_stage_fit,"The official HS92 description identifies nickel-explicit bars, rods, profiles, or wire, including copper-nickel alloy baskets, which is inside the canonical stage definition. No unobserved product form, feedstock, species, or end use is inferred from the commodity name alone.",exp_bars_wire,,frozen observable-attribution decision specification,not_performed
nickel,750521,include,exp_bars_wire,observable_regex,True,\bnickel\b,"Nickel: wire, not alloyed",observable_attribution_and_stage_fit,"The official HS92 description identifies nickel-explicit bars, rods, profiles, or wire, including copper-nickel alloy baskets, which is inside the canonical stage definition. No unobserved product form, feedstock, species, or end use is inferred from the commodity name alone.",exp_bars_wire,,frozen observable-attribution decision specification,not_performed
nickel,750522,include,exp_bars_wire,observable_regex,True,\bnickel\b,"Nickel: wire, of nickel alloys",observable_attribution_and_stage_fit,"The official HS92 description identifies nickel-explicit bars, rods, profiles, or wire, including copper-nickel alloy baskets, which is inside the canonical stage definition. No unobserved product form, feedstock, species, or end use is inferred from the commodity name alone.",exp_bars_wire,,frozen observable-attribution decision specification,not_performed
nickel,750610,include,exp_plates_foil,observable_regex,True,\bnickel\b,"Nickel: plates, sheets, strip and foil, not alloyed",observable_attribution_and_stage_fit,"The official HS92 description identifies nickel-explicit plates, sheets, strip, or foil, including copper-nickel alloy baskets, which is inside the canonical stage definition. No unobserved product form, feedstock, species, or end use is inferred from the commodity name alone.",exp_plates_foil,,frozen observable-attribution decision specification,not_performed
nickel,750620,include,exp_plates_foil,observable_regex,True,\bnickel\b,"Nickel: plates, sheets, strip and foil, of nickel alloys",observable_attribution_and_stage_fit,"The official HS92 description identifies nickel-explicit plates, sheets, strip, or foil, including copper-nickel alloy baskets, which is inside the canonical stage definition. No unobserved product form, feedstock, species, or end use is inferred from the commodity name alone.",exp_plates_foil,,frozen observable-attribution decision specification,not_performed
nickel,750711,include,exp_tubes,observable_regex,True,\bnickel\b,"Nickel: tubes and pipes, not alloyed",observable_attribution_and_stage_fit,"The official HS92 description identifies nickel-explicit tubes, pipes, or fittings, including copper-nickel alloy baskets, which is inside the canonical stage definition. No unobserved product form, feedstock, species, or end use is inferred from the commodity name alone.",exp_tubes,,frozen observable-attribution decision specification,not_performed
nickel,750712,include,exp_tubes,observable_regex,True,\bnickel\b,"Nickel: tubes and pipes, of nickel alloys",observable_attribution_and_stage_fit,"The official HS92 description identifies nickel-explicit tubes, pipes, or fittings, including copper-nickel alloy baskets, which is inside the canonical stage definition. No unobserved product form, feedstock, species, or end use is inferred from the commodity name alone.",exp_tubes,,frozen observable-attribution decision specification,not_performed
nickel,750720,include,exp_tubes,observable_regex,True,\bnickel\b,Nickel: tube and pipe fittings,observable_attribution_and_stage_fit,"The official HS92 description identifies nickel-explicit tubes, pipes, or fittings, including copper-nickel alloy baskets, which is inside the canonical stage definition. No unobserved product form, feedstock, species, or end use is inferred from the commodity name alone.",exp_tubes,,frozen observable-attribution decision specification,not_performed
nickel,750800,include,exp_other,observable_regex,True,\bnickel\b,Nickel: other articles thereof n.e.s.,observable_attribution_and_stage_fit,"The official HS92 description identifies other nickel articles, which is inside the canonical stage definition. No unobserved product form, feedstock, species, or end use is inferred from the commodity name alone.",exp_other,,frozen observable-attribution decision specification,not_performed
nickel,850730,out_of_stage,,observable_regex,True,\bnickel\b,"Electric accumulators: nickel-cadmium, including separators, whether or not rectangular (including square)",explicit_focal_product_outside_frozen_stage,"The official HS92 description explicitly names the focal commodity or material, but its described product form is outside every frozen stage in this chain.",,,frozen observable-attribution decision specification,not_performed
nickel,850740,out_of_stage,,observable_regex,True,\bnickel\b,"Electric accumulators: nickel-iron, including separators, whether or not rectangular (including square)",explicit_focal_product_outside_frozen_stage,"The official HS92 description explicitly names the focal commodity or material, but its described product form is outside every frozen stage in this chain.",,,frozen observable-attribution decision specification,not_performed
cocoa,040310,exclude,,observable_regex,True,\b(?:cocoa|chocolate)\b,"Dairy produce: yoghurt, whether or not concentrated or containing added sugar or other sweetening matter or flavoured or containing added fruit or cocoa",focal_expression_not_isolated,"Although the frozen focal expression occurs in the official HS92 description, the wording is negative, generic, multi-commodity, mixed-species, or otherwise does not isolate the focal commodity or material for attribution.",,,frozen observable-attribution decision specification,not_performed
cocoa,040390,exclude,,observable_regex,True,\b(?:cocoa|chocolate)\b,"Dairy produce: buttermilk, curdled milk or cream, kephir, fermented or acidified milk or cream, whether or not concentrated or containing added sweetening, flavouring, fruit or cocoa (excluding yoghurt)",focal_expression_not_isolated,"Although the frozen focal expression occurs in the official HS92 description, the wording is negative, generic, multi-commodity, mixed-species, or otherwise does not isolate the focal commodity or material for attribution.",,,frozen observable-attribution decision specification,not_performed
cocoa,170410,exclude,,observable_regex,True,\b(?:cocoa|chocolate)\b,"Sugar confectionery: chewing gum, whether or not sugar-coated, not containing cocoa",focal_expression_not_isolated,"Although the frozen focal expression occurs in the official HS92 description, the wording is negative, generic, multi-commodity, mixed-species, or otherwise does not isolate the focal commodity or material for attribution.",,,frozen observable-attribution decision specification,not_performed
cocoa,170490,exclude,,observable_regex,True,\b(?:cocoa|chocolate)\b,"Sugar confectionery: (excluding chewing gum, including white chocolate), not containing cocoa",focal_expression_not_isolated,"Although the frozen focal expression occurs in the official HS92 description, the wording is negative, generic, multi-commodity, mixed-species, or otherwise does not isolate the focal commodity or material for attribution.",,,frozen observable-attribution decision specification,not_performed
cocoa,180100,include,exp_cocoabean,observable_regex,True,\b(?:cocoa|chocolate)\b,"Cocoa beans: whole or broken, raw or roasted",observable_attribution_and_stage_fit,"The official HS92 description identifies cocoa beans, which is inside the canonical stage definition. No unobserved product form, feedstock, species, or end use is inferred from the commodity name alone.",exp_cocoabean,,frozen observable-attribution decision specification,not_performed
cocoa,180200,include,exp_cocoawaste,observable_regex,True,\b(?:cocoa|chocolate)\b,"Cocoa: shells, husks, skins and other cocoa waste",observable_attribution_and_stage_fit,"The official HS92 description identifies cocoa waste, which is inside the canonical stage definition. No unobserved product form, feedstock, species, or end use is inferred from the commodity name alone.",exp_cocoawaste,,frozen observable-attribution decision specification,not_performed
cocoa,180310,include,exp_cocoapaste,observable_regex,True,\b(?:cocoa|chocolate)\b,"Cocoa: paste, not defatted",observable_attribution_and_stage_fit,"The official HS92 description identifies cocoa paste, which is inside the canonical stage definition. No unobserved product form, feedstock, species, or end use is inferred from the commodity name alone.",exp_cocoapaste,,frozen observable-attribution decision specification,not_performed
cocoa,180320,include,exp_cocoapaste,observable_regex,True,\b(?:cocoa|chocolate)\b,"Cocoa: paste, wholly or partly defatted",observable_attribution_and_stage_fit,"The official HS92 description identifies cocoa paste, which is inside the canonical stage definition. No unobserved product form, feedstock, species, or end use is inferred from the commodity name alone.",exp_cocoapaste,,frozen observable-attribution decision specification,not_performed
cocoa,180400,include,exp_cocoabutter,observable_regex,True,\b(?:cocoa|chocolate)\b,"Cocoa: butter, fat and oil",observable_attribution_and_stage_fit,"The official HS92 description identifies cocoa butter, fat, or oil, which is inside the canonical stage definition. No unobserved product form, feedstock, species, or end use is inferred from the commodity name alone.",exp_cocoabutter,,frozen observable-attribution decision specification,not_performed
cocoa,180500,include,exp_cocoapowder_unsw,observable_regex,True,\b(?:cocoa|chocolate)\b,"Cocoa: powder, not containing added sugar or other sweetening matter",observable_attribution_and_stage_fit,"The official HS92 description identifies unsweetened cocoa powder, which is inside the canonical stage definition. No unobserved product form, feedstock, species, or end use is inferred from the commodity name alone.",exp_cocoapowder_unsw,,frozen observable-attribution decision specification,not_performed
cocoa,180610,include,exp_cocoapowder_sw,observable_regex,True,\b(?:cocoa|chocolate)\b,"Cocoa: powder, containing added sugar or other sweetening matter",observable_attribution_and_stage_fit,"The official HS92 description identifies sweetened cocoa powder, which is inside the canonical stage definition. No unobserved product form, feedstock, species, or end use is inferred from the commodity name alone.",exp_cocoapowder_sw,,frozen observable-attribution decision specification,not_performed
cocoa,180620,include,exp_cocoa_prep_bulk,observable_regex,True,\b(?:cocoa|chocolate)\b,"Chocolate & other food preparations containing cocoa: in blocks, slabs or bars weighing more than 2kg or in liquid, paste, powder, granular or other bulk form in containers or immediate packings, content exceeding 2kg",observable_attribution_and_stage_fit,"The official HS92 description identifies chocolate or other cocoa-containing food preparations in the specified bulk form, which is inside the canonical stage definition. No unobserved product form, feedstock, species, or end use is inferred from the commodity name alone.",exp_cocoa_prep_bulk,exp_chocolate_bulk,frozen observable-attribution decision specification,not_performed
cocoa,180631,include,exp_cocoa_prep_blocks_bars,observable_regex,True,\b(?:cocoa|chocolate)\b,"Chocolate and other food preparations containing cocoa: in blocks, slabs or bars, filled, weighing 2kg or less",observable_attribution_and_stage_fit,"The official HS92 description identifies chocolate or other cocoa-containing preparations in blocks, slabs, or bars, which is inside the canonical stage definition. No unobserved product form, feedstock, species, or end use is inferred from the commodity name alone.",exp_cocoa_prep_blocks_bars,exp_chocolate_bar,frozen observable-attribution decision specification,not_performed
cocoa,180632,include,exp_cocoa_prep_blocks_bars,observable_regex,True,\b(?:cocoa|chocolate)\b,"Chocolate and other food preparations containing cocoa: in blocks, slabs or bars, (not filled), weighing 2kg or less",observable_attribution_and_stage_fit,"The official HS92 description identifies chocolate or other cocoa-containing preparations in blocks, slabs, or bars, which is inside the canonical stage definition. No unobserved product form, feedstock, species, or end use is inferred from the commodity name alone.",exp_cocoa_prep_blocks_bars,exp_chocolate_bar,frozen observable-attribution decision specification,not_performed
cocoa,180690,include,exp_cocoa_prep_other,observable_regex,True,\b(?:cocoa|chocolate)\b,Chocolate and other food preparations containing cocoa: n.e.s. in chapter 18,observable_attribution_and_stage_fit,"The official HS92 description identifies other chocolate or cocoa-containing food preparations, which is inside the canonical stage definition. No unobserved product form, feedstock, species, or end use is inferred from the commodity name alone.",exp_cocoa_prep_other,exp_chocolate_other,frozen observable-attribution decision specification,not_performed
cocoa,190510,exclude,,observable_regex,True,\b(?:cocoa|chocolate)\b,"Food preparations: crispbread, whether or not containing cocoa",focal_expression_not_isolated,"Although the frozen focal expression occurs in the official HS92 description, the wording is negative, generic, multi-commodity, mixed-species, or otherwise does not isolate the focal commodity or material for attribution.",,,frozen observable-attribution decision specification,not_performed
cocoa,190520,exclude,,observable_regex,True,\b(?:cocoa|chocolate)\b,"Food preparations: gingerbread and the like, whether or not containing cocoa",focal_expression_not_isolated,"Although the frozen focal expression occurs in the official HS92 description, the wording is negative, generic, multi-commodity, mixed-species, or otherwise does not isolate the focal commodity or material for attribution.",,,frozen observable-attribution decision specification,not_performed
cocoa,190530,exclude,,observable_regex,True,\b(?:cocoa|chocolate)\b,"Food preparations: sweet biscuits, waffles and wafers, whether or not containing cocoa",focal_expression_not_isolated,"Although the frozen focal expression occurs in the official HS92 description, the wording is negative, generic, multi-commodity, mixed-species, or otherwise does not isolate the focal commodity or material for attribution.",,,frozen observable-attribution decision specification,not_performed
cocoa,190540,exclude,,observable_regex,True,\b(?:cocoa|chocolate)\b,"Food preparations: rusks, toasted bread and similar toasted products, whether or not containing cocoa",focal_expression_not_isolated,"Although the frozen focal expression occurs in the official HS92 description, the wording is negative, generic, multi-commodity, mixed-species, or otherwise does not isolate the focal commodity or material for attribution.",,,frozen observable-attribution decision specification,not_performed
cocoa,190590,exclude,,observable_regex,True,\b(?:cocoa|chocolate)\b,"Food preparations: bakers' wares n.e.s. in heading no. 1605, whether or not containing cocoa: communion wafers, empty cachets suitable for pharmaceutical use, sealing wafers, rice papers and similar products",focal_expression_not_isolated,"Although the frozen focal expression occurs in the official HS92 description, the wording is negative, generic, multi-commodity, mixed-species, or otherwise does not isolate the focal commodity or material for attribution.",,,frozen observable-attribution decision specification,not_performed
cocoa,210500,exclude,,observable_regex,True,\b(?:cocoa|chocolate)\b,Ice cream and other edible ice: whether or not containing cocoa,focal_expression_not_isolated,"Although the frozen focal expression occurs in the official HS92 description, the wording is negative, generic, multi-commodity, mixed-species, or otherwise does not isolate the focal commodity or material for attribution.",,,frozen observable-attribution decision specification,not_performed
cocoa,843820,exclude,,observable_regex,True,\b(?:cocoa|chocolate)\b,"Machinery: industrial, for the manufacture of confectionery, cocoa or chocolate",focal_expression_not_isolated,"Although the frozen focal expression occurs in the official HS92 description, the wording is negative, generic, multi-commodity, mixed-species, or otherwise does not isolate the focal commodity or material for attribution.",,,frozen observable-attribution decision specification,not_performed
oilseed-soy,120100,include,exp_soybean,observable_regex,True,\b(?:soy|soya|soybean|soybeans)\b,Soya beans: whether or not broken,observable_attribution_and_stage_fit,"The official HS92 description identifies soya beans, which is inside the canonical stage definition. No unobserved product form, feedstock, species, or end use is inferred from the commodity name alone.",exp_soybean,,frozen observable-attribution decision specification,not_performed
oilseed-soy,120810,include,exp_soyflour_meal,observable_regex,True,\b(?:soy|soya|soybean|soybeans)\b,Flours and meals: of soya beans,observable_attribution_and_stage_fit,"The official HS92 description identifies flours or meals of soya beans, which is inside the canonical stage definition. No unobserved product form, feedstock, species, or end use is inferred from the commodity name alone.",exp_soyflour_meal,exp_soyflour,frozen observable-attribution decision specification,not_performed
oilseed-soy,120890,exclude,,observable_regex,True,\b(?:soy|soya|soybean|soybeans)\b,Flours and meals of oil seeds or oleaginous fruits: excluding soya beans and mustard seeds,focal_expression_not_isolated,"Although the frozen focal expression occurs in the official HS92 description, the wording is negative, generic, multi-commodity, mixed-species, or otherwise does not isolate the focal commodity or material for attribution.",,,frozen observable-attribution decision specification,not_performed
oilseed-soy,150710,include,exp_soyoil_crude,observable_regex,True,\b(?:soy|soya|soybean|soybeans)\b,"Vegetable oils: soya-bean oil and its fractions, crude, whether or not degummed, not chemically modified",observable_attribution_and_stage_fit,"The official HS92 description identifies crude soybean oil or its fractions, which is inside the canonical stage definition. No unobserved product form, feedstock, species, or end use is inferred from the commodity name alone.",exp_soyoil_crude,,frozen observable-attribution decision specification,not_performed
oilseed-soy,150790,include,exp_soyoil_noncrude,observable_regex,True,\b(?:soy|soya|soybean|soybeans)\b,"Vegetable oils: soya-bean oil and its fractions, other than crude, whether or not refined, but not chemically modified",observable_attribution_and_stage_fit,"The official HS92 description identifies soybean oil explicitly described as other than crude, which is inside the canonical stage definition. No unobserved product form, feedstock, species, or end use is inferred from the commodity name alone.",exp_soyoil_noncrude,exp_soyoil_refined,frozen observable-attribution decision specification,not_performed
oilseed-soy,210310,out_of_stage,,observable_regex,True,\b(?:soy|soya|soybean|soybeans)\b,Sauces: soya,explicit_focal_product_outside_frozen_stage,"The official HS92 description explicitly names the focal commodity or material, but its described product form is outside every frozen stage in this chain.",,,frozen observable-attribution decision specification,not_performed
oilseed-soy,230400,include,exp_soymeal,observable_regex,True,\b(?:soy|soya|soybean|soybeans)\b,"Oil-cake and other solid residues: whether or not ground or in the form of pellets, resulting from the extraction of soya-bean oil",observable_attribution_and_stage_fit,"The official HS92 description identifies solid residues from soybean-oil extraction, which is inside the canonical stage definition. No unobserved product form, feedstock, species, or end use is inferred from the commodity name alone.",exp_soymeal,,frozen observable-attribution decision specification,not_performed
oilseed-soy,292320,exclude,,legacy_only,False,\b(?:soy|soya|soybean|soybeans)\b,Lecithins and other phosphoaminolipids,legacy_description_lacks_focal_term,"The historical proposal is retained for provenance, but the official HS92 description does not match the frozen focal lexicon. Observable attribution therefore forbids inclusion.",exp_lecithin,,frozen observable-attribution decision specification,not_performed
