section,aggregation_scope,chain,task,family,seed,method,budget_scope,b1_budget,b2_budget,requested_k,metric,point,lower_95,upper_95,std,n,cluster_unit,bootstrap_seed,note
paired_family_difference,chain_seed,sheep,a,,0,,,,,,lane_average_precision,0.03772729932205378,0.009755789135014403,0.06777006321708363,,500,exporter,2288523331174046634,kge_minus_nbfnet
paired_family_difference,chain_seed,sheep,a,,1,,,,,,lane_average_precision,0.051953691036491154,0.022690930835475496,0.08869651650858892,,500,exporter,2288523331174046634,kge_minus_nbfnet
paired_family_difference,chain_seed,sheep,a,,2,,,,,,lane_average_precision,0.04011120438582785,0.02260838786456215,0.06680760244449435,,500,exporter,2288523331174046634,kge_minus_nbfnet
paired_family_difference,chain_seed,sheep,a,,3,,,,,,lane_average_precision,0.06694706999782774,0.03704126881722779,0.10108186230050245,,500,exporter,2288523331174046634,kge_minus_nbfnet
paired_family_difference,chain_seed,sheep,a,,4,,,,,,lane_average_precision,0.048580257735612115,0.016932956425041234,0.08004862022735003,,500,exporter,2288523331174046634,kge_minus_nbfnet
paired_family_difference,chain_fixed_five_seed_mean,sheep,a,,mean_0_4,,,,,,lane_average_precision,0.04906390449556253,0.02789006305871793,0.07142384658773848,,500,exporter,2288523331174046634,kge_minus_nbfnet
paired_family_difference,chain_seed,sheep,b1,,0,,,,,,entry_average_precision_official_raw_max,0.24252567431664598,0.05876602001313544,0.3732218136726519,,500,exporter,1500798379975155845,kge_minus_nbfnet
paired_family_difference,chain_seed,sheep,b1,,1,,,,,,entry_average_precision_official_raw_max,0.24734605657103542,0.0660710911799298,0.43373343418025484,,500,exporter,1500798379975155845,kge_minus_nbfnet
paired_family_difference,chain_seed,sheep,b1,,2,,,,,,entry_average_precision_official_raw_max,0.19654171629474165,0.07615511514923318,0.4008561541379331,,500,exporter,1500798379975155845,kge_minus_nbfnet
paired_family_difference,chain_seed,sheep,b1,,3,,,,,,entry_average_precision_official_raw_max,0.10626222979596825,0.001112237444178682,0.2794440374549219,,500,exporter,1500798379975155845,kge_minus_nbfnet
paired_family_difference,chain_seed,sheep,b1,,4,,,,,,entry_average_precision_official_raw_max,0.2803621089828682,0.1136161848045842,0.45714187603639944,,500,exporter,1500798379975155845,kge_minus_nbfnet
paired_family_difference,chain_fixed_five_seed_mean,sheep,b1,,mean_0_4,,,,,,entry_average_precision_official_raw_max,0.21460755719225189,0.09849957926235693,0.3522100385875575,,500,exporter,1500798379975155845,kge_minus_nbfnet
paired_family_difference,chain_seed,sheep,b2,,0,,,,,,positive_entry_macro_recall_at_3,-0.43333333333333335,-0.6333333333333333,-0.225,,500,exporter_stage,4533631029717349469,kge_minus_nbfnet
paired_family_difference,chain_seed,sheep,b2,,1,,,,,,positive_entry_macro_recall_at_3,-0.3972222222222222,-0.6029166666666665,-0.2152083333333334,,500,exporter_stage,4533631029717349469,kge_minus_nbfnet
paired_family_difference,chain_seed,sheep,b2,,2,,,,,,positive_entry_macro_recall_at_3,-0.3111111111111111,-0.5083333333333333,-0.1374305555555556,,500,exporter_stage,4533631029717349469,kge_minus_nbfnet
paired_family_difference,chain_seed,sheep,b2,,3,,,,,,positive_entry_macro_recall_at_3,-0.29999999999999993,-0.4543749999999999,-0.13333333333333333,,500,exporter_stage,4533631029717349469,kge_minus_nbfnet
paired_family_difference,chain_seed,sheep,b2,,4,,,,,,positive_entry_macro_recall_at_3,-0.39722222222222214,-0.6210416666666665,-0.18861111111111134,,500,exporter_stage,4533631029717349469,kge_minus_nbfnet
paired_family_difference,chain_fixed_five_seed_mean,sheep,b2,,mean_0_4,,,,,,positive_entry_macro_recall_at_3,-0.3677777777777777,-0.5030972222222222,-0.23716666666666672,,500,exporter_stage,4533631029717349469,kge_minus_nbfnet
paired_family_difference,chain_seed,cotton,a,,0,,,,,,lane_average_precision,-0.018053586394294635,-0.035429570694931634,-0.0015635616218080363,,500,exporter,4849594322461767224,kge_minus_nbfnet
paired_family_difference,chain_seed,cotton,a,,1,,,,,,lane_average_precision,-0.0407532489412933,-0.05277694345525293,-0.028967249188050367,,500,exporter,4849594322461767224,kge_minus_nbfnet
paired_family_difference,chain_seed,cotton,a,,2,,,,,,lane_average_precision,-0.045233598219404536,-0.06046454306662395,-0.029611529449033863,,500,exporter,4849594322461767224,kge_minus_nbfnet
paired_family_difference,chain_seed,cotton,a,,3,,,,,,lane_average_precision,-0.03543456612029977,-0.05005064899859306,-0.01998695603615662,,500,exporter,4849594322461767224,kge_minus_nbfnet
paired_family_difference,chain_seed,cotton,a,,4,,,,,,lane_average_precision,-0.003798070617140617,-0.017564482389316443,0.00999686638653135,,500,exporter,4849594322461767224,kge_minus_nbfnet
paired_family_difference,chain_fixed_five_seed_mean,cotton,a,,mean_0_4,,,,,,lane_average_precision,-0.02865461405848657,-0.04134628204921472,-0.016258909473208728,,500,exporter,4849594322461767224,kge_minus_nbfnet
paired_family_difference,chain_seed,cotton,b1,,0,,,,,,entry_average_precision_official_raw_max,0.024141561164733538,-0.10862078739366655,0.17141220778627303,,500,exporter,6778949558099913595,kge_minus_nbfnet
paired_family_difference,chain_seed,cotton,b1,,1,,,,,,entry_average_precision_official_raw_max,-0.0664818294490796,-0.19646628502022653,0.06754718907299241,,500,exporter,6778949558099913595,kge_minus_nbfnet
paired_family_difference,chain_seed,cotton,b1,,2,,,,,,entry_average_precision_official_raw_max,0.04829045953077998,-0.06934711400714254,0.22434828657580166,,500,exporter,6778949558099913595,kge_minus_nbfnet
paired_family_difference,chain_seed,cotton,b1,,3,,,,,,entry_average_precision_official_raw_max,-0.023602538638847426,-0.1483202915681821,0.12466407774338686,,500,exporter,6778949558099913595,kge_minus_nbfnet
paired_family_difference,chain_seed,cotton,b1,,4,,,,,,entry_average_precision_official_raw_max,0.051851375804247535,-0.10226436505917906,0.18833600143546567,,500,exporter,6778949558099913595,kge_minus_nbfnet
paired_family_difference,chain_fixed_five_seed_mean,cotton,b1,,mean_0_4,,,,,,entry_average_precision_official_raw_max,0.006839805682366806,-0.09452152026666841,0.1312628810574435,,500,exporter,6778949558099913595,kge_minus_nbfnet
paired_family_difference,chain_seed,cotton,b2,,0,,,,,,positive_entry_macro_recall_at_3,-0.20370370370370366,-0.3333333333333333,-0.09722222222222222,,500,exporter_stage,7773082832078084889,kge_minus_nbfnet
paired_family_difference,chain_seed,cotton,b2,,1,,,,,,positive_entry_macro_recall_at_3,-0.3101851851851851,-0.46076388888888886,-0.125,,500,exporter_stage,7773082832078084889,kge_minus_nbfnet
paired_family_difference,chain_seed,cotton,b2,,2,,,,,,positive_entry_macro_recall_at_3,-0.23148148148148145,-0.3891203703703703,-0.08773148148148169,,500,exporter_stage,7773082832078084889,kge_minus_nbfnet
paired_family_difference,chain_seed,cotton,b2,,3,,,,,,positive_entry_macro_recall_at_3,-0.17592592592592587,-0.3425925925925926,-0.02534722222222233,,500,exporter_stage,7773082832078084889,kge_minus_nbfnet
paired_family_difference,chain_seed,cotton,b2,,4,,,,,,positive_entry_macro_recall_at_3,-0.12500000000000006,-0.25729166666666653,0.0,,500,exporter_stage,7773082832078084889,kge_minus_nbfnet
paired_family_difference,chain_fixed_five_seed_mean,cotton,b2,,mean_0_4,,,,,,positive_entry_macro_recall_at_3,-0.2092592592592592,-0.2935648148148148,-0.11481481481481481,,500,exporter_stage,7773082832078084889,kge_minus_nbfnet
paired_family_difference,chain_seed,aluminium,a,,0,,,,,,lane_average_precision,0.028966722870448325,0.010380335018519862,0.05014904133647525,,500,exporter,2099797561988594846,kge_minus_nbfnet
paired_family_difference,chain_seed,aluminium,a,,1,,,,,,lane_average_precision,0.008312004139773982,-0.008977383521925682,0.029590137858149092,,500,exporter,2099797561988594846,kge_minus_nbfnet
paired_family_difference,chain_seed,aluminium,a,,2,,,,,,lane_average_precision,0.016500244147189425,0.00016897158661931884,0.03650685926102267,,500,exporter,2099797561988594846,kge_minus_nbfnet
paired_family_difference,chain_seed,aluminium,a,,3,,,,,,lane_average_precision,0.005069061047827922,-0.013133710942017193,0.027872391742302324,,500,exporter,2099797561988594846,kge_minus_nbfnet
paired_family_difference,chain_seed,aluminium,a,,4,,,,,,lane_average_precision,0.010379814918774405,-0.010485234098245488,0.040462007172129305,,500,exporter,2099797561988594846,kge_minus_nbfnet
paired_family_difference,chain_fixed_five_seed_mean,aluminium,a,,mean_0_4,,,,,,lane_average_precision,0.013845569424802811,-0.0021771610747525756,0.035612648278073124,,500,exporter,2099797561988594846,kge_minus_nbfnet
paired_family_difference,chain_seed,aluminium,b1,,0,,,,,,entry_average_precision_official_raw_max,0.1236558662107401,0.013511821944410484,0.22647435456953557,,500,exporter,5076596538779113604,kge_minus_nbfnet
paired_family_difference,chain_seed,aluminium,b1,,1,,,,,,entry_average_precision_official_raw_max,0.030989498943762128,-0.0807795720462021,0.17069089650864902,,500,exporter,5076596538779113604,kge_minus_nbfnet
paired_family_difference,chain_seed,aluminium,b1,,2,,,,,,entry_average_precision_official_raw_max,0.08812473637682278,0.007020285467418073,0.16400193427105705,,500,exporter,5076596538779113604,kge_minus_nbfnet
paired_family_difference,chain_seed,aluminium,b1,,3,,,,,,entry_average_precision_official_raw_max,0.01984935521706882,-0.0932644694535736,0.1363181119522435,,500,exporter,5076596538779113604,kge_minus_nbfnet
paired_family_difference,chain_seed,aluminium,b1,,4,,,,,,entry_average_precision_official_raw_max,0.06449268028998811,-0.04374551618241035,0.161070474425606,,500,exporter,5076596538779113604,kge_minus_nbfnet
paired_family_difference,chain_fixed_five_seed_mean,aluminium,b1,,mean_0_4,,,,,,entry_average_precision_official_raw_max,0.06542242740767638,-0.023393654129609996,0.1586066177623131,,500,exporter,5076596538779113604,kge_minus_nbfnet
paired_family_difference,chain_seed,aluminium,b2,,0,,,,,,positive_entry_macro_recall_at_3,-0.052993295019157116,-0.14307032247765006,0.021794380587484025,,500,exporter_stage,5968213905660225883,kge_minus_nbfnet
paired_family_difference,chain_seed,aluminium,b2,,1,,,,,,positive_entry_macro_recall_at_3,-0.1762345679012345,-0.27129629629629626,-0.09443672839506173,,500,exporter_stage,5968213905660225883,kge_minus_nbfnet
paired_family_difference,chain_seed,aluminium,b2,,2,,,,,,positive_entry_macro_recall_at_3,-0.13304065559812686,-0.23881046455938695,-0.030295804065559876,,500,exporter_stage,5968213905660225883,kge_minus_nbfnet
paired_family_difference,chain_seed,aluminium,b2,,3,,,,,,positive_entry_macro_recall_at_3,-0.12007769263516391,-0.20977197743720732,-0.03849157886334617,,500,exporter_stage,5968213905660225883,kge_minus_nbfnet
paired_family_difference,chain_seed,aluminium,b2,,4,,,,,,positive_entry_macro_recall_at_3,-0.12007769263516391,-0.23191617443593016,-0.018134046402724643,,500,exporter_stage,5968213905660225883,kge_minus_nbfnet
paired_family_difference,chain_fixed_five_seed_mean,aluminium,b2,,mean_0_4,,,,,,positive_entry_macro_recall_at_3,-0.12048478075776925,-0.18977568912303103,-0.059599483822903365,,500,exporter_stage,5968213905660225883,kge_minus_nbfnet
paired_family_difference,chain_seed,nickel,a,,0,,,,,,lane_average_precision,0.07941009335017243,0.04472057273261494,0.1137914773285554,,500,exporter,3269818270077104986,kge_minus_nbfnet
paired_family_difference,chain_seed,nickel,a,,1,,,,,,lane_average_precision,0.12287067965402974,0.0901702034893913,0.1553651062601205,,500,exporter,3269818270077104986,kge_minus_nbfnet
paired_family_difference,chain_seed,nickel,a,,2,,,,,,lane_average_precision,0.08289942313269827,0.047248662402387745,0.11940804098193149,,500,exporter,3269818270077104986,kge_minus_nbfnet
paired_family_difference,chain_seed,nickel,a,,3,,,,,,lane_average_precision,0.07360120481059548,0.042455547394192376,0.10562103713920866,,500,exporter,3269818270077104986,kge_minus_nbfnet
paired_family_difference,chain_seed,nickel,a,,4,,,,,,lane_average_precision,0.09729091608840845,0.06408152101300807,0.13131118493870322,,500,exporter,3269818270077104986,kge_minus_nbfnet
paired_family_difference,chain_fixed_five_seed_mean,nickel,a,,mean_0_4,,,,,,lane_average_precision,0.09121446340718087,0.05996336617312477,0.12390063353472149,,500,exporter,3269818270077104986,kge_minus_nbfnet
paired_family_difference,chain_seed,nickel,b1,,0,,,,,,entry_average_precision_official_raw_max,0.14284087834164855,0.042723954594799066,0.25079525279823023,,500,exporter,8913142780298267125,kge_minus_nbfnet
paired_family_difference,chain_seed,nickel,b1,,1,,,,,,entry_average_precision_official_raw_max,0.07626904358842712,-0.044688975355604385,0.17978619450042604,,500,exporter,8913142780298267125,kge_minus_nbfnet
paired_family_difference,chain_seed,nickel,b1,,2,,,,,,entry_average_precision_official_raw_max,0.15430978335988316,0.05708857086345188,0.2582861293560405,,500,exporter,8913142780298267125,kge_minus_nbfnet
paired_family_difference,chain_seed,nickel,b1,,3,,,,,,entry_average_precision_official_raw_max,0.22416542579723497,0.13273098327002777,0.33575198681210805,,500,exporter,8913142780298267125,kge_minus_nbfnet
paired_family_difference,chain_seed,nickel,b1,,4,,,,,,entry_average_precision_official_raw_max,0.14237156660383832,0.045531267353294734,0.25308202634877086,,500,exporter,8913142780298267125,kge_minus_nbfnet
paired_family_difference,chain_fixed_five_seed_mean,nickel,b1,,mean_0_4,,,,,,entry_average_precision_official_raw_max,0.14799133953820642,0.06928472882686512,0.2364854914046134,,500,exporter,8913142780298267125,kge_minus_nbfnet
paired_family_difference,chain_seed,nickel,b2,,0,,,,,,positive_entry_macro_recall_at_3,-0.13689782439782439,-0.24836708430458426,-0.020404768842268852,,500,exporter_stage,8035121396151221315,kge_minus_nbfnet
paired_family_difference,chain_seed,nickel,b2,,1,,,,,,positive_entry_macro_recall_at_3,-0.16265540015540011,-0.28627015345765344,-0.041396416083916115,,500,exporter_stage,8035121396151221315,kge_minus_nbfnet
paired_family_difference,chain_seed,nickel,b2,,2,,,,,,positive_entry_macro_recall_at_3,-0.09725135975135968,-0.21025883838383835,0.01723266317016315,,500,exporter_stage,8035121396151221315,kge_minus_nbfnet
paired_family_difference,chain_seed,nickel,b2,,3,,,,,,positive_entry_macro_recall_at_3,-0.06732711732711735,-0.21562621406371402,0.061345668220668094,,500,exporter_stage,8035121396151221315,kge_minus_nbfnet
paired_family_difference,chain_seed,nickel,b2,,4,,,,,,positive_entry_macro_recall_at_3,-0.1527777777777778,-0.2670770202020201,-0.04412878787878793,,500,exporter_stage,8035121396151221315,kge_minus_nbfnet
paired_family_difference,chain_fixed_five_seed_mean,nickel,b2,,mean_0_4,,,,,,positive_entry_macro_recall_at_3,-0.12338189588189588,-0.20382143550893547,-0.04510198135198139,,500,exporter_stage,8035121396151221315,kge_minus_nbfnet
paired_family_difference,chain_seed,cocoa,a,,0,,,,,,lane_average_precision,0.050892176209467344,0.020002100104253337,0.08235545736104967,,500,exporter,4758357503326965732,kge_minus_nbfnet
paired_family_difference,chain_seed,cocoa,a,,1,,,,,,lane_average_precision,0.061532525225273554,0.030533884480472378,0.09109875465263088,,500,exporter,4758357503326965732,kge_minus_nbfnet
paired_family_difference,chain_seed,cocoa,a,,2,,,,,,lane_average_precision,0.012529797198480186,-0.010311843460883211,0.03852011596426416,,500,exporter,4758357503326965732,kge_minus_nbfnet
paired_family_difference,chain_seed,cocoa,a,,3,,,,,,lane_average_precision,0.03878013629754301,0.00717463155231726,0.0700832245278984,,500,exporter,4758357503326965732,kge_minus_nbfnet
paired_family_difference,chain_seed,cocoa,a,,4,,,,,,lane_average_precision,0.03529348392613388,0.005491883085064559,0.06550480396094609,,500,exporter,4758357503326965732,kge_minus_nbfnet
paired_family_difference,chain_fixed_five_seed_mean,cocoa,a,,mean_0_4,,,,,,lane_average_precision,0.0398056237713796,0.01222031464731336,0.06708945021187049,,500,exporter,4758357503326965732,kge_minus_nbfnet
paired_family_difference,chain_seed,cocoa,b1,,0,,,,,,entry_average_precision_official_raw_max,0.1876123505061621,0.056108174011413846,0.3130499010026363,,500,exporter,4570129459957891464,kge_minus_nbfnet
paired_family_difference,chain_seed,cocoa,b1,,1,,,,,,entry_average_precision_official_raw_max,0.2194075755081027,0.07738092887780998,0.33548468191634945,,500,exporter,4570129459957891464,kge_minus_nbfnet
paired_family_difference,chain_seed,cocoa,b1,,2,,,,,,entry_average_precision_official_raw_max,0.1742184574862451,-0.0037392192379722303,0.32313934333606736,,500,exporter,4570129459957891464,kge_minus_nbfnet
paired_family_difference,chain_seed,cocoa,b1,,3,,,,,,entry_average_precision_official_raw_max,0.21933757329919668,0.06469167548350171,0.33178421371801115,,500,exporter,4570129459957891464,kge_minus_nbfnet
paired_family_difference,chain_seed,cocoa,b1,,4,,,,,,entry_average_precision_official_raw_max,0.15992159428640423,0.00420401103298345,0.27998749927680006,,500,exporter,4570129459957891464,kge_minus_nbfnet
paired_family_difference,chain_fixed_five_seed_mean,cocoa,b1,,mean_0_4,,,,,,entry_average_precision_official_raw_max,0.19209951021722219,0.058153889933228634,0.2890735774830838,,500,exporter,4570129459957891464,kge_minus_nbfnet
paired_family_difference,chain_seed,cocoa,b2,,0,,,,,,positive_entry_macro_recall_at_3,-0.08690476190476187,-0.2250595238095238,0.08288690476190463,,500,exporter_stage,5897416343071659256,kge_minus_nbfnet
paired_family_difference,chain_seed,cocoa,b2,,1,,,,,,positive_entry_macro_recall_at_3,0.0,-0.14644841269841266,0.16599206349206339,,500,exporter_stage,5897416343071659256,kge_minus_nbfnet
paired_family_difference,chain_seed,cocoa,b2,,2,,,,,,positive_entry_macro_recall_at_3,-0.050793650793650835,-0.18930555555555553,0.08199404761904758,,500,exporter_stage,5897416343071659256,kge_minus_nbfnet
paired_family_difference,chain_seed,cocoa,b2,,3,,,,,,positive_entry_macro_recall_at_3,-0.07420634920634916,-0.263531746031746,0.09504960317460316,,500,exporter_stage,5897416343071659256,kge_minus_nbfnet
paired_family_difference,chain_seed,cocoa,b2,,4,,,,,,positive_entry_macro_recall_at_3,-0.017063492063492114,-0.16497023809523806,0.14573412698412688,,500,exporter_stage,5897416343071659256,kge_minus_nbfnet
paired_family_difference,chain_fixed_five_seed_mean,cocoa,b2,,mean_0_4,,,,,,positive_entry_macro_recall_at_3,-0.045793650793650796,-0.15456746031746027,0.06529960317460308,,500,exporter_stage,5897416343071659256,kge_minus_nbfnet
paired_family_difference,chain_seed,oilseed-soy,a,,0,,,,,,lane_average_precision,0.009692483580669653,-0.008366097439695522,0.028148114079429406,,500,exporter,748508030324726455,kge_minus_nbfnet
paired_family_difference,chain_seed,oilseed-soy,a,,1,,,,,,lane_average_precision,0.012658092817731892,-0.009342233749724491,0.034843739193913904,,500,exporter,748508030324726455,kge_minus_nbfnet
paired_family_difference,chain_seed,oilseed-soy,a,,2,,,,,,lane_average_precision,0.015898079240276308,-0.0016792918169747854,0.030871667107101288,,500,exporter,748508030324726455,kge_minus_nbfnet
paired_family_difference,chain_seed,oilseed-soy,a,,3,,,,,,lane_average_precision,0.008706012861696422,-0.010934131595303199,0.027072468026072858,,500,exporter,748508030324726455,kge_minus_nbfnet
paired_family_difference,chain_seed,oilseed-soy,a,,4,,,,,,lane_average_precision,0.013350440973586092,-0.00861517681617502,0.03424510420293752,,500,exporter,748508030324726455,kge_minus_nbfnet
paired_family_difference,chain_fixed_five_seed_mean,oilseed-soy,a,,mean_0_4,,,,,,lane_average_precision,0.012061021894792074,-0.005231665482636973,0.02910622554353945,,500,exporter,748508030324726455,kge_minus_nbfnet
paired_family_difference,chain_seed,oilseed-soy,b1,,0,,,,,,entry_average_precision_official_raw_max,0.06831231981678504,-0.08108505954795042,0.2463735557081128,,500,exporter,9019390719722924588,kge_minus_nbfnet
paired_family_difference,chain_seed,oilseed-soy,b1,,1,,,,,,entry_average_precision_official_raw_max,0.07224803727624796,-0.1350400309711849,0.22800089652045405,,500,exporter,9019390719722924588,kge_minus_nbfnet
paired_family_difference,chain_seed,oilseed-soy,b1,,2,,,,,,entry_average_precision_official_raw_max,0.015033635579353666,-0.13669470024831373,0.19103045063980376,,500,exporter,9019390719722924588,kge_minus_nbfnet
paired_family_difference,chain_seed,oilseed-soy,b1,,3,,,,,,entry_average_precision_official_raw_max,0.08359921959630001,-0.093407932568708,0.25382373165394845,,500,exporter,9019390719722924588,kge_minus_nbfnet
paired_family_difference,chain_seed,oilseed-soy,b1,,4,,,,,,entry_average_precision_official_raw_max,-0.006002708428461512,-0.2118239596542933,0.1679945834851214,,500,exporter,9019390719722924588,kge_minus_nbfnet
paired_family_difference,chain_fixed_five_seed_mean,oilseed-soy,b1,,mean_0_4,,,,,,entry_average_precision_official_raw_max,0.04663810076804503,-0.10202914415630704,0.1856719953750777,,500,exporter,9019390719722924588,kge_minus_nbfnet
paired_family_difference,chain_seed,oilseed-soy,b2,,0,,,,,,positive_entry_macro_recall_at_3,-0.11944444444444446,-0.23954248366013073,0.0015972222222221787,,500,exporter_stage,5478799001237306420,kge_minus_nbfnet
paired_family_difference,chain_seed,oilseed-soy,b2,,1,,,,,,positive_entry_macro_recall_at_3,-0.1410947712418301,-0.27819240196078426,-0.023823529411764736,,500,exporter_stage,5478799001237306420,kge_minus_nbfnet
paired_family_difference,chain_seed,oilseed-soy,b2,,2,,,,,,positive_entry_macro_recall_at_3,-0.08104575163398695,-0.23204248366013072,0.05099673202614378,,500,exporter_stage,5478799001237306420,kge_minus_nbfnet
paired_family_difference,chain_seed,oilseed-soy,b2,,3,,,,,,positive_entry_macro_recall_at_3,-0.05980392156862749,-0.19710784313725488,0.08436274509803918,,500,exporter_stage,5478799001237306420,kge_minus_nbfnet
paired_family_difference,chain_seed,oilseed-soy,b2,,4,,,,,,positive_entry_macro_recall_at_3,-0.09697712418300658,-0.24004901960784306,0.02608047385620909,,500,exporter_stage,5478799001237306420,kge_minus_nbfnet
paired_family_difference,chain_fixed_five_seed_mean,oilseed-soy,b2,,mean_0_4,,,,,,positive_entry_macro_recall_at_3,-0.09967320261437912,-0.22189542483660132,-0.003235294117647092,,500,exporter_stage,5478799001237306420,kge_minus_nbfnet
paired_family_difference,fixed_six_chain_fixed_five_seed_mean,fixed_six,a,,mean_0_4,,,,,,lane_average_precision,0.02955599482253855,0.019649335475708334,0.039079393123369784,,500,stratified_within_chain,,The six declared chains and five declared seeds only; this interval does not support population inference over value chains.
paired_family_difference,fixed_six_chain_fixed_five_seed_mean,fixed_six,b1,,mean_0_4,,,,,,entry_average_precision_official_raw_max,0.11226645680096144,0.06420752006599678,0.1566578948971703,,500,stratified_within_chain,,The six declared chains and five declared seeds only; this interval does not support population inference over value chains.
paired_family_difference,fixed_six_chain_fixed_five_seed_mean,fixed_six,b2,,mean_0_4,,,,,,positive_entry_macro_recall_at_3,-0.16106176118078866,-0.20160256091929027,-0.12244228871814021,,500,stratified_within_chain,,The six declared chains and five declared seeds only; this interval does not support population inference over value chains.
budget_summary,chain_fixed_five_seed_mean,aluminium,a,kge,mean_0_4,,global_lanes,,,100,effective_k,100.0,,,0.0,5,,,descriptive fixed-seed summary
budget_summary,chain_fixed_five_seed_mean,aluminium,a,kge,mean_0_4,,global_lanes,,,100,observed_value_capture,0.009680703497293757,,,0.004729293462379143,5,,,descriptive fixed-seed summary
budget_summary,chain_fixed_five_seed_mean,aluminium,a,kge,mean_0_4,,global_lanes,,,100,precision,0.44799999999999995,,,0.041665333311999314,5,,,descriptive fixed-seed summary
budget_summary,chain_fixed_five_seed_mean,aluminium,a,kge,mean_0_4,,global_lanes,,,100,recall,0.012847720103240607,,,0.0011948762062517727,5,,,descriptive fixed-seed summary
budget_summary,chain_fixed_five_seed_mean,aluminium,a,kge,mean_0_4,,global_lanes,,,1000,effective_k,1000.0,,,0.0,5,,,descriptive fixed-seed summary
budget_summary,chain_fixed_five_seed_mean,aluminium,a,kge,mean_0_4,,global_lanes,,,1000,observed_value_capture,0.06752381820111877,,,0.005499103984520587,5,,,descriptive fixed-seed summary
budget_summary,chain_fixed_five_seed_mean,aluminium,a,kge,mean_0_4,,global_lanes,,,1000,precision,0.3298,,,0.007249827584156749,5,,,descriptive fixed-seed summary
budget_summary,chain_fixed_five_seed_mean,aluminium,a,kge,mean_0_4,,global_lanes,,,1000,recall,0.09457986808144538,,,0.0020791016874553325,5,,,descriptive fixed-seed summary
budget_summary,chain_fixed_five_seed_mean,aluminium,a,kge,mean_0_4,,global_lanes,,,250,effective_k,250.0,,,0.0,5,,,descriptive fixed-seed summary
budget_summary,chain_fixed_five_seed_mean,aluminium,a,kge,mean_0_4,,global_lanes,,,250,observed_value_capture,0.017724262088239077,,,0.006334686322816683,5,,,descriptive fixed-seed summary
budget_summary,chain_fixed_five_seed_mean,aluminium,a,kge,mean_0_4,,global_lanes,,,250,precision,0.388,,,0.027597101297056555,5,,,descriptive fixed-seed summary
budget_summary,chain_fixed_five_seed_mean,aluminium,a,kge,mean_0_4,,global_lanes,,,250,recall,0.027817608259248637,,,0.0019785704973513435,5,,,descriptive fixed-seed summary
budget_summary,chain_fixed_five_seed_mean,aluminium,a,kge,mean_0_4,,global_lanes,,,50,effective_k,50.0,,,0.0,5,,,descriptive fixed-seed summary
budget_summary,chain_fixed_five_seed_mean,aluminium,a,kge,mean_0_4,,global_lanes,,,50,observed_value_capture,0.003587114026912337,,,0.0032440338671148278,5,,,descriptive fixed-seed summary
budget_summary,chain_fixed_five_seed_mean,aluminium,a,kge,mean_0_4,,global_lanes,,,50,precision,0.44800000000000006,,,0.032496153618543834,5,,,descriptive fixed-seed summary
budget_summary,chain_fixed_five_seed_mean,aluminium,a,kge,mean_0_4,,global_lanes,,,50,recall,0.006423860051620304,,,0.0004659614800479471,5,,,descriptive fixed-seed summary
budget_summary,chain_fixed_five_seed_mean,aluminium,a,kge,mean_0_4,,global_lanes,,,500,effective_k,500.0,,,0.0,5,,,descriptive fixed-seed summary
budget_summary,chain_fixed_five_seed_mean,aluminium,a,kge,mean_0_4,,global_lanes,,,500,observed_value_capture,0.036051944056020954,,,0.005298309599615636,5,,,descriptive fixed-seed summary
budget_summary,chain_fixed_five_seed_mean,aluminium,a,kge,mean_0_4,,global_lanes,,,500,precision,0.3572,,,0.007332121111929351,5,,,descriptive fixed-seed summary
budget_summary,chain_fixed_five_seed_mean,aluminium,a,kge,mean_0_4,,global_lanes,,,500,recall,0.05121881273300831,,,0.001051350890726893,5,,,descriptive fixed-seed summary
budget_summary,chain_fixed_five_seed_mean,aluminium,a,kge,mean_0_4,,per_exporter_lanes,,,10,effective_k_max,10.0,,,0.0,5,,,descriptive fixed-seed summary
budget_summary,chain_fixed_five_seed_mean,aluminium,a,kge,mean_0_4,,per_exporter_lanes,,,10,effective_k_mean,10.0,,,0.0,5,,,descriptive fixed-seed summary
budget_summary,chain_fixed_five_seed_mean,aluminium,a,kge,mean_0_4,,per_exporter_lanes,,,10,effective_k_min,10.0,,,0.0,5,,,descriptive fixed-seed summary
budget_summary,chain_fixed_five_seed_mean,aluminium,a,kge,mean_0_4,,per_exporter_lanes,,,10,group_count,124.0,,,0.0,5,,,descriptive fixed-seed summary
budget_summary,chain_fixed_five_seed_mean,aluminium,a,kge,mean_0_4,,per_exporter_lanes,,,10,macro_observed_value_capture,0.17882779382229497,,,0.007792489142160975,5,,,descriptive fixed-seed summary
budget_summary,chain_fixed_five_seed_mean,aluminium,a,kge,mean_0_4,,per_exporter_lanes,,,10,macro_precision,0.2232258064516129,,,0.00935483870967741,5,,,descriptive fixed-seed summary
budget_summary,chain_fixed_five_seed_mean,aluminium,a,kge,mean_0_4,,per_exporter_lanes,,,10,macro_recall,0.16472148293559116,,,0.006420585144908105,5,,,descriptive fixed-seed summary
budget_summary,chain_fixed_five_seed_mean,aluminium,a,kge,mean_0_4,,per_exporter_lanes,,,5,effective_k_max,5.0,,,0.0,5,,,descriptive fixed-seed summary
budget_summary,chain_fixed_five_seed_mean,aluminium,a,kge,mean_0_4,,per_exporter_lanes,,,5,effective_k_mean,5.0,,,0.0,5,,,descriptive fixed-seed summary
budget_summary,chain_fixed_five_seed_mean,aluminium,a,kge,mean_0_4,,per_exporter_lanes,,,5,effective_k_min,5.0,,,0.0,5,,,descriptive fixed-seed summary
budget_summary,chain_fixed_five_seed_mean,aluminium,a,kge,mean_0_4,,per_exporter_lanes,,,5,group_count,124.0,,,0.0,5,,,descriptive fixed-seed summary
budget_summary,chain_fixed_five_seed_mean,aluminium,a,kge,mean_0_4,,per_exporter_lanes,,,5,macro_observed_value_capture,0.10993031410324292,,,0.009305556398068515,5,,,descriptive fixed-seed summary
budget_summary,chain_fixed_five_seed_mean,aluminium,a,kge,mean_0_4,,per_exporter_lanes,,,5,macro_precision,0.24483870967741939,,,0.009259806512520858,5,,,descriptive fixed-seed summary
budget_summary,chain_fixed_five_seed_mean,aluminium,a,kge,mean_0_4,,per_exporter_lanes,,,5,macro_recall,0.10192264138569677,,,0.004636162466190985,5,,,descriptive fixed-seed summary
budget_summary,chain_fixed_five_seed_mean,aluminium,a,nbfnet,mean_0_4,,global_lanes,,,100,effective_k,100.0,,,0.0,5,,,descriptive fixed-seed summary
budget_summary,chain_fixed_five_seed_mean,aluminium,a,nbfnet,mean_0_4,,global_lanes,,,100,observed_value_capture,0.007538745762829331,,,0.004580541337744414,5,,,descriptive fixed-seed summary
budget_summary,chain_fixed_five_seed_mean,aluminium,a,nbfnet,mean_0_4,,global_lanes,,,100,precision,0.366,,,0.031999999999999994,5,,,descriptive fixed-seed summary
budget_summary,chain_fixed_five_seed_mean,aluminium,a,nbfnet,mean_0_4,,global_lanes,,,100,recall,0.010496128477201033,,,0.000917694293088615,5,,,descriptive fixed-seed summary
budget_summary,chain_fixed_five_seed_mean,aluminium,a,nbfnet,mean_0_4,,global_lanes,,,1000,effective_k,1000.0,,,0.0,5,,,descriptive fixed-seed summary
budget_summary,chain_fixed_five_seed_mean,aluminium,a,nbfnet,mean_0_4,,global_lanes,,,1000,observed_value_capture,0.06669604340483926,,,0.015312221620932697,5,,,descriptive fixed-seed summary
budget_summary,chain_fixed_five_seed_mean,aluminium,a,nbfnet,mean_0_4,,global_lanes,,,1000,precision,0.31279999999999997,,,0.015184202316881858,5,,,descriptive fixed-seed summary
budget_summary,chain_fixed_five_seed_mean,aluminium,a,nbfnet,mean_0_4,,global_lanes,,,1000,recall,0.08970461714941211,,,0.004354517441032934,5,,,descriptive fixed-seed summary
budget_summary,chain_fixed_five_seed_mean,aluminium,a,nbfnet,mean_0_4,,global_lanes,,,250,effective_k,250.0,,,0.0,5,,,descriptive fixed-seed summary
budget_summary,chain_fixed_five_seed_mean,aluminium,a,nbfnet,mean_0_4,,global_lanes,,,250,observed_value_capture,0.0169744190793417,,,0.005345136202589542,5,,,descriptive fixed-seed summary
budget_summary,chain_fixed_five_seed_mean,aluminium,a,nbfnet,mean_0_4,,global_lanes,,,250,precision,0.34079999999999994,,,0.0350907395191381,5,,,descriptive fixed-seed summary
budget_summary,chain_fixed_five_seed_mean,aluminium,a,nbfnet,mean_0_4,,global_lanes,,,250,recall,0.02443361055348437,,,0.0025158258903884498,5,,,descriptive fixed-seed summary
budget_summary,chain_fixed_five_seed_mean,aluminium,a,nbfnet,mean_0_4,,global_lanes,,,50,effective_k,50.0,,,0.0,5,,,descriptive fixed-seed summary
budget_summary,chain_fixed_five_seed_mean,aluminium,a,nbfnet,mean_0_4,,global_lanes,,,50,observed_value_capture,0.005610166429782619,,,0.004969707325458549,5,,,descriptive fixed-seed summary
budget_summary,chain_fixed_five_seed_mean,aluminium,a,nbfnet,mean_0_4,,global_lanes,,,50,precision,0.384,,,0.0233238075793812,5,,,descriptive fixed-seed summary
budget_summary,chain_fixed_five_seed_mean,aluminium,a,nbfnet,mean_0_4,,global_lanes,,,50,recall,0.00550616575853169,,,0.00033443945482336106,5,,,descriptive fixed-seed summary
budget_summary,chain_fixed_five_seed_mean,aluminium,a,nbfnet,mean_0_4,,global_lanes,,,500,effective_k,500.0,,,0.0,5,,,descriptive fixed-seed summary
budget_summary,chain_fixed_five_seed_mean,aluminium,a,nbfnet,mean_0_4,,global_lanes,,,500,observed_value_capture,0.030917418662555485,,,0.01368654263095998,5,,,descriptive fixed-seed summary
budget_summary,chain_fixed_five_seed_mean,aluminium,a,nbfnet,mean_0_4,,global_lanes,,,500,precision,0.31520000000000004,,,0.02388639780293379,5,,,descriptive fixed-seed summary
budget_summary,chain_fixed_five_seed_mean,aluminium,a,nbfnet,mean_0_4,,global_lanes,,,500,recall,0.045196443934614285,,,0.003425064210343244,5,,,descriptive fixed-seed summary
budget_summary,chain_fixed_five_seed_mean,aluminium,a,nbfnet,mean_0_4,,per_exporter_lanes,,,10,effective_k_max,10.0,,,0.0,5,,,descriptive fixed-seed summary
budget_summary,chain_fixed_five_seed_mean,aluminium,a,nbfnet,mean_0_4,,per_exporter_lanes,,,10,effective_k_mean,10.0,,,0.0,5,,,descriptive fixed-seed summary
budget_summary,chain_fixed_five_seed_mean,aluminium,a,nbfnet,mean_0_4,,per_exporter_lanes,,,10,effective_k_min,10.0,,,0.0,5,,,descriptive fixed-seed summary
budget_summary,chain_fixed_five_seed_mean,aluminium,a,nbfnet,mean_0_4,,per_exporter_lanes,,,10,group_count,124.0,,,0.0,5,,,descriptive fixed-seed summary
budget_summary,chain_fixed_five_seed_mean,aluminium,a,nbfnet,mean_0_4,,per_exporter_lanes,,,10,macro_observed_value_capture,0.1790339909205357,,,0.014659245604493703,5,,,descriptive fixed-seed summary
budget_summary,chain_fixed_five_seed_mean,aluminium,a,nbfnet,mean_0_4,,per_exporter_lanes,,,10,macro_precision,0.23645161290322578,,,0.006716342843115169,5,,,descriptive fixed-seed summary
budget_summary,chain_fixed_five_seed_mean,aluminium,a,nbfnet,mean_0_4,,per_exporter_lanes,,,10,macro_recall,0.17584137944463873,,,0.010725720152848511,5,,,descriptive fixed-seed summary
budget_summary,chain_fixed_five_seed_mean,aluminium,a,nbfnet,mean_0_4,,per_exporter_lanes,,,5,effective_k_max,5.0,,,0.0,5,,,descriptive fixed-seed summary
budget_summary,chain_fixed_five_seed_mean,aluminium,a,nbfnet,mean_0_4,,per_exporter_lanes,,,5,effective_k_mean,5.0,,,0.0,5,,,descriptive fixed-seed summary
budget_summary,chain_fixed_five_seed_mean,aluminium,a,nbfnet,mean_0_4,,per_exporter_lanes,,,5,effective_k_min,5.0,,,0.0,5,,,descriptive fixed-seed summary
budget_summary,chain_fixed_five_seed_mean,aluminium,a,nbfnet,mean_0_4,,per_exporter_lanes,,,5,group_count,124.0,,,0.0,5,,,descriptive fixed-seed summary
budget_summary,chain_fixed_five_seed_mean,aluminium,a,nbfnet,mean_0_4,,per_exporter_lanes,,,5,macro_observed_value_capture,0.11314374898817854,,,0.009469934572235345,5,,,descriptive fixed-seed summary
budget_summary,chain_fixed_five_seed_mean,aluminium,a,nbfnet,mean_0_4,,per_exporter_lanes,,,5,macro_precision,0.24483870967741933,,,0.020258475442719467,5,,,descriptive fixed-seed summary
budget_summary,chain_fixed_five_seed_mean,aluminium,a,nbfnet,mean_0_4,,per_exporter_lanes,,,5,macro_recall,0.10961432766390208,,,0.008744407003341278,5,,,descriptive fixed-seed summary
budget_summary,chain_fixed_five_seed_mean,aluminium,b1,kge,mean_0_4,,global_entries,,,100,effective_k,100.0,,,0.0,5,,,descriptive fixed-seed summary
budget_summary,chain_fixed_five_seed_mean,aluminium,b1,kge,mean_0_4,,global_entries,,,100,observed_value_capture,0.675485682117476,,,0.033509584596733824,5,,,descriptive fixed-seed summary
budget_summary,chain_fixed_five_seed_mean,aluminium,b1,kge,mean_0_4,,global_entries,,,100,precision,0.35600000000000004,,,0.020591260281974,5,,,descriptive fixed-seed summary
budget_summary,chain_fixed_five_seed_mean,aluminium,b1,kge,mean_0_4,,global_entries,,,100,recall,0.49444444444444435,,,0.028598972613852785,5,,,descriptive fixed-seed summary
budget_summary,chain_fixed_five_seed_mean,aluminium,b1,kge,mean_0_4,,global_entries,,,25,effective_k,25.0,,,0.0,5,,,descriptive fixed-seed summary
budget_summary,chain_fixed_five_seed_mean,aluminium,b1,kge,mean_0_4,,global_entries,,,25,observed_value_capture,0.3973038242724312,,,0.2948950251989536,5,,,descriptive fixed-seed summary
budget_summary,chain_fixed_five_seed_mean,aluminium,b1,kge,mean_0_4,,global_entries,,,25,precision,0.43999999999999995,,,0.03577708763999662,5,,,descriptive fixed-seed summary
budget_summary,chain_fixed_five_seed_mean,aluminium,b1,kge,mean_0_4,,global_entries,,,25,recall,0.15277777777777776,,,0.012422599874998825,5,,,descriptive fixed-seed summary
budget_summary,chain_fixed_five_seed_mean,aluminium,b1,kge,mean_0_4,,global_entries,,,250,effective_k,250.0,,,0.0,5,,,descriptive fixed-seed summary
budget_summary,chain_fixed_five_seed_mean,aluminium,b1,kge,mean_0_4,,global_entries,,,250,observed_value_capture,0.987929092298109,,,0.0032293947591525143,5,,,descriptive fixed-seed summary
budget_summary,chain_fixed_five_seed_mean,aluminium,b1,kge,mean_0_4,,global_entries,,,250,precision,0.26480000000000004,,,0.003919183588453088,5,,,descriptive fixed-seed summary
budget_summary,chain_fixed_five_seed_mean,aluminium,b1,kge,mean_0_4,,global_entries,,,250,recall,0.9194444444444445,,,0.013608276348795427,5,,,descriptive fixed-seed summary
budget_summary,chain_fixed_five_seed_mean,aluminium,b1,kge,mean_0_4,,global_entries,,,50,effective_k,50.0,,,0.0,5,,,descriptive fixed-seed summary
budget_summary,chain_fixed_five_seed_mean,aluminium,b1,kge,mean_0_4,,global_entries,,,50,observed_value_capture,0.6462122598374445,,,0.0028811193699648592,5,,,descriptive fixed-seed summary
budget_summary,chain_fixed_five_seed_mean,aluminium,b1,kge,mean_0_4,,global_entries,,,50,precision,0.41200000000000003,,,0.029933259094191533,5,,,descriptive fixed-seed summary
budget_summary,chain_fixed_five_seed_mean,aluminium,b1,kge,mean_0_4,,global_entries,,,50,recall,0.28611111111111115,,,0.020786985482077462,5,,,descriptive fixed-seed summary
budget_summary,chain_fixed_five_seed_mean,aluminium,b1,nbfnet,mean_0_4,,global_entries,,,100,effective_k,100.0,,,0.0,5,,,descriptive fixed-seed summary
budget_summary,chain_fixed_five_seed_mean,aluminium,b1,nbfnet,mean_0_4,,global_entries,,,100,observed_value_capture,0.1371664205406948,,,0.08293803868346517,5,,,descriptive fixed-seed summary
budget_summary,chain_fixed_five_seed_mean,aluminium,b1,nbfnet,mean_0_4,,global_entries,,,100,precision,0.28400000000000003,,,0.03929376540877699,5,,,descriptive fixed-seed summary
budget_summary,chain_fixed_five_seed_mean,aluminium,b1,nbfnet,mean_0_4,,global_entries,,,100,recall,0.3944444444444445,,,0.05457467417885695,5,,,descriptive fixed-seed summary
budget_summary,chain_fixed_five_seed_mean,aluminium,b1,nbfnet,mean_0_4,,global_entries,,,25,effective_k,25.0,,,0.0,5,,,descriptive fixed-seed summary
budget_summary,chain_fixed_five_seed_mean,aluminium,b1,nbfnet,mean_0_4,,global_entries,,,25,observed_value_capture,0.010866850142471135,,,0.003829511902095685,5,,,descriptive fixed-seed summary
budget_summary,chain_fixed_five_seed_mean,aluminium,b1,nbfnet,mean_0_4,,global_entries,,,25,precision,0.384,,,0.054258639865002144,5,,,descriptive fixed-seed summary
budget_summary,chain_fixed_five_seed_mean,aluminium,b1,nbfnet,mean_0_4,,global_entries,,,25,recall,0.13333333333333333,,,0.018839805508681303,5,,,descriptive fixed-seed summary
budget_summary,chain_fixed_five_seed_mean,aluminium,b1,nbfnet,mean_0_4,,global_entries,,,250,effective_k,250.0,,,0.0,5,,,descriptive fixed-seed summary
budget_summary,chain_fixed_five_seed_mean,aluminium,b1,nbfnet,mean_0_4,,global_entries,,,250,observed_value_capture,0.8089625759075141,,,0.32239064729879086,5,,,descriptive fixed-seed summary
budget_summary,chain_fixed_five_seed_mean,aluminium,b1,nbfnet,mean_0_4,,global_entries,,,250,precision,0.22560000000000002,,,0.014221111067704944,5,,,descriptive fixed-seed summary
budget_summary,chain_fixed_five_seed_mean,aluminium,b1,nbfnet,mean_0_4,,global_entries,,,250,recall,0.7833333333333333,,,0.04937885787397549,5,,,descriptive fixed-seed summary
budget_summary,chain_fixed_five_seed_mean,aluminium,b1,nbfnet,mean_0_4,,global_entries,,,50,effective_k,50.0,,,0.0,5,,,descriptive fixed-seed summary
budget_summary,chain_fixed_five_seed_mean,aluminium,b1,nbfnet,mean_0_4,,global_entries,,,50,observed_value_capture,0.01768716307475805,,,0.003515713170136184,5,,,descriptive fixed-seed summary
budget_summary,chain_fixed_five_seed_mean,aluminium,b1,nbfnet,mean_0_4,,global_entries,,,50,precision,0.33599999999999997,,,0.05276362383309167,5,,,descriptive fixed-seed summary
budget_summary,chain_fixed_five_seed_mean,aluminium,b1,nbfnet,mean_0_4,,global_entries,,,50,recall,0.2333333333333333,,,0.03664140543964701,5,,,descriptive fixed-seed summary
budget_summary,chain_fixed_five_seed_mean,aluminium,b2,kge,mean_0_4,,per_positive_entry_destinations,,,1,effective_k_max,1.0,,,0.0,5,,,descriptive fixed-seed summary
budget_summary,chain_fixed_five_seed_mean,aluminium,b2,kge,mean_0_4,,per_positive_entry_destinations,,,1,effective_k_mean,1.0,,,0.0,5,,,descriptive fixed-seed summary
budget_summary,chain_fixed_five_seed_mean,aluminium,b2,kge,mean_0_4,,per_positive_entry_destinations,,,1,effective_k_min,1.0,,,0.0,5,,,descriptive fixed-seed summary
budget_summary,chain_fixed_five_seed_mean,aluminium,b2,kge,mean_0_4,,per_positive_entry_destinations,,,1,macro_observed_value_capture,0.07849601215924243,,,0.017180541645736968,5,,,descriptive fixed-seed summary
budget_summary,chain_fixed_five_seed_mean,aluminium,b2,kge,mean_0_4,,per_positive_entry_destinations,,,1,macro_recall,0.0800313963388676,,,0.01800132988448688,5,,,descriptive fixed-seed summary
budget_summary,chain_fixed_five_seed_mean,aluminium,b2,kge,mean_0_4,,per_positive_entry_destinations,,,1,positive_entry_groups,72.0,,,0.0,5,,,descriptive fixed-seed summary
budget_summary,chain_fixed_five_seed_mean,aluminium,b2,kge,mean_0_4,,per_positive_entry_destinations,,,3,effective_k_max,3.0,,,0.0,5,,,descriptive fixed-seed summary
budget_summary,chain_fixed_five_seed_mean,aluminium,b2,kge,mean_0_4,,per_positive_entry_destinations,,,3,effective_k_mean,3.0,,,0.0,5,,,descriptive fixed-seed summary
budget_summary,chain_fixed_five_seed_mean,aluminium,b2,kge,mean_0_4,,per_positive_entry_destinations,,,3,effective_k_min,3.0,,,0.0,5,,,descriptive fixed-seed summary
budget_summary,chain_fixed_five_seed_mean,aluminium,b2,kge,mean_0_4,,per_positive_entry_destinations,,,3,macro_observed_value_capture,0.19465976596868653,,,0.013784406056668853,5,,,descriptive fixed-seed summary
budget_summary,chain_fixed_five_seed_mean,aluminium,b2,kge,mean_0_4,,per_positive_entry_destinations,,,3,macro_recall,0.19327905491698597,,,0.018241388448856918,5,,,descriptive fixed-seed summary
budget_summary,chain_fixed_five_seed_mean,aluminium,b2,kge,mean_0_4,,per_positive_entry_destinations,,,3,positive_entry_groups,72.0,,,0.0,5,,,descriptive fixed-seed summary
budget_summary,chain_fixed_five_seed_mean,aluminium,b2,kge,mean_0_4,,per_positive_entry_destinations,,,5,effective_k_max,5.0,,,0.0,5,,,descriptive fixed-seed summary
budget_summary,chain_fixed_five_seed_mean,aluminium,b2,kge,mean_0_4,,per_positive_entry_destinations,,,5,effective_k_mean,5.0,,,0.0,5,,,descriptive fixed-seed summary
budget_summary,chain_fixed_five_seed_mean,aluminium,b2,kge,mean_0_4,,per_positive_entry_destinations,,,5,effective_k_min,5.0,,,0.0,5,,,descriptive fixed-seed summary
budget_summary,chain_fixed_five_seed_mean,aluminium,b2,kge,mean_0_4,,per_positive_entry_destinations,,,5,macro_observed_value_capture,0.2740692011693412,,,0.02694155693005456,5,,,descriptive fixed-seed summary
budget_summary,chain_fixed_five_seed_mean,aluminium,b2,kge,mean_0_4,,per_positive_entry_destinations,,,5,macro_recall,0.26879203916560235,,,0.026329554063752942,5,,,descriptive fixed-seed summary
budget_summary,chain_fixed_five_seed_mean,aluminium,b2,kge,mean_0_4,,per_positive_entry_destinations,,,5,positive_entry_groups,72.0,,,0.0,5,,,descriptive fixed-seed summary
budget_summary,chain_fixed_five_seed_mean,aluminium,b2,nbfnet,mean_0_4,,per_positive_entry_destinations,,,1,effective_k_max,1.0,,,0.0,5,,,descriptive fixed-seed summary
budget_summary,chain_fixed_five_seed_mean,aluminium,b2,nbfnet,mean_0_4,,per_positive_entry_destinations,,,1,effective_k_mean,1.0,,,0.0,5,,,descriptive fixed-seed summary
budget_summary,chain_fixed_five_seed_mean,aluminium,b2,nbfnet,mean_0_4,,per_positive_entry_destinations,,,1,effective_k_min,1.0,,,0.0,5,,,descriptive fixed-seed summary
budget_summary,chain_fixed_five_seed_mean,aluminium,b2,nbfnet,mean_0_4,,per_positive_entry_destinations,,,1,macro_observed_value_capture,0.14938918662539194,,,0.01000189117110595,5,,,descriptive fixed-seed summary
budget_summary,chain_fixed_five_seed_mean,aluminium,b2,nbfnet,mean_0_4,,per_positive_entry_destinations,,,1,macro_recall,0.15558695189442318,,,0.013366317939730659,5,,,descriptive fixed-seed summary
budget_summary,chain_fixed_five_seed_mean,aluminium,b2,nbfnet,mean_0_4,,per_positive_entry_destinations,,,1,positive_entry_groups,72.0,,,0.0,5,,,descriptive fixed-seed summary
budget_summary,chain_fixed_five_seed_mean,aluminium,b2,nbfnet,mean_0_4,,per_positive_entry_destinations,,,3,effective_k_max,3.0,,,0.0,5,,,descriptive fixed-seed summary
budget_summary,chain_fixed_five_seed_mean,aluminium,b2,nbfnet,mean_0_4,,per_positive_entry_destinations,,,3,effective_k_mean,3.0,,,0.0,5,,,descriptive fixed-seed summary
budget_summary,chain_fixed_five_seed_mean,aluminium,b2,nbfnet,mean_0_4,,per_positive_entry_destinations,,,3,effective_k_min,3.0,,,0.0,5,,,descriptive fixed-seed summary
budget_summary,chain_fixed_five_seed_mean,aluminium,b2,nbfnet,mean_0_4,,per_positive_entry_destinations,,,3,macro_observed_value_capture,0.3109441415101141,,,0.03269059066978684,5,,,descriptive fixed-seed summary
budget_summary,chain_fixed_five_seed_mean,aluminium,b2,nbfnet,mean_0_4,,per_positive_entry_destinations,,,3,macro_recall,0.31376383567475524,,,0.028559879642285332,5,,,descriptive fixed-seed summary
budget_summary,chain_fixed_five_seed_mean,aluminium,b2,nbfnet,mean_0_4,,per_positive_entry_destinations,,,3,positive_entry_groups,72.0,,,0.0,5,,,descriptive fixed-seed summary
budget_summary,chain_fixed_five_seed_mean,aluminium,b2,nbfnet,mean_0_4,,per_positive_entry_destinations,,,5,effective_k_max,5.0,,,0.0,5,,,descriptive fixed-seed summary
budget_summary,chain_fixed_five_seed_mean,aluminium,b2,nbfnet,mean_0_4,,per_positive_entry_destinations,,,5,effective_k_mean,5.0,,,0.0,5,,,descriptive fixed-seed summary
budget_summary,chain_fixed_five_seed_mean,aluminium,b2,nbfnet,mean_0_4,,per_positive_entry_destinations,,,5,effective_k_min,5.0,,,0.0,5,,,descriptive fixed-seed summary
budget_summary,chain_fixed_five_seed_mean,aluminium,b2,nbfnet,mean_0_4,,per_positive_entry_destinations,,,5,macro_observed_value_capture,0.4261935573986716,,,0.03609995304867463,5,,,descriptive fixed-seed summary
budget_summary,chain_fixed_five_seed_mean,aluminium,b2,nbfnet,mean_0_4,,per_positive_entry_destinations,,,5,macro_recall,0.40998669646658153,,,0.03863860596899589,5,,,descriptive fixed-seed summary
budget_summary,chain_fixed_five_seed_mean,aluminium,b2,nbfnet,mean_0_4,,per_positive_entry_destinations,,,5,positive_entry_groups,72.0,,,0.0,5,,,descriptive fixed-seed summary
budget_summary,chain_fixed_five_seed_mean,cocoa,a,kge,mean_0_4,,global_lanes,,,100,effective_k,100.0,,,0.0,5,,,descriptive fixed-seed summary
budget_summary,chain_fixed_five_seed_mean,cocoa,a,kge,mean_0_4,,global_lanes,,,100,observed_value_capture,0.011313703679770517,,,0.003618230127909472,5,,,descriptive fixed-seed summary
budget_summary,chain_fixed_five_seed_mean,cocoa,a,kge,mean_0_4,,global_lanes,,,100,precision,0.37399999999999994,,,0.019595917942265423,5,,,descriptive fixed-seed summary
budget_summary,chain_fixed_five_seed_mean,cocoa,a,kge,mean_0_4,,global_lanes,,,100,recall,0.014655172413793105,,,0.0007678651231295228,5,,,descriptive fixed-seed summary
budget_summary,chain_fixed_five_seed_mean,cocoa,a,kge,mean_0_4,,global_lanes,,,1000,effective_k,1000.0,,,0.0,5,,,descriptive fixed-seed summary
budget_summary,chain_fixed_five_seed_mean,cocoa,a,kge,mean_0_4,,global_lanes,,,1000,observed_value_capture,0.13693787332000495,,,0.010000686318091742,5,,,descriptive fixed-seed summary
budget_summary,chain_fixed_five_seed_mean,cocoa,a,kge,mean_0_4,,global_lanes,,,1000,precision,0.3296,,,0.011359577456930333,5,,,descriptive fixed-seed summary
budget_summary,chain_fixed_five_seed_mean,cocoa,a,kge,mean_0_4,,global_lanes,,,1000,recall,0.129153605015674,,,0.004451245085004046,5,,,descriptive fixed-seed summary
budget_summary,chain_fixed_five_seed_mean,cocoa,a,kge,mean_0_4,,global_lanes,,,250,effective_k,250.0,,,0.0,5,,,descriptive fixed-seed summary
budget_summary,chain_fixed_five_seed_mean,cocoa,a,kge,mean_0_4,,global_lanes,,,250,observed_value_capture,0.02808987653570978,,,0.006645633745681791,5,,,descriptive fixed-seed summary
budget_summary,chain_fixed_five_seed_mean,cocoa,a,kge,mean_0_4,,global_lanes,,,250,precision,0.3552,,,0.01882976367350371,5,,,descriptive fixed-seed summary
budget_summary,chain_fixed_five_seed_mean,cocoa,a,kge,mean_0_4,,global_lanes,,,250,recall,0.03479623824451411,,,0.001844608510335395,5,,,descriptive fixed-seed summary
budget_summary,chain_fixed_five_seed_mean,cocoa,a,kge,mean_0_4,,global_lanes,,,50,effective_k,50.0,,,0.0,5,,,descriptive fixed-seed summary
budget_summary,chain_fixed_five_seed_mean,cocoa,a,kge,mean_0_4,,global_lanes,,,50,observed_value_capture,0.004289806135509655,,,0.0011024917552850137,5,,,descriptive fixed-seed summary
budget_summary,chain_fixed_five_seed_mean,cocoa,a,kge,mean_0_4,,global_lanes,,,50,precision,0.328,,,0.05878775382679627,5,,,descriptive fixed-seed summary
budget_summary,chain_fixed_five_seed_mean,cocoa,a,kge,mean_0_4,,global_lanes,,,50,recall,0.006426332288401254,,,0.0011517976846942843,5,,,descriptive fixed-seed summary
budget_summary,chain_fixed_five_seed_mean,cocoa,a,kge,mean_0_4,,global_lanes,,,500,effective_k,500.0,,,0.0,5,,,descriptive fixed-seed summary
budget_summary,chain_fixed_five_seed_mean,cocoa,a,kge,mean_0_4,,global_lanes,,,500,observed_value_capture,0.06377754100627012,,,0.010058582887968546,5,,,descriptive fixed-seed summary
budget_summary,chain_fixed_five_seed_mean,cocoa,a,kge,mean_0_4,,global_lanes,,,500,precision,0.35440000000000005,,,0.026725268941584102,5,,,descriptive fixed-seed summary
budget_summary,chain_fixed_five_seed_mean,cocoa,a,kge,mean_0_4,,global_lanes,,,500,recall,0.06943573667711597,,,0.0052361420340094255,5,,,descriptive fixed-seed summary
budget_summary,chain_fixed_five_seed_mean,cocoa,a,kge,mean_0_4,,per_exporter_lanes,,,10,effective_k_max,10.0,,,0.0,5,,,descriptive fixed-seed summary
budget_summary,chain_fixed_five_seed_mean,cocoa,a,kge,mean_0_4,,per_exporter_lanes,,,10,effective_k_mean,10.0,,,0.0,5,,,descriptive fixed-seed summary
budget_summary,chain_fixed_five_seed_mean,cocoa,a,kge,mean_0_4,,per_exporter_lanes,,,10,effective_k_min,10.0,,,0.0,5,,,descriptive fixed-seed summary
budget_summary,chain_fixed_five_seed_mean,cocoa,a,kge,mean_0_4,,per_exporter_lanes,,,10,group_count,88.0,,,0.0,5,,,descriptive fixed-seed summary
budget_summary,chain_fixed_five_seed_mean,cocoa,a,kge,mean_0_4,,per_exporter_lanes,,,10,macro_observed_value_capture,0.17850940057520717,,,0.012991912814635402,5,,,descriptive fixed-seed summary
budget_summary,chain_fixed_five_seed_mean,cocoa,a,kge,mean_0_4,,per_exporter_lanes,,,10,macro_precision,0.25863636363636366,,,0.01427663524958127,5,,,descriptive fixed-seed summary
budget_summary,chain_fixed_five_seed_mean,cocoa,a,kge,mean_0_4,,per_exporter_lanes,,,10,macro_recall,0.13048635433024225,,,0.009398948788464478,5,,,descriptive fixed-seed summary
budget_summary,chain_fixed_five_seed_mean,cocoa,a,kge,mean_0_4,,per_exporter_lanes,,,5,effective_k_max,5.0,,,0.0,5,,,descriptive fixed-seed summary
budget_summary,chain_fixed_five_seed_mean,cocoa,a,kge,mean_0_4,,per_exporter_lanes,,,5,effective_k_mean,5.0,,,0.0,5,,,descriptive fixed-seed summary
budget_summary,chain_fixed_five_seed_mean,cocoa,a,kge,mean_0_4,,per_exporter_lanes,,,5,effective_k_min,5.0,,,0.0,5,,,descriptive fixed-seed summary
budget_summary,chain_fixed_five_seed_mean,cocoa,a,kge,mean_0_4,,per_exporter_lanes,,,5,group_count,88.0,,,0.0,5,,,descriptive fixed-seed summary
budget_summary,chain_fixed_five_seed_mean,cocoa,a,kge,mean_0_4,,per_exporter_lanes,,,5,macro_observed_value_capture,0.11032132228122152,,,0.010282604637272201,5,,,descriptive fixed-seed summary
budget_summary,chain_fixed_five_seed_mean,cocoa,a,kge,mean_0_4,,per_exporter_lanes,,,5,macro_precision,0.27636363636363637,,,0.02196917449744468,5,,,descriptive fixed-seed summary
budget_summary,chain_fixed_five_seed_mean,cocoa,a,kge,mean_0_4,,per_exporter_lanes,,,5,macro_recall,0.07181682877371579,,,0.0083429430308102,5,,,descriptive fixed-seed summary
budget_summary,chain_fixed_five_seed_mean,cocoa,a,nbfnet,mean_0_4,,global_lanes,,,100,effective_k,100.0,,,0.0,5,,,descriptive fixed-seed summary
budget_summary,chain_fixed_five_seed_mean,cocoa,a,nbfnet,mean_0_4,,global_lanes,,,100,observed_value_capture,0.024421016034470285,,,0.009246397866618041,5,,,descriptive fixed-seed summary
budget_summary,chain_fixed_five_seed_mean,cocoa,a,nbfnet,mean_0_4,,global_lanes,,,100,precision,0.386,,,0.039293765408777,5,,,descriptive fixed-seed summary
budget_summary,chain_fixed_five_seed_mean,cocoa,a,nbfnet,mean_0_4,,global_lanes,,,100,recall,0.015125391849529778,,,0.0015397243498737065,5,,,descriptive fixed-seed summary
budget_summary,chain_fixed_five_seed_mean,cocoa,a,nbfnet,mean_0_4,,global_lanes,,,1000,effective_k,1000.0,,,0.0,5,,,descriptive fixed-seed summary
budget_summary,chain_fixed_five_seed_mean,cocoa,a,nbfnet,mean_0_4,,global_lanes,,,1000,observed_value_capture,0.17339193075691767,,,0.017404808067622065,5,,,descriptive fixed-seed summary
budget_summary,chain_fixed_five_seed_mean,cocoa,a,nbfnet,mean_0_4,,global_lanes,,,1000,precision,0.2944,,,0.02890397896484151,5,,,descriptive fixed-seed summary
budget_summary,chain_fixed_five_seed_mean,cocoa,a,nbfnet,mean_0_4,,global_lanes,,,1000,recall,0.11536050156739812,,,0.011326010566160463,5,,,descriptive fixed-seed summary
budget_summary,chain_fixed_five_seed_mean,cocoa,a,nbfnet,mean_0_4,,global_lanes,,,250,effective_k,250.0,,,0.0,5,,,descriptive fixed-seed summary
budget_summary,chain_fixed_five_seed_mean,cocoa,a,nbfnet,mean_0_4,,global_lanes,,,250,observed_value_capture,0.06540209014982923,,,0.019574264455148843,5,,,descriptive fixed-seed summary
budget_summary,chain_fixed_five_seed_mean,cocoa,a,nbfnet,mean_0_4,,global_lanes,,,250,precision,0.3512,,,0.025724696305301643,5,,,descriptive fixed-seed summary
budget_summary,chain_fixed_five_seed_mean,cocoa,a,nbfnet,mean_0_4,,global_lanes,,,250,recall,0.034404388714733544,,,0.0025200525377450673,5,,,descriptive fixed-seed summary
budget_summary,chain_fixed_five_seed_mean,cocoa,a,nbfnet,mean_0_4,,global_lanes,,,50,effective_k,50.0,,,0.0,5,,,descriptive fixed-seed summary
budget_summary,chain_fixed_five_seed_mean,cocoa,a,nbfnet,mean_0_4,,global_lanes,,,50,observed_value_capture,0.014551186315470246,,,0.006948143101898521,5,,,descriptive fixed-seed summary
budget_summary,chain_fixed_five_seed_mean,cocoa,a,nbfnet,mean_0_4,,global_lanes,,,50,precision,0.43600000000000005,,,0.04454211490264018,5,,,descriptive fixed-seed summary
budget_summary,chain_fixed_five_seed_mean,cocoa,a,nbfnet,mean_0_4,,global_lanes,,,50,recall,0.008542319749216301,,,0.0008726903390015708,5,,,descriptive fixed-seed summary
budget_summary,chain_fixed_five_seed_mean,cocoa,a,nbfnet,mean_0_4,,global_lanes,,,500,effective_k,500.0,,,0.0,5,,,descriptive fixed-seed summary
budget_summary,chain_fixed_five_seed_mean,cocoa,a,nbfnet,mean_0_4,,global_lanes,,,500,observed_value_capture,0.1163303892195795,,,0.015800718330539032,5,,,descriptive fixed-seed summary
budget_summary,chain_fixed_five_seed_mean,cocoa,a,nbfnet,mean_0_4,,global_lanes,,,500,precision,0.3264,,,0.03044733157437609,5,,,descriptive fixed-seed summary
budget_summary,chain_fixed_five_seed_mean,cocoa,a,nbfnet,mean_0_4,,global_lanes,,,500,recall,0.06394984326018809,,,0.005965386280246101,5,,,descriptive fixed-seed summary
budget_summary,chain_fixed_five_seed_mean,cocoa,a,nbfnet,mean_0_4,,per_exporter_lanes,,,10,effective_k_max,10.0,,,0.0,5,,,descriptive fixed-seed summary
budget_summary,chain_fixed_five_seed_mean,cocoa,a,nbfnet,mean_0_4,,per_exporter_lanes,,,10,effective_k_mean,10.0,,,0.0,5,,,descriptive fixed-seed summary
budget_summary,chain_fixed_five_seed_mean,cocoa,a,nbfnet,mean_0_4,,per_exporter_lanes,,,10,effective_k_min,10.0,,,0.0,5,,,descriptive fixed-seed summary
budget_summary,chain_fixed_five_seed_mean,cocoa,a,nbfnet,mean_0_4,,per_exporter_lanes,,,10,group_count,88.0,,,0.0,5,,,descriptive fixed-seed summary
budget_summary,chain_fixed_five_seed_mean,cocoa,a,nbfnet,mean_0_4,,per_exporter_lanes,,,10,macro_observed_value_capture,0.19825736015856407,,,0.010135065219070531,5,,,descriptive fixed-seed summary
budget_summary,chain_fixed_five_seed_mean,cocoa,a,nbfnet,mean_0_4,,per_exporter_lanes,,,10,macro_precision,0.2640909090909091,,,0.021411937660570684,5,,,descriptive fixed-seed summary
budget_summary,chain_fixed_five_seed_mean,cocoa,a,nbfnet,mean_0_4,,per_exporter_lanes,,,10,macro_recall,0.14611130539064235,,,0.006140455723000141,5,,,descriptive fixed-seed summary
budget_summary,chain_fixed_five_seed_mean,cocoa,a,nbfnet,mean_0_4,,per_exporter_lanes,,,5,effective_k_max,5.0,,,0.0,5,,,descriptive fixed-seed summary
budget_summary,chain_fixed_five_seed_mean,cocoa,a,nbfnet,mean_0_4,,per_exporter_lanes,,,5,effective_k_mean,5.0,,,0.0,5,,,descriptive fixed-seed summary
budget_summary,chain_fixed_five_seed_mean,cocoa,a,nbfnet,mean_0_4,,per_exporter_lanes,,,5,effective_k_min,5.0,,,0.0,5,,,descriptive fixed-seed summary
budget_summary,chain_fixed_five_seed_mean,cocoa,a,nbfnet,mean_0_4,,per_exporter_lanes,,,5,group_count,88.0,,,0.0,5,,,descriptive fixed-seed summary
budget_summary,chain_fixed_five_seed_mean,cocoa,a,nbfnet,mean_0_4,,per_exporter_lanes,,,5,macro_observed_value_capture,0.1328057273812544,,,0.008222640478684684,5,,,descriptive fixed-seed summary
budget_summary,chain_fixed_five_seed_mean,cocoa,a,nbfnet,mean_0_4,,per_exporter_lanes,,,5,macro_precision,0.29181818181818187,,,0.023732322694921083,5,,,descriptive fixed-seed summary
budget_summary,chain_fixed_five_seed_mean,cocoa,a,nbfnet,mean_0_4,,per_exporter_lanes,,,5,macro_recall,0.09194021494130118,,,0.004379054845075692,5,,,descriptive fixed-seed summary
budget_summary,chain_fixed_five_seed_mean,cocoa,b1,kge,mean_0_4,,global_entries,,,100,effective_k,100.0,,,0.0,5,,,descriptive fixed-seed summary
budget_summary,chain_fixed_five_seed_mean,cocoa,b1,kge,mean_0_4,,global_entries,,,100,observed_value_capture,0.774530701819752,,,0.09382827086787192,5,,,descriptive fixed-seed summary
budget_summary,chain_fixed_five_seed_mean,cocoa,b1,kge,mean_0_4,,global_entries,,,100,precision,0.298,,,0.014696938456699067,5,,,descriptive fixed-seed summary
budget_summary,chain_fixed_five_seed_mean,cocoa,b1,kge,mean_0_4,,global_entries,,,100,recall,0.7095238095238094,,,0.03499271061118826,5,,,descriptive fixed-seed summary
budget_summary,chain_fixed_five_seed_mean,cocoa,b1,kge,mean_0_4,,global_entries,,,25,effective_k,25.0,,,0.0,5,,,descriptive fixed-seed summary
budget_summary,chain_fixed_five_seed_mean,cocoa,b1,kge,mean_0_4,,global_entries,,,25,observed_value_capture,0.4295724768274538,,,0.035584392420273975,5,,,descriptive fixed-seed summary
budget_summary,chain_fixed_five_seed_mean,cocoa,b1,kge,mean_0_4,,global_entries,,,25,precision,0.52,,,0.04381780460041329,5,,,descriptive fixed-seed summary
budget_summary,chain_fixed_five_seed_mean,cocoa,b1,kge,mean_0_4,,global_entries,,,25,recall,0.3095238095238095,,,0.02608202654786506,5,,,descriptive fixed-seed summary
budget_summary,chain_fixed_five_seed_mean,cocoa,b1,kge,mean_0_4,,global_entries,,,250,effective_k,250.0,,,0.0,5,,,descriptive fixed-seed summary
budget_summary,chain_fixed_five_seed_mean,cocoa,b1,kge,mean_0_4,,global_entries,,,250,observed_value_capture,0.9970265510131817,,,0.0026774427725967604,5,,,descriptive fixed-seed summary
budget_summary,chain_fixed_five_seed_mean,cocoa,b1,kge,mean_0_4,,global_entries,,,250,precision,0.16560000000000002,,,0.001959591794226544,5,,,descriptive fixed-seed summary
budget_summary,chain_fixed_five_seed_mean,cocoa,b1,kge,mean_0_4,,global_entries,,,250,recall,0.9857142857142858,,,0.011664236870396097,5,,,descriptive fixed-seed summary
budget_summary,chain_fixed_five_seed_mean,cocoa,b1,kge,mean_0_4,,global_entries,,,50,effective_k,50.0,,,0.0,5,,,descriptive fixed-seed summary
budget_summary,chain_fixed_five_seed_mean,cocoa,b1,kge,mean_0_4,,global_entries,,,50,observed_value_capture,0.5760225717852308,,,0.02230298643169665,5,,,descriptive fixed-seed summary
budget_summary,chain_fixed_five_seed_mean,cocoa,b1,kge,mean_0_4,,global_entries,,,50,precision,0.42000000000000004,,,0.01788854381999831,5,,,descriptive fixed-seed summary
budget_summary,chain_fixed_five_seed_mean,cocoa,b1,kge,mean_0_4,,global_entries,,,50,recall,0.5,,,0.02129588549999802,5,,,descriptive fixed-seed summary
budget_summary,chain_fixed_five_seed_mean,cocoa,b1,nbfnet,mean_0_4,,global_entries,,,100,effective_k,100.0,,,0.0,5,,,descriptive fixed-seed summary
budget_summary,chain_fixed_five_seed_mean,cocoa,b1,nbfnet,mean_0_4,,global_entries,,,100,observed_value_capture,0.722365122132095,,,0.06044458403579809,5,,,descriptive fixed-seed summary
budget_summary,chain_fixed_five_seed_mean,cocoa,b1,nbfnet,mean_0_4,,global_entries,,,100,precision,0.23199999999999998,,,0.023151673805580454,5,,,descriptive fixed-seed summary
budget_summary,chain_fixed_five_seed_mean,cocoa,b1,nbfnet,mean_0_4,,global_entries,,,100,recall,0.5523809523809524,,,0.05512303287042965,5,,,descriptive fixed-seed summary
budget_summary,chain_fixed_five_seed_mean,cocoa,b1,nbfnet,mean_0_4,,global_entries,,,25,effective_k,25.0,,,0.0,5,,,descriptive fixed-seed summary
budget_summary,chain_fixed_five_seed_mean,cocoa,b1,nbfnet,mean_0_4,,global_entries,,,25,observed_value_capture,0.31649368007746786,,,0.15602935198937157,5,,,descriptive fixed-seed summary
budget_summary,chain_fixed_five_seed_mean,cocoa,b1,nbfnet,mean_0_4,,global_entries,,,25,precision,0.32,,,0.07589466384404112,5,,,descriptive fixed-seed summary
budget_summary,chain_fixed_five_seed_mean,cocoa,b1,nbfnet,mean_0_4,,global_entries,,,25,recall,0.19047619047619047,,,0.04517539514526256,5,,,descriptive fixed-seed summary
budget_summary,chain_fixed_five_seed_mean,cocoa,b1,nbfnet,mean_0_4,,global_entries,,,250,effective_k,250.0,,,0.0,5,,,descriptive fixed-seed summary
budget_summary,chain_fixed_five_seed_mean,cocoa,b1,nbfnet,mean_0_4,,global_entries,,,250,observed_value_capture,0.9864115392894286,,,0.0055384554715050835,5,,,descriptive fixed-seed summary
budget_summary,chain_fixed_five_seed_mean,cocoa,b1,nbfnet,mean_0_4,,global_entries,,,250,precision,0.16160000000000002,,,0.0032000000000000028,5,,,descriptive fixed-seed summary
budget_summary,chain_fixed_five_seed_mean,cocoa,b1,nbfnet,mean_0_4,,global_entries,,,250,recall,0.9619047619047618,,,0.019047619047619032,5,,,descriptive fixed-seed summary
budget_summary,chain_fixed_five_seed_mean,cocoa,b1,nbfnet,mean_0_4,,global_entries,,,50,effective_k,50.0,,,0.0,5,,,descriptive fixed-seed summary
budget_summary,chain_fixed_five_seed_mean,cocoa,b1,nbfnet,mean_0_4,,global_entries,,,50,observed_value_capture,0.48517307274009075,,,0.10384922840733662,5,,,descriptive fixed-seed summary
budget_summary,chain_fixed_five_seed_mean,cocoa,b1,nbfnet,mean_0_4,,global_entries,,,50,precision,0.28,,,0.028284271247461905,5,,,descriptive fixed-seed summary
budget_summary,chain_fixed_five_seed_mean,cocoa,b1,nbfnet,mean_0_4,,global_entries,,,50,recall,0.33333333333333337,,,0.03367175148507369,5,,,descriptive fixed-seed summary
budget_summary,chain_fixed_five_seed_mean,cocoa,b2,kge,mean_0_4,,per_positive_entry_destinations,,,1,effective_k_max,1.0,,,0.0,5,,,descriptive fixed-seed summary
budget_summary,chain_fixed_five_seed_mean,cocoa,b2,kge,mean_0_4,,per_positive_entry_destinations,,,1,effective_k_mean,1.0,,,0.0,5,,,descriptive fixed-seed summary
budget_summary,chain_fixed_five_seed_mean,cocoa,b2,kge,mean_0_4,,per_positive_entry_destinations,,,1,effective_k_min,1.0,,,0.0,5,,,descriptive fixed-seed summary
budget_summary,chain_fixed_five_seed_mean,cocoa,b2,kge,mean_0_4,,per_positive_entry_destinations,,,1,macro_observed_value_capture,0.18738973322874863,,,0.008927957198707162,5,,,descriptive fixed-seed summary
budget_summary,chain_fixed_five_seed_mean,cocoa,b2,kge,mean_0_4,,per_positive_entry_destinations,,,1,macro_recall,0.18817460317460316,,,0.0046372575104734895,5,,,descriptive fixed-seed summary
budget_summary,chain_fixed_five_seed_mean,cocoa,b2,kge,mean_0_4,,per_positive_entry_destinations,,,1,positive_entry_groups,42.0,,,0.0,5,,,descriptive fixed-seed summary
budget_summary,chain_fixed_five_seed_mean,cocoa,b2,kge,mean_0_4,,per_positive_entry_destinations,,,3,effective_k_max,3.0,,,0.0,5,,,descriptive fixed-seed summary
budget_summary,chain_fixed_five_seed_mean,cocoa,b2,kge,mean_0_4,,per_positive_entry_destinations,,,3,effective_k_mean,3.0,,,0.0,5,,,descriptive fixed-seed summary
budget_summary,chain_fixed_five_seed_mean,cocoa,b2,kge,mean_0_4,,per_positive_entry_destinations,,,3,effective_k_min,3.0,,,0.0,5,,,descriptive fixed-seed summary
budget_summary,chain_fixed_five_seed_mean,cocoa,b2,kge,mean_0_4,,per_positive_entry_destinations,,,3,macro_observed_value_capture,0.36131640479257443,,,0.030560821583319513,5,,,descriptive fixed-seed summary
budget_summary,chain_fixed_five_seed_mean,cocoa,b2,kge,mean_0_4,,per_positive_entry_destinations,,,3,macro_recall,0.35357142857142854,,,0.02984063660253489,5,,,descriptive fixed-seed summary
budget_summary,chain_fixed_five_seed_mean,cocoa,b2,kge,mean_0_4,,per_positive_entry_destinations,,,3,positive_entry_groups,42.0,,,0.0,5,,,descriptive fixed-seed summary
budget_summary,chain_fixed_five_seed_mean,cocoa,b2,kge,mean_0_4,,per_positive_entry_destinations,,,5,effective_k_max,5.0,,,0.0,5,,,descriptive fixed-seed summary
budget_summary,chain_fixed_five_seed_mean,cocoa,b2,kge,mean_0_4,,per_positive_entry_destinations,,,5,effective_k_mean,5.0,,,0.0,5,,,descriptive fixed-seed summary
budget_summary,chain_fixed_five_seed_mean,cocoa,b2,kge,mean_0_4,,per_positive_entry_destinations,,,5,effective_k_min,5.0,,,0.0,5,,,descriptive fixed-seed summary
budget_summary,chain_fixed_five_seed_mean,cocoa,b2,kge,mean_0_4,,per_positive_entry_destinations,,,5,macro_observed_value_capture,0.49410809261254246,,,0.03703265753110966,5,,,descriptive fixed-seed summary
budget_summary,chain_fixed_five_seed_mean,cocoa,b2,kge,mean_0_4,,per_positive_entry_destinations,,,5,macro_recall,0.4821428571428571,,,0.04663466670919662,5,,,descriptive fixed-seed summary
budget_summary,chain_fixed_five_seed_mean,cocoa,b2,kge,mean_0_4,,per_positive_entry_destinations,,,5,positive_entry_groups,42.0,,,0.0,5,,,descriptive fixed-seed summary
budget_summary,chain_fixed_five_seed_mean,cocoa,b2,nbfnet,mean_0_4,,per_positive_entry_destinations,,,1,effective_k_max,1.0,,,0.0,5,,,descriptive fixed-seed summary
budget_summary,chain_fixed_five_seed_mean,cocoa,b2,nbfnet,mean_0_4,,per_positive_entry_destinations,,,1,effective_k_mean,1.0,,,0.0,5,,,descriptive fixed-seed summary
budget_summary,chain_fixed_five_seed_mean,cocoa,b2,nbfnet,mean_0_4,,per_positive_entry_destinations,,,1,effective_k_min,1.0,,,0.0,5,,,descriptive fixed-seed summary
budget_summary,chain_fixed_five_seed_mean,cocoa,b2,nbfnet,mean_0_4,,per_positive_entry_destinations,,,1,macro_observed_value_capture,0.20269960476074284,,,0.03860807051309825,5,,,descriptive fixed-seed summary
budget_summary,chain_fixed_five_seed_mean,cocoa,b2,nbfnet,mean_0_4,,per_positive_entry_destinations,,,1,macro_recall,0.20801587301587304,,,0.04126709392564829,5,,,descriptive fixed-seed summary
budget_summary,chain_fixed_five_seed_mean,cocoa,b2,nbfnet,mean_0_4,,per_positive_entry_destinations,,,1,positive_entry_groups,42.0,,,0.0,5,,,descriptive fixed-seed summary
budget_summary,chain_fixed_five_seed_mean,cocoa,b2,nbfnet,mean_0_4,,per_positive_entry_destinations,,,3,effective_k_max,3.0,,,0.0,5,,,descriptive fixed-seed summary
budget_summary,chain_fixed_five_seed_mean,cocoa,b2,nbfnet,mean_0_4,,per_positive_entry_destinations,,,3,effective_k_mean,3.0,,,0.0,5,,,descriptive fixed-seed summary
budget_summary,chain_fixed_five_seed_mean,cocoa,b2,nbfnet,mean_0_4,,per_positive_entry_destinations,,,3,effective_k_min,3.0,,,0.0,5,,,descriptive fixed-seed summary
budget_summary,chain_fixed_five_seed_mean,cocoa,b2,nbfnet,mean_0_4,,per_positive_entry_destinations,,,3,macro_observed_value_capture,0.3811994239026407,,,0.022856075338828774,5,,,descriptive fixed-seed summary
budget_summary,chain_fixed_five_seed_mean,cocoa,b2,nbfnet,mean_0_4,,per_positive_entry_destinations,,,3,macro_recall,0.39936507936507937,,,0.021597803234596376,5,,,descriptive fixed-seed summary
budget_summary,chain_fixed_five_seed_mean,cocoa,b2,nbfnet,mean_0_4,,per_positive_entry_destinations,,,3,positive_entry_groups,42.0,,,0.0,5,,,descriptive fixed-seed summary
budget_summary,chain_fixed_five_seed_mean,cocoa,b2,nbfnet,mean_0_4,,per_positive_entry_destinations,,,5,effective_k_max,5.0,,,0.0,5,,,descriptive fixed-seed summary
budget_summary,chain_fixed_five_seed_mean,cocoa,b2,nbfnet,mean_0_4,,per_positive_entry_destinations,,,5,effective_k_mean,5.0,,,0.0,5,,,descriptive fixed-seed summary
budget_summary,chain_fixed_five_seed_mean,cocoa,b2,nbfnet,mean_0_4,,per_positive_entry_destinations,,,5,effective_k_min,5.0,,,0.0,5,,,descriptive fixed-seed summary
budget_summary,chain_fixed_five_seed_mean,cocoa,b2,nbfnet,mean_0_4,,per_positive_entry_destinations,,,5,macro_observed_value_capture,0.4859867656431597,,,0.028456412969596948,5,,,descriptive fixed-seed summary
budget_summary,chain_fixed_five_seed_mean,cocoa,b2,nbfnet,mean_0_4,,per_positive_entry_destinations,,,5,macro_recall,0.5023015873015872,,,0.029287112282199903,5,,,descriptive fixed-seed summary
budget_summary,chain_fixed_five_seed_mean,cocoa,b2,nbfnet,mean_0_4,,per_positive_entry_destinations,,,5,positive_entry_groups,42.0,,,0.0,5,,,descriptive fixed-seed summary
budget_summary,chain_fixed_five_seed_mean,cotton,a,kge,mean_0_4,,global_lanes,,,100,effective_k,100.0,,,0.0,5,,,descriptive fixed-seed summary
budget_summary,chain_fixed_five_seed_mean,cotton,a,kge,mean_0_4,,global_lanes,,,100,observed_value_capture,0.0034711375421097464,,,0.0006551777363436075,5,,,descriptive fixed-seed summary
budget_summary,chain_fixed_five_seed_mean,cotton,a,kge,mean_0_4,,global_lanes,,,100,precision,0.162,,,0.01939071942966531,5,,,descriptive fixed-seed summary
budget_summary,chain_fixed_five_seed_mean,cotton,a,kge,mean_0_4,,global_lanes,,,100,recall,0.005252918287937744,,,0.0006287522512861644,5,,,descriptive fixed-seed summary
budget_summary,chain_fixed_five_seed_mean,cotton,a,kge,mean_0_4,,global_lanes,,,1000,effective_k,1000.0,,,0.0,5,,,descriptive fixed-seed summary
budget_summary,chain_fixed_five_seed_mean,cotton,a,kge,mean_0_4,,global_lanes,,,1000,observed_value_capture,0.044792783889720716,,,0.010526062108449122,5,,,descriptive fixed-seed summary
budget_summary,chain_fixed_five_seed_mean,cotton,a,kge,mean_0_4,,global_lanes,,,1000,precision,0.1572,,,0.015302287410710857,5,,,descriptive fixed-seed summary
budget_summary,chain_fixed_five_seed_mean,cotton,a,kge,mean_0_4,,global_lanes,,,1000,recall,0.050972762645914396,,,0.0049618311967285535,5,,,descriptive fixed-seed summary
budget_summary,chain_fixed_five_seed_mean,cotton,a,kge,mean_0_4,,global_lanes,,,250,effective_k,250.0,,,0.0,5,,,descriptive fixed-seed summary
budget_summary,chain_fixed_five_seed_mean,cotton,a,kge,mean_0_4,,global_lanes,,,250,observed_value_capture,0.012667809488996392,,,0.004345108506742314,5,,,descriptive fixed-seed summary
budget_summary,chain_fixed_five_seed_mean,cotton,a,kge,mean_0_4,,global_lanes,,,250,precision,0.1648,,,0.028554509276119595,5,,,descriptive fixed-seed summary
budget_summary,chain_fixed_five_seed_mean,cotton,a,kge,mean_0_4,,global_lanes,,,250,recall,0.013359273670557717,,,0.0023147299996854405,5,,,descriptive fixed-seed summary
budget_summary,chain_fixed_five_seed_mean,cotton,a,kge,mean_0_4,,global_lanes,,,50,effective_k,50.0,,,0.0,5,,,descriptive fixed-seed summary
budget_summary,chain_fixed_five_seed_mean,cotton,a,kge,mean_0_4,,global_lanes,,,50,observed_value_capture,0.001252829286194466,,,0.00028591518232116926,5,,,descriptive fixed-seed summary
budget_summary,chain_fixed_five_seed_mean,cotton,a,kge,mean_0_4,,global_lanes,,,50,precision,0.152,,,0.027129319932501075,5,,,descriptive fixed-seed summary
budget_summary,chain_fixed_five_seed_mean,cotton,a,kge,mean_0_4,,global_lanes,,,50,recall,0.0024643320363164725,,,0.0004398398173232989,5,,,descriptive fixed-seed summary
budget_summary,chain_fixed_five_seed_mean,cotton,a,kge,mean_0_4,,global_lanes,,,500,effective_k,500.0,,,0.0,5,,,descriptive fixed-seed summary
budget_summary,chain_fixed_five_seed_mean,cotton,a,kge,mean_0_4,,global_lanes,,,500,observed_value_capture,0.02268237544115088,,,0.006329678938904122,5,,,descriptive fixed-seed summary
budget_summary,chain_fixed_five_seed_mean,cotton,a,kge,mean_0_4,,global_lanes,,,500,precision,0.162,,,0.012649110640673514,5,,,descriptive fixed-seed summary
budget_summary,chain_fixed_five_seed_mean,cotton,a,kge,mean_0_4,,global_lanes,,,500,recall,0.026264591439688716,,,0.002050763722547587,5,,,descriptive fixed-seed summary
budget_summary,chain_fixed_five_seed_mean,cotton,a,kge,mean_0_4,,per_exporter_lanes,,,10,effective_k_max,10.0,,,0.0,5,,,descriptive fixed-seed summary
budget_summary,chain_fixed_five_seed_mean,cotton,a,kge,mean_0_4,,per_exporter_lanes,,,10,effective_k_mean,10.0,,,0.0,5,,,descriptive fixed-seed summary
budget_summary,chain_fixed_five_seed_mean,cotton,a,kge,mean_0_4,,per_exporter_lanes,,,10,effective_k_min,10.0,,,0.0,5,,,descriptive fixed-seed summary
budget_summary,chain_fixed_five_seed_mean,cotton,a,kge,mean_0_4,,per_exporter_lanes,,,10,group_count,150.0,,,0.0,5,,,descriptive fixed-seed summary
budget_summary,chain_fixed_five_seed_mean,cotton,a,kge,mean_0_4,,per_exporter_lanes,,,10,macro_observed_value_capture,0.14394496672144885,,,0.009135441854686262,5,,,descriptive fixed-seed summary
budget_summary,chain_fixed_five_seed_mean,cotton,a,kge,mean_0_4,,per_exporter_lanes,,,10,macro_precision,0.12266666666666666,,,0.0076710132606093474,5,,,descriptive fixed-seed summary
budget_summary,chain_fixed_five_seed_mean,cotton,a,kge,mean_0_4,,per_exporter_lanes,,,10,macro_recall,0.12106748627656605,,,0.009668417227206932,5,,,descriptive fixed-seed summary
budget_summary,chain_fixed_five_seed_mean,cotton,a,kge,mean_0_4,,per_exporter_lanes,,,5,effective_k_max,5.0,,,0.0,5,,,descriptive fixed-seed summary
budget_summary,chain_fixed_five_seed_mean,cotton,a,kge,mean_0_4,,per_exporter_lanes,,,5,effective_k_mean,5.0,,,0.0,5,,,descriptive fixed-seed summary
budget_summary,chain_fixed_five_seed_mean,cotton,a,kge,mean_0_4,,per_exporter_lanes,,,5,effective_k_min,5.0,,,0.0,5,,,descriptive fixed-seed summary
budget_summary,chain_fixed_five_seed_mean,cotton,a,kge,mean_0_4,,per_exporter_lanes,,,5,group_count,150.0,,,0.0,5,,,descriptive fixed-seed summary
budget_summary,chain_fixed_five_seed_mean,cotton,a,kge,mean_0_4,,per_exporter_lanes,,,5,macro_observed_value_capture,0.08762429428412791,,,0.007438282779611247,5,,,descriptive fixed-seed summary
budget_summary,chain_fixed_five_seed_mean,cotton,a,kge,mean_0_4,,per_exporter_lanes,,,5,macro_precision,0.13706666666666667,,,0.012519140900592527,5,,,descriptive fixed-seed summary
budget_summary,chain_fixed_five_seed_mean,cotton,a,kge,mean_0_4,,per_exporter_lanes,,,5,macro_recall,0.07190288093702875,,,0.0055813462512438825,5,,,descriptive fixed-seed summary
budget_summary,chain_fixed_five_seed_mean,cotton,a,nbfnet,mean_0_4,,global_lanes,,,100,effective_k,100.0,,,0.0,5,,,descriptive fixed-seed summary
budget_summary,chain_fixed_five_seed_mean,cotton,a,nbfnet,mean_0_4,,global_lanes,,,100,observed_value_capture,0.01318035859074169,,,0.002911329644783538,5,,,descriptive fixed-seed summary
budget_summary,chain_fixed_five_seed_mean,cotton,a,nbfnet,mean_0_4,,global_lanes,,,100,precision,0.272,,,0.05418486873657626,5,,,descriptive fixed-seed summary
budget_summary,chain_fixed_five_seed_mean,cotton,a,nbfnet,mean_0_4,,global_lanes,,,100,recall,0.008819714656290532,,,0.0017569672093572068,5,,,descriptive fixed-seed summary
budget_summary,chain_fixed_five_seed_mean,cotton,a,nbfnet,mean_0_4,,global_lanes,,,1000,effective_k,1000.0,,,0.0,5,,,descriptive fixed-seed summary
budget_summary,chain_fixed_five_seed_mean,cotton,a,nbfnet,mean_0_4,,global_lanes,,,1000,observed_value_capture,0.1038235352429782,,,0.008091502818682676,5,,,descriptive fixed-seed summary
budget_summary,chain_fixed_five_seed_mean,cotton,a,nbfnet,mean_0_4,,global_lanes,,,1000,precision,0.2374,,,0.017636326148038887,5,,,descriptive fixed-seed summary
budget_summary,chain_fixed_five_seed_mean,cotton,a,nbfnet,mean_0_4,,global_lanes,,,1000,recall,0.07697795071335926,,,0.005718653095991857,5,,,descriptive fixed-seed summary
budget_summary,chain_fixed_five_seed_mean,cotton,a,nbfnet,mean_0_4,,global_lanes,,,250,effective_k,250.0,,,0.0,5,,,descriptive fixed-seed summary
budget_summary,chain_fixed_five_seed_mean,cotton,a,nbfnet,mean_0_4,,global_lanes,,,250,observed_value_capture,0.028365916483432157,,,0.0043562315129214045,5,,,descriptive fixed-seed summary
budget_summary,chain_fixed_five_seed_mean,cotton,a,nbfnet,mean_0_4,,global_lanes,,,250,precision,0.2656,,,0.023130931671681537,5,,,descriptive fixed-seed summary
budget_summary,chain_fixed_five_seed_mean,cotton,a,nbfnet,mean_0_4,,global_lanes,,,250,recall,0.02153047989623865,,,0.001875075524617505,5,,,descriptive fixed-seed summary
budget_summary,chain_fixed_five_seed_mean,cotton,a,nbfnet,mean_0_4,,global_lanes,,,50,effective_k,50.0,,,0.0,5,,,descriptive fixed-seed summary
budget_summary,chain_fixed_five_seed_mean,cotton,a,nbfnet,mean_0_4,,global_lanes,,,50,observed_value_capture,0.009483262369368162,,,0.0029328677328523227,5,,,descriptive fixed-seed summary
budget_summary,chain_fixed_five_seed_mean,cotton,a,nbfnet,mean_0_4,,global_lanes,,,50,precision,0.27199999999999996,,,0.08997777503361594,5,,,descriptive fixed-seed summary
budget_summary,chain_fixed_five_seed_mean,cotton,a,nbfnet,mean_0_4,,global_lanes,,,50,recall,0.004409857328145266,,,0.0014587836419198432,5,,,descriptive fixed-seed summary
budget_summary,chain_fixed_five_seed_mean,cotton,a,nbfnet,mean_0_4,,global_lanes,,,500,effective_k,500.0,,,0.0,5,,,descriptive fixed-seed summary
budget_summary,chain_fixed_five_seed_mean,cotton,a,nbfnet,mean_0_4,,global_lanes,,,500,observed_value_capture,0.05165813102548178,,,0.0035045694216541716,5,,,descriptive fixed-seed summary
budget_summary,chain_fixed_five_seed_mean,cotton,a,nbfnet,mean_0_4,,global_lanes,,,500,precision,0.2476,,,0.01148216007552587,5,,,descriptive fixed-seed summary
budget_summary,chain_fixed_five_seed_mean,cotton,a,nbfnet,mean_0_4,,global_lanes,,,500,recall,0.040142671854734115,,,0.001861569402646863,5,,,descriptive fixed-seed summary
budget_summary,chain_fixed_five_seed_mean,cotton,a,nbfnet,mean_0_4,,per_exporter_lanes,,,10,effective_k_max,10.0,,,0.0,5,,,descriptive fixed-seed summary
budget_summary,chain_fixed_five_seed_mean,cotton,a,nbfnet,mean_0_4,,per_exporter_lanes,,,10,effective_k_mean,10.0,,,0.0,5,,,descriptive fixed-seed summary
budget_summary,chain_fixed_five_seed_mean,cotton,a,nbfnet,mean_0_4,,per_exporter_lanes,,,10,effective_k_min,10.0,,,0.0,5,,,descriptive fixed-seed summary
budget_summary,chain_fixed_five_seed_mean,cotton,a,nbfnet,mean_0_4,,per_exporter_lanes,,,10,group_count,150.0,,,0.0,5,,,descriptive fixed-seed summary
budget_summary,chain_fixed_five_seed_mean,cotton,a,nbfnet,mean_0_4,,per_exporter_lanes,,,10,macro_observed_value_capture,0.18039516167366554,,,0.011941629018058822,5,,,descriptive fixed-seed summary
budget_summary,chain_fixed_five_seed_mean,cotton,a,nbfnet,mean_0_4,,per_exporter_lanes,,,10,macro_precision,0.1873333333333333,,,0.009342852288722595,5,,,descriptive fixed-seed summary
budget_summary,chain_fixed_five_seed_mean,cotton,a,nbfnet,mean_0_4,,per_exporter_lanes,,,10,macro_recall,0.1544644132618192,,,0.011367194678104247,5,,,descriptive fixed-seed summary
budget_summary,chain_fixed_five_seed_mean,cotton,a,nbfnet,mean_0_4,,per_exporter_lanes,,,5,effective_k_max,5.0,,,0.0,5,,,descriptive fixed-seed summary
budget_summary,chain_fixed_five_seed_mean,cotton,a,nbfnet,mean_0_4,,per_exporter_lanes,,,5,effective_k_mean,5.0,,,0.0,5,,,descriptive fixed-seed summary
budget_summary,chain_fixed_five_seed_mean,cotton,a,nbfnet,mean_0_4,,per_exporter_lanes,,,5,effective_k_min,5.0,,,0.0,5,,,descriptive fixed-seed summary
budget_summary,chain_fixed_five_seed_mean,cotton,a,nbfnet,mean_0_4,,per_exporter_lanes,,,5,group_count,150.0,,,0.0,5,,,descriptive fixed-seed summary
budget_summary,chain_fixed_five_seed_mean,cotton,a,nbfnet,mean_0_4,,per_exporter_lanes,,,5,macro_observed_value_capture,0.11618175874134325,,,0.008526264395852232,5,,,descriptive fixed-seed summary
budget_summary,chain_fixed_five_seed_mean,cotton,a,nbfnet,mean_0_4,,per_exporter_lanes,,,5,macro_precision,0.20400000000000001,,,0.010154364141151874,5,,,descriptive fixed-seed summary
budget_summary,chain_fixed_five_seed_mean,cotton,a,nbfnet,mean_0_4,,per_exporter_lanes,,,5,macro_recall,0.09524718108578795,,,0.006547801434096481,5,,,descriptive fixed-seed summary
budget_summary,chain_fixed_five_seed_mean,cotton,b1,kge,mean_0_4,,global_entries,,,100,effective_k,100.0,,,0.0,5,,,descriptive fixed-seed summary
budget_summary,chain_fixed_five_seed_mean,cotton,b1,kge,mean_0_4,,global_entries,,,100,observed_value_capture,0.9380760934822903,,,0.013008508569224149,5,,,descriptive fixed-seed summary
budget_summary,chain_fixed_five_seed_mean,cotton,b1,kge,mean_0_4,,global_entries,,,100,precision,0.22400000000000003,,,0.016248076809271917,5,,,descriptive fixed-seed summary
budget_summary,chain_fixed_five_seed_mean,cotton,b1,kge,mean_0_4,,global_entries,,,100,recall,0.6222222222222222,,,0.04513354669242198,5,,,descriptive fixed-seed summary
budget_summary,chain_fixed_five_seed_mean,cotton,b1,kge,mean_0_4,,global_entries,,,25,effective_k,25.0,,,0.0,5,,,descriptive fixed-seed summary
budget_summary,chain_fixed_five_seed_mean,cotton,b1,kge,mean_0_4,,global_entries,,,25,observed_value_capture,0.05352382620918794,,,0.017458710674986395,5,,,descriptive fixed-seed summary
budget_summary,chain_fixed_five_seed_mean,cotton,b1,kge,mean_0_4,,global_entries,,,25,precision,0.336,,,0.06974238309665078,5,,,descriptive fixed-seed summary
budget_summary,chain_fixed_five_seed_mean,cotton,b1,kge,mean_0_4,,global_entries,,,25,recall,0.2333333333333333,,,0.048432210483785265,5,,,descriptive fixed-seed summary
budget_summary,chain_fixed_five_seed_mean,cotton,b1,kge,mean_0_4,,global_entries,,,250,effective_k,250.0,,,0.0,5,,,descriptive fixed-seed summary
budget_summary,chain_fixed_five_seed_mean,cotton,b1,kge,mean_0_4,,global_entries,,,250,observed_value_capture,0.9894605220187438,,,0.006012385990920442,5,,,descriptive fixed-seed summary
budget_summary,chain_fixed_five_seed_mean,cotton,b1,kge,mean_0_4,,global_entries,,,250,precision,0.136,,,0.004381780460041333,5,,,descriptive fixed-seed summary
budget_summary,chain_fixed_five_seed_mean,cotton,b1,kge,mean_0_4,,global_entries,,,250,recall,0.9444444444444444,,,0.030429030972509243,5,,,descriptive fixed-seed summary
budget_summary,chain_fixed_five_seed_mean,cotton,b1,kge,mean_0_4,,global_entries,,,50,effective_k,50.0,,,0.0,5,,,descriptive fixed-seed summary
budget_summary,chain_fixed_five_seed_mean,cotton,b1,kge,mean_0_4,,global_entries,,,50,observed_value_capture,0.4049257625644899,,,0.3957597329027665,5,,,descriptive fixed-seed summary
budget_summary,chain_fixed_five_seed_mean,cotton,b1,kge,mean_0_4,,global_entries,,,50,precision,0.272,,,0.00979795897113272,5,,,descriptive fixed-seed summary
budget_summary,chain_fixed_five_seed_mean,cotton,b1,kge,mean_0_4,,global_entries,,,50,recall,0.3777777777777778,,,0.013608276348795441,5,,,descriptive fixed-seed summary
budget_summary,chain_fixed_five_seed_mean,cotton,b1,nbfnet,mean_0_4,,global_entries,,,100,effective_k,100.0,,,0.0,5,,,descriptive fixed-seed summary
budget_summary,chain_fixed_five_seed_mean,cotton,b1,nbfnet,mean_0_4,,global_entries,,,100,observed_value_capture,0.6039664114835748,,,0.3937366951521318,5,,,descriptive fixed-seed summary
budget_summary,chain_fixed_five_seed_mean,cotton,b1,nbfnet,mean_0_4,,global_entries,,,100,precision,0.22000000000000003,,,0.020976176963403034,5,,,descriptive fixed-seed summary
budget_summary,chain_fixed_five_seed_mean,cotton,b1,nbfnet,mean_0_4,,global_entries,,,100,recall,0.611111111111111,,,0.05826715823167507,5,,,descriptive fixed-seed summary
budget_summary,chain_fixed_five_seed_mean,cotton,b1,nbfnet,mean_0_4,,global_entries,,,25,effective_k,25.0,,,0.0,5,,,descriptive fixed-seed summary
budget_summary,chain_fixed_five_seed_mean,cotton,b1,nbfnet,mean_0_4,,global_entries,,,25,observed_value_capture,0.04315188239003984,,,0.01909408372678358,5,,,descriptive fixed-seed summary
budget_summary,chain_fixed_five_seed_mean,cotton,b1,nbfnet,mean_0_4,,global_entries,,,25,precision,0.312,,,0.064,5,,,descriptive fixed-seed summary
budget_summary,chain_fixed_five_seed_mean,cotton,b1,nbfnet,mean_0_4,,global_entries,,,25,recall,0.21666666666666665,,,0.04444444444444445,5,,,descriptive fixed-seed summary
budget_summary,chain_fixed_five_seed_mean,cotton,b1,nbfnet,mean_0_4,,global_entries,,,250,effective_k,250.0,,,0.0,5,,,descriptive fixed-seed summary
budget_summary,chain_fixed_five_seed_mean,cotton,b1,nbfnet,mean_0_4,,global_entries,,,250,observed_value_capture,0.9862770138602668,,,0.008887730592789201,5,,,descriptive fixed-seed summary
budget_summary,chain_fixed_five_seed_mean,cotton,b1,nbfnet,mean_0_4,,global_entries,,,250,precision,0.1336,,,0.0032000000000000028,5,,,descriptive fixed-seed summary
budget_summary,chain_fixed_five_seed_mean,cotton,b1,nbfnet,mean_0_4,,global_entries,,,250,recall,0.9277777777777778,,,0.022222222222222233,5,,,descriptive fixed-seed summary
budget_summary,chain_fixed_five_seed_mean,cotton,b1,nbfnet,mean_0_4,,global_entries,,,50,effective_k,50.0,,,0.0,5,,,descriptive fixed-seed summary
budget_summary,chain_fixed_five_seed_mean,cotton,b1,nbfnet,mean_0_4,,global_entries,,,50,observed_value_capture,0.07041299940932871,,,0.015967484534654842,5,,,descriptive fixed-seed summary
budget_summary,chain_fixed_five_seed_mean,cotton,b1,nbfnet,mean_0_4,,global_entries,,,50,precision,0.248,,,0.027129319932501072,5,,,descriptive fixed-seed summary
budget_summary,chain_fixed_five_seed_mean,cotton,b1,nbfnet,mean_0_4,,global_entries,,,50,recall,0.34444444444444444,,,0.037679611017362606,5,,,descriptive fixed-seed summary
budget_summary,chain_fixed_five_seed_mean,cotton,b2,kge,mean_0_4,,per_positive_entry_destinations,,,1,effective_k_max,1.0,,,0.0,5,,,descriptive fixed-seed summary
budget_summary,chain_fixed_five_seed_mean,cotton,b2,kge,mean_0_4,,per_positive_entry_destinations,,,1,effective_k_mean,1.0,,,0.0,5,,,descriptive fixed-seed summary
budget_summary,chain_fixed_five_seed_mean,cotton,b2,kge,mean_0_4,,per_positive_entry_destinations,,,1,effective_k_min,1.0,,,0.0,5,,,descriptive fixed-seed summary
budget_summary,chain_fixed_five_seed_mean,cotton,b2,kge,mean_0_4,,per_positive_entry_destinations,,,1,macro_observed_value_capture,0.1706716693145387,,,0.04769824470098848,5,,,descriptive fixed-seed summary
budget_summary,chain_fixed_five_seed_mean,cotton,b2,kge,mean_0_4,,per_positive_entry_destinations,,,1,macro_recall,0.17222222222222222,,,0.04779069592801459,5,,,descriptive fixed-seed summary
budget_summary,chain_fixed_five_seed_mean,cotton,b2,kge,mean_0_4,,per_positive_entry_destinations,,,1,positive_entry_groups,36.0,,,0.0,5,,,descriptive fixed-seed summary
budget_summary,chain_fixed_five_seed_mean,cotton,b2,kge,mean_0_4,,per_positive_entry_destinations,,,3,effective_k_max,3.0,,,0.0,5,,,descriptive fixed-seed summary
budget_summary,chain_fixed_five_seed_mean,cotton,b2,kge,mean_0_4,,per_positive_entry_destinations,,,3,effective_k_mean,3.0,,,0.0,5,,,descriptive fixed-seed summary
budget_summary,chain_fixed_five_seed_mean,cotton,b2,kge,mean_0_4,,per_positive_entry_destinations,,,3,effective_k_min,3.0,,,0.0,5,,,descriptive fixed-seed summary
budget_summary,chain_fixed_five_seed_mean,cotton,b2,kge,mean_0_4,,per_positive_entry_destinations,,,3,macro_observed_value_capture,0.36164079128308024,,,0.06495246467868757,5,,,descriptive fixed-seed summary
budget_summary,chain_fixed_five_seed_mean,cotton,b2,kge,mean_0_4,,per_positive_entry_destinations,,,3,macro_recall,0.3638888888888888,,,0.06478835438717,5,,,descriptive fixed-seed summary
budget_summary,chain_fixed_five_seed_mean,cotton,b2,kge,mean_0_4,,per_positive_entry_destinations,,,3,positive_entry_groups,36.0,,,0.0,5,,,descriptive fixed-seed summary
budget_summary,chain_fixed_five_seed_mean,cotton,b2,kge,mean_0_4,,per_positive_entry_destinations,,,5,effective_k_max,5.0,,,0.0,5,,,descriptive fixed-seed summary
budget_summary,chain_fixed_five_seed_mean,cotton,b2,kge,mean_0_4,,per_positive_entry_destinations,,,5,effective_k_mean,5.0,,,0.0,5,,,descriptive fixed-seed summary
budget_summary,chain_fixed_five_seed_mean,cotton,b2,kge,mean_0_4,,per_positive_entry_destinations,,,5,effective_k_min,5.0,,,0.0,5,,,descriptive fixed-seed summary
budget_summary,chain_fixed_five_seed_mean,cotton,b2,kge,mean_0_4,,per_positive_entry_destinations,,,5,macro_observed_value_capture,0.45968839402856954,,,0.029273730992178136,5,,,descriptive fixed-seed summary
budget_summary,chain_fixed_five_seed_mean,cotton,b2,kge,mean_0_4,,per_positive_entry_destinations,,,5,macro_recall,0.46296296296296297,,,0.02883779907851377,5,,,descriptive fixed-seed summary
budget_summary,chain_fixed_five_seed_mean,cotton,b2,kge,mean_0_4,,per_positive_entry_destinations,,,5,positive_entry_groups,36.0,,,0.0,5,,,descriptive fixed-seed summary
budget_summary,chain_fixed_five_seed_mean,cotton,b2,nbfnet,mean_0_4,,per_positive_entry_destinations,,,1,effective_k_max,1.0,,,0.0,5,,,descriptive fixed-seed summary
budget_summary,chain_fixed_five_seed_mean,cotton,b2,nbfnet,mean_0_4,,per_positive_entry_destinations,,,1,effective_k_mean,1.0,,,0.0,5,,,descriptive fixed-seed summary
budget_summary,chain_fixed_five_seed_mean,cotton,b2,nbfnet,mean_0_4,,per_positive_entry_destinations,,,1,effective_k_min,1.0,,,0.0,5,,,descriptive fixed-seed summary
budget_summary,chain_fixed_five_seed_mean,cotton,b2,nbfnet,mean_0_4,,per_positive_entry_destinations,,,1,macro_observed_value_capture,0.3167254377962003,,,0.055132258733872355,5,,,descriptive fixed-seed summary
budget_summary,chain_fixed_five_seed_mean,cotton,b2,nbfnet,mean_0_4,,per_positive_entry_destinations,,,1,macro_recall,0.3101851851851851,,,0.051802224928516154,5,,,descriptive fixed-seed summary
budget_summary,chain_fixed_five_seed_mean,cotton,b2,nbfnet,mean_0_4,,per_positive_entry_destinations,,,1,positive_entry_groups,36.0,,,0.0,5,,,descriptive fixed-seed summary
budget_summary,chain_fixed_five_seed_mean,cotton,b2,nbfnet,mean_0_4,,per_positive_entry_destinations,,,3,effective_k_max,3.0,,,0.0,5,,,descriptive fixed-seed summary
budget_summary,chain_fixed_five_seed_mean,cotton,b2,nbfnet,mean_0_4,,per_positive_entry_destinations,,,3,effective_k_mean,3.0,,,0.0,5,,,descriptive fixed-seed summary
budget_summary,chain_fixed_five_seed_mean,cotton,b2,nbfnet,mean_0_4,,per_positive_entry_destinations,,,3,effective_k_min,3.0,,,0.0,5,,,descriptive fixed-seed summary
budget_summary,chain_fixed_five_seed_mean,cotton,b2,nbfnet,mean_0_4,,per_positive_entry_destinations,,,3,macro_observed_value_capture,0.5891003615623834,,,0.03486518926857321,5,,,descriptive fixed-seed summary
budget_summary,chain_fixed_five_seed_mean,cotton,b2,nbfnet,mean_0_4,,per_positive_entry_destinations,,,3,macro_recall,0.5731481481481481,,,0.03661799987645407,5,,,descriptive fixed-seed summary
budget_summary,chain_fixed_five_seed_mean,cotton,b2,nbfnet,mean_0_4,,per_positive_entry_destinations,,,3,positive_entry_groups,36.0,,,0.0,5,,,descriptive fixed-seed summary
budget_summary,chain_fixed_five_seed_mean,cotton,b2,nbfnet,mean_0_4,,per_positive_entry_destinations,,,5,effective_k_max,5.0,,,0.0,5,,,descriptive fixed-seed summary
budget_summary,chain_fixed_five_seed_mean,cotton,b2,nbfnet,mean_0_4,,per_positive_entry_destinations,,,5,effective_k_mean,5.0,,,0.0,5,,,descriptive fixed-seed summary
budget_summary,chain_fixed_five_seed_mean,cotton,b2,nbfnet,mean_0_4,,per_positive_entry_destinations,,,5,effective_k_min,5.0,,,0.0,5,,,descriptive fixed-seed summary
budget_summary,chain_fixed_five_seed_mean,cotton,b2,nbfnet,mean_0_4,,per_positive_entry_destinations,,,5,macro_observed_value_capture,0.6569118313730077,,,0.02378633109120108,5,,,descriptive fixed-seed summary
budget_summary,chain_fixed_five_seed_mean,cotton,b2,nbfnet,mean_0_4,,per_positive_entry_destinations,,,5,macro_recall,0.6472222222222221,,,0.028297605166548397,5,,,descriptive fixed-seed summary
budget_summary,chain_fixed_five_seed_mean,cotton,b2,nbfnet,mean_0_4,,per_positive_entry_destinations,,,5,positive_entry_groups,36.0,,,0.0,5,,,descriptive fixed-seed summary
budget_summary,chain_fixed_five_seed_mean,nickel,a,kge,mean_0_4,,global_lanes,,,100,effective_k,100.0,,,0.0,5,,,descriptive fixed-seed summary
budget_summary,chain_fixed_five_seed_mean,nickel,a,kge,mean_0_4,,global_lanes,,,100,observed_value_capture,0.009530944116916348,,,0.004050904225832638,5,,,descriptive fixed-seed summary
budget_summary,chain_fixed_five_seed_mean,nickel,a,kge,mean_0_4,,global_lanes,,,100,precision,0.352,,,0.027129319932501072,5,,,descriptive fixed-seed summary
budget_summary,chain_fixed_five_seed_mean,nickel,a,kge,mean_0_4,,global_lanes,,,100,recall,0.022506393861892585,,,0.0017346112488811423,5,,,descriptive fixed-seed summary
budget_summary,chain_fixed_five_seed_mean,nickel,a,kge,mean_0_4,,global_lanes,,,1000,effective_k,1000.0,,,0.0,5,,,descriptive fixed-seed summary
budget_summary,chain_fixed_five_seed_mean,nickel,a,kge,mean_0_4,,global_lanes,,,1000,observed_value_capture,0.1980565644191037,,,0.06247316034800867,5,,,descriptive fixed-seed summary
budget_summary,chain_fixed_five_seed_mean,nickel,a,kge,mean_0_4,,global_lanes,,,1000,precision,0.3004,,,0.0063435006108614874,5,,,descriptive fixed-seed summary
budget_summary,chain_fixed_five_seed_mean,nickel,a,kge,mean_0_4,,global_lanes,,,1000,recall,0.19207161125319694,,,0.004055946682136502,5,,,descriptive fixed-seed summary
budget_summary,chain_fixed_five_seed_mean,nickel,a,kge,mean_0_4,,global_lanes,,,250,effective_k,250.0,,,0.0,5,,,descriptive fixed-seed summary
budget_summary,chain_fixed_five_seed_mean,nickel,a,kge,mean_0_4,,global_lanes,,,250,observed_value_capture,0.02308562457358676,,,0.005941116438699913,5,,,descriptive fixed-seed summary
budget_summary,chain_fixed_five_seed_mean,nickel,a,kge,mean_0_4,,global_lanes,,,250,precision,0.33999999999999997,,,0.013623509092741109,5,,,descriptive fixed-seed summary
budget_summary,chain_fixed_five_seed_mean,nickel,a,kge,mean_0_4,,global_lanes,,,250,recall,0.05434782608695652,,,0.0021776708907834275,5,,,descriptive fixed-seed summary
budget_summary,chain_fixed_five_seed_mean,nickel,a,kge,mean_0_4,,global_lanes,,,50,effective_k,50.0,,,0.0,5,,,descriptive fixed-seed summary
budget_summary,chain_fixed_five_seed_mean,nickel,a,kge,mean_0_4,,global_lanes,,,50,observed_value_capture,0.003834703780284503,,,0.0006480374926636116,5,,,descriptive fixed-seed summary
budget_summary,chain_fixed_five_seed_mean,nickel,a,kge,mean_0_4,,global_lanes,,,50,precision,0.41200000000000003,,,0.05741080037762929,5,,,descriptive fixed-seed summary
budget_summary,chain_fixed_five_seed_mean,nickel,a,kge,mean_0_4,,global_lanes,,,50,recall,0.013171355498721227,,,0.0018353836437861027,5,,,descriptive fixed-seed summary
budget_summary,chain_fixed_five_seed_mean,nickel,a,kge,mean_0_4,,global_lanes,,,500,effective_k,500.0,,,0.0,5,,,descriptive fixed-seed summary
budget_summary,chain_fixed_five_seed_mean,nickel,a,kge,mean_0_4,,global_lanes,,,500,observed_value_capture,0.07582438617225461,,,0.05328915513398931,5,,,descriptive fixed-seed summary
budget_summary,chain_fixed_five_seed_mean,nickel,a,kge,mean_0_4,,global_lanes,,,500,precision,0.3176,,,0.007631513611335572,5,,,descriptive fixed-seed summary
budget_summary,chain_fixed_five_seed_mean,nickel,a,kge,mean_0_4,,global_lanes,,,500,recall,0.10153452685421996,,,0.0024397422031123923,5,,,descriptive fixed-seed summary
budget_summary,chain_fixed_five_seed_mean,nickel,a,kge,mean_0_4,,per_exporter_lanes,,,10,effective_k_max,10.0,,,0.0,5,,,descriptive fixed-seed summary
budget_summary,chain_fixed_five_seed_mean,nickel,a,kge,mean_0_4,,per_exporter_lanes,,,10,effective_k_mean,10.0,,,0.0,5,,,descriptive fixed-seed summary
budget_summary,chain_fixed_five_seed_mean,nickel,a,kge,mean_0_4,,per_exporter_lanes,,,10,effective_k_min,10.0,,,0.0,5,,,descriptive fixed-seed summary
budget_summary,chain_fixed_five_seed_mean,nickel,a,kge,mean_0_4,,per_exporter_lanes,,,10,group_count,73.0,,,0.0,5,,,descriptive fixed-seed summary
budget_summary,chain_fixed_five_seed_mean,nickel,a,kge,mean_0_4,,per_exporter_lanes,,,10,macro_observed_value_capture,0.19869720533058852,,,0.013088378770583936,5,,,descriptive fixed-seed summary
budget_summary,chain_fixed_five_seed_mean,nickel,a,kge,mean_0_4,,per_exporter_lanes,,,10,macro_precision,0.22219178082191782,,,0.008099586574846305,5,,,descriptive fixed-seed summary
budget_summary,chain_fixed_five_seed_mean,nickel,a,kge,mean_0_4,,per_exporter_lanes,,,10,macro_recall,0.18203054718375186,,,0.00933258294492401,5,,,descriptive fixed-seed summary
budget_summary,chain_fixed_five_seed_mean,nickel,a,kge,mean_0_4,,per_exporter_lanes,,,5,effective_k_max,5.0,,,0.0,5,,,descriptive fixed-seed summary
budget_summary,chain_fixed_five_seed_mean,nickel,a,kge,mean_0_4,,per_exporter_lanes,,,5,effective_k_mean,5.0,,,0.0,5,,,descriptive fixed-seed summary
budget_summary,chain_fixed_five_seed_mean,nickel,a,kge,mean_0_4,,per_exporter_lanes,,,5,effective_k_min,5.0,,,0.0,5,,,descriptive fixed-seed summary
budget_summary,chain_fixed_five_seed_mean,nickel,a,kge,mean_0_4,,per_exporter_lanes,,,5,group_count,73.0,,,0.0,5,,,descriptive fixed-seed summary
budget_summary,chain_fixed_five_seed_mean,nickel,a,kge,mean_0_4,,per_exporter_lanes,,,5,macro_observed_value_capture,0.12945750562183742,,,0.013897195273628031,5,,,descriptive fixed-seed summary
budget_summary,chain_fixed_five_seed_mean,nickel,a,kge,mean_0_4,,per_exporter_lanes,,,5,macro_precision,0.25150684931506845,,,0.01312783402817635,5,,,descriptive fixed-seed summary
budget_summary,chain_fixed_five_seed_mean,nickel,a,kge,mean_0_4,,per_exporter_lanes,,,5,macro_recall,0.1186842147292257,,,0.006711638374560696,5,,,descriptive fixed-seed summary
budget_summary,chain_fixed_five_seed_mean,nickel,a,nbfnet,mean_0_4,,global_lanes,,,100,effective_k,100.0,,,0.0,5,,,descriptive fixed-seed summary
budget_summary,chain_fixed_five_seed_mean,nickel,a,nbfnet,mean_0_4,,global_lanes,,,100,observed_value_capture,0.03718563245085608,,,0.03512817168002811,5,,,descriptive fixed-seed summary
budget_summary,chain_fixed_five_seed_mean,nickel,a,nbfnet,mean_0_4,,global_lanes,,,100,precision,0.288,,,0.03969886648255841,5,,,descriptive fixed-seed summary
budget_summary,chain_fixed_five_seed_mean,nickel,a,nbfnet,mean_0_4,,global_lanes,,,100,recall,0.018414322250639388,,,0.0025382906958157556,5,,,descriptive fixed-seed summary
budget_summary,chain_fixed_five_seed_mean,nickel,a,nbfnet,mean_0_4,,global_lanes,,,1000,effective_k,1000.0,,,0.0,5,,,descriptive fixed-seed summary
budget_summary,chain_fixed_five_seed_mean,nickel,a,nbfnet,mean_0_4,,global_lanes,,,1000,observed_value_capture,0.2123596589805327,,,0.0810149299804659,5,,,descriptive fixed-seed summary
budget_summary,chain_fixed_five_seed_mean,nickel,a,nbfnet,mean_0_4,,global_lanes,,,1000,precision,0.21400000000000002,,,0.02600769117011351,5,,,descriptive fixed-seed summary
budget_summary,chain_fixed_five_seed_mean,nickel,a,nbfnet,mean_0_4,,global_lanes,,,1000,recall,0.1368286445012788,,,0.016628958548665924,5,,,descriptive fixed-seed summary
budget_summary,chain_fixed_five_seed_mean,nickel,a,nbfnet,mean_0_4,,global_lanes,,,250,effective_k,250.0,,,0.0,5,,,descriptive fixed-seed summary
budget_summary,chain_fixed_five_seed_mean,nickel,a,nbfnet,mean_0_4,,global_lanes,,,250,observed_value_capture,0.07727002466832736,,,0.036169099732410004,5,,,descriptive fixed-seed summary
budget_summary,chain_fixed_five_seed_mean,nickel,a,nbfnet,mean_0_4,,global_lanes,,,250,precision,0.2656,,,0.0338088745745847,5,,,descriptive fixed-seed summary
budget_summary,chain_fixed_five_seed_mean,nickel,a,nbfnet,mean_0_4,,global_lanes,,,250,recall,0.04245524296675192,,,0.005404231869338986,5,,,descriptive fixed-seed summary
budget_summary,chain_fixed_five_seed_mean,nickel,a,nbfnet,mean_0_4,,global_lanes,,,50,effective_k,50.0,,,0.0,5,,,descriptive fixed-seed summary
budget_summary,chain_fixed_five_seed_mean,nickel,a,nbfnet,mean_0_4,,global_lanes,,,50,observed_value_capture,0.013910451579969108,,,0.019130676143549748,5,,,descriptive fixed-seed summary
budget_summary,chain_fixed_five_seed_mean,nickel,a,nbfnet,mean_0_4,,global_lanes,,,50,precision,0.276,,,0.029393876913398138,5,,,descriptive fixed-seed summary
budget_summary,chain_fixed_five_seed_mean,nickel,a,nbfnet,mean_0_4,,global_lanes,,,50,recall,0.008823529411764707,,,0.0009397019473592756,5,,,descriptive fixed-seed summary
budget_summary,chain_fixed_five_seed_mean,nickel,a,nbfnet,mean_0_4,,global_lanes,,,500,effective_k,500.0,,,0.0,5,,,descriptive fixed-seed summary
budget_summary,chain_fixed_five_seed_mean,nickel,a,nbfnet,mean_0_4,,global_lanes,,,500,observed_value_capture,0.13766032964632458,,,0.050774744356863695,5,,,descriptive fixed-seed summary
budget_summary,chain_fixed_five_seed_mean,nickel,a,nbfnet,mean_0_4,,global_lanes,,,500,precision,0.2408,,,0.026671332925071428,5,,,descriptive fixed-seed summary
budget_summary,chain_fixed_five_seed_mean,nickel,a,nbfnet,mean_0_4,,global_lanes,,,500,recall,0.07698209718670077,,,0.008526640960700587,5,,,descriptive fixed-seed summary
budget_summary,chain_fixed_five_seed_mean,nickel,a,nbfnet,mean_0_4,,per_exporter_lanes,,,10,effective_k_max,10.0,,,0.0,5,,,descriptive fixed-seed summary
budget_summary,chain_fixed_five_seed_mean,nickel,a,nbfnet,mean_0_4,,per_exporter_lanes,,,10,effective_k_mean,10.0,,,0.0,5,,,descriptive fixed-seed summary
budget_summary,chain_fixed_five_seed_mean,nickel,a,nbfnet,mean_0_4,,per_exporter_lanes,,,10,effective_k_min,10.0,,,0.0,5,,,descriptive fixed-seed summary
budget_summary,chain_fixed_five_seed_mean,nickel,a,nbfnet,mean_0_4,,per_exporter_lanes,,,10,group_count,73.0,,,0.0,5,,,descriptive fixed-seed summary
budget_summary,chain_fixed_five_seed_mean,nickel,a,nbfnet,mean_0_4,,per_exporter_lanes,,,10,macro_observed_value_capture,0.19288440508847382,,,0.02542680429483571,5,,,descriptive fixed-seed summary
budget_summary,chain_fixed_five_seed_mean,nickel,a,nbfnet,mean_0_4,,per_exporter_lanes,,,10,macro_precision,0.1841095890410959,,,0.014512791932218107,5,,,descriptive fixed-seed summary
budget_summary,chain_fixed_five_seed_mean,nickel,a,nbfnet,mean_0_4,,per_exporter_lanes,,,10,macro_recall,0.17863084258591297,,,0.02334277362238279,5,,,descriptive fixed-seed summary
budget_summary,chain_fixed_five_seed_mean,nickel,a,nbfnet,mean_0_4,,per_exporter_lanes,,,5,effective_k_max,5.0,,,0.0,5,,,descriptive fixed-seed summary
budget_summary,chain_fixed_five_seed_mean,nickel,a,nbfnet,mean_0_4,,per_exporter_lanes,,,5,effective_k_mean,5.0,,,0.0,5,,,descriptive fixed-seed summary
budget_summary,chain_fixed_five_seed_mean,nickel,a,nbfnet,mean_0_4,,per_exporter_lanes,,,5,effective_k_min,5.0,,,0.0,5,,,descriptive fixed-seed summary
budget_summary,chain_fixed_five_seed_mean,nickel,a,nbfnet,mean_0_4,,per_exporter_lanes,,,5,group_count,73.0,,,0.0,5,,,descriptive fixed-seed summary
budget_summary,chain_fixed_five_seed_mean,nickel,a,nbfnet,mean_0_4,,per_exporter_lanes,,,5,macro_observed_value_capture,0.13533347557839343,,,0.01571266506653541,5,,,descriptive fixed-seed summary
budget_summary,chain_fixed_five_seed_mean,nickel,a,nbfnet,mean_0_4,,per_exporter_lanes,,,5,macro_precision,0.20986301369863009,,,0.012803639940326498,5,,,descriptive fixed-seed summary
budget_summary,chain_fixed_five_seed_mean,nickel,a,nbfnet,mean_0_4,,per_exporter_lanes,,,5,macro_recall,0.12532667183812185,,,0.01597252136369299,5,,,descriptive fixed-seed summary
budget_summary,chain_fixed_five_seed_mean,nickel,b1,kge,mean_0_4,,global_entries,,,100,effective_k,100.0,,,0.0,5,,,descriptive fixed-seed summary
budget_summary,chain_fixed_five_seed_mean,nickel,b1,kge,mean_0_4,,global_entries,,,100,observed_value_capture,0.2730124150666631,,,0.06672867738066511,5,,,descriptive fixed-seed summary
budget_summary,chain_fixed_five_seed_mean,nickel,b1,kge,mean_0_4,,global_entries,,,100,precision,0.366,,,0.03199999999999999,5,,,descriptive fixed-seed summary
budget_summary,chain_fixed_five_seed_mean,nickel,b1,kge,mean_0_4,,global_entries,,,100,recall,0.5545454545454545,,,0.04848484848484849,5,,,descriptive fixed-seed summary
budget_summary,chain_fixed_five_seed_mean,nickel,b1,kge,mean_0_4,,global_entries,,,25,effective_k,25.0,,,0.0,5,,,descriptive fixed-seed summary
budget_summary,chain_fixed_five_seed_mean,nickel,b1,kge,mean_0_4,,global_entries,,,25,observed_value_capture,0.07839178003609334,,,0.014946951008874783,5,,,descriptive fixed-seed summary
budget_summary,chain_fixed_five_seed_mean,nickel,b1,kge,mean_0_4,,global_entries,,,25,precision,0.496,,,0.0407921561087423,5,,,descriptive fixed-seed summary
budget_summary,chain_fixed_five_seed_mean,nickel,b1,kge,mean_0_4,,global_entries,,,25,recall,0.18787878787878787,,,0.015451574283614503,5,,,descriptive fixed-seed summary
budget_summary,chain_fixed_five_seed_mean,nickel,b1,kge,mean_0_4,,global_entries,,,250,effective_k,250.0,,,0.0,5,,,descriptive fixed-seed summary
budget_summary,chain_fixed_five_seed_mean,nickel,b1,kge,mean_0_4,,global_entries,,,250,observed_value_capture,0.873103455955379,,,0.24871864146846281,5,,,descriptive fixed-seed summary
budget_summary,chain_fixed_five_seed_mean,nickel,b1,kge,mean_0_4,,global_entries,,,250,precision,0.2544,,,0.004079215610874232,5,,,descriptive fixed-seed summary
budget_summary,chain_fixed_five_seed_mean,nickel,b1,kge,mean_0_4,,global_entries,,,250,recall,0.9636363636363636,,,0.015451574283614483,5,,,descriptive fixed-seed summary
budget_summary,chain_fixed_five_seed_mean,nickel,b1,kge,mean_0_4,,global_entries,,,50,effective_k,50.0,,,0.0,5,,,descriptive fixed-seed summary
budget_summary,chain_fixed_five_seed_mean,nickel,b1,kge,mean_0_4,,global_entries,,,50,observed_value_capture,0.15586384884616328,,,0.08122692583381101,5,,,descriptive fixed-seed summary
budget_summary,chain_fixed_five_seed_mean,nickel,b1,kge,mean_0_4,,global_entries,,,50,precision,0.42000000000000004,,,0.04732863826479693,5,,,descriptive fixed-seed summary
budget_summary,chain_fixed_five_seed_mean,nickel,b1,kge,mean_0_4,,global_entries,,,50,recall,0.31818181818181823,,,0.03585502898848253,5,,,descriptive fixed-seed summary
budget_summary,chain_fixed_five_seed_mean,nickel,b1,nbfnet,mean_0_4,,global_entries,,,100,effective_k,100.0,,,0.0,5,,,descriptive fixed-seed summary
budget_summary,chain_fixed_five_seed_mean,nickel,b1,nbfnet,mean_0_4,,global_entries,,,100,observed_value_capture,0.5857859600788664,,,0.2611854614851795,5,,,descriptive fixed-seed summary
budget_summary,chain_fixed_five_seed_mean,nickel,b1,nbfnet,mean_0_4,,global_entries,,,100,precision,0.246,,,0.036660605559646724,5,,,descriptive fixed-seed summary
budget_summary,chain_fixed_five_seed_mean,nickel,b1,nbfnet,mean_0_4,,global_entries,,,100,recall,0.3727272727272727,,,0.05554637206007079,5,,,descriptive fixed-seed summary
budget_summary,chain_fixed_five_seed_mean,nickel,b1,nbfnet,mean_0_4,,global_entries,,,25,effective_k,25.0,,,0.0,5,,,descriptive fixed-seed summary
budget_summary,chain_fixed_five_seed_mean,nickel,b1,nbfnet,mean_0_4,,global_entries,,,25,observed_value_capture,0.06348259509793157,,,0.03361263682202025,5,,,descriptive fixed-seed summary
budget_summary,chain_fixed_five_seed_mean,nickel,b1,nbfnet,mean_0_4,,global_entries,,,25,precision,0.30400000000000005,,,0.13047605144240074,5,,,descriptive fixed-seed summary
budget_summary,chain_fixed_five_seed_mean,nickel,b1,nbfnet,mean_0_4,,global_entries,,,25,recall,0.11515151515151516,,,0.04942274675848512,5,,,descriptive fixed-seed summary
budget_summary,chain_fixed_five_seed_mean,nickel,b1,nbfnet,mean_0_4,,global_entries,,,250,effective_k,250.0,,,0.0,5,,,descriptive fixed-seed summary
budget_summary,chain_fixed_five_seed_mean,nickel,b1,nbfnet,mean_0_4,,global_entries,,,250,observed_value_capture,0.9680258979480618,,,0.010353595218115701,5,,,descriptive fixed-seed summary
budget_summary,chain_fixed_five_seed_mean,nickel,b1,nbfnet,mean_0_4,,global_entries,,,250,precision,0.21280000000000002,,,0.011702991070662238,5,,,descriptive fixed-seed summary
budget_summary,chain_fixed_five_seed_mean,nickel,b1,nbfnet,mean_0_4,,global_entries,,,250,recall,0.806060606060606,,,0.044329511631296344,5,,,descriptive fixed-seed summary
budget_summary,chain_fixed_five_seed_mean,nickel,b1,nbfnet,mean_0_4,,global_entries,,,50,effective_k,50.0,,,0.0,5,,,descriptive fixed-seed summary
budget_summary,chain_fixed_five_seed_mean,nickel,b1,nbfnet,mean_0_4,,global_entries,,,50,observed_value_capture,0.1522921079590847,,,0.0786892975277764,5,,,descriptive fixed-seed summary
budget_summary,chain_fixed_five_seed_mean,nickel,b1,nbfnet,mean_0_4,,global_entries,,,50,precision,0.256,,,0.06621178142898738,5,,,descriptive fixed-seed summary
budget_summary,chain_fixed_five_seed_mean,nickel,b1,nbfnet,mean_0_4,,global_entries,,,50,recall,0.19393939393939394,,,0.05016044047650559,5,,,descriptive fixed-seed summary
budget_summary,chain_fixed_five_seed_mean,nickel,b2,kge,mean_0_4,,per_positive_entry_destinations,,,1,effective_k_max,1.0,,,0.0,5,,,descriptive fixed-seed summary
budget_summary,chain_fixed_five_seed_mean,nickel,b2,kge,mean_0_4,,per_positive_entry_destinations,,,1,effective_k_mean,1.0,,,0.0,5,,,descriptive fixed-seed summary
budget_summary,chain_fixed_five_seed_mean,nickel,b2,kge,mean_0_4,,per_positive_entry_destinations,,,1,effective_k_min,1.0,,,0.0,5,,,descriptive fixed-seed summary
budget_summary,chain_fixed_five_seed_mean,nickel,b2,kge,mean_0_4,,per_positive_entry_destinations,,,1,macro_observed_value_capture,0.08666491142412788,,,0.023876648094391356,5,,,descriptive fixed-seed summary
budget_summary,chain_fixed_five_seed_mean,nickel,b2,kge,mean_0_4,,per_positive_entry_destinations,,,1,macro_recall,0.08419191919191918,,,0.021842689892142716,5,,,descriptive fixed-seed summary
budget_summary,chain_fixed_five_seed_mean,nickel,b2,kge,mean_0_4,,per_positive_entry_destinations,,,1,positive_entry_groups,66.0,,,0.0,5,,,descriptive fixed-seed summary
budget_summary,chain_fixed_five_seed_mean,nickel,b2,kge,mean_0_4,,per_positive_entry_destinations,,,3,effective_k_max,3.0,,,0.0,5,,,descriptive fixed-seed summary
budget_summary,chain_fixed_five_seed_mean,nickel,b2,kge,mean_0_4,,per_positive_entry_destinations,,,3,effective_k_mean,3.0,,,0.0,5,,,descriptive fixed-seed summary
budget_summary,chain_fixed_five_seed_mean,nickel,b2,kge,mean_0_4,,per_positive_entry_destinations,,,3,effective_k_min,3.0,,,0.0,5,,,descriptive fixed-seed summary
budget_summary,chain_fixed_five_seed_mean,nickel,b2,kge,mean_0_4,,per_positive_entry_destinations,,,3,macro_observed_value_capture,0.2247035663604769,,,0.04568635861854859,5,,,descriptive fixed-seed summary
budget_summary,chain_fixed_five_seed_mean,nickel,b2,kge,mean_0_4,,per_positive_entry_destinations,,,3,macro_recall,0.20205710955710954,,,0.04390969049877772,5,,,descriptive fixed-seed summary
budget_summary,chain_fixed_five_seed_mean,nickel,b2,kge,mean_0_4,,per_positive_entry_destinations,,,3,positive_entry_groups,66.0,,,0.0,5,,,descriptive fixed-seed summary
budget_summary,chain_fixed_five_seed_mean,nickel,b2,kge,mean_0_4,,per_positive_entry_destinations,,,5,effective_k_max,5.0,,,0.0,5,,,descriptive fixed-seed summary
budget_summary,chain_fixed_five_seed_mean,nickel,b2,kge,mean_0_4,,per_positive_entry_destinations,,,5,effective_k_mean,5.0,,,0.0,5,,,descriptive fixed-seed summary
budget_summary,chain_fixed_five_seed_mean,nickel,b2,kge,mean_0_4,,per_positive_entry_destinations,,,5,effective_k_min,5.0,,,0.0,5,,,descriptive fixed-seed summary
budget_summary,chain_fixed_five_seed_mean,nickel,b2,kge,mean_0_4,,per_positive_entry_destinations,,,5,macro_observed_value_capture,0.33422303321621233,,,0.029109607152510795,5,,,descriptive fixed-seed summary
budget_summary,chain_fixed_five_seed_mean,nickel,b2,kge,mean_0_4,,per_positive_entry_destinations,,,5,macro_recall,0.3071250971250971,,,0.02481496288596457,5,,,descriptive fixed-seed summary
budget_summary,chain_fixed_five_seed_mean,nickel,b2,kge,mean_0_4,,per_positive_entry_destinations,,,5,positive_entry_groups,66.0,,,0.0,5,,,descriptive fixed-seed summary
budget_summary,chain_fixed_five_seed_mean,nickel,b2,nbfnet,mean_0_4,,per_positive_entry_destinations,,,1,effective_k_max,1.0,,,0.0,5,,,descriptive fixed-seed summary
budget_summary,chain_fixed_five_seed_mean,nickel,b2,nbfnet,mean_0_4,,per_positive_entry_destinations,,,1,effective_k_mean,1.0,,,0.0,5,,,descriptive fixed-seed summary
budget_summary,chain_fixed_five_seed_mean,nickel,b2,nbfnet,mean_0_4,,per_positive_entry_destinations,,,1,effective_k_min,1.0,,,0.0,5,,,descriptive fixed-seed summary
budget_summary,chain_fixed_five_seed_mean,nickel,b2,nbfnet,mean_0_4,,per_positive_entry_destinations,,,1,macro_observed_value_capture,0.18150028958090453,,,0.03831139788792134,5,,,descriptive fixed-seed summary
budget_summary,chain_fixed_five_seed_mean,nickel,b2,nbfnet,mean_0_4,,per_positive_entry_destinations,,,1,macro_recall,0.15925990675990673,,,0.032561372471984255,5,,,descriptive fixed-seed summary
budget_summary,chain_fixed_five_seed_mean,nickel,b2,nbfnet,mean_0_4,,per_positive_entry_destinations,,,1,positive_entry_groups,66.0,,,0.0,5,,,descriptive fixed-seed summary
budget_summary,chain_fixed_five_seed_mean,nickel,b2,nbfnet,mean_0_4,,per_positive_entry_destinations,,,3,effective_k_max,3.0,,,0.0,5,,,descriptive fixed-seed summary
budget_summary,chain_fixed_five_seed_mean,nickel,b2,nbfnet,mean_0_4,,per_positive_entry_destinations,,,3,effective_k_mean,3.0,,,0.0,5,,,descriptive fixed-seed summary
budget_summary,chain_fixed_five_seed_mean,nickel,b2,nbfnet,mean_0_4,,per_positive_entry_destinations,,,3,effective_k_min,3.0,,,0.0,5,,,descriptive fixed-seed summary
budget_summary,chain_fixed_five_seed_mean,nickel,b2,nbfnet,mean_0_4,,per_positive_entry_destinations,,,3,macro_observed_value_capture,0.3578512527510365,,,0.03725528044379452,5,,,descriptive fixed-seed summary
budget_summary,chain_fixed_five_seed_mean,nickel,b2,nbfnet,mean_0_4,,per_positive_entry_destinations,,,3,macro_recall,0.3254390054390054,,,0.031708618582524474,5,,,descriptive fixed-seed summary
budget_summary,chain_fixed_five_seed_mean,nickel,b2,nbfnet,mean_0_4,,per_positive_entry_destinations,,,3,positive_entry_groups,66.0,,,0.0,5,,,descriptive fixed-seed summary
budget_summary,chain_fixed_five_seed_mean,nickel,b2,nbfnet,mean_0_4,,per_positive_entry_destinations,,,5,effective_k_max,5.0,,,0.0,5,,,descriptive fixed-seed summary
budget_summary,chain_fixed_five_seed_mean,nickel,b2,nbfnet,mean_0_4,,per_positive_entry_destinations,,,5,effective_k_mean,5.0,,,0.0,5,,,descriptive fixed-seed summary
budget_summary,chain_fixed_five_seed_mean,nickel,b2,nbfnet,mean_0_4,,per_positive_entry_destinations,,,5,effective_k_min,5.0,,,0.0,5,,,descriptive fixed-seed summary
budget_summary,chain_fixed_five_seed_mean,nickel,b2,nbfnet,mean_0_4,,per_positive_entry_destinations,,,5,macro_observed_value_capture,0.4531388486220074,,,0.06921682942860817,5,,,descriptive fixed-seed summary
budget_summary,chain_fixed_five_seed_mean,nickel,b2,nbfnet,mean_0_4,,per_positive_entry_destinations,,,5,macro_recall,0.41850233100233103,,,0.06306932884415474,5,,,descriptive fixed-seed summary
budget_summary,chain_fixed_five_seed_mean,nickel,b2,nbfnet,mean_0_4,,per_positive_entry_destinations,,,5,positive_entry_groups,66.0,,,0.0,5,,,descriptive fixed-seed summary
budget_summary,chain_fixed_five_seed_mean,oilseed-soy,a,kge,mean_0_4,,global_lanes,,,100,effective_k,100.0,,,0.0,5,,,descriptive fixed-seed summary
budget_summary,chain_fixed_five_seed_mean,oilseed-soy,a,kge,mean_0_4,,global_lanes,,,100,observed_value_capture,0.022803615761278474,,,0.008799904821423819,5,,,descriptive fixed-seed summary
budget_summary,chain_fixed_five_seed_mean,oilseed-soy,a,kge,mean_0_4,,global_lanes,,,100,precision,0.31,,,0.017888543819998333,5,,,descriptive fixed-seed summary
budget_summary,chain_fixed_five_seed_mean,oilseed-soy,a,kge,mean_0_4,,global_lanes,,,100,recall,0.029980657640232104,,,0.0017300332514505138,5,,,descriptive fixed-seed summary
budget_summary,chain_fixed_five_seed_mean,oilseed-soy,a,kge,mean_0_4,,global_lanes,,,1000,effective_k,1000.0,,,0.0,5,,,descriptive fixed-seed summary
budget_summary,chain_fixed_five_seed_mean,oilseed-soy,a,kge,mean_0_4,,global_lanes,,,1000,observed_value_capture,0.19573528619248423,,,0.02347150809324135,5,,,descriptive fixed-seed summary
budget_summary,chain_fixed_five_seed_mean,oilseed-soy,a,kge,mean_0_4,,global_lanes,,,1000,precision,0.21000000000000002,,,0.005099019513592779,5,,,descriptive fixed-seed summary
budget_summary,chain_fixed_five_seed_mean,oilseed-soy,a,kge,mean_0_4,,global_lanes,,,1000,recall,0.20309477756286265,,,0.004931353494770585,5,,,descriptive fixed-seed summary
budget_summary,chain_fixed_five_seed_mean,oilseed-soy,a,kge,mean_0_4,,global_lanes,,,250,effective_k,250.0,,,0.0,5,,,descriptive fixed-seed summary
budget_summary,chain_fixed_five_seed_mean,oilseed-soy,a,kge,mean_0_4,,global_lanes,,,250,observed_value_capture,0.0550569643885644,,,0.004429649059349558,5,,,descriptive fixed-seed summary
budget_summary,chain_fixed_five_seed_mean,oilseed-soy,a,kge,mean_0_4,,global_lanes,,,250,precision,0.2656,,,0.013763720427268198,5,,,descriptive fixed-seed summary
budget_summary,chain_fixed_five_seed_mean,oilseed-soy,a,kge,mean_0_4,,global_lanes,,,250,recall,0.06421663442940037,,,0.0033277854031112672,5,,,descriptive fixed-seed summary
budget_summary,chain_fixed_five_seed_mean,oilseed-soy,a,kge,mean_0_4,,global_lanes,,,50,effective_k,50.0,,,0.0,5,,,descriptive fixed-seed summary
budget_summary,chain_fixed_five_seed_mean,oilseed-soy,a,kge,mean_0_4,,global_lanes,,,50,observed_value_capture,0.011183109959556464,,,0.007563646888085939,5,,,descriptive fixed-seed summary
budget_summary,chain_fixed_five_seed_mean,oilseed-soy,a,kge,mean_0_4,,global_lanes,,,50,precision,0.31999999999999995,,,0.04195235392680607,5,,,descriptive fixed-seed summary
budget_summary,chain_fixed_five_seed_mean,oilseed-soy,a,kge,mean_0_4,,global_lanes,,,50,recall,0.015473887814313345,,,0.002028643806905515,5,,,descriptive fixed-seed summary
budget_summary,chain_fixed_five_seed_mean,oilseed-soy,a,kge,mean_0_4,,global_lanes,,,500,effective_k,500.0,,,0.0,5,,,descriptive fixed-seed summary
budget_summary,chain_fixed_five_seed_mean,oilseed-soy,a,kge,mean_0_4,,global_lanes,,,500,observed_value_capture,0.09574682740626768,,,0.006980205387124836,5,,,descriptive fixed-seed summary
budget_summary,chain_fixed_five_seed_mean,oilseed-soy,a,kge,mean_0_4,,global_lanes,,,500,precision,0.23559999999999998,,,0.010071742649611333,5,,,descriptive fixed-seed summary
budget_summary,chain_fixed_five_seed_mean,oilseed-soy,a,kge,mean_0_4,,global_lanes,,,500,recall,0.11392649903288202,,,0.00487028174546003,5,,,descriptive fixed-seed summary
budget_summary,chain_fixed_five_seed_mean,oilseed-soy,a,kge,mean_0_4,,per_exporter_lanes,,,10,effective_k_max,10.0,,,0.0,5,,,descriptive fixed-seed summary
budget_summary,chain_fixed_five_seed_mean,oilseed-soy,a,kge,mean_0_4,,per_exporter_lanes,,,10,effective_k_mean,10.0,,,0.0,5,,,descriptive fixed-seed summary
budget_summary,chain_fixed_five_seed_mean,oilseed-soy,a,kge,mean_0_4,,per_exporter_lanes,,,10,effective_k_min,10.0,,,0.0,5,,,descriptive fixed-seed summary
budget_summary,chain_fixed_five_seed_mean,oilseed-soy,a,kge,mean_0_4,,per_exporter_lanes,,,10,group_count,88.0,,,0.0,5,,,descriptive fixed-seed summary
budget_summary,chain_fixed_five_seed_mean,oilseed-soy,a,kge,mean_0_4,,per_exporter_lanes,,,10,macro_observed_value_capture,0.22566718194806845,,,0.020586176679323942,5,,,descriptive fixed-seed summary
budget_summary,chain_fixed_five_seed_mean,oilseed-soy,a,kge,mean_0_4,,per_exporter_lanes,,,10,macro_precision,0.17113636363636364,,,0.007100226978096964,5,,,descriptive fixed-seed summary
budget_summary,chain_fixed_five_seed_mean,oilseed-soy,a,kge,mean_0_4,,per_exporter_lanes,,,10,macro_recall,0.20295686089056147,,,0.015001996689047468,5,,,descriptive fixed-seed summary
budget_summary,chain_fixed_five_seed_mean,oilseed-soy,a,kge,mean_0_4,,per_exporter_lanes,,,5,effective_k_max,5.0,,,0.0,5,,,descriptive fixed-seed summary
budget_summary,chain_fixed_five_seed_mean,oilseed-soy,a,kge,mean_0_4,,per_exporter_lanes,,,5,effective_k_mean,5.0,,,0.0,5,,,descriptive fixed-seed summary
budget_summary,chain_fixed_five_seed_mean,oilseed-soy,a,kge,mean_0_4,,per_exporter_lanes,,,5,effective_k_min,5.0,,,0.0,5,,,descriptive fixed-seed summary
budget_summary,chain_fixed_five_seed_mean,oilseed-soy,a,kge,mean_0_4,,per_exporter_lanes,,,5,group_count,88.0,,,0.0,5,,,descriptive fixed-seed summary
budget_summary,chain_fixed_five_seed_mean,oilseed-soy,a,kge,mean_0_4,,per_exporter_lanes,,,5,macro_observed_value_capture,0.13039574265455633,,,0.011451343280139937,5,,,descriptive fixed-seed summary
budget_summary,chain_fixed_five_seed_mean,oilseed-soy,a,kge,mean_0_4,,per_exporter_lanes,,,5,macro_precision,0.19272727272727272,,,0.01171281702429557,5,,,descriptive fixed-seed summary
budget_summary,chain_fixed_five_seed_mean,oilseed-soy,a,kge,mean_0_4,,per_exporter_lanes,,,5,macro_recall,0.11673700008910441,,,0.008619761839223219,5,,,descriptive fixed-seed summary
budget_summary,chain_fixed_five_seed_mean,oilseed-soy,a,nbfnet,mean_0_4,,global_lanes,,,100,effective_k,100.0,,,0.0,5,,,descriptive fixed-seed summary
budget_summary,chain_fixed_five_seed_mean,oilseed-soy,a,nbfnet,mean_0_4,,global_lanes,,,100,observed_value_capture,0.02961304729522979,,,0.013841791496627287,5,,,descriptive fixed-seed summary
budget_summary,chain_fixed_five_seed_mean,oilseed-soy,a,nbfnet,mean_0_4,,global_lanes,,,100,precision,0.27,,,0.04,5,,,descriptive fixed-seed summary
budget_summary,chain_fixed_five_seed_mean,oilseed-soy,a,nbfnet,mean_0_4,,global_lanes,,,100,recall,0.02611218568665377,,,0.0038684719535783357,5,,,descriptive fixed-seed summary
budget_summary,chain_fixed_five_seed_mean,oilseed-soy,a,nbfnet,mean_0_4,,global_lanes,,,1000,effective_k,1000.0,,,0.0,5,,,descriptive fixed-seed summary
budget_summary,chain_fixed_five_seed_mean,oilseed-soy,a,nbfnet,mean_0_4,,global_lanes,,,1000,observed_value_capture,0.2467593635756125,,,0.062632971002238,5,,,descriptive fixed-seed summary
budget_summary,chain_fixed_five_seed_mean,oilseed-soy,a,nbfnet,mean_0_4,,global_lanes,,,1000,precision,0.2012,,,0.008158431221748452,5,,,descriptive fixed-seed summary
budget_summary,chain_fixed_five_seed_mean,oilseed-soy,a,nbfnet,mean_0_4,,global_lanes,,,1000,recall,0.19458413926499032,,,0.007890165591632938,5,,,descriptive fixed-seed summary
budget_summary,chain_fixed_five_seed_mean,oilseed-soy,a,nbfnet,mean_0_4,,global_lanes,,,250,effective_k,250.0,,,0.0,5,,,descriptive fixed-seed summary
budget_summary,chain_fixed_five_seed_mean,oilseed-soy,a,nbfnet,mean_0_4,,global_lanes,,,250,observed_value_capture,0.07561997927105217,,,0.03460695673825346,5,,,descriptive fixed-seed summary
budget_summary,chain_fixed_five_seed_mean,oilseed-soy,a,nbfnet,mean_0_4,,global_lanes,,,250,precision,0.2584,,,0.023946607275353225,5,,,descriptive fixed-seed summary
budget_summary,chain_fixed_five_seed_mean,oilseed-soy,a,nbfnet,mean_0_4,,global_lanes,,,250,recall,0.06247582205029013,,,0.005789798664253679,5,,,descriptive fixed-seed summary
budget_summary,chain_fixed_five_seed_mean,oilseed-soy,a,nbfnet,mean_0_4,,global_lanes,,,50,effective_k,50.0,,,0.0,5,,,descriptive fixed-seed summary
budget_summary,chain_fixed_five_seed_mean,oilseed-soy,a,nbfnet,mean_0_4,,global_lanes,,,50,observed_value_capture,0.017299152388324628,,,0.010274801440466531,5,,,descriptive fixed-seed summary
budget_summary,chain_fixed_five_seed_mean,oilseed-soy,a,nbfnet,mean_0_4,,global_lanes,,,50,precision,0.276,,,0.0463033476111609,5,,,descriptive fixed-seed summary
budget_summary,chain_fixed_five_seed_mean,oilseed-soy,a,nbfnet,mean_0_4,,global_lanes,,,50,recall,0.013346228239845262,,,0.0022390400198820555,5,,,descriptive fixed-seed summary
budget_summary,chain_fixed_five_seed_mean,oilseed-soy,a,nbfnet,mean_0_4,,global_lanes,,,500,effective_k,500.0,,,0.0,5,,,descriptive fixed-seed summary
budget_summary,chain_fixed_five_seed_mean,oilseed-soy,a,nbfnet,mean_0_4,,global_lanes,,,500,observed_value_capture,0.13864165701806155,,,0.04081774290008133,5,,,descriptive fixed-seed summary
budget_summary,chain_fixed_five_seed_mean,oilseed-soy,a,nbfnet,mean_0_4,,global_lanes,,,500,precision,0.2324,,,0.014444376068214231,5,,,descriptive fixed-seed summary
budget_summary,chain_fixed_five_seed_mean,oilseed-soy,a,nbfnet,mean_0_4,,global_lanes,,,500,recall,0.11237911025145068,,,0.006984707963353106,5,,,descriptive fixed-seed summary
budget_summary,chain_fixed_five_seed_mean,oilseed-soy,a,nbfnet,mean_0_4,,per_exporter_lanes,,,10,effective_k_max,10.0,,,0.0,5,,,descriptive fixed-seed summary
budget_summary,chain_fixed_five_seed_mean,oilseed-soy,a,nbfnet,mean_0_4,,per_exporter_lanes,,,10,effective_k_mean,10.0,,,0.0,5,,,descriptive fixed-seed summary
budget_summary,chain_fixed_five_seed_mean,oilseed-soy,a,nbfnet,mean_0_4,,per_exporter_lanes,,,10,effective_k_min,10.0,,,0.0,5,,,descriptive fixed-seed summary
budget_summary,chain_fixed_five_seed_mean,oilseed-soy,a,nbfnet,mean_0_4,,per_exporter_lanes,,,10,group_count,88.0,,,0.0,5,,,descriptive fixed-seed summary
budget_summary,chain_fixed_five_seed_mean,oilseed-soy,a,nbfnet,mean_0_4,,per_exporter_lanes,,,10,macro_observed_value_capture,0.29393088747296303,,,0.009391625952463591,5,,,descriptive fixed-seed summary
budget_summary,chain_fixed_five_seed_mean,oilseed-soy,a,nbfnet,mean_0_4,,per_exporter_lanes,,,10,macro_precision,0.18613636363636363,,,0.007092948424694192,5,,,descriptive fixed-seed summary
budget_summary,chain_fixed_five_seed_mean,oilseed-soy,a,nbfnet,mean_0_4,,per_exporter_lanes,,,10,macro_recall,0.2547784024308875,,,0.008157256700311779,5,,,descriptive fixed-seed summary
budget_summary,chain_fixed_five_seed_mean,oilseed-soy,a,nbfnet,mean_0_4,,per_exporter_lanes,,,5,effective_k_max,5.0,,,0.0,5,,,descriptive fixed-seed summary
budget_summary,chain_fixed_five_seed_mean,oilseed-soy,a,nbfnet,mean_0_4,,per_exporter_lanes,,,5,effective_k_mean,5.0,,,0.0,5,,,descriptive fixed-seed summary
budget_summary,chain_fixed_five_seed_mean,oilseed-soy,a,nbfnet,mean_0_4,,per_exporter_lanes,,,5,effective_k_min,5.0,,,0.0,5,,,descriptive fixed-seed summary
budget_summary,chain_fixed_five_seed_mean,oilseed-soy,a,nbfnet,mean_0_4,,per_exporter_lanes,,,5,group_count,88.0,,,0.0,5,,,descriptive fixed-seed summary
budget_summary,chain_fixed_five_seed_mean,oilseed-soy,a,nbfnet,mean_0_4,,per_exporter_lanes,,,5,macro_observed_value_capture,0.18999984295648753,,,0.017389360882364424,5,,,descriptive fixed-seed summary
budget_summary,chain_fixed_five_seed_mean,oilseed-soy,a,nbfnet,mean_0_4,,per_exporter_lanes,,,5,macro_precision,0.22227272727272732,,,0.008552221691921262,5,,,descriptive fixed-seed summary
budget_summary,chain_fixed_five_seed_mean,oilseed-soy,a,nbfnet,mean_0_4,,per_exporter_lanes,,,5,macro_recall,0.16105041024361735,,,0.009590736918724587,5,,,descriptive fixed-seed summary
budget_summary,chain_fixed_five_seed_mean,oilseed-soy,b1,kge,mean_0_4,,global_entries,,,100,effective_k,86.0,,,0.0,5,,,descriptive fixed-seed summary
budget_summary,chain_fixed_five_seed_mean,oilseed-soy,b1,kge,mean_0_4,,global_entries,,,100,observed_value_capture,1.0,,,1.7199501139797033e-16,5,,,descriptive fixed-seed summary
budget_summary,chain_fixed_five_seed_mean,oilseed-soy,b1,kge,mean_0_4,,global_entries,,,100,precision,0.3953488372093023,,,0.0,5,,,descriptive fixed-seed summary
budget_summary,chain_fixed_five_seed_mean,oilseed-soy,b1,kge,mean_0_4,,global_entries,,,100,recall,1.0,,,0.0,5,,,descriptive fixed-seed summary
budget_summary,chain_fixed_five_seed_mean,oilseed-soy,b1,kge,mean_0_4,,global_entries,,,25,effective_k,25.0,,,0.0,5,,,descriptive fixed-seed summary
budget_summary,chain_fixed_five_seed_mean,oilseed-soy,b1,kge,mean_0_4,,global_entries,,,25,observed_value_capture,0.6377816913545036,,,0.035255716729040786,5,,,descriptive fixed-seed summary
budget_summary,chain_fixed_five_seed_mean,oilseed-soy,b1,kge,mean_0_4,,global_entries,,,25,precision,0.528,,,0.04664761515876242,5,,,descriptive fixed-seed summary
budget_summary,chain_fixed_five_seed_mean,oilseed-soy,b1,kge,mean_0_4,,global_entries,,,25,recall,0.38823529411764707,,,0.03429971702850175,5,,,descriptive fixed-seed summary
budget_summary,chain_fixed_five_seed_mean,oilseed-soy,b1,kge,mean_0_4,,global_entries,,,250,effective_k,86.0,,,0.0,5,,,descriptive fixed-seed summary
budget_summary,chain_fixed_five_seed_mean,oilseed-soy,b1,kge,mean_0_4,,global_entries,,,250,observed_value_capture,1.0,,,1.7199501139797033e-16,5,,,descriptive fixed-seed summary
budget_summary,chain_fixed_five_seed_mean,oilseed-soy,b1,kge,mean_0_4,,global_entries,,,250,precision,0.3953488372093023,,,0.0,5,,,descriptive fixed-seed summary
budget_summary,chain_fixed_five_seed_mean,oilseed-soy,b1,kge,mean_0_4,,global_entries,,,250,recall,1.0,,,0.0,5,,,descriptive fixed-seed summary
budget_summary,chain_fixed_five_seed_mean,oilseed-soy,b1,kge,mean_0_4,,global_entries,,,50,effective_k,50.0,,,0.0,5,,,descriptive fixed-seed summary
budget_summary,chain_fixed_five_seed_mean,oilseed-soy,b1,kge,mean_0_4,,global_entries,,,50,observed_value_capture,0.9233803624935499,,,0.10908609645688903,5,,,descriptive fixed-seed summary
budget_summary,chain_fixed_five_seed_mean,oilseed-soy,b1,kge,mean_0_4,,global_entries,,,50,precision,0.46399999999999997,,,0.014966629547095756,5,,,descriptive fixed-seed summary
budget_summary,chain_fixed_five_seed_mean,oilseed-soy,b1,kge,mean_0_4,,global_entries,,,50,recall,0.6823529411764706,,,0.022009749333964365,5,,,descriptive fixed-seed summary
budget_summary,chain_fixed_five_seed_mean,oilseed-soy,b1,nbfnet,mean_0_4,,global_entries,,,100,effective_k,86.0,,,0.0,5,,,descriptive fixed-seed summary
budget_summary,chain_fixed_five_seed_mean,oilseed-soy,b1,nbfnet,mean_0_4,,global_entries,,,100,observed_value_capture,1.0,,,1.4043333874306804e-16,5,,,descriptive fixed-seed summary
budget_summary,chain_fixed_five_seed_mean,oilseed-soy,b1,nbfnet,mean_0_4,,global_entries,,,100,precision,0.3953488372093023,,,0.0,5,,,descriptive fixed-seed summary
budget_summary,chain_fixed_five_seed_mean,oilseed-soy,b1,nbfnet,mean_0_4,,global_entries,,,100,recall,1.0,,,0.0,5,,,descriptive fixed-seed summary
budget_summary,chain_fixed_five_seed_mean,oilseed-soy,b1,nbfnet,mean_0_4,,global_entries,,,25,effective_k,25.0,,,0.0,5,,,descriptive fixed-seed summary
budget_summary,chain_fixed_five_seed_mean,oilseed-soy,b1,nbfnet,mean_0_4,,global_entries,,,25,observed_value_capture,0.4401804115836271,,,0.12189711773186147,5,,,descriptive fixed-seed summary
budget_summary,chain_fixed_five_seed_mean,oilseed-soy,b1,nbfnet,mean_0_4,,global_entries,,,25,precision,0.48,,,0.06693280212272605,5,,,descriptive fixed-seed summary
budget_summary,chain_fixed_five_seed_mean,oilseed-soy,b1,nbfnet,mean_0_4,,global_entries,,,25,recall,0.3529411764705882,,,0.04921529567847501,5,,,descriptive fixed-seed summary
budget_summary,chain_fixed_five_seed_mean,oilseed-soy,b1,nbfnet,mean_0_4,,global_entries,,,250,effective_k,86.0,,,0.0,5,,,descriptive fixed-seed summary
budget_summary,chain_fixed_five_seed_mean,oilseed-soy,b1,nbfnet,mean_0_4,,global_entries,,,250,observed_value_capture,1.0,,,1.4043333874306804e-16,5,,,descriptive fixed-seed summary
budget_summary,chain_fixed_five_seed_mean,oilseed-soy,b1,nbfnet,mean_0_4,,global_entries,,,250,precision,0.3953488372093023,,,0.0,5,,,descriptive fixed-seed summary
budget_summary,chain_fixed_five_seed_mean,oilseed-soy,b1,nbfnet,mean_0_4,,global_entries,,,250,recall,1.0,,,0.0,5,,,descriptive fixed-seed summary
budget_summary,chain_fixed_five_seed_mean,oilseed-soy,b1,nbfnet,mean_0_4,,global_entries,,,50,effective_k,50.0,,,0.0,5,,,descriptive fixed-seed summary
budget_summary,chain_fixed_five_seed_mean,oilseed-soy,b1,nbfnet,mean_0_4,,global_entries,,,50,observed_value_capture,0.5813119310419832,,,0.10753653441817851,5,,,descriptive fixed-seed summary
budget_summary,chain_fixed_five_seed_mean,oilseed-soy,b1,nbfnet,mean_0_4,,global_entries,,,50,precision,0.44000000000000006,,,0.028284271247461894,5,,,descriptive fixed-seed summary
budget_summary,chain_fixed_five_seed_mean,oilseed-soy,b1,nbfnet,mean_0_4,,global_entries,,,50,recall,0.6470588235294118,,,0.04159451654038516,5,,,descriptive fixed-seed summary
budget_summary,chain_fixed_five_seed_mean,oilseed-soy,b2,kge,mean_0_4,,per_positive_entry_destinations,,,1,effective_k_max,1.0,,,0.0,5,,,descriptive fixed-seed summary
budget_summary,chain_fixed_five_seed_mean,oilseed-soy,b2,kge,mean_0_4,,per_positive_entry_destinations,,,1,effective_k_mean,1.0,,,0.0,5,,,descriptive fixed-seed summary
budget_summary,chain_fixed_five_seed_mean,oilseed-soy,b2,kge,mean_0_4,,per_positive_entry_destinations,,,1,effective_k_min,1.0,,,0.0,5,,,descriptive fixed-seed summary
budget_summary,chain_fixed_five_seed_mean,oilseed-soy,b2,kge,mean_0_4,,per_positive_entry_destinations,,,1,macro_observed_value_capture,0.04396724910661109,,,0.01917424347048796,5,,,descriptive fixed-seed summary
budget_summary,chain_fixed_five_seed_mean,oilseed-soy,b2,kge,mean_0_4,,per_positive_entry_destinations,,,1,macro_recall,0.04967320261437909,,,0.012466581411903578,5,,,descriptive fixed-seed summary
budget_summary,chain_fixed_five_seed_mean,oilseed-soy,b2,kge,mean_0_4,,per_positive_entry_destinations,,,1,positive_entry_groups,34.0,,,0.0,5,,,descriptive fixed-seed summary
budget_summary,chain_fixed_five_seed_mean,oilseed-soy,b2,kge,mean_0_4,,per_positive_entry_destinations,,,3,effective_k_max,3.0,,,0.0,5,,,descriptive fixed-seed summary
budget_summary,chain_fixed_five_seed_mean,oilseed-soy,b2,kge,mean_0_4,,per_positive_entry_destinations,,,3,effective_k_mean,3.0,,,0.0,5,,,descriptive fixed-seed summary
budget_summary,chain_fixed_five_seed_mean,oilseed-soy,b2,kge,mean_0_4,,per_positive_entry_destinations,,,3,effective_k_min,3.0,,,0.0,5,,,descriptive fixed-seed summary
budget_summary,chain_fixed_five_seed_mean,oilseed-soy,b2,kge,mean_0_4,,per_positive_entry_destinations,,,3,macro_observed_value_capture,0.12362914661196496,,,0.025216798057195174,5,,,descriptive fixed-seed summary
budget_summary,chain_fixed_five_seed_mean,oilseed-soy,b2,kge,mean_0_4,,per_positive_entry_destinations,,,3,macro_recall,0.12418300653594772,,,0.021346211610935445,5,,,descriptive fixed-seed summary
budget_summary,chain_fixed_five_seed_mean,oilseed-soy,b2,kge,mean_0_4,,per_positive_entry_destinations,,,3,positive_entry_groups,34.0,,,0.0,5,,,descriptive fixed-seed summary
budget_summary,chain_fixed_five_seed_mean,oilseed-soy,b2,kge,mean_0_4,,per_positive_entry_destinations,,,5,effective_k_max,5.0,,,0.0,5,,,descriptive fixed-seed summary
budget_summary,chain_fixed_five_seed_mean,oilseed-soy,b2,kge,mean_0_4,,per_positive_entry_destinations,,,5,effective_k_mean,5.0,,,0.0,5,,,descriptive fixed-seed summary
budget_summary,chain_fixed_five_seed_mean,oilseed-soy,b2,kge,mean_0_4,,per_positive_entry_destinations,,,5,effective_k_min,5.0,,,0.0,5,,,descriptive fixed-seed summary
budget_summary,chain_fixed_five_seed_mean,oilseed-soy,b2,kge,mean_0_4,,per_positive_entry_destinations,,,5,macro_observed_value_capture,0.17429923673581935,,,0.018790776324627324,5,,,descriptive fixed-seed summary
budget_summary,chain_fixed_five_seed_mean,oilseed-soy,b2,kge,mean_0_4,,per_positive_entry_destinations,,,5,macro_recall,0.17127450980392156,,,0.0225187231348245,5,,,descriptive fixed-seed summary
budget_summary,chain_fixed_five_seed_mean,oilseed-soy,b2,kge,mean_0_4,,per_positive_entry_destinations,,,5,positive_entry_groups,34.0,,,0.0,5,,,descriptive fixed-seed summary
budget_summary,chain_fixed_five_seed_mean,oilseed-soy,b2,nbfnet,mean_0_4,,per_positive_entry_destinations,,,1,effective_k_max,1.0,,,0.0,5,,,descriptive fixed-seed summary
budget_summary,chain_fixed_five_seed_mean,oilseed-soy,b2,nbfnet,mean_0_4,,per_positive_entry_destinations,,,1,effective_k_mean,1.0,,,0.0,5,,,descriptive fixed-seed summary
budget_summary,chain_fixed_five_seed_mean,oilseed-soy,b2,nbfnet,mean_0_4,,per_positive_entry_destinations,,,1,effective_k_min,1.0,,,0.0,5,,,descriptive fixed-seed summary
budget_summary,chain_fixed_five_seed_mean,oilseed-soy,b2,nbfnet,mean_0_4,,per_positive_entry_destinations,,,1,macro_observed_value_capture,0.10900582409965098,,,0.030751948356095776,5,,,descriptive fixed-seed summary
budget_summary,chain_fixed_five_seed_mean,oilseed-soy,b2,nbfnet,mean_0_4,,per_positive_entry_destinations,,,1,macro_recall,0.08645424836601306,,,0.0217022376804405,5,,,descriptive fixed-seed summary
budget_summary,chain_fixed_five_seed_mean,oilseed-soy,b2,nbfnet,mean_0_4,,per_positive_entry_destinations,,,1,positive_entry_groups,34.0,,,0.0,5,,,descriptive fixed-seed summary
budget_summary,chain_fixed_five_seed_mean,oilseed-soy,b2,nbfnet,mean_0_4,,per_positive_entry_destinations,,,3,effective_k_max,3.0,,,0.0,5,,,descriptive fixed-seed summary
budget_summary,chain_fixed_five_seed_mean,oilseed-soy,b2,nbfnet,mean_0_4,,per_positive_entry_destinations,,,3,effective_k_mean,3.0,,,0.0,5,,,descriptive fixed-seed summary
budget_summary,chain_fixed_five_seed_mean,oilseed-soy,b2,nbfnet,mean_0_4,,per_positive_entry_destinations,,,3,effective_k_min,3.0,,,0.0,5,,,descriptive fixed-seed summary
budget_summary,chain_fixed_five_seed_mean,oilseed-soy,b2,nbfnet,mean_0_4,,per_positive_entry_destinations,,,3,macro_observed_value_capture,0.25211147540236994,,,0.01098395147835121,5,,,descriptive fixed-seed summary
budget_summary,chain_fixed_five_seed_mean,oilseed-soy,b2,nbfnet,mean_0_4,,per_positive_entry_destinations,,,3,macro_recall,0.2238562091503268,,,0.010530662283794526,5,,,descriptive fixed-seed summary
budget_summary,chain_fixed_five_seed_mean,oilseed-soy,b2,nbfnet,mean_0_4,,per_positive_entry_destinations,,,3,positive_entry_groups,34.0,,,0.0,5,,,descriptive fixed-seed summary
budget_summary,chain_fixed_five_seed_mean,oilseed-soy,b2,nbfnet,mean_0_4,,per_positive_entry_destinations,,,5,effective_k_max,5.0,,,0.0,5,,,descriptive fixed-seed summary
budget_summary,chain_fixed_five_seed_mean,oilseed-soy,b2,nbfnet,mean_0_4,,per_positive_entry_destinations,,,5,effective_k_mean,5.0,,,0.0,5,,,descriptive fixed-seed summary
budget_summary,chain_fixed_five_seed_mean,oilseed-soy,b2,nbfnet,mean_0_4,,per_positive_entry_destinations,,,5,effective_k_min,5.0,,,0.0,5,,,descriptive fixed-seed summary
budget_summary,chain_fixed_five_seed_mean,oilseed-soy,b2,nbfnet,mean_0_4,,per_positive_entry_destinations,,,5,macro_observed_value_capture,0.35525321679415217,,,0.03701158095790011,5,,,descriptive fixed-seed summary
budget_summary,chain_fixed_five_seed_mean,oilseed-soy,b2,nbfnet,mean_0_4,,per_positive_entry_destinations,,,5,macro_recall,0.33504901960784317,,,0.04145354311141859,5,,,descriptive fixed-seed summary
budget_summary,chain_fixed_five_seed_mean,oilseed-soy,b2,nbfnet,mean_0_4,,per_positive_entry_destinations,,,5,positive_entry_groups,34.0,,,0.0,5,,,descriptive fixed-seed summary
budget_summary,chain_fixed_five_seed_mean,sheep,a,kge,mean_0_4,,global_lanes,,,100,effective_k,100.0,,,0.0,5,,,descriptive fixed-seed summary
budget_summary,chain_fixed_five_seed_mean,sheep,a,kge,mean_0_4,,global_lanes,,,100,observed_value_capture,0.041920724683818564,,,0.009525588950008384,5,,,descriptive fixed-seed summary
budget_summary,chain_fixed_five_seed_mean,sheep,a,kge,mean_0_4,,global_lanes,,,100,precision,0.27,,,0.0363318042491699,5,,,descriptive fixed-seed summary
budget_summary,chain_fixed_five_seed_mean,sheep,a,kge,mean_0_4,,global_lanes,,,100,recall,0.04891304347826087,,,0.006581848595864111,5,,,descriptive fixed-seed summary
budget_summary,chain_fixed_five_seed_mean,sheep,a,kge,mean_0_4,,global_lanes,,,1000,effective_k,1000.0,,,0.0,5,,,descriptive fixed-seed summary
budget_summary,chain_fixed_five_seed_mean,sheep,a,kge,mean_0_4,,global_lanes,,,1000,observed_value_capture,0.2946219082043678,,,0.03637117695989528,5,,,descriptive fixed-seed summary
budget_summary,chain_fixed_five_seed_mean,sheep,a,kge,mean_0_4,,global_lanes,,,1000,precision,0.1762,,,0.003310589071449364,5,,,descriptive fixed-seed summary
budget_summary,chain_fixed_five_seed_mean,sheep,a,kge,mean_0_4,,global_lanes,,,1000,recall,0.3192028985507246,,,0.005997443970016979,5,,,descriptive fixed-seed summary
budget_summary,chain_fixed_five_seed_mean,sheep,a,kge,mean_0_4,,global_lanes,,,250,effective_k,250.0,,,0.0,5,,,descriptive fixed-seed summary
budget_summary,chain_fixed_five_seed_mean,sheep,a,kge,mean_0_4,,global_lanes,,,250,observed_value_capture,0.1015902898956953,,,0.021130469381880707,5,,,descriptive fixed-seed summary
budget_summary,chain_fixed_five_seed_mean,sheep,a,kge,mean_0_4,,global_lanes,,,250,precision,0.2584,,,0.016704490414256874,5,,,descriptive fixed-seed summary
budget_summary,chain_fixed_five_seed_mean,sheep,a,kge,mean_0_4,,global_lanes,,,250,recall,0.11702898550724636,,,0.007565439499210544,5,,,descriptive fixed-seed summary
budget_summary,chain_fixed_five_seed_mean,sheep,a,kge,mean_0_4,,global_lanes,,,50,effective_k,50.0,,,0.0,5,,,descriptive fixed-seed summary
budget_summary,chain_fixed_five_seed_mean,sheep,a,kge,mean_0_4,,global_lanes,,,50,observed_value_capture,0.023189030564376087,,,0.002417796452004694,5,,,descriptive fixed-seed summary
budget_summary,chain_fixed_five_seed_mean,sheep,a,kge,mean_0_4,,global_lanes,,,50,precision,0.328,,,0.048332183894378294,5,,,descriptive fixed-seed summary
budget_summary,chain_fixed_five_seed_mean,sheep,a,kge,mean_0_4,,global_lanes,,,50,recall,0.02971014492753623,,,0.00437791520782412,5,,,descriptive fixed-seed summary
budget_summary,chain_fixed_five_seed_mean,sheep,a,kge,mean_0_4,,global_lanes,,,500,effective_k,500.0,,,0.0,5,,,descriptive fixed-seed summary
budget_summary,chain_fixed_five_seed_mean,sheep,a,kge,mean_0_4,,global_lanes,,,500,observed_value_capture,0.16749649170898345,,,0.0318134584030405,5,,,descriptive fixed-seed summary
budget_summary,chain_fixed_five_seed_mean,sheep,a,kge,mean_0_4,,global_lanes,,,500,precision,0.2112,,,0.009431860898041275,5,,,descriptive fixed-seed summary
budget_summary,chain_fixed_five_seed_mean,sheep,a,kge,mean_0_4,,global_lanes,,,500,recall,0.19130434782608696,,,0.00854335226271854,5,,,descriptive fixed-seed summary
budget_summary,chain_fixed_five_seed_mean,sheep,a,kge,mean_0_4,,per_exporter_lanes,,,10,effective_k_max,10.0,,,0.0,5,,,descriptive fixed-seed summary
budget_summary,chain_fixed_five_seed_mean,sheep,a,kge,mean_0_4,,per_exporter_lanes,,,10,effective_k_mean,10.0,,,0.0,5,,,descriptive fixed-seed summary
budget_summary,chain_fixed_five_seed_mean,sheep,a,kge,mean_0_4,,per_exporter_lanes,,,10,effective_k_min,10.0,,,0.0,5,,,descriptive fixed-seed summary
budget_summary,chain_fixed_five_seed_mean,sheep,a,kge,mean_0_4,,per_exporter_lanes,,,10,group_count,75.0,,,0.0,5,,,descriptive fixed-seed summary
budget_summary,chain_fixed_five_seed_mean,sheep,a,kge,mean_0_4,,per_exporter_lanes,,,10,macro_observed_value_capture,0.32939763659073407,,,0.03580917575424257,5,,,descriptive fixed-seed summary
budget_summary,chain_fixed_five_seed_mean,sheep,a,kge,mean_0_4,,per_exporter_lanes,,,10,macro_precision,0.1474666666666667,,,0.011883882642750513,5,,,descriptive fixed-seed summary
budget_summary,chain_fixed_five_seed_mean,sheep,a,kge,mean_0_4,,per_exporter_lanes,,,10,macro_recall,0.3163160516521779,,,0.023964568619214723,5,,,descriptive fixed-seed summary
budget_summary,chain_fixed_five_seed_mean,sheep,a,kge,mean_0_4,,per_exporter_lanes,,,5,effective_k_max,5.0,,,0.0,5,,,descriptive fixed-seed summary
budget_summary,chain_fixed_five_seed_mean,sheep,a,kge,mean_0_4,,per_exporter_lanes,,,5,effective_k_mean,5.0,,,0.0,5,,,descriptive fixed-seed summary
budget_summary,chain_fixed_five_seed_mean,sheep,a,kge,mean_0_4,,per_exporter_lanes,,,5,effective_k_min,5.0,,,0.0,5,,,descriptive fixed-seed summary
budget_summary,chain_fixed_five_seed_mean,sheep,a,kge,mean_0_4,,per_exporter_lanes,,,5,group_count,75.0,,,0.0,5,,,descriptive fixed-seed summary
budget_summary,chain_fixed_five_seed_mean,sheep,a,kge,mean_0_4,,per_exporter_lanes,,,5,macro_observed_value_capture,0.19487121981620356,,,0.02351804969861108,5,,,descriptive fixed-seed summary
budget_summary,chain_fixed_five_seed_mean,sheep,a,kge,mean_0_4,,per_exporter_lanes,,,5,macro_precision,0.16853333333333334,,,0.01384613865146366,5,,,descriptive fixed-seed summary
budget_summary,chain_fixed_five_seed_mean,sheep,a,kge,mean_0_4,,per_exporter_lanes,,,5,macro_recall,0.19041065294016796,,,0.01851840892482318,5,,,descriptive fixed-seed summary
budget_summary,chain_fixed_five_seed_mean,sheep,a,nbfnet,mean_0_4,,global_lanes,,,100,effective_k,100.0,,,0.0,5,,,descriptive fixed-seed summary
budget_summary,chain_fixed_five_seed_mean,sheep,a,nbfnet,mean_0_4,,global_lanes,,,100,observed_value_capture,0.029867761929560022,,,0.009845458920155271,5,,,descriptive fixed-seed summary
budget_summary,chain_fixed_five_seed_mean,sheep,a,nbfnet,mean_0_4,,global_lanes,,,100,precision,0.192,,,0.03969886648255842,5,,,descriptive fixed-seed summary
budget_summary,chain_fixed_five_seed_mean,sheep,a,nbfnet,mean_0_4,,global_lanes,,,100,recall,0.034782608695652174,,,0.00719182363814464,5,,,descriptive fixed-seed summary
budget_summary,chain_fixed_five_seed_mean,sheep,a,nbfnet,mean_0_4,,global_lanes,,,1000,effective_k,1000.0,,,0.0,5,,,descriptive fixed-seed summary
budget_summary,chain_fixed_five_seed_mean,sheep,a,nbfnet,mean_0_4,,global_lanes,,,1000,observed_value_capture,0.24523885321813657,,,0.03275660716650318,5,,,descriptive fixed-seed summary
budget_summary,chain_fixed_five_seed_mean,sheep,a,nbfnet,mean_0_4,,global_lanes,,,1000,precision,0.13540000000000002,,,0.01144727041700335,5,,,descriptive fixed-seed summary
budget_summary,chain_fixed_five_seed_mean,sheep,a,nbfnet,mean_0_4,,global_lanes,,,1000,recall,0.24528985507246376,,,0.020737808726455344,5,,,descriptive fixed-seed summary
budget_summary,chain_fixed_five_seed_mean,sheep,a,nbfnet,mean_0_4,,global_lanes,,,250,effective_k,250.0,,,0.0,5,,,descriptive fixed-seed summary
budget_summary,chain_fixed_five_seed_mean,sheep,a,nbfnet,mean_0_4,,global_lanes,,,250,observed_value_capture,0.07532146650087457,,,0.024741746829555978,5,,,descriptive fixed-seed summary
budget_summary,chain_fixed_five_seed_mean,sheep,a,nbfnet,mean_0_4,,global_lanes,,,250,precision,0.1768,,,0.027058455240460418,5,,,descriptive fixed-seed summary
budget_summary,chain_fixed_five_seed_mean,sheep,a,nbfnet,mean_0_4,,global_lanes,,,250,recall,0.08007246376811593,,,0.012254735163252,5,,,descriptive fixed-seed summary
budget_summary,chain_fixed_five_seed_mean,sheep,a,nbfnet,mean_0_4,,global_lanes,,,50,effective_k,50.0,,,0.0,5,,,descriptive fixed-seed summary
budget_summary,chain_fixed_five_seed_mean,sheep,a,nbfnet,mean_0_4,,global_lanes,,,50,observed_value_capture,0.017397792671405628,,,0.008596554124534446,5,,,descriptive fixed-seed summary
budget_summary,chain_fixed_five_seed_mean,sheep,a,nbfnet,mean_0_4,,global_lanes,,,50,precision,0.20800000000000002,,,0.07222188034107115,5,,,descriptive fixed-seed summary
budget_summary,chain_fixed_five_seed_mean,sheep,a,nbfnet,mean_0_4,,global_lanes,,,50,recall,0.01884057971014493,,,0.006541836987415865,5,,,descriptive fixed-seed summary
budget_summary,chain_fixed_five_seed_mean,sheep,a,nbfnet,mean_0_4,,global_lanes,,,500,effective_k,500.0,,,0.0,5,,,descriptive fixed-seed summary
budget_summary,chain_fixed_five_seed_mean,sheep,a,nbfnet,mean_0_4,,global_lanes,,,500,observed_value_capture,0.14096013939241486,,,0.028383624802972136,5,,,descriptive fixed-seed summary
budget_summary,chain_fixed_five_seed_mean,sheep,a,nbfnet,mean_0_4,,global_lanes,,,500,precision,0.16160000000000002,,,0.020915066339842196,5,,,descriptive fixed-seed summary
budget_summary,chain_fixed_five_seed_mean,sheep,a,nbfnet,mean_0_4,,global_lanes,,,500,recall,0.1463768115942029,,,0.01894480646724836,5,,,descriptive fixed-seed summary
budget_summary,chain_fixed_five_seed_mean,sheep,a,nbfnet,mean_0_4,,per_exporter_lanes,,,10,effective_k_max,10.0,,,0.0,5,,,descriptive fixed-seed summary
budget_summary,chain_fixed_five_seed_mean,sheep,a,nbfnet,mean_0_4,,per_exporter_lanes,,,10,effective_k_mean,10.0,,,0.0,5,,,descriptive fixed-seed summary
budget_summary,chain_fixed_five_seed_mean,sheep,a,nbfnet,mean_0_4,,per_exporter_lanes,,,10,effective_k_min,10.0,,,0.0,5,,,descriptive fixed-seed summary
budget_summary,chain_fixed_five_seed_mean,sheep,a,nbfnet,mean_0_4,,per_exporter_lanes,,,10,group_count,75.0,,,0.0,5,,,descriptive fixed-seed summary
budget_summary,chain_fixed_five_seed_mean,sheep,a,nbfnet,mean_0_4,,per_exporter_lanes,,,10,macro_observed_value_capture,0.34887484808233676,,,0.02886127838792112,5,,,descriptive fixed-seed summary
budget_summary,chain_fixed_five_seed_mean,sheep,a,nbfnet,mean_0_4,,per_exporter_lanes,,,10,macro_precision,0.12693333333333334,,,0.013476564019726151,5,,,descriptive fixed-seed summary
budget_summary,chain_fixed_five_seed_mean,sheep,a,nbfnet,mean_0_4,,per_exporter_lanes,,,10,macro_recall,0.3267421056589682,,,0.021613414952296624,5,,,descriptive fixed-seed summary
budget_summary,chain_fixed_five_seed_mean,sheep,a,nbfnet,mean_0_4,,per_exporter_lanes,,,5,effective_k_max,5.0,,,0.0,5,,,descriptive fixed-seed summary
budget_summary,chain_fixed_five_seed_mean,sheep,a,nbfnet,mean_0_4,,per_exporter_lanes,,,5,effective_k_mean,5.0,,,0.0,5,,,descriptive fixed-seed summary
budget_summary,chain_fixed_five_seed_mean,sheep,a,nbfnet,mean_0_4,,per_exporter_lanes,,,5,effective_k_min,5.0,,,0.0,5,,,descriptive fixed-seed summary
budget_summary,chain_fixed_five_seed_mean,sheep,a,nbfnet,mean_0_4,,per_exporter_lanes,,,5,group_count,75.0,,,0.0,5,,,descriptive fixed-seed summary
budget_summary,chain_fixed_five_seed_mean,sheep,a,nbfnet,mean_0_4,,per_exporter_lanes,,,5,macro_observed_value_capture,0.23750110816463801,,,0.01628634605232654,5,,,descriptive fixed-seed summary
budget_summary,chain_fixed_five_seed_mean,sheep,a,nbfnet,mean_0_4,,per_exporter_lanes,,,5,macro_precision,0.1514666666666667,,,0.013639159309380722,5,,,descriptive fixed-seed summary
budget_summary,chain_fixed_five_seed_mean,sheep,a,nbfnet,mean_0_4,,per_exporter_lanes,,,5,macro_recall,0.2218344152622044,,,0.014349415749221571,5,,,descriptive fixed-seed summary
budget_summary,chain_fixed_five_seed_mean,sheep,b1,kge,mean_0_4,,global_entries,,,100,effective_k,100.0,,,0.0,5,,,descriptive fixed-seed summary
budget_summary,chain_fixed_five_seed_mean,sheep,b1,kge,mean_0_4,,global_entries,,,100,observed_value_capture,0.9523428242000594,,,0.08096234115029552,5,,,descriptive fixed-seed summary
budget_summary,chain_fixed_five_seed_mean,sheep,b1,kge,mean_0_4,,global_entries,,,100,precision,0.18800000000000003,,,0.011661903789690602,5,,,descriptive fixed-seed summary
budget_summary,chain_fixed_five_seed_mean,sheep,b1,kge,mean_0_4,,global_entries,,,100,recall,0.9400000000000001,,,0.05830951894845301,5,,,descriptive fixed-seed summary
budget_summary,chain_fixed_five_seed_mean,sheep,b1,kge,mean_0_4,,global_entries,,,25,effective_k,25.0,,,0.0,5,,,descriptive fixed-seed summary
budget_summary,chain_fixed_five_seed_mean,sheep,b1,kge,mean_0_4,,global_entries,,,25,observed_value_capture,0.14954253668524858,,,0.026745938916941978,5,,,descriptive fixed-seed summary
budget_summary,chain_fixed_five_seed_mean,sheep,b1,kge,mean_0_4,,global_entries,,,25,precision,0.32,,,0.02529822128134702,5,,,descriptive fixed-seed summary
budget_summary,chain_fixed_five_seed_mean,sheep,b1,kge,mean_0_4,,global_entries,,,25,recall,0.4,,,0.0316227766016838,5,,,descriptive fixed-seed summary
budget_summary,chain_fixed_five_seed_mean,sheep,b1,kge,mean_0_4,,global_entries,,,250,effective_k,134.0,,,0.0,5,,,descriptive fixed-seed summary
budget_summary,chain_fixed_five_seed_mean,sheep,b1,kge,mean_0_4,,global_entries,,,250,observed_value_capture,1.0,,,1.9860273225978183e-16,5,,,descriptive fixed-seed summary
budget_summary,chain_fixed_five_seed_mean,sheep,b1,kge,mean_0_4,,global_entries,,,250,precision,0.14925373134328357,,,0.0,5,,,descriptive fixed-seed summary
budget_summary,chain_fixed_five_seed_mean,sheep,b1,kge,mean_0_4,,global_entries,,,250,recall,1.0,,,0.0,5,,,descriptive fixed-seed summary
budget_summary,chain_fixed_five_seed_mean,sheep,b1,kge,mean_0_4,,global_entries,,,50,effective_k,50.0,,,0.0,5,,,descriptive fixed-seed summary
budget_summary,chain_fixed_five_seed_mean,sheep,b1,kge,mean_0_4,,global_entries,,,50,observed_value_capture,0.4191279659919943,,,0.2734066282009164,5,,,descriptive fixed-seed summary
budget_summary,chain_fixed_five_seed_mean,sheep,b1,kge,mean_0_4,,global_entries,,,50,precision,0.248,,,0.020396078054371148,5,,,descriptive fixed-seed summary
budget_summary,chain_fixed_five_seed_mean,sheep,b1,kge,mean_0_4,,global_entries,,,50,recall,0.62,,,0.05099019513592783,5,,,descriptive fixed-seed summary
budget_summary,chain_fixed_five_seed_mean,sheep,b1,nbfnet,mean_0_4,,global_entries,,,100,effective_k,100.0,,,0.0,5,,,descriptive fixed-seed summary
budget_summary,chain_fixed_five_seed_mean,sheep,b1,nbfnet,mean_0_4,,global_entries,,,100,observed_value_capture,0.8043251899253999,,,0.16513157152511693,5,,,descriptive fixed-seed summary
budget_summary,chain_fixed_five_seed_mean,sheep,b1,nbfnet,mean_0_4,,global_entries,,,100,precision,0.152,,,0.007483314773547881,5,,,descriptive fixed-seed summary
budget_summary,chain_fixed_five_seed_mean,sheep,b1,nbfnet,mean_0_4,,global_entries,,,100,recall,0.76,,,0.03741657386773945,5,,,descriptive fixed-seed summary
budget_summary,chain_fixed_five_seed_mean,sheep,b1,nbfnet,mean_0_4,,global_entries,,,25,effective_k,25.0,,,0.0,5,,,descriptive fixed-seed summary
budget_summary,chain_fixed_five_seed_mean,sheep,b1,nbfnet,mean_0_4,,global_entries,,,25,observed_value_capture,0.10697458016492604,,,0.09287593824580966,5,,,descriptive fixed-seed summary
budget_summary,chain_fixed_five_seed_mean,sheep,b1,nbfnet,mean_0_4,,global_entries,,,25,precision,0.12,,,0.025298221281347035,5,,,descriptive fixed-seed summary
budget_summary,chain_fixed_five_seed_mean,sheep,b1,nbfnet,mean_0_4,,global_entries,,,25,recall,0.15000000000000002,,,0.0316227766016838,5,,,descriptive fixed-seed summary
budget_summary,chain_fixed_five_seed_mean,sheep,b1,nbfnet,mean_0_4,,global_entries,,,250,effective_k,134.0,,,0.0,5,,,descriptive fixed-seed summary
budget_summary,chain_fixed_five_seed_mean,sheep,b1,nbfnet,mean_0_4,,global_entries,,,250,observed_value_capture,1.0,,,1.4043333874306804e-16,5,,,descriptive fixed-seed summary
budget_summary,chain_fixed_five_seed_mean,sheep,b1,nbfnet,mean_0_4,,global_entries,,,250,precision,0.14925373134328357,,,0.0,5,,,descriptive fixed-seed summary
budget_summary,chain_fixed_five_seed_mean,sheep,b1,nbfnet,mean_0_4,,global_entries,,,250,recall,1.0,,,0.0,5,,,descriptive fixed-seed summary
budget_summary,chain_fixed_five_seed_mean,sheep,b1,nbfnet,mean_0_4,,global_entries,,,50,effective_k,50.0,,,0.0,5,,,descriptive fixed-seed summary
budget_summary,chain_fixed_five_seed_mean,sheep,b1,nbfnet,mean_0_4,,global_entries,,,50,observed_value_capture,0.3106407952932176,,,0.2586894063371453,5,,,descriptive fixed-seed summary
budget_summary,chain_fixed_five_seed_mean,sheep,b1,nbfnet,mean_0_4,,global_entries,,,50,precision,0.14800000000000002,,,0.03249615361854384,5,,,descriptive fixed-seed summary
budget_summary,chain_fixed_five_seed_mean,sheep,b1,nbfnet,mean_0_4,,global_entries,,,50,recall,0.37,,,0.08124038404635961,5,,,descriptive fixed-seed summary
budget_summary,chain_fixed_five_seed_mean,sheep,b2,kge,mean_0_4,,per_positive_entry_destinations,,,1,effective_k_max,1.0,,,0.0,5,,,descriptive fixed-seed summary
budget_summary,chain_fixed_five_seed_mean,sheep,b2,kge,mean_0_4,,per_positive_entry_destinations,,,1,effective_k_mean,1.0,,,0.0,5,,,descriptive fixed-seed summary
budget_summary,chain_fixed_five_seed_mean,sheep,b2,kge,mean_0_4,,per_positive_entry_destinations,,,1,effective_k_min,1.0,,,0.0,5,,,descriptive fixed-seed summary
budget_summary,chain_fixed_five_seed_mean,sheep,b2,kge,mean_0_4,,per_positive_entry_destinations,,,1,macro_observed_value_capture,0.020469516481027468,,,0.02444437248204701,5,,,descriptive fixed-seed summary
budget_summary,chain_fixed_five_seed_mean,sheep,b2,kge,mean_0_4,,per_positive_entry_destinations,,,1,macro_recall,0.021666666666666667,,,0.02430515872691929,5,,,descriptive fixed-seed summary
budget_summary,chain_fixed_five_seed_mean,sheep,b2,kge,mean_0_4,,per_positive_entry_destinations,,,1,positive_entry_groups,20.0,,,0.0,5,,,descriptive fixed-seed summary
budget_summary,chain_fixed_five_seed_mean,sheep,b2,kge,mean_0_4,,per_positive_entry_destinations,,,3,effective_k_max,3.0,,,0.0,5,,,descriptive fixed-seed summary
budget_summary,chain_fixed_five_seed_mean,sheep,b2,kge,mean_0_4,,per_positive_entry_destinations,,,3,effective_k_mean,3.0,,,0.0,5,,,descriptive fixed-seed summary
budget_summary,chain_fixed_five_seed_mean,sheep,b2,kge,mean_0_4,,per_positive_entry_destinations,,,3,effective_k_min,3.0,,,0.0,5,,,descriptive fixed-seed summary
budget_summary,chain_fixed_five_seed_mean,sheep,b2,kge,mean_0_4,,per_positive_entry_destinations,,,3,macro_observed_value_capture,0.0427073279117013,,,0.035062335144182666,5,,,descriptive fixed-seed summary
budget_summary,chain_fixed_five_seed_mean,sheep,b2,kge,mean_0_4,,per_positive_entry_destinations,,,3,macro_recall,0.05111111111111111,,,0.03883329359400288,5,,,descriptive fixed-seed summary
budget_summary,chain_fixed_five_seed_mean,sheep,b2,kge,mean_0_4,,per_positive_entry_destinations,,,3,positive_entry_groups,20.0,,,0.0,5,,,descriptive fixed-seed summary
budget_summary,chain_fixed_five_seed_mean,sheep,b2,kge,mean_0_4,,per_positive_entry_destinations,,,5,effective_k_max,5.0,,,0.0,5,,,descriptive fixed-seed summary
budget_summary,chain_fixed_five_seed_mean,sheep,b2,kge,mean_0_4,,per_positive_entry_destinations,,,5,effective_k_mean,5.0,,,0.0,5,,,descriptive fixed-seed summary
budget_summary,chain_fixed_five_seed_mean,sheep,b2,kge,mean_0_4,,per_positive_entry_destinations,,,5,effective_k_min,5.0,,,0.0,5,,,descriptive fixed-seed summary
budget_summary,chain_fixed_five_seed_mean,sheep,b2,kge,mean_0_4,,per_positive_entry_destinations,,,5,macro_observed_value_capture,0.09460710183660608,,,0.04971464810058689,5,,,descriptive fixed-seed summary
budget_summary,chain_fixed_five_seed_mean,sheep,b2,kge,mean_0_4,,per_positive_entry_destinations,,,5,macro_recall,0.10055555555555555,,,0.04942259192507605,5,,,descriptive fixed-seed summary
budget_summary,chain_fixed_five_seed_mean,sheep,b2,kge,mean_0_4,,per_positive_entry_destinations,,,5,positive_entry_groups,20.0,,,0.0,5,,,descriptive fixed-seed summary
budget_summary,chain_fixed_five_seed_mean,sheep,b2,nbfnet,mean_0_4,,per_positive_entry_destinations,,,1,effective_k_max,1.0,,,0.0,5,,,descriptive fixed-seed summary
budget_summary,chain_fixed_five_seed_mean,sheep,b2,nbfnet,mean_0_4,,per_positive_entry_destinations,,,1,effective_k_mean,1.0,,,0.0,5,,,descriptive fixed-seed summary
budget_summary,chain_fixed_five_seed_mean,sheep,b2,nbfnet,mean_0_4,,per_positive_entry_destinations,,,1,effective_k_min,1.0,,,0.0,5,,,descriptive fixed-seed summary
budget_summary,chain_fixed_five_seed_mean,sheep,b2,nbfnet,mean_0_4,,per_positive_entry_destinations,,,1,macro_observed_value_capture,0.2603862203744952,,,0.025896521199898447,5,,,descriptive fixed-seed summary
budget_summary,chain_fixed_five_seed_mean,sheep,b2,nbfnet,mean_0_4,,per_positive_entry_destinations,,,1,macro_recall,0.24555555555555553,,,0.02696591355447021,5,,,descriptive fixed-seed summary
budget_summary,chain_fixed_five_seed_mean,sheep,b2,nbfnet,mean_0_4,,per_positive_entry_destinations,,,1,positive_entry_groups,20.0,,,0.0,5,,,descriptive fixed-seed summary
budget_summary,chain_fixed_five_seed_mean,sheep,b2,nbfnet,mean_0_4,,per_positive_entry_destinations,,,3,effective_k_max,3.0,,,0.0,5,,,descriptive fixed-seed summary
budget_summary,chain_fixed_five_seed_mean,sheep,b2,nbfnet,mean_0_4,,per_positive_entry_destinations,,,3,effective_k_mean,3.0,,,0.0,5,,,descriptive fixed-seed summary
budget_summary,chain_fixed_five_seed_mean,sheep,b2,nbfnet,mean_0_4,,per_positive_entry_destinations,,,3,effective_k_min,3.0,,,0.0,5,,,descriptive fixed-seed summary
budget_summary,chain_fixed_five_seed_mean,sheep,b2,nbfnet,mean_0_4,,per_positive_entry_destinations,,,3,macro_observed_value_capture,0.43838098472440523,,,0.05301753797310011,5,,,descriptive fixed-seed summary
budget_summary,chain_fixed_five_seed_mean,sheep,b2,nbfnet,mean_0_4,,per_positive_entry_destinations,,,3,macro_recall,0.4188888888888888,,,0.0557053536004672,5,,,descriptive fixed-seed summary
budget_summary,chain_fixed_five_seed_mean,sheep,b2,nbfnet,mean_0_4,,per_positive_entry_destinations,,,3,positive_entry_groups,20.0,,,0.0,5,,,descriptive fixed-seed summary
budget_summary,chain_fixed_five_seed_mean,sheep,b2,nbfnet,mean_0_4,,per_positive_entry_destinations,,,5,effective_k_max,5.0,,,0.0,5,,,descriptive fixed-seed summary
budget_summary,chain_fixed_five_seed_mean,sheep,b2,nbfnet,mean_0_4,,per_positive_entry_destinations,,,5,effective_k_mean,5.0,,,0.0,5,,,descriptive fixed-seed summary
budget_summary,chain_fixed_five_seed_mean,sheep,b2,nbfnet,mean_0_4,,per_positive_entry_destinations,,,5,effective_k_min,5.0,,,0.0,5,,,descriptive fixed-seed summary
budget_summary,chain_fixed_five_seed_mean,sheep,b2,nbfnet,mean_0_4,,per_positive_entry_destinations,,,5,macro_observed_value_capture,0.5269694850972548,,,0.0707439300803833,5,,,descriptive fixed-seed summary
budget_summary,chain_fixed_five_seed_mean,sheep,b2,nbfnet,mean_0_4,,per_positive_entry_destinations,,,5,macro_recall,0.5099999999999999,,,0.07167743243858316,5,,,descriptive fixed-seed summary
budget_summary,chain_fixed_five_seed_mean,sheep,b2,nbfnet,mean_0_4,,per_positive_entry_destinations,,,5,positive_entry_groups,20.0,,,0.0,5,,,descriptive fixed-seed summary
budget_summary,fixed_six_chain_fixed_five_seed_mean,fixed_six,a,kge,mean_0_4,,global_lanes,,,100,effective_k,100.0,,,,6,,,unweighted six-chain descriptive mean; not population inference
budget_summary,fixed_six_chain_fixed_five_seed_mean,fixed_six,a,kge,mean_0_4,,global_lanes,,,100,observed_value_capture,0.01645347154686457,,,,6,,,unweighted six-chain descriptive mean; not population inference
budget_summary,fixed_six_chain_fixed_five_seed_mean,fixed_six,a,kge,mean_0_4,,global_lanes,,,100,precision,0.3193333333333333,,,,6,,,unweighted six-chain descriptive mean; not population inference
budget_summary,fixed_six_chain_fixed_five_seed_mean,fixed_six,a,kge,mean_0_4,,global_lanes,,,100,recall,0.022359317630892838,,,,6,,,unweighted six-chain descriptive mean; not population inference
budget_summary,fixed_six_chain_fixed_five_seed_mean,fixed_six,a,kge,mean_0_4,,global_lanes,,,1000,effective_k,1000.0,,,,6,,,unweighted six-chain descriptive mean; not population inference
budget_summary,fixed_six_chain_fixed_five_seed_mean,fixed_six,a,kge,mean_0_4,,global_lanes,,,1000,observed_value_capture,0.15627803903780002,,,,6,,,unweighted six-chain descriptive mean; not population inference
budget_summary,fixed_six_chain_fixed_five_seed_mean,fixed_six,a,kge,mean_0_4,,global_lanes,,,1000,precision,0.25053333333333333,,,,6,,,unweighted six-chain descriptive mean; not population inference
budget_summary,fixed_six_chain_fixed_five_seed_mean,fixed_six,a,kge,mean_0_4,,global_lanes,,,1000,recall,0.164845920518303,,,,6,,,unweighted six-chain descriptive mean; not population inference
budget_summary,fixed_six_chain_fixed_five_seed_mean,fixed_six,a,kge,mean_0_4,,global_lanes,,,250,effective_k,250.0,,,,6,,,unweighted six-chain descriptive mean; not population inference
budget_summary,fixed_six_chain_fixed_five_seed_mean,fixed_six,a,kge,mean_0_4,,global_lanes,,,250,observed_value_capture,0.03970247116179862,,,,6,,,unweighted six-chain descriptive mean; not population inference
budget_summary,fixed_six_chain_fixed_five_seed_mean,fixed_six,a,kge,mean_0_4,,global_lanes,,,250,precision,0.2953333333333334,,,,6,,,unweighted six-chain descriptive mean; not population inference
budget_summary,fixed_six_chain_fixed_five_seed_mean,fixed_six,a,kge,mean_0_4,,global_lanes,,,250,recall,0.05192776103298729,,,,6,,,unweighted six-chain descriptive mean; not population inference
budget_summary,fixed_six_chain_fixed_five_seed_mean,fixed_six,a,kge,mean_0_4,,global_lanes,,,50,effective_k,50.0,,,,6,,,unweighted six-chain descriptive mean; not population inference
budget_summary,fixed_six_chain_fixed_five_seed_mean,fixed_six,a,kge,mean_0_4,,global_lanes,,,50,observed_value_capture,0.007889432292138919,,,,6,,,unweighted six-chain descriptive mean; not population inference
budget_summary,fixed_six_chain_fixed_five_seed_mean,fixed_six,a,kge,mean_0_4,,global_lanes,,,50,precision,0.33133333333333337,,,,6,,,unweighted six-chain descriptive mean; not population inference
budget_summary,fixed_six_chain_fixed_five_seed_mean,fixed_six,a,kge,mean_0_4,,global_lanes,,,50,recall,0.012278318769484806,,,,6,,,unweighted six-chain descriptive mean; not population inference
budget_summary,fixed_six_chain_fixed_five_seed_mean,fixed_six,a,kge,mean_0_4,,global_lanes,,,500,effective_k,500.0,,,,6,,,unweighted six-chain descriptive mean; not population inference
budget_summary,fixed_six_chain_fixed_five_seed_mean,fixed_six,a,kge,mean_0_4,,global_lanes,,,500,observed_value_capture,0.07692992763182462,,,,6,,,unweighted six-chain descriptive mean; not population inference
budget_summary,fixed_six_chain_fixed_five_seed_mean,fixed_six,a,kge,mean_0_4,,global_lanes,,,500,precision,0.273,,,,6,,,unweighted six-chain descriptive mean; not population inference
budget_summary,fixed_six_chain_fixed_five_seed_mean,fixed_six,a,kge,mean_0_4,,global_lanes,,,500,recall,0.09228075242716699,,,,6,,,unweighted six-chain descriptive mean; not population inference
budget_summary,fixed_six_chain_fixed_five_seed_mean,fixed_six,a,kge,mean_0_4,,per_exporter_lanes,,,10,effective_k_max,10.0,,,,6,,,unweighted six-chain descriptive mean; not population inference
budget_summary,fixed_six_chain_fixed_five_seed_mean,fixed_six,a,kge,mean_0_4,,per_exporter_lanes,,,10,effective_k_mean,10.0,,,,6,,,unweighted six-chain descriptive mean; not population inference
budget_summary,fixed_six_chain_fixed_five_seed_mean,fixed_six,a,kge,mean_0_4,,per_exporter_lanes,,,10,effective_k_min,10.0,,,,6,,,unweighted six-chain descriptive mean; not population inference
budget_summary,fixed_six_chain_fixed_five_seed_mean,fixed_six,a,kge,mean_0_4,,per_exporter_lanes,,,10,group_count,99.66666666666667,,,,6,,,unweighted six-chain descriptive mean; not population inference
budget_summary,fixed_six_chain_fixed_five_seed_mean,fixed_six,a,kge,mean_0_4,,per_exporter_lanes,,,10,macro_observed_value_capture,0.20917403083139033,,,,6,,,unweighted six-chain descriptive mean; not population inference
budget_summary,fixed_six_chain_fixed_five_seed_mean,fixed_six,a,kge,mean_0_4,,per_exporter_lanes,,,10,macro_precision,0.19088727464659858,,,,6,,,unweighted six-chain descriptive mean; not population inference
budget_summary,fixed_six_chain_fixed_five_seed_mean,fixed_six,a,kge,mean_0_4,,per_exporter_lanes,,,10,macro_recall,0.18626313054481514,,,,6,,,unweighted six-chain descriptive mean; not population inference
budget_summary,fixed_six_chain_fixed_five_seed_mean,fixed_six,a,kge,mean_0_4,,per_exporter_lanes,,,5,effective_k_max,5.0,,,,6,,,unweighted six-chain descriptive mean; not population inference
budget_summary,fixed_six_chain_fixed_five_seed_mean,fixed_six,a,kge,mean_0_4,,per_exporter_lanes,,,5,effective_k_mean,5.0,,,,6,,,unweighted six-chain descriptive mean; not population inference
budget_summary,fixed_six_chain_fixed_five_seed_mean,fixed_six,a,kge,mean_0_4,,per_exporter_lanes,,,5,effective_k_min,5.0,,,,6,,,unweighted six-chain descriptive mean; not population inference
budget_summary,fixed_six_chain_fixed_five_seed_mean,fixed_six,a,kge,mean_0_4,,per_exporter_lanes,,,5,group_count,99.66666666666667,,,,6,,,unweighted six-chain descriptive mean; not population inference
budget_summary,fixed_six_chain_fixed_five_seed_mean,fixed_six,a,kge,mean_0_4,,per_exporter_lanes,,,5,macro_observed_value_capture,0.12710006646019828,,,,6,,,unweighted six-chain descriptive mean; not population inference
budget_summary,fixed_six_chain_fixed_five_seed_mean,fixed_six,a,kge,mean_0_4,,per_exporter_lanes,,,5,macro_precision,0.21183941134723283,,,,6,,,unweighted six-chain descriptive mean; not population inference
budget_summary,fixed_six_chain_fixed_five_seed_mean,fixed_six,a,kge,mean_0_4,,per_exporter_lanes,,,5,macro_recall,0.11191236980915657,,,,6,,,unweighted six-chain descriptive mean; not population inference
budget_summary,fixed_six_chain_fixed_five_seed_mean,fixed_six,a,nbfnet,mean_0_4,,global_lanes,,,100,effective_k,100.0,,,,6,,,unweighted six-chain descriptive mean; not population inference
budget_summary,fixed_six_chain_fixed_five_seed_mean,fixed_six,a,nbfnet,mean_0_4,,global_lanes,,,100,observed_value_capture,0.023634427010614533,,,,6,,,unweighted six-chain descriptive mean; not population inference
budget_summary,fixed_six_chain_fixed_five_seed_mean,fixed_six,a,nbfnet,mean_0_4,,global_lanes,,,100,precision,0.2956666666666667,,,,6,,,unweighted six-chain descriptive mean; not population inference
budget_summary,fixed_six_chain_fixed_five_seed_mean,fixed_six,a,nbfnet,mean_0_4,,global_lanes,,,100,recall,0.018958391935994443,,,,6,,,unweighted six-chain descriptive mean; not population inference
budget_summary,fixed_six_chain_fixed_five_seed_mean,fixed_six,a,nbfnet,mean_0_4,,global_lanes,,,1000,effective_k,1000.0,,,,6,,,unweighted six-chain descriptive mean; not population inference
budget_summary,fixed_six_chain_fixed_five_seed_mean,fixed_six,a,nbfnet,mean_0_4,,global_lanes,,,1000,observed_value_capture,0.17471156419650283,,,,6,,,unweighted six-chain descriptive mean; not population inference
budget_summary,fixed_six_chain_fixed_five_seed_mean,fixed_six,a,nbfnet,mean_0_4,,global_lanes,,,1000,precision,0.23253333333333334,,,,6,,,unweighted six-chain descriptive mean; not population inference
budget_summary,fixed_six_chain_fixed_five_seed_mean,fixed_six,a,nbfnet,mean_0_4,,global_lanes,,,1000,recall,0.14312428471148372,,,,6,,,unweighted six-chain descriptive mean; not population inference
budget_summary,fixed_six_chain_fixed_five_seed_mean,fixed_six,a,nbfnet,mean_0_4,,global_lanes,,,250,effective_k,250.0,,,,6,,,unweighted six-chain descriptive mean; not population inference
budget_summary,fixed_six_chain_fixed_five_seed_mean,fixed_six,a,nbfnet,mean_0_4,,global_lanes,,,250,observed_value_capture,0.0564923160254762,,,,6,,,unweighted six-chain descriptive mean; not population inference
budget_summary,fixed_six_chain_fixed_five_seed_mean,fixed_six,a,nbfnet,mean_0_4,,global_lanes,,,250,precision,0.27640000000000003,,,,6,,,unweighted six-chain descriptive mean; not population inference
budget_summary,fixed_six_chain_fixed_five_seed_mean,fixed_six,a,nbfnet,mean_0_4,,global_lanes,,,250,recall,0.04422866799160243,,,,6,,,unweighted six-chain descriptive mean; not population inference
budget_summary,fixed_six_chain_fixed_five_seed_mean,fixed_six,a,nbfnet,mean_0_4,,global_lanes,,,50,effective_k,50.0,,,,6,,,unweighted six-chain descriptive mean; not population inference
budget_summary,fixed_six_chain_fixed_five_seed_mean,fixed_six,a,nbfnet,mean_0_4,,global_lanes,,,50,observed_value_capture,0.013042001959053398,,,,6,,,unweighted six-chain descriptive mean; not population inference
budget_summary,fixed_six_chain_fixed_five_seed_mean,fixed_six,a,nbfnet,mean_0_4,,global_lanes,,,50,precision,0.3086666666666667,,,,6,,,unweighted six-chain descriptive mean; not population inference
budget_summary,fixed_six_chain_fixed_five_seed_mean,fixed_six,a,nbfnet,mean_0_4,,global_lanes,,,50,recall,0.009911446699608027,,,,6,,,unweighted six-chain descriptive mean; not population inference
budget_summary,fixed_six_chain_fixed_five_seed_mean,fixed_six,a,nbfnet,mean_0_4,,global_lanes,,,500,effective_k,500.0,,,,6,,,unweighted six-chain descriptive mean; not population inference
budget_summary,fixed_six_chain_fixed_five_seed_mean,fixed_six,a,nbfnet,mean_0_4,,global_lanes,,,500,observed_value_capture,0.10269467749406962,,,,6,,,unweighted six-chain descriptive mean; not population inference
budget_summary,fixed_six_chain_fixed_five_seed_mean,fixed_six,a,nbfnet,mean_0_4,,global_lanes,,,500,precision,0.25399999999999995,,,,6,,,unweighted six-chain descriptive mean; not population inference
budget_summary,fixed_six_chain_fixed_five_seed_mean,fixed_six,a,nbfnet,mean_0_4,,global_lanes,,,500,recall,0.08083782968031514,,,,6,,,unweighted six-chain descriptive mean; not population inference
budget_summary,fixed_six_chain_fixed_five_seed_mean,fixed_six,a,nbfnet,mean_0_4,,per_exporter_lanes,,,10,effective_k_max,10.0,,,,6,,,unweighted six-chain descriptive mean; not population inference
budget_summary,fixed_six_chain_fixed_five_seed_mean,fixed_six,a,nbfnet,mean_0_4,,per_exporter_lanes,,,10,effective_k_mean,10.0,,,,6,,,unweighted six-chain descriptive mean; not population inference
budget_summary,fixed_six_chain_fixed_five_seed_mean,fixed_six,a,nbfnet,mean_0_4,,per_exporter_lanes,,,10,effective_k_min,10.0,,,,6,,,unweighted six-chain descriptive mean; not population inference
budget_summary,fixed_six_chain_fixed_five_seed_mean,fixed_six,a,nbfnet,mean_0_4,,per_exporter_lanes,,,10,group_count,99.66666666666667,,,,6,,,unweighted six-chain descriptive mean; not population inference
budget_summary,fixed_six_chain_fixed_five_seed_mean,fixed_six,a,nbfnet,mean_0_4,,per_exporter_lanes,,,10,macro_observed_value_capture,0.23222944223275646,,,,6,,,unweighted six-chain descriptive mean; not population inference
budget_summary,fixed_six_chain_fixed_five_seed_mean,fixed_six,a,nbfnet,mean_0_4,,per_exporter_lanes,,,10,macro_precision,0.1975091902230435,,,,6,,,unweighted six-chain descriptive mean; not population inference
budget_summary,fixed_six_chain_fixed_five_seed_mean,fixed_six,a,nbfnet,mean_0_4,,per_exporter_lanes,,,10,macro_recall,0.2060947414621448,,,,6,,,unweighted six-chain descriptive mean; not population inference
budget_summary,fixed_six_chain_fixed_five_seed_mean,fixed_six,a,nbfnet,mean_0_4,,per_exporter_lanes,,,5,effective_k_max,5.0,,,,6,,,unweighted six-chain descriptive mean; not population inference
budget_summary,fixed_six_chain_fixed_five_seed_mean,fixed_six,a,nbfnet,mean_0_4,,per_exporter_lanes,,,5,effective_k_mean,5.0,,,,6,,,unweighted six-chain descriptive mean; not population inference
budget_summary,fixed_six_chain_fixed_five_seed_mean,fixed_six,a,nbfnet,mean_0_4,,per_exporter_lanes,,,5,effective_k_min,5.0,,,,6,,,unweighted six-chain descriptive mean; not population inference
budget_summary,fixed_six_chain_fixed_five_seed_mean,fixed_six,a,nbfnet,mean_0_4,,per_exporter_lanes,,,5,group_count,99.66666666666667,,,,6,,,unweighted six-chain descriptive mean; not population inference
budget_summary,fixed_six_chain_fixed_five_seed_mean,fixed_six,a,nbfnet,mean_0_4,,per_exporter_lanes,,,5,macro_observed_value_capture,0.1541609436350492,,,,6,,,unweighted six-chain descriptive mean; not population inference
budget_summary,fixed_six_chain_fixed_five_seed_mean,fixed_six,a,nbfnet,mean_0_4,,per_exporter_lanes,,,5,macro_precision,0.22070988318893756,,,,6,,,unweighted six-chain descriptive mean; not population inference
budget_summary,fixed_six_chain_fixed_five_seed_mean,fixed_six,a,nbfnet,mean_0_4,,per_exporter_lanes,,,5,macro_recall,0.13416887017248913,,,,6,,,unweighted six-chain descriptive mean; not population inference
budget_summary,fixed_six_chain_fixed_five_seed_mean,fixed_six,b1,kge,mean_0_4,,global_entries,,,100,effective_k,97.66666666666667,,,,6,,,unweighted six-chain descriptive mean; not population inference
budget_summary,fixed_six_chain_fixed_five_seed_mean,fixed_six,b1,kge,mean_0_4,,global_entries,,,100,observed_value_capture,0.7689079527810402,,,,6,,,unweighted six-chain descriptive mean; not population inference
budget_summary,fixed_six_chain_fixed_five_seed_mean,fixed_six,b1,kge,mean_0_4,,global_entries,,,100,precision,0.30455813953488375,,,,6,,,unweighted six-chain descriptive mean; not population inference
budget_summary,fixed_six_chain_fixed_five_seed_mean,fixed_six,b1,kge,mean_0_4,,global_entries,,,100,recall,0.7201226551226552,,,,6,,,unweighted six-chain descriptive mean; not population inference
budget_summary,fixed_six_chain_fixed_five_seed_mean,fixed_six,b1,kge,mean_0_4,,global_entries,,,25,effective_k,25.0,,,,6,,,unweighted six-chain descriptive mean; not population inference
budget_summary,fixed_six_chain_fixed_five_seed_mean,fixed_six,b1,kge,mean_0_4,,global_entries,,,25,observed_value_capture,0.2910193558974864,,,,6,,,unweighted six-chain descriptive mean; not population inference
budget_summary,fixed_six_chain_fixed_five_seed_mean,fixed_six,b1,kge,mean_0_4,,global_entries,,,25,precision,0.44,,,,6,,,unweighted six-chain descriptive mean; not population inference
budget_summary,fixed_six_chain_fixed_five_seed_mean,fixed_six,b1,kge,mean_0_4,,global_entries,,,25,recall,0.27862483377189257,,,,6,,,unweighted six-chain descriptive mean; not population inference
budget_summary,fixed_six_chain_fixed_five_seed_mean,fixed_six,b1,kge,mean_0_4,,global_entries,,,250,effective_k,203.33333333333334,,,,6,,,unweighted six-chain descriptive mean; not population inference
budget_summary,fixed_six_chain_fixed_five_seed_mean,fixed_six,b1,kge,mean_0_4,,global_entries,,,250,observed_value_capture,0.9745866035475689,,,,6,,,unweighted six-chain descriptive mean; not population inference
budget_summary,fixed_six_chain_fixed_five_seed_mean,fixed_six,b1,kge,mean_0_4,,global_entries,,,250,precision,0.22756709475876433,,,,6,,,unweighted six-chain descriptive mean; not population inference
budget_summary,fixed_six_chain_fixed_five_seed_mean,fixed_six,b1,kge,mean_0_4,,global_entries,,,250,recall,0.9688732563732564,,,,6,,,unweighted six-chain descriptive mean; not population inference
budget_summary,fixed_six_chain_fixed_five_seed_mean,fixed_six,b1,kge,mean_0_4,,global_entries,,,50,effective_k,50.0,,,,6,,,unweighted six-chain descriptive mean; not population inference
budget_summary,fixed_six_chain_fixed_five_seed_mean,fixed_six,b1,kge,mean_0_4,,global_entries,,,50,observed_value_capture,0.5209221285864788,,,,6,,,unweighted six-chain descriptive mean; not population inference
budget_summary,fixed_six_chain_fixed_five_seed_mean,fixed_six,b1,kge,mean_0_4,,global_entries,,,50,precision,0.37266666666666665,,,,6,,,unweighted six-chain descriptive mean; not population inference
budget_summary,fixed_six_chain_fixed_five_seed_mean,fixed_six,b1,kge,mean_0_4,,global_entries,,,50,recall,0.4640706080411963,,,,6,,,unweighted six-chain descriptive mean; not population inference
budget_summary,fixed_six_chain_fixed_five_seed_mean,fixed_six,b1,nbfnet,mean_0_4,,global_entries,,,100,effective_k,97.66666666666667,,,,6,,,unweighted six-chain descriptive mean; not population inference
budget_summary,fixed_six_chain_fixed_five_seed_mean,fixed_six,b1,nbfnet,mean_0_4,,global_entries,,,100,observed_value_capture,0.6422681840267718,,,,6,,,unweighted six-chain descriptive mean; not population inference
budget_summary,fixed_six_chain_fixed_five_seed_mean,fixed_six,b1,nbfnet,mean_0_4,,global_entries,,,100,precision,0.25489147286821706,,,,6,,,unweighted six-chain descriptive mean; not population inference
budget_summary,fixed_six_chain_fixed_five_seed_mean,fixed_six,b1,nbfnet,mean_0_4,,global_entries,,,100,recall,0.61511063011063,,,,6,,,unweighted six-chain descriptive mean; not population inference
budget_summary,fixed_six_chain_fixed_five_seed_mean,fixed_six,b1,nbfnet,mean_0_4,,global_entries,,,25,effective_k,25.0,,,,6,,,unweighted six-chain descriptive mean; not population inference
budget_summary,fixed_six_chain_fixed_five_seed_mean,fixed_six,b1,nbfnet,mean_0_4,,global_entries,,,25,observed_value_capture,0.16352499990941058,,,,6,,,unweighted six-chain descriptive mean; not population inference
budget_summary,fixed_six_chain_fixed_five_seed_mean,fixed_six,b1,nbfnet,mean_0_4,,global_entries,,,25,precision,0.32,,,,6,,,unweighted six-chain descriptive mean; not population inference
budget_summary,fixed_six_chain_fixed_five_seed_mean,fixed_six,b1,nbfnet,mean_0_4,,global_entries,,,25,recall,0.19309481368304895,,,,6,,,unweighted six-chain descriptive mean; not population inference
budget_summary,fixed_six_chain_fixed_five_seed_mean,fixed_six,b1,nbfnet,mean_0_4,,global_entries,,,250,effective_k,203.33333333333334,,,,6,,,unweighted six-chain descriptive mean; not population inference
budget_summary,fixed_six_chain_fixed_five_seed_mean,fixed_six,b1,nbfnet,mean_0_4,,global_entries,,,250,observed_value_capture,0.9582795045008785,,,,6,,,unweighted six-chain descriptive mean; not population inference
budget_summary,fixed_six_chain_fixed_five_seed_mean,fixed_six,b1,nbfnet,mean_0_4,,global_entries,,,250,precision,0.21303376142543098,,,,6,,,unweighted six-chain descriptive mean; not population inference
budget_summary,fixed_six_chain_fixed_five_seed_mean,fixed_six,b1,nbfnet,mean_0_4,,global_entries,,,250,recall,0.9131794131794132,,,,6,,,unweighted six-chain descriptive mean; not population inference
budget_summary,fixed_six_chain_fixed_five_seed_mean,fixed_six,b1,nbfnet,mean_0_4,,global_entries,,,50,effective_k,50.0,,,,6,,,unweighted six-chain descriptive mean; not population inference
budget_summary,fixed_six_chain_fixed_five_seed_mean,fixed_six,b1,nbfnet,mean_0_4,,global_entries,,,50,observed_value_capture,0.2695863449197438,,,,6,,,unweighted six-chain descriptive mean; not population inference
budget_summary,fixed_six_chain_fixed_five_seed_mean,fixed_six,b1,nbfnet,mean_0_4,,global_entries,,,50,precision,0.2846666666666667,,,,6,,,unweighted six-chain descriptive mean; not population inference
budget_summary,fixed_six_chain_fixed_five_seed_mean,fixed_six,b1,nbfnet,mean_0_4,,global_entries,,,50,recall,0.3536848880966528,,,,6,,,unweighted six-chain descriptive mean; not population inference
budget_summary,fixed_six_chain_fixed_five_seed_mean,fixed_six,b2,kge,mean_0_4,,per_positive_entry_destinations,,,1,effective_k_max,1.0,,,,6,,,unweighted six-chain descriptive mean; not population inference
budget_summary,fixed_six_chain_fixed_five_seed_mean,fixed_six,b2,kge,mean_0_4,,per_positive_entry_destinations,,,1,effective_k_mean,1.0,,,,6,,,unweighted six-chain descriptive mean; not population inference
budget_summary,fixed_six_chain_fixed_five_seed_mean,fixed_six,b2,kge,mean_0_4,,per_positive_entry_destinations,,,1,effective_k_min,1.0,,,,6,,,unweighted six-chain descriptive mean; not population inference
budget_summary,fixed_six_chain_fixed_five_seed_mean,fixed_six,b2,kge,mean_0_4,,per_positive_entry_destinations,,,1,macro_observed_value_capture,0.0979431819523827,,,,6,,,unweighted six-chain descriptive mean; not population inference
budget_summary,fixed_six_chain_fixed_five_seed_mean,fixed_six,b2,kge,mean_0_4,,per_positive_entry_destinations,,,1,macro_recall,0.09932666836810966,,,,6,,,unweighted six-chain descriptive mean; not population inference
budget_summary,fixed_six_chain_fixed_five_seed_mean,fixed_six,b2,kge,mean_0_4,,per_positive_entry_destinations,,,1,positive_entry_groups,45.0,,,,6,,,unweighted six-chain descriptive mean; not population inference
budget_summary,fixed_six_chain_fixed_five_seed_mean,fixed_six,b2,kge,mean_0_4,,per_positive_entry_destinations,,,3,effective_k_max,3.0,,,,6,,,unweighted six-chain descriptive mean; not population inference
budget_summary,fixed_six_chain_fixed_five_seed_mean,fixed_six,b2,kge,mean_0_4,,per_positive_entry_destinations,,,3,effective_k_mean,3.0,,,,6,,,unweighted six-chain descriptive mean; not population inference
budget_summary,fixed_six_chain_fixed_five_seed_mean,fixed_six,b2,kge,mean_0_4,,per_positive_entry_destinations,,,3,effective_k_min,3.0,,,,6,,,unweighted six-chain descriptive mean; not population inference
budget_summary,fixed_six_chain_fixed_five_seed_mean,fixed_six,b2,kge,mean_0_4,,per_positive_entry_destinations,,,3,macro_observed_value_capture,0.21810950048808075,,,,6,,,unweighted six-chain descriptive mean; not population inference
budget_summary,fixed_six_chain_fixed_five_seed_mean,fixed_six,b2,kge,mean_0_4,,per_positive_entry_destinations,,,3,macro_recall,0.21468176659691193,,,,6,,,unweighted six-chain descriptive mean; not population inference
budget_summary,fixed_six_chain_fixed_five_seed_mean,fixed_six,b2,kge,mean_0_4,,per_positive_entry_destinations,,,3,positive_entry_groups,45.0,,,,6,,,unweighted six-chain descriptive mean; not population inference
budget_summary,fixed_six_chain_fixed_five_seed_mean,fixed_six,b2,kge,mean_0_4,,per_positive_entry_destinations,,,5,effective_k_max,5.0,,,,6,,,unweighted six-chain descriptive mean; not population inference
budget_summary,fixed_six_chain_fixed_five_seed_mean,fixed_six,b2,kge,mean_0_4,,per_positive_entry_destinations,,,5,effective_k_mean,5.0,,,,6,,,unweighted six-chain descriptive mean; not population inference
budget_summary,fixed_six_chain_fixed_five_seed_mean,fixed_six,b2,kge,mean_0_4,,per_positive_entry_destinations,,,5,effective_k_min,5.0,,,,6,,,unweighted six-chain descriptive mean; not population inference
budget_summary,fixed_six_chain_fixed_five_seed_mean,fixed_six,b2,kge,mean_0_4,,per_positive_entry_destinations,,,5,macro_observed_value_capture,0.30516584326651514,,,,6,,,unweighted six-chain descriptive mean; not population inference
budget_summary,fixed_six_chain_fixed_five_seed_mean,fixed_six,b2,kge,mean_0_4,,per_positive_entry_destinations,,,5,macro_recall,0.2988088369593328,,,,6,,,unweighted six-chain descriptive mean; not population inference
budget_summary,fixed_six_chain_fixed_five_seed_mean,fixed_six,b2,kge,mean_0_4,,per_positive_entry_destinations,,,5,positive_entry_groups,45.0,,,,6,,,unweighted six-chain descriptive mean; not population inference
budget_summary,fixed_six_chain_fixed_five_seed_mean,fixed_six,b2,nbfnet,mean_0_4,,per_positive_entry_destinations,,,1,effective_k_max,1.0,,,,6,,,unweighted six-chain descriptive mean; not population inference
budget_summary,fixed_six_chain_fixed_five_seed_mean,fixed_six,b2,nbfnet,mean_0_4,,per_positive_entry_destinations,,,1,effective_k_mean,1.0,,,,6,,,unweighted six-chain descriptive mean; not population inference
budget_summary,fixed_six_chain_fixed_five_seed_mean,fixed_six,b2,nbfnet,mean_0_4,,per_positive_entry_destinations,,,1,effective_k_min,1.0,,,,6,,,unweighted six-chain descriptive mean; not population inference
budget_summary,fixed_six_chain_fixed_five_seed_mean,fixed_six,b2,nbfnet,mean_0_4,,per_positive_entry_destinations,,,1,macro_observed_value_capture,0.203284427206231,,,,6,,,unweighted six-chain descriptive mean; not population inference
budget_summary,fixed_six_chain_fixed_five_seed_mean,fixed_six,b2,nbfnet,mean_0_4,,per_positive_entry_destinations,,,1,macro_recall,0.19417628679615948,,,,6,,,unweighted six-chain descriptive mean; not population inference
budget_summary,fixed_six_chain_fixed_five_seed_mean,fixed_six,b2,nbfnet,mean_0_4,,per_positive_entry_destinations,,,1,positive_entry_groups,45.0,,,,6,,,unweighted six-chain descriptive mean; not population inference
budget_summary,fixed_six_chain_fixed_five_seed_mean,fixed_six,b2,nbfnet,mean_0_4,,per_positive_entry_destinations,,,3,effective_k_max,3.0,,,,6,,,unweighted six-chain descriptive mean; not population inference
budget_summary,fixed_six_chain_fixed_five_seed_mean,fixed_six,b2,nbfnet,mean_0_4,,per_positive_entry_destinations,,,3,effective_k_mean,3.0,,,,6,,,unweighted six-chain descriptive mean; not population inference
budget_summary,fixed_six_chain_fixed_five_seed_mean,fixed_six,b2,nbfnet,mean_0_4,,per_positive_entry_destinations,,,3,effective_k_min,3.0,,,,6,,,unweighted six-chain descriptive mean; not population inference
budget_summary,fixed_six_chain_fixed_five_seed_mean,fixed_six,b2,nbfnet,mean_0_4,,per_positive_entry_destinations,,,3,macro_observed_value_capture,0.3882646066421583,,,,6,,,unweighted six-chain descriptive mean; not population inference
budget_summary,fixed_six_chain_fixed_five_seed_mean,fixed_six,b2,nbfnet,mean_0_4,,per_positive_entry_destinations,,,3,macro_recall,0.3757435277777006,,,,6,,,unweighted six-chain descriptive mean; not population inference
budget_summary,fixed_six_chain_fixed_five_seed_mean,fixed_six,b2,nbfnet,mean_0_4,,per_positive_entry_destinations,,,3,positive_entry_groups,45.0,,,,6,,,unweighted six-chain descriptive mean; not population inference
budget_summary,fixed_six_chain_fixed_five_seed_mean,fixed_six,b2,nbfnet,mean_0_4,,per_positive_entry_destinations,,,5,effective_k_max,5.0,,,,6,,,unweighted six-chain descriptive mean; not population inference
budget_summary,fixed_six_chain_fixed_five_seed_mean,fixed_six,b2,nbfnet,mean_0_4,,per_positive_entry_destinations,,,5,effective_k_mean,5.0,,,,6,,,unweighted six-chain descriptive mean; not population inference
budget_summary,fixed_six_chain_fixed_five_seed_mean,fixed_six,b2,nbfnet,mean_0_4,,per_positive_entry_destinations,,,5,effective_k_min,5.0,,,,6,,,unweighted six-chain descriptive mean; not population inference
budget_summary,fixed_six_chain_fixed_five_seed_mean,fixed_six,b2,nbfnet,mean_0_4,,per_positive_entry_destinations,,,5,macro_observed_value_capture,0.4840756174880423,,,,6,,,unweighted six-chain descriptive mean; not population inference
budget_summary,fixed_six_chain_fixed_five_seed_mean,fixed_six,b2,nbfnet,mean_0_4,,per_positive_entry_destinations,,,5,macro_recall,0.4705103094334275,,,,6,,,unweighted six-chain descriptive mean; not population inference
budget_summary,fixed_six_chain_fixed_five_seed_mean,fixed_six,b2,nbfnet,mean_0_4,,per_positive_entry_destinations,,,5,positive_entry_groups,45.0,,,,6,,,unweighted six-chain descriptive mean; not population inference
b1_pooling_sensitivity,chain_fixed_five_seed_mean,aluminium,b1,kge,mean_0_4,ecdf_mean,,,,,effective_k_at_100,100.0,,,0.0,5,,,descriptive fixed-seed summary
b1_pooling_sensitivity,chain_fixed_five_seed_mean,aluminium,b1,kge,mean_0_4,ecdf_mean,,,,,effective_k_at_25,25.0,,,0.0,5,,,descriptive fixed-seed summary
b1_pooling_sensitivity,chain_fixed_five_seed_mean,aluminium,b1,kge,mean_0_4,ecdf_mean,,,,,effective_k_at_250,250.0,,,0.0,5,,,descriptive fixed-seed summary
b1_pooling_sensitivity,chain_fixed_five_seed_mean,aluminium,b1,kge,mean_0_4,ecdf_mean,,,,,effective_k_at_50,50.0,,,0.0,5,,,descriptive fixed-seed summary
b1_pooling_sensitivity,chain_fixed_five_seed_mean,aluminium,b1,kge,mean_0_4,ecdf_mean,,,,,entry_average_precision,0.27900182525978845,,,0.009721016990470477,5,,,descriptive fixed-seed summary
b1_pooling_sensitivity,chain_fixed_five_seed_mean,aluminium,b1,kge,mean_0_4,ecdf_mean,,,,,entry_groups,358.0,,,0.0,5,,,descriptive fixed-seed summary
b1_pooling_sensitivity,chain_fixed_five_seed_mean,aluminium,b1,kge,mean_0_4,ecdf_mean,,,,,entry_precision_at_100,0.23399999999999999,,,0.013564659966250538,5,,,descriptive fixed-seed summary
b1_pooling_sensitivity,chain_fixed_five_seed_mean,aluminium,b1,kge,mean_0_4,ecdf_mean,,,,,entry_precision_at_25,0.272,,,0.016000000000000014,5,,,descriptive fixed-seed summary
b1_pooling_sensitivity,chain_fixed_five_seed_mean,aluminium,b1,kge,mean_0_4,ecdf_mean,,,,,entry_precision_at_250,0.22560000000000002,,,0.006499230723708766,5,,,descriptive fixed-seed summary
b1_pooling_sensitivity,chain_fixed_five_seed_mean,aluminium,b1,kge,mean_0_4,ecdf_mean,,,,,entry_precision_at_50,0.28400000000000003,,,0.01959591794226542,5,,,descriptive fixed-seed summary
b1_pooling_sensitivity,chain_fixed_five_seed_mean,aluminium,b1,kge,mean_0_4,ecdf_mean,,,,,entry_recall_at_100,0.325,,,0.01883980550868129,5,,,descriptive fixed-seed summary
b1_pooling_sensitivity,chain_fixed_five_seed_mean,aluminium,b1,kge,mean_0_4,ecdf_mean,,,,,entry_recall_at_25,0.09444444444444444,,,0.005555555555555558,5,,,descriptive fixed-seed summary
b1_pooling_sensitivity,chain_fixed_five_seed_mean,aluminium,b1,kge,mean_0_4,ecdf_mean,,,,,entry_recall_at_250,0.7833333333333334,,,0.02256677334621099,5,,,descriptive fixed-seed summary
b1_pooling_sensitivity,chain_fixed_five_seed_mean,aluminium,b1,kge,mean_0_4,ecdf_mean,,,,,entry_recall_at_50,0.19722222222222222,,,0.013608276348795429,5,,,descriptive fixed-seed summary
b1_pooling_sensitivity,chain_fixed_five_seed_mean,aluminium,b1,kge,mean_0_4,ecdf_mean,,,,,entry_value_capture_at_100,0.6506121621306391,,,0.002535136235954347,5,,,descriptive fixed-seed summary
b1_pooling_sensitivity,chain_fixed_five_seed_mean,aluminium,b1,kge,mean_0_4,ecdf_mean,,,,,entry_value_capture_at_25,0.043380476895316114,,,0.006557033770105466,5,,,descriptive fixed-seed summary
b1_pooling_sensitivity,chain_fixed_five_seed_mean,aluminium,b1,kge,mean_0_4,ecdf_mean,,,,,entry_value_capture_at_250,0.9531862434564806,,,0.031155896287615163,5,,,descriptive fixed-seed summary
b1_pooling_sensitivity,chain_fixed_five_seed_mean,aluminium,b1,kge,mean_0_4,ecdf_mean,,,,,entry_value_capture_at_50,0.6400753561640055,,,0.00028615780451237885,5,,,descriptive fixed-seed summary
b1_pooling_sensitivity,chain_fixed_five_seed_mean,aluminium,b1,kge,mean_0_4,ecdf_mean,,,,,positive_entries,72.0,,,0.0,5,,,descriptive fixed-seed summary
b1_pooling_sensitivity,chain_fixed_five_seed_mean,aluminium,b1,kge,mean_0_4,ecdf_top3_mean,,,,,effective_k_at_100,100.0,,,0.0,5,,,descriptive fixed-seed summary
b1_pooling_sensitivity,chain_fixed_five_seed_mean,aluminium,b1,kge,mean_0_4,ecdf_top3_mean,,,,,effective_k_at_25,25.0,,,0.0,5,,,descriptive fixed-seed summary
b1_pooling_sensitivity,chain_fixed_five_seed_mean,aluminium,b1,kge,mean_0_4,ecdf_top3_mean,,,,,effective_k_at_250,250.0,,,0.0,5,,,descriptive fixed-seed summary
b1_pooling_sensitivity,chain_fixed_five_seed_mean,aluminium,b1,kge,mean_0_4,ecdf_top3_mean,,,,,effective_k_at_50,50.0,,,0.0,5,,,descriptive fixed-seed summary
b1_pooling_sensitivity,chain_fixed_five_seed_mean,aluminium,b1,kge,mean_0_4,ecdf_top3_mean,,,,,entry_average_precision,0.36240144484010023,,,0.015921504944365,5,,,descriptive fixed-seed summary
b1_pooling_sensitivity,chain_fixed_five_seed_mean,aluminium,b1,kge,mean_0_4,ecdf_top3_mean,,,,,entry_groups,358.0,,,0.0,5,,,descriptive fixed-seed summary
b1_pooling_sensitivity,chain_fixed_five_seed_mean,aluminium,b1,kge,mean_0_4,ecdf_top3_mean,,,,,entry_precision_at_100,0.37,,,0.017888543819998333,5,,,descriptive fixed-seed summary
b1_pooling_sensitivity,chain_fixed_five_seed_mean,aluminium,b1,kge,mean_0_4,ecdf_top3_mean,,,,,entry_precision_at_25,0.42399999999999993,,,0.040792156108742275,5,,,descriptive fixed-seed summary
b1_pooling_sensitivity,chain_fixed_five_seed_mean,aluminium,b1,kge,mean_0_4,ecdf_top3_mean,,,,,entry_precision_at_250,0.2664,,,0.0032000000000000028,5,,,descriptive fixed-seed summary
b1_pooling_sensitivity,chain_fixed_five_seed_mean,aluminium,b1,kge,mean_0_4,ecdf_top3_mean,,,,,entry_precision_at_50,0.404,,,0.032000000000000015,5,,,descriptive fixed-seed summary
b1_pooling_sensitivity,chain_fixed_five_seed_mean,aluminium,b1,kge,mean_0_4,ecdf_top3_mean,,,,,entry_recall_at_100,0.5138888888888888,,,0.02484519974999765,5,,,descriptive fixed-seed summary
b1_pooling_sensitivity,chain_fixed_five_seed_mean,aluminium,b1,kge,mean_0_4,ecdf_top3_mean,,,,,entry_recall_at_25,0.14722222222222223,,,0.01416394309331329,5,,,descriptive fixed-seed summary
b1_pooling_sensitivity,chain_fixed_five_seed_mean,aluminium,b1,kge,mean_0_4,ecdf_top3_mean,,,,,entry_recall_at_250,0.925,,,0.01111111111111112,5,,,descriptive fixed-seed summary
b1_pooling_sensitivity,chain_fixed_five_seed_mean,aluminium,b1,kge,mean_0_4,ecdf_top3_mean,,,,,entry_recall_at_50,0.28055555555555556,,,0.022222222222222213,5,,,descriptive fixed-seed summary
b1_pooling_sensitivity,chain_fixed_five_seed_mean,aluminium,b1,kge,mean_0_4,ecdf_top3_mean,,,,,entry_value_capture_at_100,0.718572549636157,,,0.08075865233709502,5,,,descriptive fixed-seed summary
b1_pooling_sensitivity,chain_fixed_five_seed_mean,aluminium,b1,kge,mean_0_4,ecdf_top3_mean,,,,,entry_value_capture_at_25,0.28027162956875756,,,0.2920957237711249,5,,,descriptive fixed-seed summary
b1_pooling_sensitivity,chain_fixed_five_seed_mean,aluminium,b1,kge,mean_0_4,ecdf_top3_mean,,,,,entry_value_capture_at_250,0.9866834889041852,,,0.0053171544890831144,5,,,descriptive fixed-seed summary
b1_pooling_sensitivity,chain_fixed_five_seed_mean,aluminium,b1,kge,mean_0_4,ecdf_top3_mean,,,,,entry_value_capture_at_50,0.6458485045808245,,,0.0026981156842615446,5,,,descriptive fixed-seed summary
b1_pooling_sensitivity,chain_fixed_five_seed_mean,aluminium,b1,kge,mean_0_4,ecdf_top3_mean,,,,,positive_entries,72.0,,,0.0,5,,,descriptive fixed-seed summary
b1_pooling_sensitivity,chain_fixed_five_seed_mean,aluminium,b1,kge,mean_0_4,official_raw_max,,,,,effective_k_at_100,100.0,,,0.0,5,,,descriptive fixed-seed summary
b1_pooling_sensitivity,chain_fixed_five_seed_mean,aluminium,b1,kge,mean_0_4,official_raw_max,,,,,effective_k_at_25,25.0,,,0.0,5,,,descriptive fixed-seed summary
b1_pooling_sensitivity,chain_fixed_five_seed_mean,aluminium,b1,kge,mean_0_4,official_raw_max,,,,,effective_k_at_250,250.0,,,0.0,5,,,descriptive fixed-seed summary
b1_pooling_sensitivity,chain_fixed_five_seed_mean,aluminium,b1,kge,mean_0_4,official_raw_max,,,,,effective_k_at_50,50.0,,,0.0,5,,,descriptive fixed-seed summary
b1_pooling_sensitivity,chain_fixed_five_seed_mean,aluminium,b1,kge,mean_0_4,official_raw_max,,,,,entry_average_precision,0.3605431529865478,,,0.01444909265196351,5,,,descriptive fixed-seed summary
b1_pooling_sensitivity,chain_fixed_five_seed_mean,aluminium,b1,kge,mean_0_4,official_raw_max,,,,,entry_groups,358.0,,,0.0,5,,,descriptive fixed-seed summary
b1_pooling_sensitivity,chain_fixed_five_seed_mean,aluminium,b1,kge,mean_0_4,official_raw_max,,,,,entry_precision_at_100,0.35600000000000004,,,0.020591260281974,5,,,descriptive fixed-seed summary
b1_pooling_sensitivity,chain_fixed_five_seed_mean,aluminium,b1,kge,mean_0_4,official_raw_max,,,,,entry_precision_at_25,0.43999999999999995,,,0.03577708763999662,5,,,descriptive fixed-seed summary
b1_pooling_sensitivity,chain_fixed_five_seed_mean,aluminium,b1,kge,mean_0_4,official_raw_max,,,,,entry_precision_at_250,0.26480000000000004,,,0.003919183588453088,5,,,descriptive fixed-seed summary
b1_pooling_sensitivity,chain_fixed_five_seed_mean,aluminium,b1,kge,mean_0_4,official_raw_max,,,,,entry_precision_at_50,0.41200000000000003,,,0.029933259094191533,5,,,descriptive fixed-seed summary
b1_pooling_sensitivity,chain_fixed_five_seed_mean,aluminium,b1,kge,mean_0_4,official_raw_max,,,,,entry_recall_at_100,0.49444444444444435,,,0.028598972613852785,5,,,descriptive fixed-seed summary
b1_pooling_sensitivity,chain_fixed_five_seed_mean,aluminium,b1,kge,mean_0_4,official_raw_max,,,,,entry_recall_at_25,0.15277777777777776,,,0.012422599874998825,5,,,descriptive fixed-seed summary
b1_pooling_sensitivity,chain_fixed_five_seed_mean,aluminium,b1,kge,mean_0_4,official_raw_max,,,,,entry_recall_at_250,0.9194444444444445,,,0.013608276348795427,5,,,descriptive fixed-seed summary
b1_pooling_sensitivity,chain_fixed_five_seed_mean,aluminium,b1,kge,mean_0_4,official_raw_max,,,,,entry_recall_at_50,0.28611111111111115,,,0.020786985482077462,5,,,descriptive fixed-seed summary
b1_pooling_sensitivity,chain_fixed_five_seed_mean,aluminium,b1,kge,mean_0_4,official_raw_max,,,,,entry_value_capture_at_100,0.675485682117476,,,0.033509584596733824,5,,,descriptive fixed-seed summary
b1_pooling_sensitivity,chain_fixed_five_seed_mean,aluminium,b1,kge,mean_0_4,official_raw_max,,,,,entry_value_capture_at_25,0.3973038242724312,,,0.2948950251989536,5,,,descriptive fixed-seed summary
b1_pooling_sensitivity,chain_fixed_five_seed_mean,aluminium,b1,kge,mean_0_4,official_raw_max,,,,,entry_value_capture_at_250,0.987929092298109,,,0.0032293947591525143,5,,,descriptive fixed-seed summary
b1_pooling_sensitivity,chain_fixed_five_seed_mean,aluminium,b1,kge,mean_0_4,official_raw_max,,,,,entry_value_capture_at_50,0.6462122598374445,,,0.0028811193699648592,5,,,descriptive fixed-seed summary
b1_pooling_sensitivity,chain_fixed_five_seed_mean,aluminium,b1,kge,mean_0_4,official_raw_max,,,,,positive_entries,72.0,,,0.0,5,,,descriptive fixed-seed summary
b1_pooling_sensitivity,chain_fixed_five_seed_mean,aluminium,b1,nbfnet,mean_0_4,ecdf_mean,,,,,effective_k_at_100,100.0,,,0.0,5,,,descriptive fixed-seed summary
b1_pooling_sensitivity,chain_fixed_five_seed_mean,aluminium,b1,nbfnet,mean_0_4,ecdf_mean,,,,,effective_k_at_25,25.0,,,0.0,5,,,descriptive fixed-seed summary
b1_pooling_sensitivity,chain_fixed_five_seed_mean,aluminium,b1,nbfnet,mean_0_4,ecdf_mean,,,,,effective_k_at_250,250.0,,,0.0,5,,,descriptive fixed-seed summary
b1_pooling_sensitivity,chain_fixed_five_seed_mean,aluminium,b1,nbfnet,mean_0_4,ecdf_mean,,,,,effective_k_at_50,50.0,,,0.0,5,,,descriptive fixed-seed summary
b1_pooling_sensitivity,chain_fixed_five_seed_mean,aluminium,b1,nbfnet,mean_0_4,ecdf_mean,,,,,entry_average_precision,0.20012562323095642,,,0.018308563263278965,5,,,descriptive fixed-seed summary
b1_pooling_sensitivity,chain_fixed_five_seed_mean,aluminium,b1,nbfnet,mean_0_4,ecdf_mean,,,,,entry_groups,358.0,,,0.0,5,,,descriptive fixed-seed summary
b1_pooling_sensitivity,chain_fixed_five_seed_mean,aluminium,b1,nbfnet,mean_0_4,ecdf_mean,,,,,entry_precision_at_100,0.198,,,0.049558046773455475,5,,,descriptive fixed-seed summary
b1_pooling_sensitivity,chain_fixed_five_seed_mean,aluminium,b1,nbfnet,mean_0_4,ecdf_mean,,,,,entry_precision_at_25,0.136,,,0.07418894796396563,5,,,descriptive fixed-seed summary
b1_pooling_sensitivity,chain_fixed_five_seed_mean,aluminium,b1,nbfnet,mean_0_4,ecdf_mean,,,,,entry_precision_at_250,0.2056,,,0.009329523031752478,5,,,descriptive fixed-seed summary
b1_pooling_sensitivity,chain_fixed_five_seed_mean,aluminium,b1,nbfnet,mean_0_4,ecdf_mean,,,,,entry_precision_at_50,0.168,,,0.056,5,,,descriptive fixed-seed summary
b1_pooling_sensitivity,chain_fixed_five_seed_mean,aluminium,b1,nbfnet,mean_0_4,ecdf_mean,,,,,entry_recall_at_100,0.275,,,0.06883062051868814,5,,,descriptive fixed-seed summary
b1_pooling_sensitivity,chain_fixed_five_seed_mean,aluminium,b1,nbfnet,mean_0_4,ecdf_mean,,,,,entry_recall_at_25,0.04722222222222222,,,0.025760051376376956,5,,,descriptive fixed-seed summary
b1_pooling_sensitivity,chain_fixed_five_seed_mean,aluminium,b1,nbfnet,mean_0_4,ecdf_mean,,,,,entry_recall_at_250,0.7138888888888889,,,0.032394177193585,5,,,descriptive fixed-seed summary
b1_pooling_sensitivity,chain_fixed_five_seed_mean,aluminium,b1,nbfnet,mean_0_4,ecdf_mean,,,,,entry_recall_at_50,0.11666666666666667,,,0.038888888888888896,5,,,descriptive fixed-seed summary
b1_pooling_sensitivity,chain_fixed_five_seed_mean,aluminium,b1,nbfnet,mean_0_4,ecdf_mean,,,,,entry_value_capture_at_100,0.5603195395025237,,,0.20750849426601145,5,,,descriptive fixed-seed summary
b1_pooling_sensitivity,chain_fixed_five_seed_mean,aluminium,b1,nbfnet,mean_0_4,ecdf_mean,,,,,entry_value_capture_at_25,0.26974126450378344,,,0.2615482852185295,5,,,descriptive fixed-seed summary
b1_pooling_sensitivity,chain_fixed_five_seed_mean,aluminium,b1,nbfnet,mean_0_4,ecdf_mean,,,,,entry_value_capture_at_250,0.811506269645316,,,0.075949436214865,5,,,descriptive fixed-seed summary
b1_pooling_sensitivity,chain_fixed_five_seed_mean,aluminium,b1,nbfnet,mean_0_4,ecdf_mean,,,,,entry_value_capture_at_50,0.298210765168549,,,0.2560608235249273,5,,,descriptive fixed-seed summary
b1_pooling_sensitivity,chain_fixed_five_seed_mean,aluminium,b1,nbfnet,mean_0_4,ecdf_mean,,,,,positive_entries,72.0,,,0.0,5,,,descriptive fixed-seed summary
b1_pooling_sensitivity,chain_fixed_five_seed_mean,aluminium,b1,nbfnet,mean_0_4,ecdf_top3_mean,,,,,effective_k_at_100,100.0,,,0.0,5,,,descriptive fixed-seed summary
b1_pooling_sensitivity,chain_fixed_five_seed_mean,aluminium,b1,nbfnet,mean_0_4,ecdf_top3_mean,,,,,effective_k_at_25,25.0,,,0.0,5,,,descriptive fixed-seed summary
b1_pooling_sensitivity,chain_fixed_five_seed_mean,aluminium,b1,nbfnet,mean_0_4,ecdf_top3_mean,,,,,effective_k_at_250,250.0,,,0.0,5,,,descriptive fixed-seed summary
b1_pooling_sensitivity,chain_fixed_five_seed_mean,aluminium,b1,nbfnet,mean_0_4,ecdf_top3_mean,,,,,effective_k_at_50,50.0,,,0.0,5,,,descriptive fixed-seed summary
b1_pooling_sensitivity,chain_fixed_five_seed_mean,aluminium,b1,nbfnet,mean_0_4,ecdf_top3_mean,,,,,entry_average_precision,0.26676552403003295,,,0.015945371687209848,5,,,descriptive fixed-seed summary
b1_pooling_sensitivity,chain_fixed_five_seed_mean,aluminium,b1,nbfnet,mean_0_4,ecdf_top3_mean,,,,,entry_groups,358.0,,,0.0,5,,,descriptive fixed-seed summary
b1_pooling_sensitivity,chain_fixed_five_seed_mean,aluminium,b1,nbfnet,mean_0_4,ecdf_top3_mean,,,,,entry_precision_at_100,0.262,,,0.013266499161421611,5,,,descriptive fixed-seed summary
b1_pooling_sensitivity,chain_fixed_five_seed_mean,aluminium,b1,nbfnet,mean_0_4,ecdf_top3_mean,,,,,entry_precision_at_25,0.288,,,0.08158431221748456,5,,,descriptive fixed-seed summary
b1_pooling_sensitivity,chain_fixed_five_seed_mean,aluminium,b1,nbfnet,mean_0_4,ecdf_top3_mean,,,,,entry_precision_at_250,0.23279999999999998,,,0.011426285485668557,5,,,descriptive fixed-seed summary
b1_pooling_sensitivity,chain_fixed_five_seed_mean,aluminium,b1,nbfnet,mean_0_4,ecdf_top3_mean,,,,,entry_precision_at_50,0.28400000000000003,,,0.05122499389946279,5,,,descriptive fixed-seed summary
b1_pooling_sensitivity,chain_fixed_five_seed_mean,aluminium,b1,nbfnet,mean_0_4,ecdf_top3_mean,,,,,entry_recall_at_100,0.3638888888888889,,,0.018425693279752228,5,,,descriptive fixed-seed summary
b1_pooling_sensitivity,chain_fixed_five_seed_mean,aluminium,b1,nbfnet,mean_0_4,ecdf_top3_mean,,,,,entry_recall_at_25,0.1,,,0.02832788618662659,5,,,descriptive fixed-seed summary
b1_pooling_sensitivity,chain_fixed_five_seed_mean,aluminium,b1,nbfnet,mean_0_4,ecdf_top3_mean,,,,,entry_recall_at_250,0.8083333333333333,,,0.03967460238079363,5,,,descriptive fixed-seed summary
b1_pooling_sensitivity,chain_fixed_five_seed_mean,aluminium,b1,nbfnet,mean_0_4,ecdf_top3_mean,,,,,entry_recall_at_50,0.19722222222222222,,,0.0355729124301825,5,,,descriptive fixed-seed summary
b1_pooling_sensitivity,chain_fixed_five_seed_mean,aluminium,b1,nbfnet,mean_0_4,ecdf_top3_mean,,,,,entry_value_capture_at_100,0.4422309460562418,,,0.2873406953275408,5,,,descriptive fixed-seed summary
b1_pooling_sensitivity,chain_fixed_five_seed_mean,aluminium,b1,nbfnet,mean_0_4,ecdf_top3_mean,,,,,entry_value_capture_at_25,0.14707391816327395,,,0.26363824842584677,5,,,descriptive fixed-seed summary
b1_pooling_sensitivity,chain_fixed_five_seed_mean,aluminium,b1,nbfnet,mean_0_4,ecdf_top3_mean,,,,,entry_value_capture_at_250,0.9827610910475439,,,0.010810060820858265,5,,,descriptive fixed-seed summary
b1_pooling_sensitivity,chain_fixed_five_seed_mean,aluminium,b1,nbfnet,mean_0_4,ecdf_top3_mean,,,,,entry_value_capture_at_50,0.18396130755835102,,,0.26668058096129293,5,,,descriptive fixed-seed summary
b1_pooling_sensitivity,chain_fixed_five_seed_mean,aluminium,b1,nbfnet,mean_0_4,ecdf_top3_mean,,,,,positive_entries,72.0,,,0.0,5,,,descriptive fixed-seed summary
b1_pooling_sensitivity,chain_fixed_five_seed_mean,aluminium,b1,nbfnet,mean_0_4,official_raw_max,,,,,effective_k_at_100,100.0,,,0.0,5,,,descriptive fixed-seed summary
b1_pooling_sensitivity,chain_fixed_five_seed_mean,aluminium,b1,nbfnet,mean_0_4,official_raw_max,,,,,effective_k_at_25,25.0,,,0.0,5,,,descriptive fixed-seed summary
b1_pooling_sensitivity,chain_fixed_five_seed_mean,aluminium,b1,nbfnet,mean_0_4,official_raw_max,,,,,effective_k_at_250,250.0,,,0.0,5,,,descriptive fixed-seed summary
b1_pooling_sensitivity,chain_fixed_five_seed_mean,aluminium,b1,nbfnet,mean_0_4,official_raw_max,,,,,effective_k_at_50,50.0,,,0.0,5,,,descriptive fixed-seed summary
b1_pooling_sensitivity,chain_fixed_five_seed_mean,aluminium,b1,nbfnet,mean_0_4,official_raw_max,,,,,entry_average_precision,0.2951207255788714,,,0.035832294107377344,5,,,descriptive fixed-seed summary
b1_pooling_sensitivity,chain_fixed_five_seed_mean,aluminium,b1,nbfnet,mean_0_4,official_raw_max,,,,,entry_groups,358.0,,,0.0,5,,,descriptive fixed-seed summary
b1_pooling_sensitivity,chain_fixed_five_seed_mean,aluminium,b1,nbfnet,mean_0_4,official_raw_max,,,,,entry_precision_at_100,0.28400000000000003,,,0.03929376540877699,5,,,descriptive fixed-seed summary
b1_pooling_sensitivity,chain_fixed_five_seed_mean,aluminium,b1,nbfnet,mean_0_4,official_raw_max,,,,,entry_precision_at_25,0.384,,,0.054258639865002144,5,,,descriptive fixed-seed summary
b1_pooling_sensitivity,chain_fixed_five_seed_mean,aluminium,b1,nbfnet,mean_0_4,official_raw_max,,,,,entry_precision_at_250,0.22560000000000002,,,0.014221111067704944,5,,,descriptive fixed-seed summary
b1_pooling_sensitivity,chain_fixed_five_seed_mean,aluminium,b1,nbfnet,mean_0_4,official_raw_max,,,,,entry_precision_at_50,0.33599999999999997,,,0.05276362383309167,5,,,descriptive fixed-seed summary
b1_pooling_sensitivity,chain_fixed_five_seed_mean,aluminium,b1,nbfnet,mean_0_4,official_raw_max,,,,,entry_recall_at_100,0.3944444444444445,,,0.05457467417885695,5,,,descriptive fixed-seed summary
b1_pooling_sensitivity,chain_fixed_five_seed_mean,aluminium,b1,nbfnet,mean_0_4,official_raw_max,,,,,entry_recall_at_25,0.13333333333333333,,,0.018839805508681303,5,,,descriptive fixed-seed summary
b1_pooling_sensitivity,chain_fixed_five_seed_mean,aluminium,b1,nbfnet,mean_0_4,official_raw_max,,,,,entry_recall_at_250,0.7833333333333333,,,0.04937885787397549,5,,,descriptive fixed-seed summary
b1_pooling_sensitivity,chain_fixed_five_seed_mean,aluminium,b1,nbfnet,mean_0_4,official_raw_max,,,,,entry_recall_at_50,0.2333333333333333,,,0.03664140543964701,5,,,descriptive fixed-seed summary
b1_pooling_sensitivity,chain_fixed_five_seed_mean,aluminium,b1,nbfnet,mean_0_4,official_raw_max,,,,,entry_value_capture_at_100,0.1371664205406948,,,0.08293803868346517,5,,,descriptive fixed-seed summary
b1_pooling_sensitivity,chain_fixed_five_seed_mean,aluminium,b1,nbfnet,mean_0_4,official_raw_max,,,,,entry_value_capture_at_25,0.010866850142471135,,,0.003829511902095685,5,,,descriptive fixed-seed summary
b1_pooling_sensitivity,chain_fixed_five_seed_mean,aluminium,b1,nbfnet,mean_0_4,official_raw_max,,,,,entry_value_capture_at_250,0.8089625759075141,,,0.32239064729879086,5,,,descriptive fixed-seed summary
b1_pooling_sensitivity,chain_fixed_five_seed_mean,aluminium,b1,nbfnet,mean_0_4,official_raw_max,,,,,entry_value_capture_at_50,0.01768716307475805,,,0.003515713170136184,5,,,descriptive fixed-seed summary
b1_pooling_sensitivity,chain_fixed_five_seed_mean,aluminium,b1,nbfnet,mean_0_4,official_raw_max,,,,,positive_entries,72.0,,,0.0,5,,,descriptive fixed-seed summary
b1_pooling_sensitivity,chain_fixed_five_seed_mean,cocoa,b1,kge,mean_0_4,ecdf_mean,,,,,effective_k_at_100,100.0,,,0.0,5,,,descriptive fixed-seed summary
b1_pooling_sensitivity,chain_fixed_five_seed_mean,cocoa,b1,kge,mean_0_4,ecdf_mean,,,,,effective_k_at_25,25.0,,,0.0,5,,,descriptive fixed-seed summary
b1_pooling_sensitivity,chain_fixed_five_seed_mean,cocoa,b1,kge,mean_0_4,ecdf_mean,,,,,effective_k_at_250,250.0,,,0.0,5,,,descriptive fixed-seed summary
b1_pooling_sensitivity,chain_fixed_five_seed_mean,cocoa,b1,kge,mean_0_4,ecdf_mean,,,,,effective_k_at_50,50.0,,,0.0,5,,,descriptive fixed-seed summary
b1_pooling_sensitivity,chain_fixed_five_seed_mean,cocoa,b1,kge,mean_0_4,ecdf_mean,,,,,entry_average_precision,0.4390687911089134,,,0.02230484302075674,5,,,descriptive fixed-seed summary
b1_pooling_sensitivity,chain_fixed_five_seed_mean,cocoa,b1,kge,mean_0_4,ecdf_mean,,,,,entry_groups,277.0,,,0.0,5,,,descriptive fixed-seed summary
b1_pooling_sensitivity,chain_fixed_five_seed_mean,cocoa,b1,kge,mean_0_4,ecdf_mean,,,,,entry_precision_at_100,0.29,,,0.01414213562373094,5,,,descriptive fixed-seed summary
b1_pooling_sensitivity,chain_fixed_five_seed_mean,cocoa,b1,kge,mean_0_4,ecdf_mean,,,,,entry_precision_at_25,0.512,,,0.04664761515876243,5,,,descriptive fixed-seed summary
b1_pooling_sensitivity,chain_fixed_five_seed_mean,cocoa,b1,kge,mean_0_4,ecdf_mean,,,,,entry_precision_at_250,0.164,,,0.0025298221281347057,5,,,descriptive fixed-seed summary
b1_pooling_sensitivity,chain_fixed_five_seed_mean,cocoa,b1,kge,mean_0_4,ecdf_mean,,,,,entry_precision_at_50,0.43200000000000005,,,0.016000000000000014,5,,,descriptive fixed-seed summary
b1_pooling_sensitivity,chain_fixed_five_seed_mean,cocoa,b1,kge,mean_0_4,ecdf_mean,,,,,entry_recall_at_100,0.6904761904761905,,,0.033671751485073696,5,,,descriptive fixed-seed summary
b1_pooling_sensitivity,chain_fixed_five_seed_mean,cocoa,b1,kge,mean_0_4,ecdf_mean,,,,,entry_recall_at_25,0.30476190476190473,,,0.027766437594501422,5,,,descriptive fixed-seed summary
b1_pooling_sensitivity,chain_fixed_five_seed_mean,cocoa,b1,kge,mean_0_4,ecdf_mean,,,,,entry_recall_at_250,0.9761904761904763,,,0.01505846504842087,5,,,descriptive fixed-seed summary
b1_pooling_sensitivity,chain_fixed_five_seed_mean,cocoa,b1,kge,mean_0_4,ecdf_mean,,,,,entry_recall_at_50,0.5142857142857143,,,0.01904761904761907,5,,,descriptive fixed-seed summary
b1_pooling_sensitivity,chain_fixed_five_seed_mean,cocoa,b1,kge,mean_0_4,ecdf_mean,,,,,entry_value_capture_at_100,0.728536274964972,,,0.01763210521656986,5,,,descriptive fixed-seed summary
b1_pooling_sensitivity,chain_fixed_five_seed_mean,cocoa,b1,kge,mean_0_4,ecdf_mean,,,,,entry_value_capture_at_25,0.461783565881002,,,0.011520901461194272,5,,,descriptive fixed-seed summary
b1_pooling_sensitivity,chain_fixed_five_seed_mean,cocoa,b1,kge,mean_0_4,ecdf_mean,,,,,entry_value_capture_at_250,0.9933470904359869,,,0.006353440525194688,5,,,descriptive fixed-seed summary
b1_pooling_sensitivity,chain_fixed_five_seed_mean,cocoa,b1,kge,mean_0_4,ecdf_mean,,,,,entry_value_capture_at_50,0.6154993541512876,,,0.040657067210706076,5,,,descriptive fixed-seed summary
b1_pooling_sensitivity,chain_fixed_five_seed_mean,cocoa,b1,kge,mean_0_4,ecdf_mean,,,,,positive_entries,42.0,,,0.0,5,,,descriptive fixed-seed summary
b1_pooling_sensitivity,chain_fixed_five_seed_mean,cocoa,b1,kge,mean_0_4,ecdf_top3_mean,,,,,effective_k_at_100,100.0,,,0.0,5,,,descriptive fixed-seed summary
b1_pooling_sensitivity,chain_fixed_five_seed_mean,cocoa,b1,kge,mean_0_4,ecdf_top3_mean,,,,,effective_k_at_25,25.0,,,0.0,5,,,descriptive fixed-seed summary
b1_pooling_sensitivity,chain_fixed_five_seed_mean,cocoa,b1,kge,mean_0_4,ecdf_top3_mean,,,,,effective_k_at_250,250.0,,,0.0,5,,,descriptive fixed-seed summary
b1_pooling_sensitivity,chain_fixed_five_seed_mean,cocoa,b1,kge,mean_0_4,ecdf_top3_mean,,,,,effective_k_at_50,50.0,,,0.0,5,,,descriptive fixed-seed summary
b1_pooling_sensitivity,chain_fixed_five_seed_mean,cocoa,b1,kge,mean_0_4,ecdf_top3_mean,,,,,entry_average_precision,0.47770728566992504,,,0.015139753228767126,5,,,descriptive fixed-seed summary
b1_pooling_sensitivity,chain_fixed_five_seed_mean,cocoa,b1,kge,mean_0_4,ecdf_top3_mean,,,,,entry_groups,277.0,,,0.0,5,,,descriptive fixed-seed summary
b1_pooling_sensitivity,chain_fixed_five_seed_mean,cocoa,b1,kge,mean_0_4,ecdf_top3_mean,,,,,entry_precision_at_100,0.288,,,0.007483314773547866,5,,,descriptive fixed-seed summary
b1_pooling_sensitivity,chain_fixed_five_seed_mean,cocoa,b1,kge,mean_0_4,ecdf_top3_mean,,,,,entry_precision_at_25,0.5680000000000001,,,0.0466476151587624,5,,,descriptive fixed-seed summary
b1_pooling_sensitivity,chain_fixed_five_seed_mean,cocoa,b1,kge,mean_0_4,ecdf_top3_mean,,,,,entry_precision_at_250,0.16720000000000002,,,0.0016000000000000014,5,,,descriptive fixed-seed summary
b1_pooling_sensitivity,chain_fixed_five_seed_mean,cocoa,b1,kge,mean_0_4,ecdf_top3_mean,,,,,entry_precision_at_50,0.44000000000000006,,,0.017888543819998333,5,,,descriptive fixed-seed summary
b1_pooling_sensitivity,chain_fixed_five_seed_mean,cocoa,b1,kge,mean_0_4,ecdf_top3_mean,,,,,entry_recall_at_100,0.6857142857142856,,,0.01781741612749498,5,,,descriptive fixed-seed summary
b1_pooling_sensitivity,chain_fixed_five_seed_mean,cocoa,b1,kge,mean_0_4,ecdf_top3_mean,,,,,entry_recall_at_25,0.3380952380952381,,,0.02776643759450144,5,,,descriptive fixed-seed summary
b1_pooling_sensitivity,chain_fixed_five_seed_mean,cocoa,b1,kge,mean_0_4,ecdf_top3_mean,,,,,entry_recall_at_250,0.9952380952380953,,,0.009523809523809535,5,,,descriptive fixed-seed summary
b1_pooling_sensitivity,chain_fixed_five_seed_mean,cocoa,b1,kge,mean_0_4,ecdf_top3_mean,,,,,entry_recall_at_50,0.5238095238095237,,,0.02129588549999802,5,,,descriptive fixed-seed summary
b1_pooling_sensitivity,chain_fixed_five_seed_mean,cocoa,b1,kge,mean_0_4,ecdf_top3_mean,,,,,entry_value_capture_at_100,0.7423509393056904,,,0.06655423333037287,5,,,descriptive fixed-seed summary
b1_pooling_sensitivity,chain_fixed_five_seed_mean,cocoa,b1,kge,mean_0_4,ecdf_top3_mean,,,,,entry_value_capture_at_25,0.4731635569653279,,,0.043133758932420975,5,,,descriptive fixed-seed summary
b1_pooling_sensitivity,chain_fixed_five_seed_mean,cocoa,b1,kge,mean_0_4,ecdf_top3_mean,,,,,entry_value_capture_at_250,0.9993986438214625,,,0.0012027123570750753,5,,,descriptive fixed-seed summary
b1_pooling_sensitivity,chain_fixed_five_seed_mean,cocoa,b1,kge,mean_0_4,ecdf_top3_mean,,,,,entry_value_capture_at_50,0.6016514390248826,,,0.02852440189470513,5,,,descriptive fixed-seed summary
b1_pooling_sensitivity,chain_fixed_five_seed_mean,cocoa,b1,kge,mean_0_4,ecdf_top3_mean,,,,,positive_entries,42.0,,,0.0,5,,,descriptive fixed-seed summary
b1_pooling_sensitivity,chain_fixed_five_seed_mean,cocoa,b1,kge,mean_0_4,official_raw_max,,,,,effective_k_at_100,100.0,,,0.0,5,,,descriptive fixed-seed summary
b1_pooling_sensitivity,chain_fixed_five_seed_mean,cocoa,b1,kge,mean_0_4,official_raw_max,,,,,effective_k_at_25,25.0,,,0.0,5,,,descriptive fixed-seed summary
b1_pooling_sensitivity,chain_fixed_five_seed_mean,cocoa,b1,kge,mean_0_4,official_raw_max,,,,,effective_k_at_250,250.0,,,0.0,5,,,descriptive fixed-seed summary
b1_pooling_sensitivity,chain_fixed_five_seed_mean,cocoa,b1,kge,mean_0_4,official_raw_max,,,,,effective_k_at_50,50.0,,,0.0,5,,,descriptive fixed-seed summary
b1_pooling_sensitivity,chain_fixed_five_seed_mean,cocoa,b1,kge,mean_0_4,official_raw_max,,,,,entry_average_precision,0.4504146738566579,,,0.023272295026339002,5,,,descriptive fixed-seed summary
b1_pooling_sensitivity,chain_fixed_five_seed_mean,cocoa,b1,kge,mean_0_4,official_raw_max,,,,,entry_groups,277.0,,,0.0,5,,,descriptive fixed-seed summary
b1_pooling_sensitivity,chain_fixed_five_seed_mean,cocoa,b1,kge,mean_0_4,official_raw_max,,,,,entry_precision_at_100,0.298,,,0.014696938456699067,5,,,descriptive fixed-seed summary
b1_pooling_sensitivity,chain_fixed_five_seed_mean,cocoa,b1,kge,mean_0_4,official_raw_max,,,,,entry_precision_at_25,0.52,,,0.04381780460041329,5,,,descriptive fixed-seed summary
b1_pooling_sensitivity,chain_fixed_five_seed_mean,cocoa,b1,kge,mean_0_4,official_raw_max,,,,,entry_precision_at_250,0.16560000000000002,,,0.001959591794226544,5,,,descriptive fixed-seed summary
b1_pooling_sensitivity,chain_fixed_five_seed_mean,cocoa,b1,kge,mean_0_4,official_raw_max,,,,,entry_precision_at_50,0.42000000000000004,,,0.01788854381999831,5,,,descriptive fixed-seed summary
b1_pooling_sensitivity,chain_fixed_five_seed_mean,cocoa,b1,kge,mean_0_4,official_raw_max,,,,,entry_recall_at_100,0.7095238095238094,,,0.03499271061118826,5,,,descriptive fixed-seed summary
b1_pooling_sensitivity,chain_fixed_five_seed_mean,cocoa,b1,kge,mean_0_4,official_raw_max,,,,,entry_recall_at_25,0.3095238095238095,,,0.02608202654786506,5,,,descriptive fixed-seed summary
b1_pooling_sensitivity,chain_fixed_five_seed_mean,cocoa,b1,kge,mean_0_4,official_raw_max,,,,,entry_recall_at_250,0.9857142857142858,,,0.011664236870396097,5,,,descriptive fixed-seed summary
b1_pooling_sensitivity,chain_fixed_five_seed_mean,cocoa,b1,kge,mean_0_4,official_raw_max,,,,,entry_recall_at_50,0.5,,,0.02129588549999802,5,,,descriptive fixed-seed summary
b1_pooling_sensitivity,chain_fixed_five_seed_mean,cocoa,b1,kge,mean_0_4,official_raw_max,,,,,entry_value_capture_at_100,0.774530701819752,,,0.09382827086787192,5,,,descriptive fixed-seed summary
b1_pooling_sensitivity,chain_fixed_five_seed_mean,cocoa,b1,kge,mean_0_4,official_raw_max,,,,,entry_value_capture_at_25,0.4295724768274538,,,0.035584392420273975,5,,,descriptive fixed-seed summary
b1_pooling_sensitivity,chain_fixed_five_seed_mean,cocoa,b1,kge,mean_0_4,official_raw_max,,,,,entry_value_capture_at_250,0.9970265510131817,,,0.0026774427725967604,5,,,descriptive fixed-seed summary
b1_pooling_sensitivity,chain_fixed_five_seed_mean,cocoa,b1,kge,mean_0_4,official_raw_max,,,,,entry_value_capture_at_50,0.5760225717852308,,,0.02230298643169665,5,,,descriptive fixed-seed summary
b1_pooling_sensitivity,chain_fixed_five_seed_mean,cocoa,b1,kge,mean_0_4,official_raw_max,,,,,positive_entries,42.0,,,0.0,5,,,descriptive fixed-seed summary
b1_pooling_sensitivity,chain_fixed_five_seed_mean,cocoa,b1,nbfnet,mean_0_4,ecdf_mean,,,,,effective_k_at_100,100.0,,,0.0,5,,,descriptive fixed-seed summary
b1_pooling_sensitivity,chain_fixed_five_seed_mean,cocoa,b1,nbfnet,mean_0_4,ecdf_mean,,,,,effective_k_at_25,25.0,,,0.0,5,,,descriptive fixed-seed summary
b1_pooling_sensitivity,chain_fixed_five_seed_mean,cocoa,b1,nbfnet,mean_0_4,ecdf_mean,,,,,effective_k_at_250,250.0,,,0.0,5,,,descriptive fixed-seed summary
b1_pooling_sensitivity,chain_fixed_five_seed_mean,cocoa,b1,nbfnet,mean_0_4,ecdf_mean,,,,,effective_k_at_50,50.0,,,0.0,5,,,descriptive fixed-seed summary
b1_pooling_sensitivity,chain_fixed_five_seed_mean,cocoa,b1,nbfnet,mean_0_4,ecdf_mean,,,,,entry_average_precision,0.15718210946299188,,,0.020790138821858026,5,,,descriptive fixed-seed summary
b1_pooling_sensitivity,chain_fixed_five_seed_mean,cocoa,b1,nbfnet,mean_0_4,ecdf_mean,,,,,entry_groups,277.0,,,0.0,5,,,descriptive fixed-seed summary
b1_pooling_sensitivity,chain_fixed_five_seed_mean,cocoa,b1,nbfnet,mean_0_4,ecdf_mean,,,,,entry_precision_at_100,0.126,,,0.013564659966250536,5,,,descriptive fixed-seed summary
b1_pooling_sensitivity,chain_fixed_five_seed_mean,cocoa,b1,nbfnet,mean_0_4,ecdf_mean,,,,,entry_precision_at_25,0.11199999999999999,,,0.03919183588453085,5,,,descriptive fixed-seed summary
b1_pooling_sensitivity,chain_fixed_five_seed_mean,cocoa,b1,nbfnet,mean_0_4,ecdf_mean,,,,,entry_precision_at_250,0.148,,,0.008390470785361214,5,,,descriptive fixed-seed summary
b1_pooling_sensitivity,chain_fixed_five_seed_mean,cocoa,b1,nbfnet,mean_0_4,ecdf_mean,,,,,entry_precision_at_50,0.11600000000000002,,,0.038781438859330636,5,,,descriptive fixed-seed summary
b1_pooling_sensitivity,chain_fixed_five_seed_mean,cocoa,b1,nbfnet,mean_0_4,ecdf_mean,,,,,entry_recall_at_100,0.3,,,0.03229680944345366,5,,,descriptive fixed-seed summary
b1_pooling_sensitivity,chain_fixed_five_seed_mean,cocoa,b1,nbfnet,mean_0_4,ecdf_mean,,,,,entry_recall_at_25,0.06666666666666667,,,0.023328473740792173,5,,,descriptive fixed-seed summary
b1_pooling_sensitivity,chain_fixed_five_seed_mean,cocoa,b1,nbfnet,mean_0_4,ecdf_mean,,,,,entry_recall_at_250,0.880952380952381,,,0.04994327848429292,5,,,descriptive fixed-seed summary
b1_pooling_sensitivity,chain_fixed_five_seed_mean,cocoa,b1,nbfnet,mean_0_4,ecdf_mean,,,,,entry_recall_at_50,0.13809523809523808,,,0.04616837959444122,5,,,descriptive fixed-seed summary
b1_pooling_sensitivity,chain_fixed_five_seed_mean,cocoa,b1,nbfnet,mean_0_4,ecdf_mean,,,,,entry_value_capture_at_100,0.24129942648030656,,,0.09199263115036982,5,,,descriptive fixed-seed summary
b1_pooling_sensitivity,chain_fixed_five_seed_mean,cocoa,b1,nbfnet,mean_0_4,ecdf_mean,,,,,entry_value_capture_at_25,0.02109719858050999,,,0.010652089901827044,5,,,descriptive fixed-seed summary
b1_pooling_sensitivity,chain_fixed_five_seed_mean,cocoa,b1,nbfnet,mean_0_4,ecdf_mean,,,,,entry_value_capture_at_250,0.8207318398793234,,,0.10950766450112386,5,,,descriptive fixed-seed summary
b1_pooling_sensitivity,chain_fixed_five_seed_mean,cocoa,b1,nbfnet,mean_0_4,ecdf_mean,,,,,entry_value_capture_at_50,0.05398549967297246,,,0.0294031949068751,5,,,descriptive fixed-seed summary
b1_pooling_sensitivity,chain_fixed_five_seed_mean,cocoa,b1,nbfnet,mean_0_4,ecdf_mean,,,,,positive_entries,42.0,,,0.0,5,,,descriptive fixed-seed summary
b1_pooling_sensitivity,chain_fixed_five_seed_mean,cocoa,b1,nbfnet,mean_0_4,ecdf_top3_mean,,,,,effective_k_at_100,100.0,,,0.0,5,,,descriptive fixed-seed summary
b1_pooling_sensitivity,chain_fixed_five_seed_mean,cocoa,b1,nbfnet,mean_0_4,ecdf_top3_mean,,,,,effective_k_at_25,25.0,,,0.0,5,,,descriptive fixed-seed summary
b1_pooling_sensitivity,chain_fixed_five_seed_mean,cocoa,b1,nbfnet,mean_0_4,ecdf_top3_mean,,,,,effective_k_at_250,250.0,,,0.0,5,,,descriptive fixed-seed summary
b1_pooling_sensitivity,chain_fixed_five_seed_mean,cocoa,b1,nbfnet,mean_0_4,ecdf_top3_mean,,,,,effective_k_at_50,50.0,,,0.0,5,,,descriptive fixed-seed summary
b1_pooling_sensitivity,chain_fixed_five_seed_mean,cocoa,b1,nbfnet,mean_0_4,ecdf_top3_mean,,,,,entry_average_precision,0.27413957189310073,,,0.04325821590110769,5,,,descriptive fixed-seed summary
b1_pooling_sensitivity,chain_fixed_five_seed_mean,cocoa,b1,nbfnet,mean_0_4,ecdf_top3_mean,,,,,entry_groups,277.0,,,0.0,5,,,descriptive fixed-seed summary
b1_pooling_sensitivity,chain_fixed_five_seed_mean,cocoa,b1,nbfnet,mean_0_4,ecdf_top3_mean,,,,,entry_precision_at_100,0.21800000000000003,,,0.013266499161421596,5,,,descriptive fixed-seed summary
b1_pooling_sensitivity,chain_fixed_five_seed_mean,cocoa,b1,nbfnet,mean_0_4,ecdf_top3_mean,,,,,entry_precision_at_25,0.27199999999999996,,,0.11142710621747295,5,,,descriptive fixed-seed summary
b1_pooling_sensitivity,chain_fixed_five_seed_mean,cocoa,b1,nbfnet,mean_0_4,ecdf_top3_mean,,,,,entry_precision_at_250,0.156,,,0.00669328021227261,5,,,descriptive fixed-seed summary
b1_pooling_sensitivity,chain_fixed_five_seed_mean,cocoa,b1,nbfnet,mean_0_4,ecdf_top3_mean,,,,,entry_precision_at_50,0.26,,,0.059329587896765304,5,,,descriptive fixed-seed summary
b1_pooling_sensitivity,chain_fixed_five_seed_mean,cocoa,b1,nbfnet,mean_0_4,ecdf_top3_mean,,,,,entry_recall_at_100,0.5190476190476191,,,0.03158690276528952,5,,,descriptive fixed-seed summary
b1_pooling_sensitivity,chain_fixed_five_seed_mean,cocoa,b1,nbfnet,mean_0_4,ecdf_top3_mean,,,,,entry_recall_at_25,0.1619047619047619,,,0.06632565846278153,5,,,descriptive fixed-seed summary
b1_pooling_sensitivity,chain_fixed_five_seed_mean,cocoa,b1,nbfnet,mean_0_4,ecdf_top3_mean,,,,,entry_recall_at_250,0.9285714285714285,,,0.03984095364447979,5,,,descriptive fixed-seed summary
b1_pooling_sensitivity,chain_fixed_five_seed_mean,cocoa,b1,nbfnet,mean_0_4,ecdf_top3_mean,,,,,entry_recall_at_50,0.3095238095238095,,,0.07063046178186345,5,,,descriptive fixed-seed summary
b1_pooling_sensitivity,chain_fixed_five_seed_mean,cocoa,b1,nbfnet,mean_0_4,ecdf_top3_mean,,,,,entry_value_capture_at_100,0.6537020148178276,,,0.05971486562551776,5,,,descriptive fixed-seed summary
b1_pooling_sensitivity,chain_fixed_five_seed_mean,cocoa,b1,nbfnet,mean_0_4,ecdf_top3_mean,,,,,entry_value_capture_at_25,0.27591478475702713,,,0.12501444529163772,5,,,descriptive fixed-seed summary
b1_pooling_sensitivity,chain_fixed_five_seed_mean,cocoa,b1,nbfnet,mean_0_4,ecdf_top3_mean,,,,,entry_value_capture_at_250,0.9666501231800545,,,0.025828050866056412,5,,,descriptive fixed-seed summary
b1_pooling_sensitivity,chain_fixed_five_seed_mean,cocoa,b1,nbfnet,mean_0_4,ecdf_top3_mean,,,,,entry_value_capture_at_50,0.4105559392519248,,,0.15575388892326997,5,,,descriptive fixed-seed summary
b1_pooling_sensitivity,chain_fixed_five_seed_mean,cocoa,b1,nbfnet,mean_0_4,ecdf_top3_mean,,,,,positive_entries,42.0,,,0.0,5,,,descriptive fixed-seed summary
b1_pooling_sensitivity,chain_fixed_five_seed_mean,cocoa,b1,nbfnet,mean_0_4,official_raw_max,,,,,effective_k_at_100,100.0,,,0.0,5,,,descriptive fixed-seed summary
b1_pooling_sensitivity,chain_fixed_five_seed_mean,cocoa,b1,nbfnet,mean_0_4,official_raw_max,,,,,effective_k_at_25,25.0,,,0.0,5,,,descriptive fixed-seed summary
b1_pooling_sensitivity,chain_fixed_five_seed_mean,cocoa,b1,nbfnet,mean_0_4,official_raw_max,,,,,effective_k_at_250,250.0,,,0.0,5,,,descriptive fixed-seed summary
b1_pooling_sensitivity,chain_fixed_five_seed_mean,cocoa,b1,nbfnet,mean_0_4,official_raw_max,,,,,effective_k_at_50,50.0,,,0.0,5,,,descriptive fixed-seed summary
b1_pooling_sensitivity,chain_fixed_five_seed_mean,cocoa,b1,nbfnet,mean_0_4,official_raw_max,,,,,entry_average_precision,0.25831516363943574,,,0.025671468585566952,5,,,descriptive fixed-seed summary
b1_pooling_sensitivity,chain_fixed_five_seed_mean,cocoa,b1,nbfnet,mean_0_4,official_raw_max,,,,,entry_groups,277.0,,,0.0,5,,,descriptive fixed-seed summary
b1_pooling_sensitivity,chain_fixed_five_seed_mean,cocoa,b1,nbfnet,mean_0_4,official_raw_max,,,,,entry_precision_at_100,0.23199999999999998,,,0.023151673805580454,5,,,descriptive fixed-seed summary
b1_pooling_sensitivity,chain_fixed_five_seed_mean,cocoa,b1,nbfnet,mean_0_4,official_raw_max,,,,,entry_precision_at_25,0.32,,,0.07589466384404112,5,,,descriptive fixed-seed summary
b1_pooling_sensitivity,chain_fixed_five_seed_mean,cocoa,b1,nbfnet,mean_0_4,official_raw_max,,,,,entry_precision_at_250,0.16160000000000002,,,0.0032000000000000028,5,,,descriptive fixed-seed summary
b1_pooling_sensitivity,chain_fixed_five_seed_mean,cocoa,b1,nbfnet,mean_0_4,official_raw_max,,,,,entry_precision_at_50,0.28,,,0.028284271247461905,5,,,descriptive fixed-seed summary
b1_pooling_sensitivity,chain_fixed_five_seed_mean,cocoa,b1,nbfnet,mean_0_4,official_raw_max,,,,,entry_recall_at_100,0.5523809523809524,,,0.05512303287042965,5,,,descriptive fixed-seed summary
b1_pooling_sensitivity,chain_fixed_five_seed_mean,cocoa,b1,nbfnet,mean_0_4,official_raw_max,,,,,entry_recall_at_25,0.19047619047619047,,,0.04517539514526256,5,,,descriptive fixed-seed summary
b1_pooling_sensitivity,chain_fixed_five_seed_mean,cocoa,b1,nbfnet,mean_0_4,official_raw_max,,,,,entry_recall_at_250,0.9619047619047618,,,0.019047619047619032,5,,,descriptive fixed-seed summary
b1_pooling_sensitivity,chain_fixed_five_seed_mean,cocoa,b1,nbfnet,mean_0_4,official_raw_max,,,,,entry_recall_at_50,0.33333333333333337,,,0.03367175148507369,5,,,descriptive fixed-seed summary
b1_pooling_sensitivity,chain_fixed_five_seed_mean,cocoa,b1,nbfnet,mean_0_4,official_raw_max,,,,,entry_value_capture_at_100,0.722365122132095,,,0.06044458403579809,5,,,descriptive fixed-seed summary
b1_pooling_sensitivity,chain_fixed_five_seed_mean,cocoa,b1,nbfnet,mean_0_4,official_raw_max,,,,,entry_value_capture_at_25,0.31649368007746786,,,0.15602935198937157,5,,,descriptive fixed-seed summary
b1_pooling_sensitivity,chain_fixed_five_seed_mean,cocoa,b1,nbfnet,mean_0_4,official_raw_max,,,,,entry_value_capture_at_250,0.9864115392894286,,,0.0055384554715050835,5,,,descriptive fixed-seed summary
b1_pooling_sensitivity,chain_fixed_five_seed_mean,cocoa,b1,nbfnet,mean_0_4,official_raw_max,,,,,entry_value_capture_at_50,0.48517307274009075,,,0.10384922840733662,5,,,descriptive fixed-seed summary
b1_pooling_sensitivity,chain_fixed_five_seed_mean,cocoa,b1,nbfnet,mean_0_4,official_raw_max,,,,,positive_entries,42.0,,,0.0,5,,,descriptive fixed-seed summary
b1_pooling_sensitivity,chain_fixed_five_seed_mean,cotton,b1,kge,mean_0_4,ecdf_mean,,,,,effective_k_at_100,100.0,,,0.0,5,,,descriptive fixed-seed summary
b1_pooling_sensitivity,chain_fixed_five_seed_mean,cotton,b1,kge,mean_0_4,ecdf_mean,,,,,effective_k_at_25,25.0,,,0.0,5,,,descriptive fixed-seed summary
b1_pooling_sensitivity,chain_fixed_five_seed_mean,cotton,b1,kge,mean_0_4,ecdf_mean,,,,,effective_k_at_250,250.0,,,0.0,5,,,descriptive fixed-seed summary
b1_pooling_sensitivity,chain_fixed_five_seed_mean,cotton,b1,kge,mean_0_4,ecdf_mean,,,,,effective_k_at_50,50.0,,,0.0,5,,,descriptive fixed-seed summary
b1_pooling_sensitivity,chain_fixed_five_seed_mean,cotton,b1,kge,mean_0_4,ecdf_mean,,,,,entry_average_precision,0.22744397787364673,,,0.021898575244762786,5,,,descriptive fixed-seed summary
b1_pooling_sensitivity,chain_fixed_five_seed_mean,cotton,b1,kge,mean_0_4,ecdf_mean,,,,,entry_groups,320.0,,,0.0,5,,,descriptive fixed-seed summary
b1_pooling_sensitivity,chain_fixed_five_seed_mean,cotton,b1,kge,mean_0_4,ecdf_mean,,,,,entry_precision_at_100,0.188,,,0.00979795897113271,5,,,descriptive fixed-seed summary
b1_pooling_sensitivity,chain_fixed_five_seed_mean,cotton,b1,kge,mean_0_4,ecdf_mean,,,,,entry_precision_at_25,0.272,,,0.05306599664568639,5,,,descriptive fixed-seed summary
b1_pooling_sensitivity,chain_fixed_five_seed_mean,cotton,b1,kge,mean_0_4,ecdf_mean,,,,,entry_precision_at_250,0.128,,,0.00669328021227261,5,,,descriptive fixed-seed summary
b1_pooling_sensitivity,chain_fixed_five_seed_mean,cotton,b1,kge,mean_0_4,ecdf_mean,,,,,entry_precision_at_50,0.21200000000000002,,,0.009797958971132706,5,,,descriptive fixed-seed summary
b1_pooling_sensitivity,chain_fixed_five_seed_mean,cotton,b1,kge,mean_0_4,ecdf_mean,,,,,entry_recall_at_100,0.5222222222222223,,,0.027216552697590875,5,,,descriptive fixed-seed summary
b1_pooling_sensitivity,chain_fixed_five_seed_mean,cotton,b1,kge,mean_0_4,ecdf_mean,,,,,entry_recall_at_25,0.18888888888888888,,,0.03685138655950444,5,,,descriptive fixed-seed summary
b1_pooling_sensitivity,chain_fixed_five_seed_mean,cotton,b1,kge,mean_0_4,ecdf_mean,,,,,entry_recall_at_250,0.888888888888889,,,0.0464811125852264,5,,,descriptive fixed-seed summary
b1_pooling_sensitivity,chain_fixed_five_seed_mean,cotton,b1,kge,mean_0_4,ecdf_mean,,,,,entry_recall_at_50,0.29444444444444445,,,0.013608276348795441,5,,,descriptive fixed-seed summary
b1_pooling_sensitivity,chain_fixed_five_seed_mean,cotton,b1,kge,mean_0_4,ecdf_mean,,,,,entry_value_capture_at_100,0.6043587194425429,,,0.38790297414204844,5,,,descriptive fixed-seed summary
b1_pooling_sensitivity,chain_fixed_five_seed_mean,cotton,b1,kge,mean_0_4,ecdf_mean,,,,,entry_value_capture_at_25,0.031419429304078914,,,0.008580892486821496,5,,,descriptive fixed-seed summary
b1_pooling_sensitivity,chain_fixed_five_seed_mean,cotton,b1,kge,mean_0_4,ecdf_mean,,,,,entry_value_capture_at_250,0.9803492332497121,,,0.005458288644730676,5,,,descriptive fixed-seed summary
b1_pooling_sensitivity,chain_fixed_five_seed_mean,cotton,b1,kge,mean_0_4,ecdf_mean,,,,,entry_value_capture_at_50,0.06670897201872547,,,0.009180073060310927,5,,,descriptive fixed-seed summary
b1_pooling_sensitivity,chain_fixed_five_seed_mean,cotton,b1,kge,mean_0_4,ecdf_mean,,,,,positive_entries,36.0,,,0.0,5,,,descriptive fixed-seed summary
b1_pooling_sensitivity,chain_fixed_five_seed_mean,cotton,b1,kge,mean_0_4,ecdf_top3_mean,,,,,effective_k_at_100,100.0,,,0.0,5,,,descriptive fixed-seed summary
b1_pooling_sensitivity,chain_fixed_five_seed_mean,cotton,b1,kge,mean_0_4,ecdf_top3_mean,,,,,effective_k_at_25,25.0,,,0.0,5,,,descriptive fixed-seed summary
b1_pooling_sensitivity,chain_fixed_five_seed_mean,cotton,b1,kge,mean_0_4,ecdf_top3_mean,,,,,effective_k_at_250,250.0,,,0.0,5,,,descriptive fixed-seed summary
b1_pooling_sensitivity,chain_fixed_five_seed_mean,cotton,b1,kge,mean_0_4,ecdf_top3_mean,,,,,effective_k_at_50,50.0,,,0.0,5,,,descriptive fixed-seed summary
b1_pooling_sensitivity,chain_fixed_five_seed_mean,cotton,b1,kge,mean_0_4,ecdf_top3_mean,,,,,entry_average_precision,0.27412861071727884,,,0.03114129030244782,5,,,descriptive fixed-seed summary
b1_pooling_sensitivity,chain_fixed_five_seed_mean,cotton,b1,kge,mean_0_4,ecdf_top3_mean,,,,,entry_groups,320.0,,,0.0,5,,,descriptive fixed-seed summary
b1_pooling_sensitivity,chain_fixed_five_seed_mean,cotton,b1,kge,mean_0_4,ecdf_top3_mean,,,,,entry_precision_at_100,0.22200000000000003,,,0.013266499161421596,5,,,descriptive fixed-seed summary
b1_pooling_sensitivity,chain_fixed_five_seed_mean,cotton,b1,kge,mean_0_4,ecdf_top3_mean,,,,,entry_precision_at_25,0.328,,,0.029933259094191516,5,,,descriptive fixed-seed summary
b1_pooling_sensitivity,chain_fixed_five_seed_mean,cotton,b1,kge,mean_0_4,ecdf_top3_mean,,,,,entry_precision_at_250,0.1328,,,0.004664761515876244,5,,,descriptive fixed-seed summary
b1_pooling_sensitivity,chain_fixed_five_seed_mean,cotton,b1,kge,mean_0_4,ecdf_top3_mean,,,,,entry_precision_at_50,0.276,,,0.029393876913398134,5,,,descriptive fixed-seed summary
b1_pooling_sensitivity,chain_fixed_five_seed_mean,cotton,b1,kge,mean_0_4,ecdf_top3_mean,,,,,entry_recall_at_100,0.6166666666666667,,,0.036851386559504415,5,,,descriptive fixed-seed summary
b1_pooling_sensitivity,chain_fixed_five_seed_mean,cotton,b1,kge,mean_0_4,ecdf_top3_mean,,,,,entry_recall_at_25,0.22777777777777777,,,0.020786985482077452,5,,,descriptive fixed-seed summary
b1_pooling_sensitivity,chain_fixed_five_seed_mean,cotton,b1,kge,mean_0_4,ecdf_top3_mean,,,,,entry_recall_at_250,0.9222222222222222,,,0.03239417719358502,5,,,descriptive fixed-seed summary
b1_pooling_sensitivity,chain_fixed_five_seed_mean,cotton,b1,kge,mean_0_4,ecdf_top3_mean,,,,,entry_recall_at_50,0.38333333333333336,,,0.04082482904638632,5,,,descriptive fixed-seed summary
b1_pooling_sensitivity,chain_fixed_five_seed_mean,cotton,b1,kge,mean_0_4,ecdf_top3_mean,,,,,entry_value_capture_at_100,0.9397155044493747,,,0.010386717608518215,5,,,descriptive fixed-seed summary
b1_pooling_sensitivity,chain_fixed_five_seed_mean,cotton,b1,kge,mean_0_4,ecdf_top3_mean,,,,,entry_value_capture_at_25,0.04632908766614043,,,0.0077097331007276336,5,,,descriptive fixed-seed summary
b1_pooling_sensitivity,chain_fixed_five_seed_mean,cotton,b1,kge,mean_0_4,ecdf_top3_mean,,,,,entry_value_capture_at_250,0.9861021054947561,,,0.005755876401044446,5,,,descriptive fixed-seed summary
b1_pooling_sensitivity,chain_fixed_five_seed_mean,cotton,b1,kge,mean_0_4,ecdf_top3_mean,,,,,entry_value_capture_at_50,0.24201325992959352,,,0.3094267828485278,5,,,descriptive fixed-seed summary
b1_pooling_sensitivity,chain_fixed_five_seed_mean,cotton,b1,kge,mean_0_4,ecdf_top3_mean,,,,,positive_entries,36.0,,,0.0,5,,,descriptive fixed-seed summary
b1_pooling_sensitivity,chain_fixed_five_seed_mean,cotton,b1,kge,mean_0_4,official_raw_max,,,,,effective_k_at_100,100.0,,,0.0,5,,,descriptive fixed-seed summary
b1_pooling_sensitivity,chain_fixed_five_seed_mean,cotton,b1,kge,mean_0_4,official_raw_max,,,,,effective_k_at_25,25.0,,,0.0,5,,,descriptive fixed-seed summary
b1_pooling_sensitivity,chain_fixed_five_seed_mean,cotton,b1,kge,mean_0_4,official_raw_max,,,,,effective_k_at_250,250.0,,,0.0,5,,,descriptive fixed-seed summary
b1_pooling_sensitivity,chain_fixed_five_seed_mean,cotton,b1,kge,mean_0_4,official_raw_max,,,,,effective_k_at_50,50.0,,,0.0,5,,,descriptive fixed-seed summary
b1_pooling_sensitivity,chain_fixed_five_seed_mean,cotton,b1,kge,mean_0_4,official_raw_max,,,,,entry_average_precision,0.27099109786796505,,,0.03322152256135045,5,,,descriptive fixed-seed summary
b1_pooling_sensitivity,chain_fixed_five_seed_mean,cotton,b1,kge,mean_0_4,official_raw_max,,,,,entry_groups,320.0,,,0.0,5,,,descriptive fixed-seed summary
b1_pooling_sensitivity,chain_fixed_five_seed_mean,cotton,b1,kge,mean_0_4,official_raw_max,,,,,entry_precision_at_100,0.22400000000000003,,,0.016248076809271917,5,,,descriptive fixed-seed summary
b1_pooling_sensitivity,chain_fixed_five_seed_mean,cotton,b1,kge,mean_0_4,official_raw_max,,,,,entry_precision_at_25,0.336,,,0.06974238309665078,5,,,descriptive fixed-seed summary
b1_pooling_sensitivity,chain_fixed_five_seed_mean,cotton,b1,kge,mean_0_4,official_raw_max,,,,,entry_precision_at_250,0.136,,,0.004381780460041333,5,,,descriptive fixed-seed summary
b1_pooling_sensitivity,chain_fixed_five_seed_mean,cotton,b1,kge,mean_0_4,official_raw_max,,,,,entry_precision_at_50,0.272,,,0.00979795897113272,5,,,descriptive fixed-seed summary
b1_pooling_sensitivity,chain_fixed_five_seed_mean,cotton,b1,kge,mean_0_4,official_raw_max,,,,,entry_recall_at_100,0.6222222222222222,,,0.04513354669242198,5,,,descriptive fixed-seed summary
b1_pooling_sensitivity,chain_fixed_five_seed_mean,cotton,b1,kge,mean_0_4,official_raw_max,,,,,entry_recall_at_25,0.2333333333333333,,,0.048432210483785265,5,,,descriptive fixed-seed summary
b1_pooling_sensitivity,chain_fixed_five_seed_mean,cotton,b1,kge,mean_0_4,official_raw_max,,,,,entry_recall_at_250,0.9444444444444444,,,0.030429030972509243,5,,,descriptive fixed-seed summary
b1_pooling_sensitivity,chain_fixed_five_seed_mean,cotton,b1,kge,mean_0_4,official_raw_max,,,,,entry_recall_at_50,0.3777777777777778,,,0.013608276348795441,5,,,descriptive fixed-seed summary
b1_pooling_sensitivity,chain_fixed_five_seed_mean,cotton,b1,kge,mean_0_4,official_raw_max,,,,,entry_value_capture_at_100,0.9380760934822903,,,0.013008508569224149,5,,,descriptive fixed-seed summary
b1_pooling_sensitivity,chain_fixed_five_seed_mean,cotton,b1,kge,mean_0_4,official_raw_max,,,,,entry_value_capture_at_25,0.05352382620918794,,,0.017458710674986395,5,,,descriptive fixed-seed summary
b1_pooling_sensitivity,chain_fixed_five_seed_mean,cotton,b1,kge,mean_0_4,official_raw_max,,,,,entry_value_capture_at_250,0.9894605220187438,,,0.006012385990920442,5,,,descriptive fixed-seed summary
b1_pooling_sensitivity,chain_fixed_five_seed_mean,cotton,b1,kge,mean_0_4,official_raw_max,,,,,entry_value_capture_at_50,0.4049257625644899,,,0.3957597329027665,5,,,descriptive fixed-seed summary
b1_pooling_sensitivity,chain_fixed_five_seed_mean,cotton,b1,kge,mean_0_4,official_raw_max,,,,,positive_entries,36.0,,,0.0,5,,,descriptive fixed-seed summary
b1_pooling_sensitivity,chain_fixed_five_seed_mean,cotton,b1,nbfnet,mean_0_4,ecdf_mean,,,,,effective_k_at_100,100.0,,,0.0,5,,,descriptive fixed-seed summary
b1_pooling_sensitivity,chain_fixed_five_seed_mean,cotton,b1,nbfnet,mean_0_4,ecdf_mean,,,,,effective_k_at_25,25.0,,,0.0,5,,,descriptive fixed-seed summary
b1_pooling_sensitivity,chain_fixed_five_seed_mean,cotton,b1,nbfnet,mean_0_4,ecdf_mean,,,,,effective_k_at_250,250.0,,,0.0,5,,,descriptive fixed-seed summary
b1_pooling_sensitivity,chain_fixed_five_seed_mean,cotton,b1,nbfnet,mean_0_4,ecdf_mean,,,,,effective_k_at_50,50.0,,,0.0,5,,,descriptive fixed-seed summary
b1_pooling_sensitivity,chain_fixed_five_seed_mean,cotton,b1,nbfnet,mean_0_4,ecdf_mean,,,,,entry_average_precision,0.090685806646557,,,0.008678852620730168,5,,,descriptive fixed-seed summary
b1_pooling_sensitivity,chain_fixed_five_seed_mean,cotton,b1,nbfnet,mean_0_4,ecdf_mean,,,,,entry_groups,320.0,,,0.0,5,,,descriptive fixed-seed summary
b1_pooling_sensitivity,chain_fixed_five_seed_mean,cotton,b1,nbfnet,mean_0_4,ecdf_mean,,,,,entry_precision_at_100,0.062,,,0.017204650534085254,5,,,descriptive fixed-seed summary
b1_pooling_sensitivity,chain_fixed_five_seed_mean,cotton,b1,nbfnet,mean_0_4,ecdf_mean,,,,,entry_precision_at_25,0.048,,,0.016,5,,,descriptive fixed-seed summary
b1_pooling_sensitivity,chain_fixed_five_seed_mean,cotton,b1,nbfnet,mean_0_4,ecdf_mean,,,,,entry_precision_at_250,0.0968,,,0.009260669522232179,5,,,descriptive fixed-seed summary
b1_pooling_sensitivity,chain_fixed_five_seed_mean,cotton,b1,nbfnet,mean_0_4,ecdf_mean,,,,,entry_precision_at_50,0.048,,,0.00979795897113271,5,,,descriptive fixed-seed summary
b1_pooling_sensitivity,chain_fixed_five_seed_mean,cotton,b1,nbfnet,mean_0_4,ecdf_mean,,,,,entry_recall_at_100,0.17222222222222222,,,0.04779069592801459,5,,,descriptive fixed-seed summary
b1_pooling_sensitivity,chain_fixed_five_seed_mean,cotton,b1,nbfnet,mean_0_4,ecdf_mean,,,,,entry_recall_at_25,0.03333333333333334,,,0.011111111111111112,5,,,descriptive fixed-seed summary
b1_pooling_sensitivity,chain_fixed_five_seed_mean,cotton,b1,nbfnet,mean_0_4,ecdf_mean,,,,,entry_recall_at_250,0.6722222222222223,,,0.06431020501550123,5,,,descriptive fixed-seed summary
b1_pooling_sensitivity,chain_fixed_five_seed_mean,cotton,b1,nbfnet,mean_0_4,ecdf_mean,,,,,entry_recall_at_50,0.06666666666666667,,,0.013608276348795434,5,,,descriptive fixed-seed summary
b1_pooling_sensitivity,chain_fixed_five_seed_mean,cotton,b1,nbfnet,mean_0_4,ecdf_mean,,,,,entry_value_capture_at_100,0.03550106356070763,,,0.012204701960144476,5,,,descriptive fixed-seed summary
b1_pooling_sensitivity,chain_fixed_five_seed_mean,cotton,b1,nbfnet,mean_0_4,ecdf_mean,,,,,entry_value_capture_at_25,0.009407372160457502,,,0.006790258180128116,5,,,descriptive fixed-seed summary
b1_pooling_sensitivity,chain_fixed_five_seed_mean,cotton,b1,nbfnet,mean_0_4,ecdf_mean,,,,,entry_value_capture_at_250,0.6188038604427952,,,0.4012932393663357,5,,,descriptive fixed-seed summary
b1_pooling_sensitivity,chain_fixed_five_seed_mean,cotton,b1,nbfnet,mean_0_4,ecdf_mean,,,,,entry_value_capture_at_50,0.014634996321811899,,,0.0049652614190664355,5,,,descriptive fixed-seed summary
b1_pooling_sensitivity,chain_fixed_five_seed_mean,cotton,b1,nbfnet,mean_0_4,ecdf_mean,,,,,positive_entries,36.0,,,0.0,5,,,descriptive fixed-seed summary
b1_pooling_sensitivity,chain_fixed_five_seed_mean,cotton,b1,nbfnet,mean_0_4,ecdf_top3_mean,,,,,effective_k_at_100,100.0,,,0.0,5,,,descriptive fixed-seed summary
b1_pooling_sensitivity,chain_fixed_five_seed_mean,cotton,b1,nbfnet,mean_0_4,ecdf_top3_mean,,,,,effective_k_at_25,25.0,,,0.0,5,,,descriptive fixed-seed summary
b1_pooling_sensitivity,chain_fixed_five_seed_mean,cotton,b1,nbfnet,mean_0_4,ecdf_top3_mean,,,,,effective_k_at_250,250.0,,,0.0,5,,,descriptive fixed-seed summary
b1_pooling_sensitivity,chain_fixed_five_seed_mean,cotton,b1,nbfnet,mean_0_4,ecdf_top3_mean,,,,,effective_k_at_50,50.0,,,0.0,5,,,descriptive fixed-seed summary
b1_pooling_sensitivity,chain_fixed_five_seed_mean,cotton,b1,nbfnet,mean_0_4,ecdf_top3_mean,,,,,entry_average_precision,0.1987397766554047,,,0.03702259453785601,5,,,descriptive fixed-seed summary
b1_pooling_sensitivity,chain_fixed_five_seed_mean,cotton,b1,nbfnet,mean_0_4,ecdf_top3_mean,,,,,entry_groups,320.0,,,0.0,5,,,descriptive fixed-seed summary
b1_pooling_sensitivity,chain_fixed_five_seed_mean,cotton,b1,nbfnet,mean_0_4,ecdf_top3_mean,,,,,entry_precision_at_100,0.152,,,0.024819347291981715,5,,,descriptive fixed-seed summary
b1_pooling_sensitivity,chain_fixed_five_seed_mean,cotton,b1,nbfnet,mean_0_4,ecdf_top3_mean,,,,,entry_precision_at_25,0.21600000000000003,,,0.08979977728257459,5,,,descriptive fixed-seed summary
b1_pooling_sensitivity,chain_fixed_five_seed_mean,cotton,b1,nbfnet,mean_0_4,ecdf_top3_mean,,,,,entry_precision_at_250,0.11599999999999999,,,0.009121403400793105,5,,,descriptive fixed-seed summary
b1_pooling_sensitivity,chain_fixed_five_seed_mean,cotton,b1,nbfnet,mean_0_4,ecdf_top3_mean,,,,,entry_precision_at_50,0.2,,,0.05366563145999495,5,,,descriptive fixed-seed summary
b1_pooling_sensitivity,chain_fixed_five_seed_mean,cotton,b1,nbfnet,mean_0_4,ecdf_top3_mean,,,,,entry_recall_at_100,0.42222222222222217,,,0.06894263136661585,5,,,descriptive fixed-seed summary
b1_pooling_sensitivity,chain_fixed_five_seed_mean,cotton,b1,nbfnet,mean_0_4,ecdf_top3_mean,,,,,entry_recall_at_25,0.15,,,0.06236095644623236,5,,,descriptive fixed-seed summary
b1_pooling_sensitivity,chain_fixed_five_seed_mean,cotton,b1,nbfnet,mean_0_4,ecdf_top3_mean,,,,,entry_recall_at_250,0.8055555555555556,,,0.06334307917217433,5,,,descriptive fixed-seed summary
b1_pooling_sensitivity,chain_fixed_five_seed_mean,cotton,b1,nbfnet,mean_0_4,ecdf_top3_mean,,,,,entry_recall_at_50,0.2777777777777778,,,0.07453559924999298,5,,,descriptive fixed-seed summary
b1_pooling_sensitivity,chain_fixed_five_seed_mean,cotton,b1,nbfnet,mean_0_4,ecdf_top3_mean,,,,,entry_value_capture_at_100,0.8915504868440133,,,0.01249760466034942,5,,,descriptive fixed-seed summary
b1_pooling_sensitivity,chain_fixed_five_seed_mean,cotton,b1,nbfnet,mean_0_4,ecdf_top3_mean,,,,,entry_value_capture_at_25,0.34986480190568753,,,0.3952044573871647,5,,,descriptive fixed-seed summary
b1_pooling_sensitivity,chain_fixed_five_seed_mean,cotton,b1,nbfnet,mean_0_4,ecdf_top3_mean,,,,,entry_value_capture_at_250,0.9660783297719938,,,0.015703764533582278,5,,,descriptive fixed-seed summary
b1_pooling_sensitivity,chain_fixed_five_seed_mean,cotton,b1,nbfnet,mean_0_4,ecdf_top3_mean,,,,,entry_value_capture_at_50,0.6953429717247207,,,0.3137217210430248,5,,,descriptive fixed-seed summary
b1_pooling_sensitivity,chain_fixed_five_seed_mean,cotton,b1,nbfnet,mean_0_4,ecdf_top3_mean,,,,,positive_entries,36.0,,,0.0,5,,,descriptive fixed-seed summary
b1_pooling_sensitivity,chain_fixed_five_seed_mean,cotton,b1,nbfnet,mean_0_4,official_raw_max,,,,,effective_k_at_100,100.0,,,0.0,5,,,descriptive fixed-seed summary
b1_pooling_sensitivity,chain_fixed_five_seed_mean,cotton,b1,nbfnet,mean_0_4,official_raw_max,,,,,effective_k_at_25,25.0,,,0.0,5,,,descriptive fixed-seed summary
b1_pooling_sensitivity,chain_fixed_five_seed_mean,cotton,b1,nbfnet,mean_0_4,official_raw_max,,,,,effective_k_at_250,250.0,,,0.0,5,,,descriptive fixed-seed summary
b1_pooling_sensitivity,chain_fixed_five_seed_mean,cotton,b1,nbfnet,mean_0_4,official_raw_max,,,,,effective_k_at_50,50.0,,,0.0,5,,,descriptive fixed-seed summary
b1_pooling_sensitivity,chain_fixed_five_seed_mean,cotton,b1,nbfnet,mean_0_4,official_raw_max,,,,,entry_average_precision,0.26415129218559824,,,0.017567513609778738,5,,,descriptive fixed-seed summary
b1_pooling_sensitivity,chain_fixed_five_seed_mean,cotton,b1,nbfnet,mean_0_4,official_raw_max,,,,,entry_groups,320.0,,,0.0,5,,,descriptive fixed-seed summary
b1_pooling_sensitivity,chain_fixed_five_seed_mean,cotton,b1,nbfnet,mean_0_4,official_raw_max,,,,,entry_precision_at_100,0.22000000000000003,,,0.020976176963403034,5,,,descriptive fixed-seed summary
b1_pooling_sensitivity,chain_fixed_five_seed_mean,cotton,b1,nbfnet,mean_0_4,official_raw_max,,,,,entry_precision_at_25,0.312,,,0.064,5,,,descriptive fixed-seed summary
b1_pooling_sensitivity,chain_fixed_five_seed_mean,cotton,b1,nbfnet,mean_0_4,official_raw_max,,,,,entry_precision_at_250,0.1336,,,0.0032000000000000028,5,,,descriptive fixed-seed summary
b1_pooling_sensitivity,chain_fixed_five_seed_mean,cotton,b1,nbfnet,mean_0_4,official_raw_max,,,,,entry_precision_at_50,0.248,,,0.027129319932501072,5,,,descriptive fixed-seed summary
b1_pooling_sensitivity,chain_fixed_five_seed_mean,cotton,b1,nbfnet,mean_0_4,official_raw_max,,,,,entry_recall_at_100,0.611111111111111,,,0.05826715823167507,5,,,descriptive fixed-seed summary
b1_pooling_sensitivity,chain_fixed_five_seed_mean,cotton,b1,nbfnet,mean_0_4,official_raw_max,,,,,entry_recall_at_25,0.21666666666666665,,,0.04444444444444445,5,,,descriptive fixed-seed summary
b1_pooling_sensitivity,chain_fixed_five_seed_mean,cotton,b1,nbfnet,mean_0_4,official_raw_max,,,,,entry_recall_at_250,0.9277777777777778,,,0.022222222222222233,5,,,descriptive fixed-seed summary
b1_pooling_sensitivity,chain_fixed_five_seed_mean,cotton,b1,nbfnet,mean_0_4,official_raw_max,,,,,entry_recall_at_50,0.34444444444444444,,,0.037679611017362606,5,,,descriptive fixed-seed summary
b1_pooling_sensitivity,chain_fixed_five_seed_mean,cotton,b1,nbfnet,mean_0_4,official_raw_max,,,,,entry_value_capture_at_100,0.6039664114835748,,,0.3937366951521318,5,,,descriptive fixed-seed summary
b1_pooling_sensitivity,chain_fixed_five_seed_mean,cotton,b1,nbfnet,mean_0_4,official_raw_max,,,,,entry_value_capture_at_25,0.04315188239003984,,,0.01909408372678358,5,,,descriptive fixed-seed summary
b1_pooling_sensitivity,chain_fixed_five_seed_mean,cotton,b1,nbfnet,mean_0_4,official_raw_max,,,,,entry_value_capture_at_250,0.9862770138602668,,,0.008887730592789201,5,,,descriptive fixed-seed summary
b1_pooling_sensitivity,chain_fixed_five_seed_mean,cotton,b1,nbfnet,mean_0_4,official_raw_max,,,,,entry_value_capture_at_50,0.07041299940932871,,,0.015967484534654842,5,,,descriptive fixed-seed summary
b1_pooling_sensitivity,chain_fixed_five_seed_mean,cotton,b1,nbfnet,mean_0_4,official_raw_max,,,,,positive_entries,36.0,,,0.0,5,,,descriptive fixed-seed summary
b1_pooling_sensitivity,chain_fixed_five_seed_mean,nickel,b1,kge,mean_0_4,ecdf_mean,,,,,effective_k_at_100,100.0,,,0.0,5,,,descriptive fixed-seed summary
b1_pooling_sensitivity,chain_fixed_five_seed_mean,nickel,b1,kge,mean_0_4,ecdf_mean,,,,,effective_k_at_25,25.0,,,0.0,5,,,descriptive fixed-seed summary
b1_pooling_sensitivity,chain_fixed_five_seed_mean,nickel,b1,kge,mean_0_4,ecdf_mean,,,,,effective_k_at_250,250.0,,,0.0,5,,,descriptive fixed-seed summary
b1_pooling_sensitivity,chain_fixed_five_seed_mean,nickel,b1,kge,mean_0_4,ecdf_mean,,,,,effective_k_at_50,50.0,,,0.0,5,,,descriptive fixed-seed summary
b1_pooling_sensitivity,chain_fixed_five_seed_mean,nickel,b1,kge,mean_0_4,ecdf_mean,,,,,entry_average_precision,0.384037742061179,,,0.019748260874708004,5,,,descriptive fixed-seed summary
b1_pooling_sensitivity,chain_fixed_five_seed_mean,nickel,b1,kge,mean_0_4,ecdf_mean,,,,,entry_groups,343.0,,,0.0,5,,,descriptive fixed-seed summary
b1_pooling_sensitivity,chain_fixed_five_seed_mean,nickel,b1,kge,mean_0_4,ecdf_mean,,,,,entry_precision_at_100,0.32,,,0.025298221281347035,5,,,descriptive fixed-seed summary
b1_pooling_sensitivity,chain_fixed_five_seed_mean,nickel,b1,kge,mean_0_4,ecdf_mean,,,,,entry_precision_at_25,0.512,,,0.03919183588453088,5,,,descriptive fixed-seed summary
b1_pooling_sensitivity,chain_fixed_five_seed_mean,nickel,b1,kge,mean_0_4,ecdf_mean,,,,,entry_precision_at_250,0.2504,,,0.008979977728257467,5,,,descriptive fixed-seed summary
b1_pooling_sensitivity,chain_fixed_five_seed_mean,nickel,b1,kge,mean_0_4,ecdf_mean,,,,,entry_precision_at_50,0.404,,,0.03440930106817049,5,,,descriptive fixed-seed summary
b1_pooling_sensitivity,chain_fixed_five_seed_mean,nickel,b1,kge,mean_0_4,ecdf_mean,,,,,entry_recall_at_100,0.48484848484848486,,,0.03833063830507124,5,,,descriptive fixed-seed summary
b1_pooling_sensitivity,chain_fixed_five_seed_mean,nickel,b1,kge,mean_0_4,ecdf_mean,,,,,entry_recall_at_25,0.19393939393939394,,,0.014845392380504112,5,,,descriptive fixed-seed summary
b1_pooling_sensitivity,chain_fixed_five_seed_mean,nickel,b1,kge,mean_0_4,ecdf_mean,,,,,entry_recall_at_250,0.9484848484848485,,,0.0340150671524904,5,,,descriptive fixed-seed summary
b1_pooling_sensitivity,chain_fixed_five_seed_mean,nickel,b1,kge,mean_0_4,ecdf_mean,,,,,entry_recall_at_50,0.30606060606060603,,,0.026067652324371592,5,,,descriptive fixed-seed summary
b1_pooling_sensitivity,chain_fixed_five_seed_mean,nickel,b1,kge,mean_0_4,ecdf_mean,,,,,entry_value_capture_at_100,0.4302761603981409,,,0.24629011969191325,5,,,descriptive fixed-seed summary
b1_pooling_sensitivity,chain_fixed_five_seed_mean,nickel,b1,kge,mean_0_4,ecdf_mean,,,,,entry_value_capture_at_25,0.11374298074407259,,,0.06905910224832841,5,,,descriptive fixed-seed summary
b1_pooling_sensitivity,chain_fixed_five_seed_mean,nickel,b1,kge,mean_0_4,ecdf_mean,,,,,entry_value_capture_at_250,0.8722749462315427,,,0.24520346020086042,5,,,descriptive fixed-seed summary
b1_pooling_sensitivity,chain_fixed_five_seed_mean,nickel,b1,kge,mean_0_4,ecdf_mean,,,,,entry_value_capture_at_50,0.23792205063635358,,,0.05667906852844044,5,,,descriptive fixed-seed summary
b1_pooling_sensitivity,chain_fixed_five_seed_mean,nickel,b1,kge,mean_0_4,ecdf_mean,,,,,positive_entries,66.0,,,0.0,5,,,descriptive fixed-seed summary
b1_pooling_sensitivity,chain_fixed_five_seed_mean,nickel,b1,kge,mean_0_4,ecdf_top3_mean,,,,,effective_k_at_100,100.0,,,0.0,5,,,descriptive fixed-seed summary
b1_pooling_sensitivity,chain_fixed_five_seed_mean,nickel,b1,kge,mean_0_4,ecdf_top3_mean,,,,,effective_k_at_25,25.0,,,0.0,5,,,descriptive fixed-seed summary
b1_pooling_sensitivity,chain_fixed_five_seed_mean,nickel,b1,kge,mean_0_4,ecdf_top3_mean,,,,,effective_k_at_250,250.0,,,0.0,5,,,descriptive fixed-seed summary
b1_pooling_sensitivity,chain_fixed_five_seed_mean,nickel,b1,kge,mean_0_4,ecdf_top3_mean,,,,,effective_k_at_50,50.0,,,0.0,5,,,descriptive fixed-seed summary
b1_pooling_sensitivity,chain_fixed_five_seed_mean,nickel,b1,kge,mean_0_4,ecdf_top3_mean,,,,,entry_average_precision,0.4357259594914254,,,0.022204941538291924,5,,,descriptive fixed-seed summary
b1_pooling_sensitivity,chain_fixed_five_seed_mean,nickel,b1,kge,mean_0_4,ecdf_top3_mean,,,,,entry_groups,343.0,,,0.0,5,,,descriptive fixed-seed summary
b1_pooling_sensitivity,chain_fixed_five_seed_mean,nickel,b1,kge,mean_0_4,ecdf_top3_mean,,,,,entry_precision_at_100,0.378,,,0.023151673805580458,5,,,descriptive fixed-seed summary
b1_pooling_sensitivity,chain_fixed_five_seed_mean,nickel,b1,kge,mean_0_4,ecdf_top3_mean,,,,,entry_precision_at_25,0.536,,,0.01959591794226544,5,,,descriptive fixed-seed summary
b1_pooling_sensitivity,chain_fixed_five_seed_mean,nickel,b1,kge,mean_0_4,ecdf_top3_mean,,,,,entry_precision_at_250,0.256,,,0.0025298221281347057,5,,,descriptive fixed-seed summary
b1_pooling_sensitivity,chain_fixed_five_seed_mean,nickel,b1,kge,mean_0_4,ecdf_top3_mean,,,,,entry_precision_at_50,0.476,,,0.023323807579381198,5,,,descriptive fixed-seed summary
b1_pooling_sensitivity,chain_fixed_five_seed_mean,nickel,b1,kge,mean_0_4,ecdf_top3_mean,,,,,entry_recall_at_100,0.5727272727272726,,,0.03507829364481889,5,,,descriptive fixed-seed summary
b1_pooling_sensitivity,chain_fixed_five_seed_mean,nickel,b1,kge,mean_0_4,ecdf_top3_mean,,,,,entry_recall_at_25,0.20303030303030303,,,0.007422696190252062,5,,,descriptive fixed-seed summary
b1_pooling_sensitivity,chain_fixed_five_seed_mean,nickel,b1,kge,mean_0_4,ecdf_top3_mean,,,,,entry_recall_at_250,0.9696969696969697,,,0.009582659576267808,5,,,descriptive fixed-seed summary
b1_pooling_sensitivity,chain_fixed_five_seed_mean,nickel,b1,kge,mean_0_4,ecdf_top3_mean,,,,,entry_recall_at_50,0.3606060606060606,,,0.01766955119650091,5,,,descriptive fixed-seed summary
b1_pooling_sensitivity,chain_fixed_five_seed_mean,nickel,b1,kge,mean_0_4,ecdf_top3_mean,,,,,entry_value_capture_at_100,0.27286599745636275,,,0.06717244820615277,5,,,descriptive fixed-seed summary
b1_pooling_sensitivity,chain_fixed_five_seed_mean,nickel,b1,kge,mean_0_4,ecdf_top3_mean,,,,,entry_value_capture_at_25,0.1072385688987798,,,0.032922260685013756,5,,,descriptive fixed-seed summary
b1_pooling_sensitivity,chain_fixed_five_seed_mean,nickel,b1,kge,mean_0_4,ecdf_top3_mean,,,,,entry_value_capture_at_250,0.874141754906745,,,0.24664206226803803,5,,,descriptive fixed-seed summary
b1_pooling_sensitivity,chain_fixed_five_seed_mean,nickel,b1,kge,mean_0_4,ecdf_top3_mean,,,,,entry_value_capture_at_50,0.19374040103151763,,,0.09793636327438976,5,,,descriptive fixed-seed summary
b1_pooling_sensitivity,chain_fixed_five_seed_mean,nickel,b1,kge,mean_0_4,ecdf_top3_mean,,,,,positive_entries,66.0,,,0.0,5,,,descriptive fixed-seed summary
b1_pooling_sensitivity,chain_fixed_five_seed_mean,nickel,b1,kge,mean_0_4,official_raw_max,,,,,effective_k_at_100,100.0,,,0.0,5,,,descriptive fixed-seed summary
b1_pooling_sensitivity,chain_fixed_five_seed_mean,nickel,b1,kge,mean_0_4,official_raw_max,,,,,effective_k_at_25,25.0,,,0.0,5,,,descriptive fixed-seed summary
b1_pooling_sensitivity,chain_fixed_five_seed_mean,nickel,b1,kge,mean_0_4,official_raw_max,,,,,effective_k_at_250,250.0,,,0.0,5,,,descriptive fixed-seed summary
b1_pooling_sensitivity,chain_fixed_five_seed_mean,nickel,b1,kge,mean_0_4,official_raw_max,,,,,effective_k_at_50,50.0,,,0.0,5,,,descriptive fixed-seed summary
b1_pooling_sensitivity,chain_fixed_five_seed_mean,nickel,b1,kge,mean_0_4,official_raw_max,,,,,entry_average_precision,0.399109937478351,,,0.0328244016862596,5,,,descriptive fixed-seed summary
b1_pooling_sensitivity,chain_fixed_five_seed_mean,nickel,b1,kge,mean_0_4,official_raw_max,,,,,entry_groups,343.0,,,0.0,5,,,descriptive fixed-seed summary
b1_pooling_sensitivity,chain_fixed_five_seed_mean,nickel,b1,kge,mean_0_4,official_raw_max,,,,,entry_precision_at_100,0.366,,,0.03199999999999999,5,,,descriptive fixed-seed summary
b1_pooling_sensitivity,chain_fixed_five_seed_mean,nickel,b1,kge,mean_0_4,official_raw_max,,,,,entry_precision_at_25,0.496,,,0.0407921561087423,5,,,descriptive fixed-seed summary
b1_pooling_sensitivity,chain_fixed_five_seed_mean,nickel,b1,kge,mean_0_4,official_raw_max,,,,,entry_precision_at_250,0.2544,,,0.004079215610874232,5,,,descriptive fixed-seed summary
b1_pooling_sensitivity,chain_fixed_five_seed_mean,nickel,b1,kge,mean_0_4,official_raw_max,,,,,entry_precision_at_50,0.42000000000000004,,,0.04732863826479693,5,,,descriptive fixed-seed summary
b1_pooling_sensitivity,chain_fixed_five_seed_mean,nickel,b1,kge,mean_0_4,official_raw_max,,,,,entry_recall_at_100,0.5545454545454545,,,0.04848484848484849,5,,,descriptive fixed-seed summary
b1_pooling_sensitivity,chain_fixed_five_seed_mean,nickel,b1,kge,mean_0_4,official_raw_max,,,,,entry_recall_at_25,0.18787878787878787,,,0.015451574283614503,5,,,descriptive fixed-seed summary
b1_pooling_sensitivity,chain_fixed_five_seed_mean,nickel,b1,kge,mean_0_4,official_raw_max,,,,,entry_recall_at_250,0.9636363636363636,,,0.015451574283614483,5,,,descriptive fixed-seed summary
b1_pooling_sensitivity,chain_fixed_five_seed_mean,nickel,b1,kge,mean_0_4,official_raw_max,,,,,entry_recall_at_50,0.31818181818181823,,,0.03585502898848253,5,,,descriptive fixed-seed summary
b1_pooling_sensitivity,chain_fixed_five_seed_mean,nickel,b1,kge,mean_0_4,official_raw_max,,,,,entry_value_capture_at_100,0.2730124150666631,,,0.06672867738066511,5,,,descriptive fixed-seed summary
b1_pooling_sensitivity,chain_fixed_five_seed_mean,nickel,b1,kge,mean_0_4,official_raw_max,,,,,entry_value_capture_at_25,0.07839178003609334,,,0.014946951008874783,5,,,descriptive fixed-seed summary
b1_pooling_sensitivity,chain_fixed_five_seed_mean,nickel,b1,kge,mean_0_4,official_raw_max,,,,,entry_value_capture_at_250,0.873103455955379,,,0.24871864146846281,5,,,descriptive fixed-seed summary
b1_pooling_sensitivity,chain_fixed_five_seed_mean,nickel,b1,kge,mean_0_4,official_raw_max,,,,,entry_value_capture_at_50,0.15586384884616328,,,0.08122692583381101,5,,,descriptive fixed-seed summary
b1_pooling_sensitivity,chain_fixed_five_seed_mean,nickel,b1,kge,mean_0_4,official_raw_max,,,,,positive_entries,66.0,,,0.0,5,,,descriptive fixed-seed summary
b1_pooling_sensitivity,chain_fixed_five_seed_mean,nickel,b1,nbfnet,mean_0_4,ecdf_mean,,,,,effective_k_at_100,100.0,,,0.0,5,,,descriptive fixed-seed summary
b1_pooling_sensitivity,chain_fixed_five_seed_mean,nickel,b1,nbfnet,mean_0_4,ecdf_mean,,,,,effective_k_at_25,25.0,,,0.0,5,,,descriptive fixed-seed summary
b1_pooling_sensitivity,chain_fixed_five_seed_mean,nickel,b1,nbfnet,mean_0_4,ecdf_mean,,,,,effective_k_at_250,250.0,,,0.0,5,,,descriptive fixed-seed summary
b1_pooling_sensitivity,chain_fixed_five_seed_mean,nickel,b1,nbfnet,mean_0_4,ecdf_mean,,,,,effective_k_at_50,50.0,,,0.0,5,,,descriptive fixed-seed summary
b1_pooling_sensitivity,chain_fixed_five_seed_mean,nickel,b1,nbfnet,mean_0_4,ecdf_mean,,,,,entry_average_precision,0.19164100881607835,,,0.015720095130955642,5,,,descriptive fixed-seed summary
b1_pooling_sensitivity,chain_fixed_five_seed_mean,nickel,b1,nbfnet,mean_0_4,ecdf_mean,,,,,entry_groups,343.0,,,0.0,5,,,descriptive fixed-seed summary
b1_pooling_sensitivity,chain_fixed_five_seed_mean,nickel,b1,nbfnet,mean_0_4,ecdf_mean,,,,,entry_precision_at_100,0.16,,,0.025298221281347035,5,,,descriptive fixed-seed summary
b1_pooling_sensitivity,chain_fixed_five_seed_mean,nickel,b1,nbfnet,mean_0_4,ecdf_mean,,,,,entry_precision_at_25,0.176,,,0.04800000000000001,5,,,descriptive fixed-seed summary
b1_pooling_sensitivity,chain_fixed_five_seed_mean,nickel,b1,nbfnet,mean_0_4,ecdf_mean,,,,,entry_precision_at_250,0.18639999999999998,,,0.012026637102698327,5,,,descriptive fixed-seed summary
b1_pooling_sensitivity,chain_fixed_five_seed_mean,nickel,b1,nbfnet,mean_0_4,ecdf_mean,,,,,entry_precision_at_50,0.16399999999999998,,,0.03440930106817051,5,,,descriptive fixed-seed summary
b1_pooling_sensitivity,chain_fixed_five_seed_mean,nickel,b1,nbfnet,mean_0_4,ecdf_mean,,,,,entry_recall_at_100,0.24242424242424243,,,0.038330638305071274,5,,,descriptive fixed-seed summary
b1_pooling_sensitivity,chain_fixed_five_seed_mean,nickel,b1,nbfnet,mean_0_4,ecdf_mean,,,,,entry_recall_at_25,0.06666666666666667,,,0.01818181818181818,5,,,descriptive fixed-seed summary
b1_pooling_sensitivity,chain_fixed_five_seed_mean,nickel,b1,nbfnet,mean_0_4,ecdf_mean,,,,,entry_recall_at_250,0.7060606060606063,,,0.045555443570827,5,,,descriptive fixed-seed summary
b1_pooling_sensitivity,chain_fixed_five_seed_mean,nickel,b1,nbfnet,mean_0_4,ecdf_mean,,,,,entry_recall_at_50,0.12424242424242424,,,0.026067652324371592,5,,,descriptive fixed-seed summary
b1_pooling_sensitivity,chain_fixed_five_seed_mean,nickel,b1,nbfnet,mean_0_4,ecdf_mean,,,,,entry_value_capture_at_100,0.17473160509283356,,,0.24433312569203153,5,,,descriptive fixed-seed summary
b1_pooling_sensitivity,chain_fixed_five_seed_mean,nickel,b1,nbfnet,mean_0_4,ecdf_mean,,,,,entry_value_capture_at_25,0.014399899212800849,,,0.013525581467033728,5,,,descriptive fixed-seed summary
b1_pooling_sensitivity,chain_fixed_five_seed_mean,nickel,b1,nbfnet,mean_0_4,ecdf_mean,,,,,entry_value_capture_at_250,0.7318536409415962,,,0.01868847339801624,5,,,descriptive fixed-seed summary
b1_pooling_sensitivity,chain_fixed_five_seed_mean,nickel,b1,nbfnet,mean_0_4,ecdf_mean,,,,,entry_value_capture_at_50,0.15555466930752593,,,0.2495247821138902,5,,,descriptive fixed-seed summary
b1_pooling_sensitivity,chain_fixed_five_seed_mean,nickel,b1,nbfnet,mean_0_4,ecdf_mean,,,,,positive_entries,66.0,,,0.0,5,,,descriptive fixed-seed summary
b1_pooling_sensitivity,chain_fixed_five_seed_mean,nickel,b1,nbfnet,mean_0_4,ecdf_top3_mean,,,,,effective_k_at_100,100.0,,,0.0,5,,,descriptive fixed-seed summary
b1_pooling_sensitivity,chain_fixed_five_seed_mean,nickel,b1,nbfnet,mean_0_4,ecdf_top3_mean,,,,,effective_k_at_25,25.0,,,0.0,5,,,descriptive fixed-seed summary
b1_pooling_sensitivity,chain_fixed_five_seed_mean,nickel,b1,nbfnet,mean_0_4,ecdf_top3_mean,,,,,effective_k_at_250,250.0,,,0.0,5,,,descriptive fixed-seed summary
b1_pooling_sensitivity,chain_fixed_five_seed_mean,nickel,b1,nbfnet,mean_0_4,ecdf_top3_mean,,,,,effective_k_at_50,50.0,,,0.0,5,,,descriptive fixed-seed summary
b1_pooling_sensitivity,chain_fixed_five_seed_mean,nickel,b1,nbfnet,mean_0_4,ecdf_top3_mean,,,,,entry_average_precision,0.3093254007519322,,,0.04798327124314303,5,,,descriptive fixed-seed summary
b1_pooling_sensitivity,chain_fixed_five_seed_mean,nickel,b1,nbfnet,mean_0_4,ecdf_top3_mean,,,,,entry_groups,343.0,,,0.0,5,,,descriptive fixed-seed summary
b1_pooling_sensitivity,chain_fixed_five_seed_mean,nickel,b1,nbfnet,mean_0_4,ecdf_top3_mean,,,,,entry_precision_at_100,0.284,,,0.0431740662898458,5,,,descriptive fixed-seed summary
b1_pooling_sensitivity,chain_fixed_five_seed_mean,nickel,b1,nbfnet,mean_0_4,ecdf_top3_mean,,,,,entry_precision_at_25,0.392,,,0.10851727973000429,5,,,descriptive fixed-seed summary
b1_pooling_sensitivity,chain_fixed_five_seed_mean,nickel,b1,nbfnet,mean_0_4,ecdf_top3_mean,,,,,entry_precision_at_250,0.22079999999999997,,,0.008908422980528033,5,,,descriptive fixed-seed summary
b1_pooling_sensitivity,chain_fixed_five_seed_mean,nickel,b1,nbfnet,mean_0_4,ecdf_top3_mean,,,,,entry_precision_at_50,0.33599999999999997,,,0.07631513611335566,5,,,descriptive fixed-seed summary
b1_pooling_sensitivity,chain_fixed_five_seed_mean,nickel,b1,nbfnet,mean_0_4,ecdf_top3_mean,,,,,entry_recall_at_100,0.4303030303030303,,,0.0654152519543118,5,,,descriptive fixed-seed summary
b1_pooling_sensitivity,chain_fixed_five_seed_mean,nickel,b1,nbfnet,mean_0_4,ecdf_top3_mean,,,,,entry_recall_at_25,0.1484848484848485,,,0.041105030200759195,5,,,descriptive fixed-seed summary
b1_pooling_sensitivity,chain_fixed_five_seed_mean,nickel,b1,nbfnet,mean_0_4,ecdf_top3_mean,,,,,entry_recall_at_250,0.8363636363636363,,,0.033744026441394084,5,,,descriptive fixed-seed summary
b1_pooling_sensitivity,chain_fixed_five_seed_mean,nickel,b1,nbfnet,mean_0_4,ecdf_top3_mean,,,,,entry_recall_at_50,0.2545454545454546,,,0.05781449705557248,5,,,descriptive fixed-seed summary
b1_pooling_sensitivity,chain_fixed_five_seed_mean,nickel,b1,nbfnet,mean_0_4,ecdf_top3_mean,,,,,entry_value_capture_at_100,0.4483761637292056,,,0.32548867024363165,5,,,descriptive fixed-seed summary
b1_pooling_sensitivity,chain_fixed_five_seed_mean,nickel,b1,nbfnet,mean_0_4,ecdf_top3_mean,,,,,entry_value_capture_at_25,0.2911800936660903,,,0.3305511511367097,5,,,descriptive fixed-seed summary
b1_pooling_sensitivity,chain_fixed_five_seed_mean,nickel,b1,nbfnet,mean_0_4,ecdf_top3_mean,,,,,entry_value_capture_at_250,0.9641847579324132,,,0.013890391659534655,5,,,descriptive fixed-seed summary
b1_pooling_sensitivity,chain_fixed_five_seed_mean,nickel,b1,nbfnet,mean_0_4,ecdf_top3_mean,,,,,entry_value_capture_at_50,0.38275951819012854,,,0.3450839420189044,5,,,descriptive fixed-seed summary
b1_pooling_sensitivity,chain_fixed_five_seed_mean,nickel,b1,nbfnet,mean_0_4,ecdf_top3_mean,,,,,positive_entries,66.0,,,0.0,5,,,descriptive fixed-seed summary
b1_pooling_sensitivity,chain_fixed_five_seed_mean,nickel,b1,nbfnet,mean_0_4,official_raw_max,,,,,effective_k_at_100,100.0,,,0.0,5,,,descriptive fixed-seed summary
b1_pooling_sensitivity,chain_fixed_five_seed_mean,nickel,b1,nbfnet,mean_0_4,official_raw_max,,,,,effective_k_at_25,25.0,,,0.0,5,,,descriptive fixed-seed summary
b1_pooling_sensitivity,chain_fixed_five_seed_mean,nickel,b1,nbfnet,mean_0_4,official_raw_max,,,,,effective_k_at_250,250.0,,,0.0,5,,,descriptive fixed-seed summary
b1_pooling_sensitivity,chain_fixed_five_seed_mean,nickel,b1,nbfnet,mean_0_4,official_raw_max,,,,,effective_k_at_50,50.0,,,0.0,5,,,descriptive fixed-seed summary
b1_pooling_sensitivity,chain_fixed_five_seed_mean,nickel,b1,nbfnet,mean_0_4,official_raw_max,,,,,entry_average_precision,0.25111859794014463,,,0.050797908327978314,5,,,descriptive fixed-seed summary
b1_pooling_sensitivity,chain_fixed_five_seed_mean,nickel,b1,nbfnet,mean_0_4,official_raw_max,,,,,entry_groups,343.0,,,0.0,5,,,descriptive fixed-seed summary
b1_pooling_sensitivity,chain_fixed_five_seed_mean,nickel,b1,nbfnet,mean_0_4,official_raw_max,,,,,entry_precision_at_100,0.246,,,0.036660605559646724,5,,,descriptive fixed-seed summary
b1_pooling_sensitivity,chain_fixed_five_seed_mean,nickel,b1,nbfnet,mean_0_4,official_raw_max,,,,,entry_precision_at_25,0.30400000000000005,,,0.13047605144240074,5,,,descriptive fixed-seed summary
b1_pooling_sensitivity,chain_fixed_five_seed_mean,nickel,b1,nbfnet,mean_0_4,official_raw_max,,,,,entry_precision_at_250,0.21280000000000002,,,0.011702991070662238,5,,,descriptive fixed-seed summary
b1_pooling_sensitivity,chain_fixed_five_seed_mean,nickel,b1,nbfnet,mean_0_4,official_raw_max,,,,,entry_precision_at_50,0.256,,,0.06621178142898738,5,,,descriptive fixed-seed summary
b1_pooling_sensitivity,chain_fixed_five_seed_mean,nickel,b1,nbfnet,mean_0_4,official_raw_max,,,,,entry_recall_at_100,0.3727272727272727,,,0.05554637206007079,5,,,descriptive fixed-seed summary
b1_pooling_sensitivity,chain_fixed_five_seed_mean,nickel,b1,nbfnet,mean_0_4,official_raw_max,,,,,entry_recall_at_25,0.11515151515151516,,,0.04942274675848512,5,,,descriptive fixed-seed summary
b1_pooling_sensitivity,chain_fixed_five_seed_mean,nickel,b1,nbfnet,mean_0_4,official_raw_max,,,,,entry_recall_at_250,0.806060606060606,,,0.044329511631296344,5,,,descriptive fixed-seed summary
b1_pooling_sensitivity,chain_fixed_five_seed_mean,nickel,b1,nbfnet,mean_0_4,official_raw_max,,,,,entry_recall_at_50,0.19393939393939394,,,0.05016044047650559,5,,,descriptive fixed-seed summary
b1_pooling_sensitivity,chain_fixed_five_seed_mean,nickel,b1,nbfnet,mean_0_4,official_raw_max,,,,,entry_value_capture_at_100,0.5857859600788664,,,0.2611854614851795,5,,,descriptive fixed-seed summary
b1_pooling_sensitivity,chain_fixed_five_seed_mean,nickel,b1,nbfnet,mean_0_4,official_raw_max,,,,,entry_value_capture_at_25,0.06348259509793157,,,0.03361263682202025,5,,,descriptive fixed-seed summary
b1_pooling_sensitivity,chain_fixed_five_seed_mean,nickel,b1,nbfnet,mean_0_4,official_raw_max,,,,,entry_value_capture_at_250,0.9680258979480618,,,0.010353595218115701,5,,,descriptive fixed-seed summary
b1_pooling_sensitivity,chain_fixed_five_seed_mean,nickel,b1,nbfnet,mean_0_4,official_raw_max,,,,,entry_value_capture_at_50,0.1522921079590847,,,0.0786892975277764,5,,,descriptive fixed-seed summary
b1_pooling_sensitivity,chain_fixed_five_seed_mean,nickel,b1,nbfnet,mean_0_4,official_raw_max,,,,,positive_entries,66.0,,,0.0,5,,,descriptive fixed-seed summary
b1_pooling_sensitivity,chain_fixed_five_seed_mean,oilseed-soy,b1,kge,mean_0_4,ecdf_mean,,,,,effective_k_at_100,86.0,,,0.0,5,,,descriptive fixed-seed summary
b1_pooling_sensitivity,chain_fixed_five_seed_mean,oilseed-soy,b1,kge,mean_0_4,ecdf_mean,,,,,effective_k_at_25,25.0,,,0.0,5,,,descriptive fixed-seed summary
b1_pooling_sensitivity,chain_fixed_five_seed_mean,oilseed-soy,b1,kge,mean_0_4,ecdf_mean,,,,,effective_k_at_250,86.0,,,0.0,5,,,descriptive fixed-seed summary
b1_pooling_sensitivity,chain_fixed_five_seed_mean,oilseed-soy,b1,kge,mean_0_4,ecdf_mean,,,,,effective_k_at_50,50.0,,,0.0,5,,,descriptive fixed-seed summary
b1_pooling_sensitivity,chain_fixed_five_seed_mean,oilseed-soy,b1,kge,mean_0_4,ecdf_mean,,,,,entry_average_precision,0.5021389652439068,,,0.0432616495239418,5,,,descriptive fixed-seed summary
b1_pooling_sensitivity,chain_fixed_five_seed_mean,oilseed-soy,b1,kge,mean_0_4,ecdf_mean,,,,,entry_groups,86.0,,,0.0,5,,,descriptive fixed-seed summary
b1_pooling_sensitivity,chain_fixed_five_seed_mean,oilseed-soy,b1,kge,mean_0_4,ecdf_mean,,,,,entry_precision_at_100,0.3953488372093023,,,0.0,5,,,descriptive fixed-seed summary
b1_pooling_sensitivity,chain_fixed_five_seed_mean,oilseed-soy,b1,kge,mean_0_4,ecdf_mean,,,,,entry_precision_at_25,0.512,,,0.064,5,,,descriptive fixed-seed summary
b1_pooling_sensitivity,chain_fixed_five_seed_mean,oilseed-soy,b1,kge,mean_0_4,ecdf_mean,,,,,entry_precision_at_250,0.3953488372093023,,,0.0,5,,,descriptive fixed-seed summary
b1_pooling_sensitivity,chain_fixed_five_seed_mean,oilseed-soy,b1,kge,mean_0_4,ecdf_mean,,,,,entry_precision_at_50,0.46399999999999997,,,0.026532998322843202,5,,,descriptive fixed-seed summary
b1_pooling_sensitivity,chain_fixed_five_seed_mean,oilseed-soy,b1,kge,mean_0_4,ecdf_mean,,,,,entry_recall_at_100,1.0,,,0.0,5,,,descriptive fixed-seed summary
b1_pooling_sensitivity,chain_fixed_five_seed_mean,oilseed-soy,b1,kge,mean_0_4,ecdf_mean,,,,,entry_recall_at_25,0.3764705882352941,,,0.04705882352941175,5,,,descriptive fixed-seed summary
b1_pooling_sensitivity,chain_fixed_five_seed_mean,oilseed-soy,b1,kge,mean_0_4,ecdf_mean,,,,,entry_recall_at_250,1.0,,,0.0,5,,,descriptive fixed-seed summary
b1_pooling_sensitivity,chain_fixed_five_seed_mean,oilseed-soy,b1,kge,mean_0_4,ecdf_mean,,,,,entry_recall_at_50,0.6823529411764706,,,0.03901911518065177,5,,,descriptive fixed-seed summary
b1_pooling_sensitivity,chain_fixed_five_seed_mean,oilseed-soy,b1,kge,mean_0_4,ecdf_mean,,,,,entry_value_capture_at_100,1.0,,,2.432376777795247e-16,5,,,descriptive fixed-seed summary
b1_pooling_sensitivity,chain_fixed_five_seed_mean,oilseed-soy,b1,kge,mean_0_4,ecdf_mean,,,,,entry_value_capture_at_25,0.531167270212179,,,0.30630332635433494,5,,,descriptive fixed-seed summary
b1_pooling_sensitivity,chain_fixed_five_seed_mean,oilseed-soy,b1,kge,mean_0_4,ecdf_mean,,,,,entry_value_capture_at_250,1.0,,,2.432376777795247e-16,5,,,descriptive fixed-seed summary
b1_pooling_sensitivity,chain_fixed_five_seed_mean,oilseed-soy,b1,kge,mean_0_4,ecdf_mean,,,,,entry_value_capture_at_50,0.8296063759280436,,,0.19256381636271339,5,,,descriptive fixed-seed summary
b1_pooling_sensitivity,chain_fixed_five_seed_mean,oilseed-soy,b1,kge,mean_0_4,ecdf_mean,,,,,positive_entries,34.0,,,0.0,5,,,descriptive fixed-seed summary
b1_pooling_sensitivity,chain_fixed_five_seed_mean,oilseed-soy,b1,kge,mean_0_4,ecdf_top3_mean,,,,,effective_k_at_100,86.0,,,0.0,5,,,descriptive fixed-seed summary
b1_pooling_sensitivity,chain_fixed_five_seed_mean,oilseed-soy,b1,kge,mean_0_4,ecdf_top3_mean,,,,,effective_k_at_25,25.0,,,0.0,5,,,descriptive fixed-seed summary
b1_pooling_sensitivity,chain_fixed_five_seed_mean,oilseed-soy,b1,kge,mean_0_4,ecdf_top3_mean,,,,,effective_k_at_250,86.0,,,0.0,5,,,descriptive fixed-seed summary
b1_pooling_sensitivity,chain_fixed_five_seed_mean,oilseed-soy,b1,kge,mean_0_4,ecdf_top3_mean,,,,,effective_k_at_50,50.0,,,0.0,5,,,descriptive fixed-seed summary
b1_pooling_sensitivity,chain_fixed_five_seed_mean,oilseed-soy,b1,kge,mean_0_4,ecdf_top3_mean,,,,,entry_average_precision,0.5132263596202945,,,0.03967729495605201,5,,,descriptive fixed-seed summary
b1_pooling_sensitivity,chain_fixed_five_seed_mean,oilseed-soy,b1,kge,mean_0_4,ecdf_top3_mean,,,,,entry_groups,86.0,,,0.0,5,,,descriptive fixed-seed summary
b1_pooling_sensitivity,chain_fixed_five_seed_mean,oilseed-soy,b1,kge,mean_0_4,ecdf_top3_mean,,,,,entry_precision_at_100,0.3953488372093023,,,0.0,5,,,descriptive fixed-seed summary
b1_pooling_sensitivity,chain_fixed_five_seed_mean,oilseed-soy,b1,kge,mean_0_4,ecdf_top3_mean,,,,,entry_precision_at_25,0.52,,,0.043817804600413304,5,,,descriptive fixed-seed summary
b1_pooling_sensitivity,chain_fixed_five_seed_mean,oilseed-soy,b1,kge,mean_0_4,ecdf_top3_mean,,,,,entry_precision_at_250,0.3953488372093023,,,0.0,5,,,descriptive fixed-seed summary
b1_pooling_sensitivity,chain_fixed_five_seed_mean,oilseed-soy,b1,kge,mean_0_4,ecdf_top3_mean,,,,,entry_precision_at_50,0.472,,,0.02039607805437113,5,,,descriptive fixed-seed summary
b1_pooling_sensitivity,chain_fixed_five_seed_mean,oilseed-soy,b1,kge,mean_0_4,ecdf_top3_mean,,,,,entry_recall_at_100,1.0,,,0.0,5,,,descriptive fixed-seed summary
b1_pooling_sensitivity,chain_fixed_five_seed_mean,oilseed-soy,b1,kge,mean_0_4,ecdf_top3_mean,,,,,entry_recall_at_25,0.3823529411764705,,,0.03221897397089211,5,,,descriptive fixed-seed summary
b1_pooling_sensitivity,chain_fixed_five_seed_mean,oilseed-soy,b1,kge,mean_0_4,ecdf_top3_mean,,,,,entry_recall_at_250,1.0,,,0.0,5,,,descriptive fixed-seed summary
b1_pooling_sensitivity,chain_fixed_five_seed_mean,oilseed-soy,b1,kge,mean_0_4,ecdf_top3_mean,,,,,entry_recall_at_50,0.6941176470588235,,,0.029994232432898737,5,,,descriptive fixed-seed summary
b1_pooling_sensitivity,chain_fixed_five_seed_mean,oilseed-soy,b1,kge,mean_0_4,ecdf_top3_mean,,,,,entry_value_capture_at_100,1.0,,,1.7199501139797033e-16,5,,,descriptive fixed-seed summary
b1_pooling_sensitivity,chain_fixed_five_seed_mean,oilseed-soy,b1,kge,mean_0_4,ecdf_top3_mean,,,,,entry_value_capture_at_25,0.6013116907113132,,,0.13547898621890253,5,,,descriptive fixed-seed summary
b1_pooling_sensitivity,chain_fixed_five_seed_mean,oilseed-soy,b1,kge,mean_0_4,ecdf_top3_mean,,,,,entry_value_capture_at_250,1.0,,,1.7199501139797033e-16,5,,,descriptive fixed-seed summary
b1_pooling_sensitivity,chain_fixed_five_seed_mean,oilseed-soy,b1,kge,mean_0_4,ecdf_top3_mean,,,,,entry_value_capture_at_50,0.9235353640978952,,,0.1101761986529515,5,,,descriptive fixed-seed summary
b1_pooling_sensitivity,chain_fixed_five_seed_mean,oilseed-soy,b1,kge,mean_0_4,ecdf_top3_mean,,,,,positive_entries,34.0,,,0.0,5,,,descriptive fixed-seed summary
b1_pooling_sensitivity,chain_fixed_five_seed_mean,oilseed-soy,b1,kge,mean_0_4,official_raw_max,,,,,effective_k_at_100,86.0,,,0.0,5,,,descriptive fixed-seed summary
b1_pooling_sensitivity,chain_fixed_five_seed_mean,oilseed-soy,b1,kge,mean_0_4,official_raw_max,,,,,effective_k_at_25,25.0,,,0.0,5,,,descriptive fixed-seed summary
b1_pooling_sensitivity,chain_fixed_five_seed_mean,oilseed-soy,b1,kge,mean_0_4,official_raw_max,,,,,effective_k_at_250,86.0,,,0.0,5,,,descriptive fixed-seed summary
b1_pooling_sensitivity,chain_fixed_five_seed_mean,oilseed-soy,b1,kge,mean_0_4,official_raw_max,,,,,effective_k_at_50,50.0,,,0.0,5,,,descriptive fixed-seed summary
b1_pooling_sensitivity,chain_fixed_five_seed_mean,oilseed-soy,b1,kge,mean_0_4,official_raw_max,,,,,entry_average_precision,0.5189009405217345,,,0.028633622657634604,5,,,descriptive fixed-seed summary
b1_pooling_sensitivity,chain_fixed_five_seed_mean,oilseed-soy,b1,kge,mean_0_4,official_raw_max,,,,,entry_groups,86.0,,,0.0,5,,,descriptive fixed-seed summary
b1_pooling_sensitivity,chain_fixed_five_seed_mean,oilseed-soy,b1,kge,mean_0_4,official_raw_max,,,,,entry_precision_at_100,0.3953488372093023,,,0.0,5,,,descriptive fixed-seed summary
b1_pooling_sensitivity,chain_fixed_five_seed_mean,oilseed-soy,b1,kge,mean_0_4,official_raw_max,,,,,entry_precision_at_25,0.528,,,0.04664761515876242,5,,,descriptive fixed-seed summary
b1_pooling_sensitivity,chain_fixed_five_seed_mean,oilseed-soy,b1,kge,mean_0_4,official_raw_max,,,,,entry_precision_at_250,0.3953488372093023,,,0.0,5,,,descriptive fixed-seed summary
b1_pooling_sensitivity,chain_fixed_five_seed_mean,oilseed-soy,b1,kge,mean_0_4,official_raw_max,,,,,entry_precision_at_50,0.46399999999999997,,,0.014966629547095756,5,,,descriptive fixed-seed summary
b1_pooling_sensitivity,chain_fixed_five_seed_mean,oilseed-soy,b1,kge,mean_0_4,official_raw_max,,,,,entry_recall_at_100,1.0,,,0.0,5,,,descriptive fixed-seed summary
b1_pooling_sensitivity,chain_fixed_five_seed_mean,oilseed-soy,b1,kge,mean_0_4,official_raw_max,,,,,entry_recall_at_25,0.38823529411764707,,,0.03429971702850175,5,,,descriptive fixed-seed summary
b1_pooling_sensitivity,chain_fixed_five_seed_mean,oilseed-soy,b1,kge,mean_0_4,official_raw_max,,,,,entry_recall_at_250,1.0,,,0.0,5,,,descriptive fixed-seed summary
b1_pooling_sensitivity,chain_fixed_five_seed_mean,oilseed-soy,b1,kge,mean_0_4,official_raw_max,,,,,entry_recall_at_50,0.6823529411764706,,,0.022009749333964365,5,,,descriptive fixed-seed summary
b1_pooling_sensitivity,chain_fixed_five_seed_mean,oilseed-soy,b1,kge,mean_0_4,official_raw_max,,,,,entry_value_capture_at_100,1.0,,,1.7199501139797033e-16,5,,,descriptive fixed-seed summary
b1_pooling_sensitivity,chain_fixed_five_seed_mean,oilseed-soy,b1,kge,mean_0_4,official_raw_max,,,,,entry_value_capture_at_25,0.6377816913545036,,,0.035255716729040786,5,,,descriptive fixed-seed summary
b1_pooling_sensitivity,chain_fixed_five_seed_mean,oilseed-soy,b1,kge,mean_0_4,official_raw_max,,,,,entry_value_capture_at_250,1.0,,,1.7199501139797033e-16,5,,,descriptive fixed-seed summary
b1_pooling_sensitivity,chain_fixed_five_seed_mean,oilseed-soy,b1,kge,mean_0_4,official_raw_max,,,,,entry_value_capture_at_50,0.9233803624935499,,,0.10908609645688903,5,,,descriptive fixed-seed summary
b1_pooling_sensitivity,chain_fixed_five_seed_mean,oilseed-soy,b1,kge,mean_0_4,official_raw_max,,,,,positive_entries,34.0,,,0.0,5,,,descriptive fixed-seed summary
b1_pooling_sensitivity,chain_fixed_five_seed_mean,oilseed-soy,b1,nbfnet,mean_0_4,ecdf_mean,,,,,effective_k_at_100,86.0,,,0.0,5,,,descriptive fixed-seed summary
b1_pooling_sensitivity,chain_fixed_five_seed_mean,oilseed-soy,b1,nbfnet,mean_0_4,ecdf_mean,,,,,effective_k_at_25,25.0,,,0.0,5,,,descriptive fixed-seed summary
b1_pooling_sensitivity,chain_fixed_five_seed_mean,oilseed-soy,b1,nbfnet,mean_0_4,ecdf_mean,,,,,effective_k_at_250,86.0,,,0.0,5,,,descriptive fixed-seed summary
b1_pooling_sensitivity,chain_fixed_five_seed_mean,oilseed-soy,b1,nbfnet,mean_0_4,ecdf_mean,,,,,effective_k_at_50,50.0,,,0.0,5,,,descriptive fixed-seed summary
b1_pooling_sensitivity,chain_fixed_five_seed_mean,oilseed-soy,b1,nbfnet,mean_0_4,ecdf_mean,,,,,entry_average_precision,0.36072052211013095,,,0.022767573467650258,5,,,descriptive fixed-seed summary
b1_pooling_sensitivity,chain_fixed_five_seed_mean,oilseed-soy,b1,nbfnet,mean_0_4,ecdf_mean,,,,,entry_groups,86.0,,,0.0,5,,,descriptive fixed-seed summary
b1_pooling_sensitivity,chain_fixed_five_seed_mean,oilseed-soy,b1,nbfnet,mean_0_4,ecdf_mean,,,,,entry_precision_at_100,0.3953488372093023,,,0.0,5,,,descriptive fixed-seed summary
b1_pooling_sensitivity,chain_fixed_five_seed_mean,oilseed-soy,b1,nbfnet,mean_0_4,ecdf_mean,,,,,entry_precision_at_25,0.312,,,0.039191835884530825,5,,,descriptive fixed-seed summary
b1_pooling_sensitivity,chain_fixed_five_seed_mean,oilseed-soy,b1,nbfnet,mean_0_4,ecdf_mean,,,,,entry_precision_at_250,0.3953488372093023,,,0.0,5,,,descriptive fixed-seed summary
b1_pooling_sensitivity,chain_fixed_five_seed_mean,oilseed-soy,b1,nbfnet,mean_0_4,ecdf_mean,,,,,entry_precision_at_50,0.324,,,0.023323807579381208,5,,,descriptive fixed-seed summary
b1_pooling_sensitivity,chain_fixed_five_seed_mean,oilseed-soy,b1,nbfnet,mean_0_4,ecdf_mean,,,,,entry_recall_at_100,1.0,,,0.0,5,,,descriptive fixed-seed summary
b1_pooling_sensitivity,chain_fixed_five_seed_mean,oilseed-soy,b1,nbfnet,mean_0_4,ecdf_mean,,,,,entry_recall_at_25,0.22941176470588234,,,0.028817526385684456,5,,,descriptive fixed-seed summary
b1_pooling_sensitivity,chain_fixed_five_seed_mean,oilseed-soy,b1,nbfnet,mean_0_4,ecdf_mean,,,,,entry_recall_at_250,1.0,,,0.0,5,,,descriptive fixed-seed summary
b1_pooling_sensitivity,chain_fixed_five_seed_mean,oilseed-soy,b1,nbfnet,mean_0_4,ecdf_mean,,,,,entry_recall_at_50,0.4764705882352941,,,0.03429971702850177,5,,,descriptive fixed-seed summary
b1_pooling_sensitivity,chain_fixed_five_seed_mean,oilseed-soy,b1,nbfnet,mean_0_4,ecdf_mean,,,,,entry_value_capture_at_100,1.0000000000000002,,,9.930136612989092e-17,5,,,descriptive fixed-seed summary
b1_pooling_sensitivity,chain_fixed_five_seed_mean,oilseed-soy,b1,nbfnet,mean_0_4,ecdf_mean,,,,,entry_value_capture_at_25,0.41881333227234496,,,0.12878720822603437,5,,,descriptive fixed-seed summary
b1_pooling_sensitivity,chain_fixed_five_seed_mean,oilseed-soy,b1,nbfnet,mean_0_4,ecdf_mean,,,,,entry_value_capture_at_250,1.0000000000000002,,,9.930136612989092e-17,5,,,descriptive fixed-seed summary
b1_pooling_sensitivity,chain_fixed_five_seed_mean,oilseed-soy,b1,nbfnet,mean_0_4,ecdf_mean,,,,,entry_value_capture_at_50,0.6140633606478632,,,0.08855001090520344,5,,,descriptive fixed-seed summary
b1_pooling_sensitivity,chain_fixed_five_seed_mean,oilseed-soy,b1,nbfnet,mean_0_4,ecdf_mean,,,,,positive_entries,34.0,,,0.0,5,,,descriptive fixed-seed summary
b1_pooling_sensitivity,chain_fixed_five_seed_mean,oilseed-soy,b1,nbfnet,mean_0_4,ecdf_top3_mean,,,,,effective_k_at_100,86.0,,,0.0,5,,,descriptive fixed-seed summary
b1_pooling_sensitivity,chain_fixed_five_seed_mean,oilseed-soy,b1,nbfnet,mean_0_4,ecdf_top3_mean,,,,,effective_k_at_25,25.0,,,0.0,5,,,descriptive fixed-seed summary
b1_pooling_sensitivity,chain_fixed_five_seed_mean,oilseed-soy,b1,nbfnet,mean_0_4,ecdf_top3_mean,,,,,effective_k_at_250,86.0,,,0.0,5,,,descriptive fixed-seed summary
b1_pooling_sensitivity,chain_fixed_five_seed_mean,oilseed-soy,b1,nbfnet,mean_0_4,ecdf_top3_mean,,,,,effective_k_at_50,50.0,,,0.0,5,,,descriptive fixed-seed summary
b1_pooling_sensitivity,chain_fixed_five_seed_mean,oilseed-soy,b1,nbfnet,mean_0_4,ecdf_top3_mean,,,,,entry_average_precision,0.444710786188223,,,0.012236256110722305,5,,,descriptive fixed-seed summary
b1_pooling_sensitivity,chain_fixed_five_seed_mean,oilseed-soy,b1,nbfnet,mean_0_4,ecdf_top3_mean,,,,,entry_groups,86.0,,,0.0,5,,,descriptive fixed-seed summary
b1_pooling_sensitivity,chain_fixed_five_seed_mean,oilseed-soy,b1,nbfnet,mean_0_4,ecdf_top3_mean,,,,,entry_precision_at_100,0.3953488372093023,,,0.0,5,,,descriptive fixed-seed summary
b1_pooling_sensitivity,chain_fixed_five_seed_mean,oilseed-soy,b1,nbfnet,mean_0_4,ecdf_top3_mean,,,,,entry_precision_at_25,0.48,,,0.02529822128134704,5,,,descriptive fixed-seed summary
b1_pooling_sensitivity,chain_fixed_five_seed_mean,oilseed-soy,b1,nbfnet,mean_0_4,ecdf_top3_mean,,,,,entry_precision_at_250,0.3953488372093023,,,0.0,5,,,descriptive fixed-seed summary
b1_pooling_sensitivity,chain_fixed_five_seed_mean,oilseed-soy,b1,nbfnet,mean_0_4,ecdf_top3_mean,,,,,entry_precision_at_50,0.41600000000000004,,,0.026532998322843202,5,,,descriptive fixed-seed summary
b1_pooling_sensitivity,chain_fixed_five_seed_mean,oilseed-soy,b1,nbfnet,mean_0_4,ecdf_top3_mean,,,,,entry_recall_at_100,1.0,,,0.0,5,,,descriptive fixed-seed summary
b1_pooling_sensitivity,chain_fixed_five_seed_mean,oilseed-soy,b1,nbfnet,mean_0_4,ecdf_top3_mean,,,,,entry_recall_at_25,0.35294117647058826,,,0.0186016332951081,5,,,descriptive fixed-seed summary
b1_pooling_sensitivity,chain_fixed_five_seed_mean,oilseed-soy,b1,nbfnet,mean_0_4,ecdf_top3_mean,,,,,entry_recall_at_250,1.0,,,0.0,5,,,descriptive fixed-seed summary
b1_pooling_sensitivity,chain_fixed_five_seed_mean,oilseed-soy,b1,nbfnet,mean_0_4,ecdf_top3_mean,,,,,entry_recall_at_50,0.611764705882353,,,0.03901911518065177,5,,,descriptive fixed-seed summary
b1_pooling_sensitivity,chain_fixed_five_seed_mean,oilseed-soy,b1,nbfnet,mean_0_4,ecdf_top3_mean,,,,,entry_value_capture_at_100,1.0,,,1.4043333874306804e-16,5,,,descriptive fixed-seed summary
b1_pooling_sensitivity,chain_fixed_five_seed_mean,oilseed-soy,b1,nbfnet,mean_0_4,ecdf_top3_mean,,,,,entry_value_capture_at_25,0.37391313110923824,,,0.20469754544514174,5,,,descriptive fixed-seed summary
b1_pooling_sensitivity,chain_fixed_five_seed_mean,oilseed-soy,b1,nbfnet,mean_0_4,ecdf_top3_mean,,,,,entry_value_capture_at_250,1.0,,,1.4043333874306804e-16,5,,,descriptive fixed-seed summary
b1_pooling_sensitivity,chain_fixed_five_seed_mean,oilseed-soy,b1,nbfnet,mean_0_4,ecdf_top3_mean,,,,,entry_value_capture_at_50,0.6608742706469724,,,0.13582144199723103,5,,,descriptive fixed-seed summary
b1_pooling_sensitivity,chain_fixed_five_seed_mean,oilseed-soy,b1,nbfnet,mean_0_4,ecdf_top3_mean,,,,,positive_entries,34.0,,,0.0,5,,,descriptive fixed-seed summary
b1_pooling_sensitivity,chain_fixed_five_seed_mean,oilseed-soy,b1,nbfnet,mean_0_4,official_raw_max,,,,,effective_k_at_100,86.0,,,0.0,5,,,descriptive fixed-seed summary
b1_pooling_sensitivity,chain_fixed_five_seed_mean,oilseed-soy,b1,nbfnet,mean_0_4,official_raw_max,,,,,effective_k_at_25,25.0,,,0.0,5,,,descriptive fixed-seed summary
b1_pooling_sensitivity,chain_fixed_five_seed_mean,oilseed-soy,b1,nbfnet,mean_0_4,official_raw_max,,,,,effective_k_at_250,86.0,,,0.0,5,,,descriptive fixed-seed summary
b1_pooling_sensitivity,chain_fixed_five_seed_mean,oilseed-soy,b1,nbfnet,mean_0_4,official_raw_max,,,,,effective_k_at_50,50.0,,,0.0,5,,,descriptive fixed-seed summary
b1_pooling_sensitivity,chain_fixed_five_seed_mean,oilseed-soy,b1,nbfnet,mean_0_4,official_raw_max,,,,,entry_average_precision,0.47226283975368943,,,0.022986407830219765,5,,,descriptive fixed-seed summary
b1_pooling_sensitivity,chain_fixed_five_seed_mean,oilseed-soy,b1,nbfnet,mean_0_4,official_raw_max,,,,,entry_groups,86.0,,,0.0,5,,,descriptive fixed-seed summary
b1_pooling_sensitivity,chain_fixed_five_seed_mean,oilseed-soy,b1,nbfnet,mean_0_4,official_raw_max,,,,,entry_precision_at_100,0.3953488372093023,,,0.0,5,,,descriptive fixed-seed summary
b1_pooling_sensitivity,chain_fixed_five_seed_mean,oilseed-soy,b1,nbfnet,mean_0_4,official_raw_max,,,,,entry_precision_at_25,0.48,,,0.06693280212272605,5,,,descriptive fixed-seed summary
b1_pooling_sensitivity,chain_fixed_five_seed_mean,oilseed-soy,b1,nbfnet,mean_0_4,official_raw_max,,,,,entry_precision_at_250,0.3953488372093023,,,0.0,5,,,descriptive fixed-seed summary
b1_pooling_sensitivity,chain_fixed_five_seed_mean,oilseed-soy,b1,nbfnet,mean_0_4,official_raw_max,,,,,entry_precision_at_50,0.44000000000000006,,,0.028284271247461894,5,,,descriptive fixed-seed summary
b1_pooling_sensitivity,chain_fixed_five_seed_mean,oilseed-soy,b1,nbfnet,mean_0_4,official_raw_max,,,,,entry_recall_at_100,1.0,,,0.0,5,,,descriptive fixed-seed summary
b1_pooling_sensitivity,chain_fixed_five_seed_mean,oilseed-soy,b1,nbfnet,mean_0_4,official_raw_max,,,,,entry_recall_at_25,0.3529411764705882,,,0.04921529567847501,5,,,descriptive fixed-seed summary
b1_pooling_sensitivity,chain_fixed_five_seed_mean,oilseed-soy,b1,nbfnet,mean_0_4,official_raw_max,,,,,entry_recall_at_250,1.0,,,0.0,5,,,descriptive fixed-seed summary
b1_pooling_sensitivity,chain_fixed_five_seed_mean,oilseed-soy,b1,nbfnet,mean_0_4,official_raw_max,,,,,entry_recall_at_50,0.6470588235294118,,,0.04159451654038516,5,,,descriptive fixed-seed summary
b1_pooling_sensitivity,chain_fixed_five_seed_mean,oilseed-soy,b1,nbfnet,mean_0_4,official_raw_max,,,,,entry_value_capture_at_100,1.0,,,1.4043333874306804e-16,5,,,descriptive fixed-seed summary
b1_pooling_sensitivity,chain_fixed_five_seed_mean,oilseed-soy,b1,nbfnet,mean_0_4,official_raw_max,,,,,entry_value_capture_at_25,0.4401804115836271,,,0.12189711773186147,5,,,descriptive fixed-seed summary
b1_pooling_sensitivity,chain_fixed_five_seed_mean,oilseed-soy,b1,nbfnet,mean_0_4,official_raw_max,,,,,entry_value_capture_at_250,1.0,,,1.4043333874306804e-16,5,,,descriptive fixed-seed summary
b1_pooling_sensitivity,chain_fixed_five_seed_mean,oilseed-soy,b1,nbfnet,mean_0_4,official_raw_max,,,,,entry_value_capture_at_50,0.5813119310419832,,,0.10753653441817851,5,,,descriptive fixed-seed summary
b1_pooling_sensitivity,chain_fixed_five_seed_mean,oilseed-soy,b1,nbfnet,mean_0_4,official_raw_max,,,,,positive_entries,34.0,,,0.0,5,,,descriptive fixed-seed summary
b1_pooling_sensitivity,chain_fixed_five_seed_mean,sheep,b1,kge,mean_0_4,ecdf_mean,,,,,effective_k_at_100,100.0,,,0.0,5,,,descriptive fixed-seed summary
b1_pooling_sensitivity,chain_fixed_five_seed_mean,sheep,b1,kge,mean_0_4,ecdf_mean,,,,,effective_k_at_25,25.0,,,0.0,5,,,descriptive fixed-seed summary
b1_pooling_sensitivity,chain_fixed_five_seed_mean,sheep,b1,kge,mean_0_4,ecdf_mean,,,,,effective_k_at_250,134.0,,,0.0,5,,,descriptive fixed-seed summary
b1_pooling_sensitivity,chain_fixed_five_seed_mean,sheep,b1,kge,mean_0_4,ecdf_mean,,,,,effective_k_at_50,50.0,,,0.0,5,,,descriptive fixed-seed summary
b1_pooling_sensitivity,chain_fixed_five_seed_mean,sheep,b1,kge,mean_0_4,ecdf_mean,,,,,entry_average_precision,0.262095996263247,,,0.024610095636647646,5,,,descriptive fixed-seed summary
b1_pooling_sensitivity,chain_fixed_five_seed_mean,sheep,b1,kge,mean_0_4,ecdf_mean,,,,,entry_groups,134.0,,,0.0,5,,,descriptive fixed-seed summary
b1_pooling_sensitivity,chain_fixed_five_seed_mean,sheep,b1,kge,mean_0_4,ecdf_mean,,,,,entry_precision_at_100,0.148,,,0.01469693845669907,5,,,descriptive fixed-seed summary
b1_pooling_sensitivity,chain_fixed_five_seed_mean,sheep,b1,kge,mean_0_4,ecdf_mean,,,,,entry_precision_at_25,0.248,,,0.02993325909419154,5,,,descriptive fixed-seed summary
b1_pooling_sensitivity,chain_fixed_five_seed_mean,sheep,b1,kge,mean_0_4,ecdf_mean,,,,,entry_precision_at_250,0.14925373134328357,,,0.0,5,,,descriptive fixed-seed summary
b1_pooling_sensitivity,chain_fixed_five_seed_mean,sheep,b1,kge,mean_0_4,ecdf_mean,,,,,entry_precision_at_50,0.184,,,0.008000000000000007,5,,,descriptive fixed-seed summary
b1_pooling_sensitivity,chain_fixed_five_seed_mean,sheep,b1,kge,mean_0_4,ecdf_mean,,,,,entry_recall_at_100,0.74,,,0.07348469228349537,5,,,descriptive fixed-seed summary
b1_pooling_sensitivity,chain_fixed_five_seed_mean,sheep,b1,kge,mean_0_4,ecdf_mean,,,,,entry_recall_at_25,0.30999999999999994,,,0.0374165738677394,5,,,descriptive fixed-seed summary
b1_pooling_sensitivity,chain_fixed_five_seed_mean,sheep,b1,kge,mean_0_4,ecdf_mean,,,,,entry_recall_at_250,1.0,,,0.0,5,,,descriptive fixed-seed summary
b1_pooling_sensitivity,chain_fixed_five_seed_mean,sheep,b1,kge,mean_0_4,ecdf_mean,,,,,entry_recall_at_50,0.45999999999999996,,,0.019999999999999997,5,,,descriptive fixed-seed summary
b1_pooling_sensitivity,chain_fixed_five_seed_mean,sheep,b1,kge,mean_0_4,ecdf_mean,,,,,entry_value_capture_at_100,0.5784820158238716,,,0.22253440424436852,5,,,descriptive fixed-seed summary
b1_pooling_sensitivity,chain_fixed_five_seed_mean,sheep,b1,kge,mean_0_4,ecdf_mean,,,,,entry_value_capture_at_25,0.08691018921936142,,,0.009903984378205395,5,,,descriptive fixed-seed summary
b1_pooling_sensitivity,chain_fixed_five_seed_mean,sheep,b1,kge,mean_0_4,ecdf_mean,,,,,entry_value_capture_at_250,1.0,,,1.2161883888976234e-16,5,,,descriptive fixed-seed summary
b1_pooling_sensitivity,chain_fixed_five_seed_mean,sheep,b1,kge,mean_0_4,ecdf_mean,,,,,entry_value_capture_at_50,0.10863381584664325,,,0.006742762312119879,5,,,descriptive fixed-seed summary
b1_pooling_sensitivity,chain_fixed_five_seed_mean,sheep,b1,kge,mean_0_4,ecdf_mean,,,,,positive_entries,20.0,,,0.0,5,,,descriptive fixed-seed summary
b1_pooling_sensitivity,chain_fixed_five_seed_mean,sheep,b1,kge,mean_0_4,ecdf_top3_mean,,,,,effective_k_at_100,100.0,,,0.0,5,,,descriptive fixed-seed summary
b1_pooling_sensitivity,chain_fixed_five_seed_mean,sheep,b1,kge,mean_0_4,ecdf_top3_mean,,,,,effective_k_at_25,25.0,,,0.0,5,,,descriptive fixed-seed summary
b1_pooling_sensitivity,chain_fixed_five_seed_mean,sheep,b1,kge,mean_0_4,ecdf_top3_mean,,,,,effective_k_at_250,134.0,,,0.0,5,,,descriptive fixed-seed summary
b1_pooling_sensitivity,chain_fixed_five_seed_mean,sheep,b1,kge,mean_0_4,ecdf_top3_mean,,,,,effective_k_at_50,50.0,,,0.0,5,,,descriptive fixed-seed summary
b1_pooling_sensitivity,chain_fixed_five_seed_mean,sheep,b1,kge,mean_0_4,ecdf_top3_mean,,,,,entry_average_precision,0.38043452550090984,,,0.030594818174673494,5,,,descriptive fixed-seed summary
b1_pooling_sensitivity,chain_fixed_five_seed_mean,sheep,b1,kge,mean_0_4,ecdf_top3_mean,,,,,entry_groups,134.0,,,0.0,5,,,descriptive fixed-seed summary
b1_pooling_sensitivity,chain_fixed_five_seed_mean,sheep,b1,kge,mean_0_4,ecdf_top3_mean,,,,,entry_precision_at_100,0.19000000000000003,,,0.010954451150103323,5,,,descriptive fixed-seed summary
b1_pooling_sensitivity,chain_fixed_five_seed_mean,sheep,b1,kge,mean_0_4,ecdf_top3_mean,,,,,entry_precision_at_25,0.34400000000000003,,,0.019595917942265416,5,,,descriptive fixed-seed summary
b1_pooling_sensitivity,chain_fixed_five_seed_mean,sheep,b1,kge,mean_0_4,ecdf_top3_mean,,,,,entry_precision_at_250,0.14925373134328357,,,0.0,5,,,descriptive fixed-seed summary
b1_pooling_sensitivity,chain_fixed_five_seed_mean,sheep,b1,kge,mean_0_4,ecdf_top3_mean,,,,,entry_precision_at_50,0.252,,,0.016,5,,,descriptive fixed-seed summary
b1_pooling_sensitivity,chain_fixed_five_seed_mean,sheep,b1,kge,mean_0_4,ecdf_top3_mean,,,,,entry_recall_at_100,0.95,,,0.05477225575051661,5,,,descriptive fixed-seed summary
b1_pooling_sensitivity,chain_fixed_five_seed_mean,sheep,b1,kge,mean_0_4,ecdf_top3_mean,,,,,entry_recall_at_25,0.43,,,0.02449489742783177,5,,,descriptive fixed-seed summary
b1_pooling_sensitivity,chain_fixed_five_seed_mean,sheep,b1,kge,mean_0_4,ecdf_top3_mean,,,,,entry_recall_at_250,1.0,,,0.0,5,,,descriptive fixed-seed summary
b1_pooling_sensitivity,chain_fixed_five_seed_mean,sheep,b1,kge,mean_0_4,ecdf_top3_mean,,,,,entry_recall_at_50,0.63,,,0.039999999999999994,5,,,descriptive fixed-seed summary
b1_pooling_sensitivity,chain_fixed_five_seed_mean,sheep,b1,kge,mean_0_4,ecdf_top3_mean,,,,,entry_value_capture_at_100,0.9557816423450894,,,0.08234409787357895,5,,,descriptive fixed-seed summary
b1_pooling_sensitivity,chain_fixed_five_seed_mean,sheep,b1,kge,mean_0_4,ecdf_top3_mean,,,,,entry_value_capture_at_25,0.1412802055195948,,,0.01429350344027452,5,,,descriptive fixed-seed summary
b1_pooling_sensitivity,chain_fixed_five_seed_mean,sheep,b1,kge,mean_0_4,ecdf_top3_mean,,,,,entry_value_capture_at_250,1.0,,,1.1102230246251565e-16,5,,,descriptive fixed-seed summary
b1_pooling_sensitivity,chain_fixed_five_seed_mean,sheep,b1,kge,mean_0_4,ecdf_top3_mean,,,,,entry_value_capture_at_50,0.43373599153599773,,,0.2548238527381323,5,,,descriptive fixed-seed summary
b1_pooling_sensitivity,chain_fixed_five_seed_mean,sheep,b1,kge,mean_0_4,ecdf_top3_mean,,,,,positive_entries,20.0,,,0.0,5,,,descriptive fixed-seed summary
b1_pooling_sensitivity,chain_fixed_five_seed_mean,sheep,b1,kge,mean_0_4,official_raw_max,,,,,effective_k_at_100,100.0,,,0.0,5,,,descriptive fixed-seed summary
b1_pooling_sensitivity,chain_fixed_five_seed_mean,sheep,b1,kge,mean_0_4,official_raw_max,,,,,effective_k_at_25,25.0,,,0.0,5,,,descriptive fixed-seed summary
b1_pooling_sensitivity,chain_fixed_five_seed_mean,sheep,b1,kge,mean_0_4,official_raw_max,,,,,effective_k_at_250,134.0,,,0.0,5,,,descriptive fixed-seed summary
b1_pooling_sensitivity,chain_fixed_five_seed_mean,sheep,b1,kge,mean_0_4,official_raw_max,,,,,effective_k_at_50,50.0,,,0.0,5,,,descriptive fixed-seed summary
b1_pooling_sensitivity,chain_fixed_five_seed_mean,sheep,b1,kge,mean_0_4,official_raw_max,,,,,entry_average_precision,0.3712675110232144,,,0.05652924977839307,5,,,descriptive fixed-seed summary
b1_pooling_sensitivity,chain_fixed_five_seed_mean,sheep,b1,kge,mean_0_4,official_raw_max,,,,,entry_groups,134.0,,,0.0,5,,,descriptive fixed-seed summary
b1_pooling_sensitivity,chain_fixed_five_seed_mean,sheep,b1,kge,mean_0_4,official_raw_max,,,,,entry_precision_at_100,0.18800000000000003,,,0.011661903789690602,5,,,descriptive fixed-seed summary
b1_pooling_sensitivity,chain_fixed_five_seed_mean,sheep,b1,kge,mean_0_4,official_raw_max,,,,,entry_precision_at_25,0.32,,,0.02529822128134702,5,,,descriptive fixed-seed summary
b1_pooling_sensitivity,chain_fixed_five_seed_mean,sheep,b1,kge,mean_0_4,official_raw_max,,,,,entry_precision_at_250,0.14925373134328357,,,0.0,5,,,descriptive fixed-seed summary
b1_pooling_sensitivity,chain_fixed_five_seed_mean,sheep,b1,kge,mean_0_4,official_raw_max,,,,,entry_precision_at_50,0.248,,,0.020396078054371148,5,,,descriptive fixed-seed summary
b1_pooling_sensitivity,chain_fixed_five_seed_mean,sheep,b1,kge,mean_0_4,official_raw_max,,,,,entry_recall_at_100,0.9400000000000001,,,0.05830951894845301,5,,,descriptive fixed-seed summary
b1_pooling_sensitivity,chain_fixed_five_seed_mean,sheep,b1,kge,mean_0_4,official_raw_max,,,,,entry_recall_at_25,0.4,,,0.0316227766016838,5,,,descriptive fixed-seed summary
b1_pooling_sensitivity,chain_fixed_five_seed_mean,sheep,b1,kge,mean_0_4,official_raw_max,,,,,entry_recall_at_250,1.0,,,0.0,5,,,descriptive fixed-seed summary
b1_pooling_sensitivity,chain_fixed_five_seed_mean,sheep,b1,kge,mean_0_4,official_raw_max,,,,,entry_recall_at_50,0.62,,,0.05099019513592783,5,,,descriptive fixed-seed summary
b1_pooling_sensitivity,chain_fixed_five_seed_mean,sheep,b1,kge,mean_0_4,official_raw_max,,,,,entry_value_capture_at_100,0.9523428242000594,,,0.08096234115029552,5,,,descriptive fixed-seed summary
b1_pooling_sensitivity,chain_fixed_five_seed_mean,sheep,b1,kge,mean_0_4,official_raw_max,,,,,entry_value_capture_at_25,0.14954253668524858,,,0.026745938916941978,5,,,descriptive fixed-seed summary
b1_pooling_sensitivity,chain_fixed_five_seed_mean,sheep,b1,kge,mean_0_4,official_raw_max,,,,,entry_value_capture_at_250,1.0,,,1.9860273225978183e-16,5,,,descriptive fixed-seed summary
b1_pooling_sensitivity,chain_fixed_five_seed_mean,sheep,b1,kge,mean_0_4,official_raw_max,,,,,entry_value_capture_at_50,0.4191279659919943,,,0.2734066282009164,5,,,descriptive fixed-seed summary
b1_pooling_sensitivity,chain_fixed_five_seed_mean,sheep,b1,kge,mean_0_4,official_raw_max,,,,,positive_entries,20.0,,,0.0,5,,,descriptive fixed-seed summary
b1_pooling_sensitivity,chain_fixed_five_seed_mean,sheep,b1,nbfnet,mean_0_4,ecdf_mean,,,,,effective_k_at_100,100.0,,,0.0,5,,,descriptive fixed-seed summary
b1_pooling_sensitivity,chain_fixed_five_seed_mean,sheep,b1,nbfnet,mean_0_4,ecdf_mean,,,,,effective_k_at_25,25.0,,,0.0,5,,,descriptive fixed-seed summary
b1_pooling_sensitivity,chain_fixed_five_seed_mean,sheep,b1,nbfnet,mean_0_4,ecdf_mean,,,,,effective_k_at_250,134.0,,,0.0,5,,,descriptive fixed-seed summary
b1_pooling_sensitivity,chain_fixed_five_seed_mean,sheep,b1,nbfnet,mean_0_4,ecdf_mean,,,,,effective_k_at_50,50.0,,,0.0,5,,,descriptive fixed-seed summary
b1_pooling_sensitivity,chain_fixed_five_seed_mean,sheep,b1,nbfnet,mean_0_4,ecdf_mean,,,,,entry_average_precision,0.24196424745366577,,,0.030240957422977735,5,,,descriptive fixed-seed summary
b1_pooling_sensitivity,chain_fixed_five_seed_mean,sheep,b1,nbfnet,mean_0_4,ecdf_mean,,,,,entry_groups,134.0,,,0.0,5,,,descriptive fixed-seed summary
b1_pooling_sensitivity,chain_fixed_five_seed_mean,sheep,b1,nbfnet,mean_0_4,ecdf_mean,,,,,entry_precision_at_100,0.16799999999999998,,,0.007483314773547881,5,,,descriptive fixed-seed summary
b1_pooling_sensitivity,chain_fixed_five_seed_mean,sheep,b1,nbfnet,mean_0_4,ecdf_mean,,,,,entry_precision_at_25,0.27199999999999996,,,0.08158431221748456,5,,,descriptive fixed-seed summary
b1_pooling_sensitivity,chain_fixed_five_seed_mean,sheep,b1,nbfnet,mean_0_4,ecdf_mean,,,,,entry_precision_at_250,0.14925373134328357,,,0.0,5,,,descriptive fixed-seed summary
b1_pooling_sensitivity,chain_fixed_five_seed_mean,sheep,b1,nbfnet,mean_0_4,ecdf_mean,,,,,entry_precision_at_50,0.21200000000000002,,,0.05455272678794343,5,,,descriptive fixed-seed summary
b1_pooling_sensitivity,chain_fixed_five_seed_mean,sheep,b1,nbfnet,mean_0_4,ecdf_mean,,,,,entry_recall_at_100,0.8400000000000001,,,0.037416573867739396,5,,,descriptive fixed-seed summary
b1_pooling_sensitivity,chain_fixed_five_seed_mean,sheep,b1,nbfnet,mean_0_4,ecdf_mean,,,,,entry_recall_at_25,0.34,,,0.10198039027185571,5,,,descriptive fixed-seed summary
b1_pooling_sensitivity,chain_fixed_five_seed_mean,sheep,b1,nbfnet,mean_0_4,ecdf_mean,,,,,entry_recall_at_250,1.0,,,0.0,5,,,descriptive fixed-seed summary
b1_pooling_sensitivity,chain_fixed_five_seed_mean,sheep,b1,nbfnet,mean_0_4,ecdf_mean,,,,,entry_recall_at_50,0.53,,,0.13638181696985857,5,,,descriptive fixed-seed summary
b1_pooling_sensitivity,chain_fixed_five_seed_mean,sheep,b1,nbfnet,mean_0_4,ecdf_mean,,,,,entry_value_capture_at_100,0.9634149565333028,,,0.016095647591444814,5,,,descriptive fixed-seed summary
b1_pooling_sensitivity,chain_fixed_five_seed_mean,sheep,b1,nbfnet,mean_0_4,ecdf_mean,,,,,entry_value_capture_at_25,0.5927923569499063,,,0.32935480888025737,5,,,descriptive fixed-seed summary
b1_pooling_sensitivity,chain_fixed_five_seed_mean,sheep,b1,nbfnet,mean_0_4,ecdf_mean,,,,,entry_value_capture_at_250,1.0,,,1.7199501139797033e-16,5,,,descriptive fixed-seed summary
b1_pooling_sensitivity,chain_fixed_five_seed_mean,sheep,b1,nbfnet,mean_0_4,ecdf_mean,,,,,entry_value_capture_at_50,0.7693977476565955,,,0.25785329824448405,5,,,descriptive fixed-seed summary
b1_pooling_sensitivity,chain_fixed_five_seed_mean,sheep,b1,nbfnet,mean_0_4,ecdf_mean,,,,,positive_entries,20.0,,,0.0,5,,,descriptive fixed-seed summary
b1_pooling_sensitivity,chain_fixed_five_seed_mean,sheep,b1,nbfnet,mean_0_4,ecdf_top3_mean,,,,,effective_k_at_100,100.0,,,0.0,5,,,descriptive fixed-seed summary
b1_pooling_sensitivity,chain_fixed_five_seed_mean,sheep,b1,nbfnet,mean_0_4,ecdf_top3_mean,,,,,effective_k_at_25,25.0,,,0.0,5,,,descriptive fixed-seed summary
b1_pooling_sensitivity,chain_fixed_five_seed_mean,sheep,b1,nbfnet,mean_0_4,ecdf_top3_mean,,,,,effective_k_at_250,134.0,,,0.0,5,,,descriptive fixed-seed summary
b1_pooling_sensitivity,chain_fixed_five_seed_mean,sheep,b1,nbfnet,mean_0_4,ecdf_top3_mean,,,,,effective_k_at_50,50.0,,,0.0,5,,,descriptive fixed-seed summary
b1_pooling_sensitivity,chain_fixed_five_seed_mean,sheep,b1,nbfnet,mean_0_4,ecdf_top3_mean,,,,,entry_average_precision,0.18621169072178015,,,0.01586151642999196,5,,,descriptive fixed-seed summary
b1_pooling_sensitivity,chain_fixed_five_seed_mean,sheep,b1,nbfnet,mean_0_4,ecdf_top3_mean,,,,,entry_groups,134.0,,,0.0,5,,,descriptive fixed-seed summary
b1_pooling_sensitivity,chain_fixed_five_seed_mean,sheep,b1,nbfnet,mean_0_4,ecdf_top3_mean,,,,,entry_precision_at_100,0.164,,,0.013564659966250536,5,,,descriptive fixed-seed summary
b1_pooling_sensitivity,chain_fixed_five_seed_mean,sheep,b1,nbfnet,mean_0_4,ecdf_top3_mean,,,,,entry_precision_at_25,0.16,,,0.035777087639996645,5,,,descriptive fixed-seed summary
b1_pooling_sensitivity,chain_fixed_five_seed_mean,sheep,b1,nbfnet,mean_0_4,ecdf_top3_mean,,,,,entry_precision_at_250,0.14925373134328357,,,0.0,5,,,descriptive fixed-seed summary
b1_pooling_sensitivity,chain_fixed_five_seed_mean,sheep,b1,nbfnet,mean_0_4,ecdf_top3_mean,,,,,entry_precision_at_50,0.14800000000000002,,,0.027129319932501075,5,,,descriptive fixed-seed summary
b1_pooling_sensitivity,chain_fixed_five_seed_mean,sheep,b1,nbfnet,mean_0_4,ecdf_top3_mean,,,,,entry_recall_at_100,0.82,,,0.0678232998312527,5,,,descriptive fixed-seed summary
b1_pooling_sensitivity,chain_fixed_five_seed_mean,sheep,b1,nbfnet,mean_0_4,ecdf_top3_mean,,,,,entry_recall_at_25,0.2,,,0.0447213595499958,5,,,descriptive fixed-seed summary
b1_pooling_sensitivity,chain_fixed_five_seed_mean,sheep,b1,nbfnet,mean_0_4,ecdf_top3_mean,,,,,entry_recall_at_250,1.0,,,0.0,5,,,descriptive fixed-seed summary
b1_pooling_sensitivity,chain_fixed_five_seed_mean,sheep,b1,nbfnet,mean_0_4,ecdf_top3_mean,,,,,entry_recall_at_50,0.37,,,0.0678232998312527,5,,,descriptive fixed-seed summary
b1_pooling_sensitivity,chain_fixed_five_seed_mean,sheep,b1,nbfnet,mean_0_4,ecdf_top3_mean,,,,,entry_value_capture_at_100,0.8997570129118204,,,0.03976211131597997,5,,,descriptive fixed-seed summary
b1_pooling_sensitivity,chain_fixed_five_seed_mean,sheep,b1,nbfnet,mean_0_4,ecdf_top3_mean,,,,,entry_value_capture_at_25,0.1535690266210495,,,0.19593604369010328,5,,,descriptive fixed-seed summary
b1_pooling_sensitivity,chain_fixed_five_seed_mean,sheep,b1,nbfnet,mean_0_4,ecdf_top3_mean,,,,,entry_value_capture_at_250,1.0,,,1.7199501139797033e-16,5,,,descriptive fixed-seed summary
b1_pooling_sensitivity,chain_fixed_five_seed_mean,sheep,b1,nbfnet,mean_0_4,ecdf_top3_mean,,,,,entry_value_capture_at_50,0.2735528370510535,,,0.17646669583876656,5,,,descriptive fixed-seed summary
b1_pooling_sensitivity,chain_fixed_five_seed_mean,sheep,b1,nbfnet,mean_0_4,ecdf_top3_mean,,,,,positive_entries,20.0,,,0.0,5,,,descriptive fixed-seed summary
b1_pooling_sensitivity,chain_fixed_five_seed_mean,sheep,b1,nbfnet,mean_0_4,official_raw_max,,,,,effective_k_at_100,100.0,,,0.0,5,,,descriptive fixed-seed summary
b1_pooling_sensitivity,chain_fixed_five_seed_mean,sheep,b1,nbfnet,mean_0_4,official_raw_max,,,,,effective_k_at_25,25.0,,,0.0,5,,,descriptive fixed-seed summary
b1_pooling_sensitivity,chain_fixed_five_seed_mean,sheep,b1,nbfnet,mean_0_4,official_raw_max,,,,,effective_k_at_250,134.0,,,0.0,5,,,descriptive fixed-seed summary
b1_pooling_sensitivity,chain_fixed_five_seed_mean,sheep,b1,nbfnet,mean_0_4,official_raw_max,,,,,effective_k_at_50,50.0,,,0.0,5,,,descriptive fixed-seed summary
b1_pooling_sensitivity,chain_fixed_five_seed_mean,sheep,b1,nbfnet,mean_0_4,official_raw_max,,,,,entry_average_precision,0.15665995383096254,,,0.0092540234100281,5,,,descriptive fixed-seed summary
b1_pooling_sensitivity,chain_fixed_five_seed_mean,sheep,b1,nbfnet,mean_0_4,official_raw_max,,,,,entry_groups,134.0,,,0.0,5,,,descriptive fixed-seed summary
b1_pooling_sensitivity,chain_fixed_five_seed_mean,sheep,b1,nbfnet,mean_0_4,official_raw_max,,,,,entry_precision_at_100,0.152,,,0.007483314773547881,5,,,descriptive fixed-seed summary
b1_pooling_sensitivity,chain_fixed_five_seed_mean,sheep,b1,nbfnet,mean_0_4,official_raw_max,,,,,entry_precision_at_25,0.12,,,0.025298221281347035,5,,,descriptive fixed-seed summary
b1_pooling_sensitivity,chain_fixed_five_seed_mean,sheep,b1,nbfnet,mean_0_4,official_raw_max,,,,,entry_precision_at_250,0.14925373134328357,,,0.0,5,,,descriptive fixed-seed summary
b1_pooling_sensitivity,chain_fixed_five_seed_mean,sheep,b1,nbfnet,mean_0_4,official_raw_max,,,,,entry_precision_at_50,0.14800000000000002,,,0.03249615361854384,5,,,descriptive fixed-seed summary
b1_pooling_sensitivity,chain_fixed_five_seed_mean,sheep,b1,nbfnet,mean_0_4,official_raw_max,,,,,entry_recall_at_100,0.76,,,0.03741657386773945,5,,,descriptive fixed-seed summary
b1_pooling_sensitivity,chain_fixed_five_seed_mean,sheep,b1,nbfnet,mean_0_4,official_raw_max,,,,,entry_recall_at_25,0.15000000000000002,,,0.0316227766016838,5,,,descriptive fixed-seed summary
b1_pooling_sensitivity,chain_fixed_five_seed_mean,sheep,b1,nbfnet,mean_0_4,official_raw_max,,,,,entry_recall_at_250,1.0,,,0.0,5,,,descriptive fixed-seed summary
b1_pooling_sensitivity,chain_fixed_five_seed_mean,sheep,b1,nbfnet,mean_0_4,official_raw_max,,,,,entry_recall_at_50,0.37,,,0.08124038404635961,5,,,descriptive fixed-seed summary
b1_pooling_sensitivity,chain_fixed_five_seed_mean,sheep,b1,nbfnet,mean_0_4,official_raw_max,,,,,entry_value_capture_at_100,0.8043251899253999,,,0.16513157152511693,5,,,descriptive fixed-seed summary
b1_pooling_sensitivity,chain_fixed_five_seed_mean,sheep,b1,nbfnet,mean_0_4,official_raw_max,,,,,entry_value_capture_at_25,0.10697458016492604,,,0.09287593824580966,5,,,descriptive fixed-seed summary
b1_pooling_sensitivity,chain_fixed_five_seed_mean,sheep,b1,nbfnet,mean_0_4,official_raw_max,,,,,entry_value_capture_at_250,1.0,,,1.4043333874306804e-16,5,,,descriptive fixed-seed summary
b1_pooling_sensitivity,chain_fixed_five_seed_mean,sheep,b1,nbfnet,mean_0_4,official_raw_max,,,,,entry_value_capture_at_50,0.3106407952932176,,,0.2586894063371453,5,,,descriptive fixed-seed summary
b1_pooling_sensitivity,chain_fixed_five_seed_mean,sheep,b1,nbfnet,mean_0_4,official_raw_max,,,,,positive_entries,20.0,,,0.0,5,,,descriptive fixed-seed summary
b1_pooling_sensitivity,fixed_six_chain_fixed_five_seed_mean,fixed_six,b1,kge,mean_0_4,ecdf_mean,,,,,effective_k_at_100,97.66666666666667,,,,6,,,unweighted six-chain descriptive mean; not population inference
b1_pooling_sensitivity,fixed_six_chain_fixed_five_seed_mean,fixed_six,b1,kge,mean_0_4,ecdf_mean,,,,,effective_k_at_25,25.0,,,,6,,,unweighted six-chain descriptive mean; not population inference
b1_pooling_sensitivity,fixed_six_chain_fixed_five_seed_mean,fixed_six,b1,kge,mean_0_4,ecdf_mean,,,,,effective_k_at_250,203.33333333333334,,,,6,,,unweighted six-chain descriptive mean; not population inference
b1_pooling_sensitivity,fixed_six_chain_fixed_five_seed_mean,fixed_six,b1,kge,mean_0_4,ecdf_mean,,,,,effective_k_at_50,50.0,,,,6,,,unweighted six-chain descriptive mean; not population inference
b1_pooling_sensitivity,fixed_six_chain_fixed_five_seed_mean,fixed_six,b1,kge,mean_0_4,ecdf_mean,,,,,entry_average_precision,0.34896454963511364,,,,6,,,unweighted six-chain descriptive mean; not population inference
b1_pooling_sensitivity,fixed_six_chain_fixed_five_seed_mean,fixed_six,b1,kge,mean_0_4,ecdf_mean,,,,,entry_groups,253.0,,,,6,,,unweighted six-chain descriptive mean; not population inference
b1_pooling_sensitivity,fixed_six_chain_fixed_five_seed_mean,fixed_six,b1,kge,mean_0_4,ecdf_mean,,,,,entry_precision_at_100,0.2625581395348837,,,,6,,,unweighted six-chain descriptive mean; not population inference
b1_pooling_sensitivity,fixed_six_chain_fixed_five_seed_mean,fixed_six,b1,kge,mean_0_4,ecdf_mean,,,,,entry_precision_at_25,0.38800000000000007,,,,6,,,unweighted six-chain descriptive mean; not population inference
b1_pooling_sensitivity,fixed_six_chain_fixed_five_seed_mean,fixed_six,b1,kge,mean_0_4,ecdf_mean,,,,,entry_precision_at_250,0.21876709475876432,,,,6,,,unweighted six-chain descriptive mean; not population inference
b1_pooling_sensitivity,fixed_six_chain_fixed_five_seed_mean,fixed_six,b1,kge,mean_0_4,ecdf_mean,,,,,entry_precision_at_50,0.33,,,,6,,,unweighted six-chain descriptive mean; not population inference
b1_pooling_sensitivity,fixed_six_chain_fixed_five_seed_mean,fixed_six,b1,kge,mean_0_4,ecdf_mean,,,,,entry_recall_at_100,0.6270911495911496,,,,6,,,unweighted six-chain descriptive mean; not population inference
b1_pooling_sensitivity,fixed_six_chain_fixed_five_seed_mean,fixed_six,b1,kge,mean_0_4,ecdf_mean,,,,,entry_recall_at_25,0.24475087004498772,,,,6,,,unweighted six-chain descriptive mean; not population inference
b1_pooling_sensitivity,fixed_six_chain_fixed_five_seed_mean,fixed_six,b1,kge,mean_0_4,ecdf_mean,,,,,entry_recall_at_250,0.9328162578162579,,,,6,,,unweighted six-chain descriptive mean; not population inference
b1_pooling_sensitivity,fixed_six_chain_fixed_five_seed_mean,fixed_six,b1,kge,mean_0_4,ecdf_mean,,,,,entry_recall_at_50,0.4090609880315763,,,,6,,,unweighted six-chain descriptive mean; not population inference
b1_pooling_sensitivity,fixed_six_chain_fixed_five_seed_mean,fixed_six,b1,kge,mean_0_4,ecdf_mean,,,,,entry_value_capture_at_100,0.6653775554600277,,,,6,,,unweighted six-chain descriptive mean; not population inference
b1_pooling_sensitivity,fixed_six_chain_fixed_five_seed_mean,fixed_six,b1,kge,mean_0_4,ecdf_mean,,,,,entry_value_capture_at_25,0.21140065204266834,,,,6,,,unweighted six-chain descriptive mean; not population inference
b1_pooling_sensitivity,fixed_six_chain_fixed_five_seed_mean,fixed_six,b1,kge,mean_0_4,ecdf_mean,,,,,entry_value_capture_at_250,0.9665262522289537,,,,6,,,unweighted six-chain descriptive mean; not population inference
b1_pooling_sensitivity,fixed_six_chain_fixed_five_seed_mean,fixed_six,b1,kge,mean_0_4,ecdf_mean,,,,,entry_value_capture_at_50,0.4164076541241765,,,,6,,,unweighted six-chain descriptive mean; not population inference
b1_pooling_sensitivity,fixed_six_chain_fixed_five_seed_mean,fixed_six,b1,kge,mean_0_4,ecdf_mean,,,,,positive_entries,45.0,,,,6,,,unweighted six-chain descriptive mean; not population inference
b1_pooling_sensitivity,fixed_six_chain_fixed_five_seed_mean,fixed_six,b1,kge,mean_0_4,ecdf_top3_mean,,,,,effective_k_at_100,97.66666666666667,,,,6,,,unweighted six-chain descriptive mean; not population inference
b1_pooling_sensitivity,fixed_six_chain_fixed_five_seed_mean,fixed_six,b1,kge,mean_0_4,ecdf_top3_mean,,,,,effective_k_at_25,25.0,,,,6,,,unweighted six-chain descriptive mean; not population inference
b1_pooling_sensitivity,fixed_six_chain_fixed_five_seed_mean,fixed_six,b1,kge,mean_0_4,ecdf_top3_mean,,,,,effective_k_at_250,203.33333333333334,,,,6,,,unweighted six-chain descriptive mean; not population inference
b1_pooling_sensitivity,fixed_six_chain_fixed_five_seed_mean,fixed_six,b1,kge,mean_0_4,ecdf_top3_mean,,,,,effective_k_at_50,50.0,,,,6,,,unweighted six-chain descriptive mean; not population inference
b1_pooling_sensitivity,fixed_six_chain_fixed_five_seed_mean,fixed_six,b1,kge,mean_0_4,ecdf_top3_mean,,,,,entry_average_precision,0.4072706976399889,,,,6,,,unweighted six-chain descriptive mean; not population inference
b1_pooling_sensitivity,fixed_six_chain_fixed_five_seed_mean,fixed_six,b1,kge,mean_0_4,ecdf_top3_mean,,,,,entry_groups,253.0,,,,6,,,unweighted six-chain descriptive mean; not population inference
b1_pooling_sensitivity,fixed_six_chain_fixed_five_seed_mean,fixed_six,b1,kge,mean_0_4,ecdf_top3_mean,,,,,entry_precision_at_100,0.3072248062015504,,,,6,,,unweighted six-chain descriptive mean; not population inference
b1_pooling_sensitivity,fixed_six_chain_fixed_five_seed_mean,fixed_six,b1,kge,mean_0_4,ecdf_top3_mean,,,,,entry_precision_at_25,0.45333333333333337,,,,6,,,unweighted six-chain descriptive mean; not population inference
b1_pooling_sensitivity,fixed_six_chain_fixed_five_seed_mean,fixed_six,b1,kge,mean_0_4,ecdf_top3_mean,,,,,entry_precision_at_250,0.227833761425431,,,,6,,,unweighted six-chain descriptive mean; not population inference
b1_pooling_sensitivity,fixed_six_chain_fixed_five_seed_mean,fixed_six,b1,kge,mean_0_4,ecdf_top3_mean,,,,,entry_precision_at_50,0.3866666666666667,,,,6,,,unweighted six-chain descriptive mean; not population inference
b1_pooling_sensitivity,fixed_six_chain_fixed_five_seed_mean,fixed_six,b1,kge,mean_0_4,ecdf_top3_mean,,,,,entry_recall_at_100,0.7231661856661856,,,,6,,,unweighted six-chain descriptive mean; not population inference
b1_pooling_sensitivity,fixed_six_chain_fixed_five_seed_mean,fixed_six,b1,kge,mean_0_4,ecdf_top3_mean,,,,,entry_recall_at_25,0.2880797470503353,,,,6,,,unweighted six-chain descriptive mean; not population inference
b1_pooling_sensitivity,fixed_six_chain_fixed_five_seed_mean,fixed_six,b1,kge,mean_0_4,ecdf_top3_mean,,,,,entry_recall_at_250,0.9686928811928812,,,,6,,,unweighted six-chain descriptive mean; not population inference
b1_pooling_sensitivity,fixed_six_chain_fixed_five_seed_mean,fixed_six,b1,kge,mean_0_4,ecdf_top3_mean,,,,,entry_recall_at_50,0.4787370200605494,,,,6,,,unweighted six-chain descriptive mean; not population inference
b1_pooling_sensitivity,fixed_six_chain_fixed_five_seed_mean,fixed_six,b1,kge,mean_0_4,ecdf_top3_mean,,,,,entry_value_capture_at_100,0.771547772198779,,,,6,,,unweighted six-chain descriptive mean; not population inference
b1_pooling_sensitivity,fixed_six_chain_fixed_five_seed_mean,fixed_six,b1,kge,mean_0_4,ecdf_top3_mean,,,,,entry_value_capture_at_25,0.2749324565549856,,,,6,,,unweighted six-chain descriptive mean; not population inference
b1_pooling_sensitivity,fixed_six_chain_fixed_five_seed_mean,fixed_six,b1,kge,mean_0_4,ecdf_top3_mean,,,,,entry_value_capture_at_250,0.9743876655211915,,,,6,,,unweighted six-chain descriptive mean; not population inference
b1_pooling_sensitivity,fixed_six_chain_fixed_five_seed_mean,fixed_six,b1,kge,mean_0_4,ecdf_top3_mean,,,,,entry_value_capture_at_50,0.5067541600334519,,,,6,,,unweighted six-chain descriptive mean; not population inference
b1_pooling_sensitivity,fixed_six_chain_fixed_five_seed_mean,fixed_six,b1,kge,mean_0_4,ecdf_top3_mean,,,,,positive_entries,45.0,,,,6,,,unweighted six-chain descriptive mean; not population inference
b1_pooling_sensitivity,fixed_six_chain_fixed_five_seed_mean,fixed_six,b1,kge,mean_0_4,official_raw_max,,,,,effective_k_at_100,97.66666666666667,,,,6,,,unweighted six-chain descriptive mean; not population inference
b1_pooling_sensitivity,fixed_six_chain_fixed_five_seed_mean,fixed_six,b1,kge,mean_0_4,official_raw_max,,,,,effective_k_at_25,25.0,,,,6,,,unweighted six-chain descriptive mean; not population inference
b1_pooling_sensitivity,fixed_six_chain_fixed_five_seed_mean,fixed_six,b1,kge,mean_0_4,official_raw_max,,,,,effective_k_at_250,203.33333333333334,,,,6,,,unweighted six-chain descriptive mean; not population inference
b1_pooling_sensitivity,fixed_six_chain_fixed_five_seed_mean,fixed_six,b1,kge,mean_0_4,official_raw_max,,,,,effective_k_at_50,50.0,,,,6,,,unweighted six-chain descriptive mean; not population inference
b1_pooling_sensitivity,fixed_six_chain_fixed_five_seed_mean,fixed_six,b1,kge,mean_0_4,official_raw_max,,,,,entry_average_precision,0.3952045522890785,,,,6,,,unweighted six-chain descriptive mean; not population inference
b1_pooling_sensitivity,fixed_six_chain_fixed_five_seed_mean,fixed_six,b1,kge,mean_0_4,official_raw_max,,,,,entry_groups,253.0,,,,6,,,unweighted six-chain descriptive mean; not population inference
b1_pooling_sensitivity,fixed_six_chain_fixed_five_seed_mean,fixed_six,b1,kge,mean_0_4,official_raw_max,,,,,entry_precision_at_100,0.30455813953488375,,,,6,,,unweighted six-chain descriptive mean; not population inference
b1_pooling_sensitivity,fixed_six_chain_fixed_five_seed_mean,fixed_six,b1,kge,mean_0_4,official_raw_max,,,,,entry_precision_at_25,0.44,,,,6,,,unweighted six-chain descriptive mean; not population inference
b1_pooling_sensitivity,fixed_six_chain_fixed_five_seed_mean,fixed_six,b1,kge,mean_0_4,official_raw_max,,,,,entry_precision_at_250,0.22756709475876433,,,,6,,,unweighted six-chain descriptive mean; not population inference
b1_pooling_sensitivity,fixed_six_chain_fixed_five_seed_mean,fixed_six,b1,kge,mean_0_4,official_raw_max,,,,,entry_precision_at_50,0.37266666666666665,,,,6,,,unweighted six-chain descriptive mean; not population inference
b1_pooling_sensitivity,fixed_six_chain_fixed_five_seed_mean,fixed_six,b1,kge,mean_0_4,official_raw_max,,,,,entry_recall_at_100,0.7201226551226552,,,,6,,,unweighted six-chain descriptive mean; not population inference
b1_pooling_sensitivity,fixed_six_chain_fixed_five_seed_mean,fixed_six,b1,kge,mean_0_4,official_raw_max,,,,,entry_recall_at_25,0.27862483377189257,,,,6,,,unweighted six-chain descriptive mean; not population inference
b1_pooling_sensitivity,fixed_six_chain_fixed_five_seed_mean,fixed_six,b1,kge,mean_0_4,official_raw_max,,,,,entry_recall_at_250,0.9688732563732564,,,,6,,,unweighted six-chain descriptive mean; not population inference
b1_pooling_sensitivity,fixed_six_chain_fixed_five_seed_mean,fixed_six,b1,kge,mean_0_4,official_raw_max,,,,,entry_recall_at_50,0.4640706080411963,,,,6,,,unweighted six-chain descriptive mean; not population inference
b1_pooling_sensitivity,fixed_six_chain_fixed_five_seed_mean,fixed_six,b1,kge,mean_0_4,official_raw_max,,,,,entry_value_capture_at_100,0.7689079527810402,,,,6,,,unweighted six-chain descriptive mean; not population inference
b1_pooling_sensitivity,fixed_six_chain_fixed_five_seed_mean,fixed_six,b1,kge,mean_0_4,official_raw_max,,,,,entry_value_capture_at_25,0.2910193558974864,,,,6,,,unweighted six-chain descriptive mean; not population inference
b1_pooling_sensitivity,fixed_six_chain_fixed_five_seed_mean,fixed_six,b1,kge,mean_0_4,official_raw_max,,,,,entry_value_capture_at_250,0.9745866035475689,,,,6,,,unweighted six-chain descriptive mean; not population inference
b1_pooling_sensitivity,fixed_six_chain_fixed_five_seed_mean,fixed_six,b1,kge,mean_0_4,official_raw_max,,,,,entry_value_capture_at_50,0.5209221285864788,,,,6,,,unweighted six-chain descriptive mean; not population inference
b1_pooling_sensitivity,fixed_six_chain_fixed_five_seed_mean,fixed_six,b1,kge,mean_0_4,official_raw_max,,,,,positive_entries,45.0,,,,6,,,unweighted six-chain descriptive mean; not population inference
b1_pooling_sensitivity,fixed_six_chain_fixed_five_seed_mean,fixed_six,b1,nbfnet,mean_0_4,ecdf_mean,,,,,effective_k_at_100,97.66666666666667,,,,6,,,unweighted six-chain descriptive mean; not population inference
b1_pooling_sensitivity,fixed_six_chain_fixed_five_seed_mean,fixed_six,b1,nbfnet,mean_0_4,ecdf_mean,,,,,effective_k_at_25,25.0,,,,6,,,unweighted six-chain descriptive mean; not population inference
b1_pooling_sensitivity,fixed_six_chain_fixed_five_seed_mean,fixed_six,b1,nbfnet,mean_0_4,ecdf_mean,,,,,effective_k_at_250,203.33333333333334,,,,6,,,unweighted six-chain descriptive mean; not population inference
b1_pooling_sensitivity,fixed_six_chain_fixed_five_seed_mean,fixed_six,b1,nbfnet,mean_0_4,ecdf_mean,,,,,effective_k_at_50,50.0,,,,6,,,unweighted six-chain descriptive mean; not population inference
b1_pooling_sensitivity,fixed_six_chain_fixed_five_seed_mean,fixed_six,b1,nbfnet,mean_0_4,ecdf_mean,,,,,entry_average_precision,0.2070532196200634,,,,6,,,unweighted six-chain descriptive mean; not population inference
b1_pooling_sensitivity,fixed_six_chain_fixed_five_seed_mean,fixed_six,b1,nbfnet,mean_0_4,ecdf_mean,,,,,entry_groups,253.0,,,,6,,,unweighted six-chain descriptive mean; not population inference
b1_pooling_sensitivity,fixed_six_chain_fixed_five_seed_mean,fixed_six,b1,nbfnet,mean_0_4,ecdf_mean,,,,,entry_precision_at_100,0.18489147286821705,,,,6,,,unweighted six-chain descriptive mean; not population inference
b1_pooling_sensitivity,fixed_six_chain_fixed_five_seed_mean,fixed_six,b1,nbfnet,mean_0_4,ecdf_mean,,,,,entry_precision_at_25,0.17600000000000002,,,,6,,,unweighted six-chain descriptive mean; not population inference
b1_pooling_sensitivity,fixed_six_chain_fixed_five_seed_mean,fixed_six,b1,nbfnet,mean_0_4,ecdf_mean,,,,,entry_precision_at_250,0.19690042809209765,,,,6,,,unweighted six-chain descriptive mean; not population inference
b1_pooling_sensitivity,fixed_six_chain_fixed_five_seed_mean,fixed_six,b1,nbfnet,mean_0_4,ecdf_mean,,,,,entry_precision_at_50,0.17200000000000001,,,,6,,,unweighted six-chain descriptive mean; not population inference
b1_pooling_sensitivity,fixed_six_chain_fixed_five_seed_mean,fixed_six,b1,nbfnet,mean_0_4,ecdf_mean,,,,,entry_recall_at_100,0.47160774410774414,,,,6,,,unweighted six-chain descriptive mean; not population inference
b1_pooling_sensitivity,fixed_six_chain_fixed_five_seed_mean,fixed_six,b1,nbfnet,mean_0_4,ecdf_mean,,,,,entry_recall_at_25,0.13055010893246188,,,,6,,,unweighted six-chain descriptive mean; not population inference
b1_pooling_sensitivity,fixed_six_chain_fixed_five_seed_mean,fixed_six,b1,nbfnet,mean_0_4,ecdf_mean,,,,,entry_recall_at_250,0.8288540163540165,,,,6,,,unweighted six-chain descriptive mean; not population inference
b1_pooling_sensitivity,fixed_six_chain_fixed_five_seed_mean,fixed_six,b1,nbfnet,mean_0_4,ecdf_mean,,,,,entry_recall_at_50,0.24202359731771494,,,,6,,,unweighted six-chain descriptive mean; not population inference
b1_pooling_sensitivity,fixed_six_chain_fixed_five_seed_mean,fixed_six,b1,nbfnet,mean_0_4,ecdf_mean,,,,,entry_value_capture_at_100,0.49587776519494575,,,,6,,,unweighted six-chain descriptive mean; not population inference
b1_pooling_sensitivity,fixed_six_chain_fixed_five_seed_mean,fixed_six,b1,nbfnet,mean_0_4,ecdf_mean,,,,,entry_value_capture_at_25,0.22104190394663384,,,,6,,,unweighted six-chain descriptive mean; not population inference
b1_pooling_sensitivity,fixed_six_chain_fixed_five_seed_mean,fixed_six,b1,nbfnet,mean_0_4,ecdf_mean,,,,,entry_value_capture_at_250,0.8304826018181718,,,,6,,,unweighted six-chain descriptive mean; not population inference
b1_pooling_sensitivity,fixed_six_chain_fixed_five_seed_mean,fixed_six,b1,nbfnet,mean_0_4,ecdf_mean,,,,,entry_value_capture_at_50,0.3176411731292197,,,,6,,,unweighted six-chain descriptive mean; not population inference
b1_pooling_sensitivity,fixed_six_chain_fixed_five_seed_mean,fixed_six,b1,nbfnet,mean_0_4,ecdf_mean,,,,,positive_entries,45.0,,,,6,,,unweighted six-chain descriptive mean; not population inference
b1_pooling_sensitivity,fixed_six_chain_fixed_five_seed_mean,fixed_six,b1,nbfnet,mean_0_4,ecdf_top3_mean,,,,,effective_k_at_100,97.66666666666667,,,,6,,,unweighted six-chain descriptive mean; not population inference
b1_pooling_sensitivity,fixed_six_chain_fixed_five_seed_mean,fixed_six,b1,nbfnet,mean_0_4,ecdf_top3_mean,,,,,effective_k_at_25,25.0,,,,6,,,unweighted six-chain descriptive mean; not population inference
b1_pooling_sensitivity,fixed_six_chain_fixed_five_seed_mean,fixed_six,b1,nbfnet,mean_0_4,ecdf_top3_mean,,,,,effective_k_at_250,203.33333333333334,,,,6,,,unweighted six-chain descriptive mean; not population inference
b1_pooling_sensitivity,fixed_six_chain_fixed_five_seed_mean,fixed_six,b1,nbfnet,mean_0_4,ecdf_top3_mean,,,,,effective_k_at_50,50.0,,,,6,,,unweighted six-chain descriptive mean; not population inference
b1_pooling_sensitivity,fixed_six_chain_fixed_five_seed_mean,fixed_six,b1,nbfnet,mean_0_4,ecdf_top3_mean,,,,,entry_average_precision,0.27998212504007897,,,,6,,,unweighted six-chain descriptive mean; not population inference
b1_pooling_sensitivity,fixed_six_chain_fixed_five_seed_mean,fixed_six,b1,nbfnet,mean_0_4,ecdf_top3_mean,,,,,entry_groups,253.0,,,,6,,,unweighted six-chain descriptive mean; not population inference
b1_pooling_sensitivity,fixed_six_chain_fixed_five_seed_mean,fixed_six,b1,nbfnet,mean_0_4,ecdf_top3_mean,,,,,entry_precision_at_100,0.24589147286821703,,,,6,,,unweighted six-chain descriptive mean; not population inference
b1_pooling_sensitivity,fixed_six_chain_fixed_five_seed_mean,fixed_six,b1,nbfnet,mean_0_4,ecdf_top3_mean,,,,,entry_precision_at_25,0.30133333333333334,,,,6,,,unweighted six-chain descriptive mean; not population inference
b1_pooling_sensitivity,fixed_six_chain_fixed_five_seed_mean,fixed_six,b1,nbfnet,mean_0_4,ecdf_top3_mean,,,,,entry_precision_at_250,0.21170042809209763,,,,6,,,unweighted six-chain descriptive mean; not population inference
b1_pooling_sensitivity,fixed_six_chain_fixed_five_seed_mean,fixed_six,b1,nbfnet,mean_0_4,ecdf_top3_mean,,,,,entry_precision_at_50,0.274,,,,6,,,unweighted six-chain descriptive mean; not population inference
b1_pooling_sensitivity,fixed_six_chain_fixed_five_seed_mean,fixed_six,b1,nbfnet,mean_0_4,ecdf_top3_mean,,,,,entry_recall_at_100,0.59257696007696,,,,6,,,unweighted six-chain descriptive mean; not population inference
b1_pooling_sensitivity,fixed_six_chain_fixed_five_seed_mean,fixed_six,b1,nbfnet,mean_0_4,ecdf_top3_mean,,,,,entry_recall_at_25,0.18555513114336644,,,,6,,,unweighted six-chain descriptive mean; not population inference
b1_pooling_sensitivity,fixed_six_chain_fixed_five_seed_mean,fixed_six,b1,nbfnet,mean_0_4,ecdf_top3_mean,,,,,entry_recall_at_250,0.8964706589706589,,,,6,,,unweighted six-chain descriptive mean; not population inference
b1_pooling_sensitivity,fixed_six_chain_fixed_five_seed_mean,fixed_six,b1,nbfnet,mean_0_4,ecdf_top3_mean,,,,,entry_recall_at_50,0.3368056616586028,,,,6,,,unweighted six-chain descriptive mean; not population inference
b1_pooling_sensitivity,fixed_six_chain_fixed_five_seed_mean,fixed_six,b1,nbfnet,mean_0_4,ecdf_top3_mean,,,,,entry_value_capture_at_100,0.722602770726518,,,,6,,,unweighted six-chain descriptive mean; not population inference
b1_pooling_sensitivity,fixed_six_chain_fixed_five_seed_mean,fixed_six,b1,nbfnet,mean_0_4,ecdf_top3_mean,,,,,entry_value_capture_at_25,0.26525262603706107,,,,6,,,unweighted six-chain descriptive mean; not population inference
b1_pooling_sensitivity,fixed_six_chain_fixed_five_seed_mean,fixed_six,b1,nbfnet,mean_0_4,ecdf_top3_mean,,,,,entry_value_capture_at_250,0.9799457169886675,,,,6,,,unweighted six-chain descriptive mean; not population inference
b1_pooling_sensitivity,fixed_six_chain_fixed_five_seed_mean,fixed_six,b1,nbfnet,mean_0_4,ecdf_top3_mean,,,,,entry_value_capture_at_50,0.43450780740385847,,,,6,,,unweighted six-chain descriptive mean; not population inference
b1_pooling_sensitivity,fixed_six_chain_fixed_five_seed_mean,fixed_six,b1,nbfnet,mean_0_4,ecdf_top3_mean,,,,,positive_entries,45.0,,,,6,,,unweighted six-chain descriptive mean; not population inference
b1_pooling_sensitivity,fixed_six_chain_fixed_five_seed_mean,fixed_six,b1,nbfnet,mean_0_4,official_raw_max,,,,,effective_k_at_100,97.66666666666667,,,,6,,,unweighted six-chain descriptive mean; not population inference
b1_pooling_sensitivity,fixed_six_chain_fixed_five_seed_mean,fixed_six,b1,nbfnet,mean_0_4,official_raw_max,,,,,effective_k_at_25,25.0,,,,6,,,unweighted six-chain descriptive mean; not population inference
b1_pooling_sensitivity,fixed_six_chain_fixed_five_seed_mean,fixed_six,b1,nbfnet,mean_0_4,official_raw_max,,,,,effective_k_at_250,203.33333333333334,,,,6,,,unweighted six-chain descriptive mean; not population inference
b1_pooling_sensitivity,fixed_six_chain_fixed_five_seed_mean,fixed_six,b1,nbfnet,mean_0_4,official_raw_max,,,,,effective_k_at_50,50.0,,,,6,,,unweighted six-chain descriptive mean; not population inference
b1_pooling_sensitivity,fixed_six_chain_fixed_five_seed_mean,fixed_six,b1,nbfnet,mean_0_4,official_raw_max,,,,,entry_average_precision,0.282938095488117,,,,6,,,unweighted six-chain descriptive mean; not population inference
b1_pooling_sensitivity,fixed_six_chain_fixed_five_seed_mean,fixed_six,b1,nbfnet,mean_0_4,official_raw_max,,,,,entry_groups,253.0,,,,6,,,unweighted six-chain descriptive mean; not population inference
b1_pooling_sensitivity,fixed_six_chain_fixed_five_seed_mean,fixed_six,b1,nbfnet,mean_0_4,official_raw_max,,,,,entry_precision_at_100,0.25489147286821706,,,,6,,,unweighted six-chain descriptive mean; not population inference
b1_pooling_sensitivity,fixed_six_chain_fixed_five_seed_mean,fixed_six,b1,nbfnet,mean_0_4,official_raw_max,,,,,entry_precision_at_25,0.32,,,,6,,,unweighted six-chain descriptive mean; not population inference
b1_pooling_sensitivity,fixed_six_chain_fixed_five_seed_mean,fixed_six,b1,nbfnet,mean_0_4,official_raw_max,,,,,entry_precision_at_250,0.21303376142543098,,,,6,,,unweighted six-chain descriptive mean; not population inference
b1_pooling_sensitivity,fixed_six_chain_fixed_five_seed_mean,fixed_six,b1,nbfnet,mean_0_4,official_raw_max,,,,,entry_precision_at_50,0.2846666666666667,,,,6,,,unweighted six-chain descriptive mean; not population inference
b1_pooling_sensitivity,fixed_six_chain_fixed_five_seed_mean,fixed_six,b1,nbfnet,mean_0_4,official_raw_max,,,,,entry_recall_at_100,0.61511063011063,,,,6,,,unweighted six-chain descriptive mean; not population inference
b1_pooling_sensitivity,fixed_six_chain_fixed_five_seed_mean,fixed_six,b1,nbfnet,mean_0_4,official_raw_max,,,,,entry_recall_at_25,0.19309481368304895,,,,6,,,unweighted six-chain descriptive mean; not population inference
b1_pooling_sensitivity,fixed_six_chain_fixed_five_seed_mean,fixed_six,b1,nbfnet,mean_0_4,official_raw_max,,,,,entry_recall_at_250,0.9131794131794132,,,,6,,,unweighted six-chain descriptive mean; not population inference
b1_pooling_sensitivity,fixed_six_chain_fixed_five_seed_mean,fixed_six,b1,nbfnet,mean_0_4,official_raw_max,,,,,entry_recall_at_50,0.3536848880966528,,,,6,,,unweighted six-chain descriptive mean; not population inference
b1_pooling_sensitivity,fixed_six_chain_fixed_five_seed_mean,fixed_six,b1,nbfnet,mean_0_4,official_raw_max,,,,,entry_value_capture_at_100,0.6422681840267718,,,,6,,,unweighted six-chain descriptive mean; not population inference
b1_pooling_sensitivity,fixed_six_chain_fixed_five_seed_mean,fixed_six,b1,nbfnet,mean_0_4,official_raw_max,,,,,entry_value_capture_at_25,0.16352499990941058,,,,6,,,unweighted six-chain descriptive mean; not population inference
b1_pooling_sensitivity,fixed_six_chain_fixed_five_seed_mean,fixed_six,b1,nbfnet,mean_0_4,official_raw_max,,,,,entry_value_capture_at_250,0.9582795045008785,,,,6,,,unweighted six-chain descriptive mean; not population inference
b1_pooling_sensitivity,fixed_six_chain_fixed_five_seed_mean,fixed_six,b1,nbfnet,mean_0_4,official_raw_max,,,,,entry_value_capture_at_50,0.2695863449197438,,,,6,,,unweighted six-chain descriptive mean; not population inference
b1_pooling_sensitivity,fixed_six_chain_fixed_five_seed_mean,fixed_six,b1,nbfnet,mean_0_4,official_raw_max,,,,,positive_entries,45.0,,,,6,,,unweighted six-chain descriptive mean; not population inference
two_stage_b1_b2,chain_fixed_five_seed_mean,aluminium,b1_to_b2,kge,mean_0_4,,,100,1,,e2e_global_observed_value_capture,0.005176751552213257,,,0.0023253009493800344,5,,,descriptive fixed-seed summary
two_stage_b1_b2,chain_fixed_five_seed_mean,aluminium,b1_to_b2,kge,mean_0_4,,,100,1,,e2e_macro_destination_observed_value_capture,0.02016310587571964,,,0.01413855018673485,5,,,descriptive fixed-seed summary
two_stage_b1_b2,chain_fixed_five_seed_mean,aluminium,b1_to_b2,kge,mean_0_4,,,100,1,,e2e_macro_destination_recall,0.02066358024691358,,,0.01277759139841408,5,,,descriptive fixed-seed summary
two_stage_b1_b2,chain_fixed_five_seed_mean,aluminium,b1_to_b2,kge,mean_0_4,,,100,1,,e2e_micro_destination_recall,0.02430939226519337,,,0.008268856103367826,5,,,descriptive fixed-seed summary
two_stage_b1_b2,chain_fixed_five_seed_mean,aluminium,b1_to_b2,kge,mean_0_4,,,100,1,,effective_b1_budget,100.0,,,0.0,5,,,descriptive fixed-seed summary
two_stage_b1_b2,chain_fixed_five_seed_mean,aluminium,b1_to_b2,kge,mean_0_4,,,100,1,,positive_entries_denominator,72.0,,,0.0,5,,,descriptive fixed-seed summary
two_stage_b1_b2,chain_fixed_five_seed_mean,aluminium,b1_to_b2,kge,mean_0_4,,,100,1,,positive_entry_gate_precision,0.35600000000000004,,,0.020591260281974,5,,,descriptive fixed-seed summary
two_stage_b1_b2,chain_fixed_five_seed_mean,aluminium,b1_to_b2,kge,mean_0_4,,,100,1,,positive_entry_gate_recall,0.49444444444444435,,,0.028598972613852785,5,,,descriptive fixed-seed summary
two_stage_b1_b2,chain_fixed_five_seed_mean,aluminium,b1_to_b2,kge,mean_0_4,,,100,1,,positive_lanes_denominator,181.0,,,0.0,5,,,descriptive fixed-seed summary
two_stage_b1_b2,chain_fixed_five_seed_mean,aluminium,b1_to_b2,kge,mean_0_4,,,100,1,,selected_positive_entries,35.6,,,2.0591260281974,5,,,descriptive fixed-seed summary
two_stage_b1_b2,chain_fixed_five_seed_mean,aluminium,b1_to_b2,kge,mean_0_4,,,100,3,,e2e_global_observed_value_capture,0.012867640823933813,,,0.003790426527396191,5,,,descriptive fixed-seed summary
two_stage_b1_b2,chain_fixed_five_seed_mean,aluminium,b1_to_b2,kge,mean_0_4,,,100,3,,e2e_macro_destination_observed_value_capture,0.07155263277512551,,,0.017934968826931012,5,,,descriptive fixed-seed summary
two_stage_b1_b2,chain_fixed_five_seed_mean,aluminium,b1_to_b2,kge,mean_0_4,,,100,3,,e2e_macro_destination_recall,0.07365740740740741,,,0.02046633772890332,5,,,descriptive fixed-seed summary
two_stage_b1_b2,chain_fixed_five_seed_mean,aluminium,b1_to_b2,kge,mean_0_4,,,100,3,,e2e_micro_destination_recall,0.06850828729281767,,,0.011900916700849732,5,,,descriptive fixed-seed summary
two_stage_b1_b2,chain_fixed_five_seed_mean,aluminium,b1_to_b2,kge,mean_0_4,,,100,3,,effective_b1_budget,100.0,,,0.0,5,,,descriptive fixed-seed summary
two_stage_b1_b2,chain_fixed_five_seed_mean,aluminium,b1_to_b2,kge,mean_0_4,,,100,3,,positive_entries_denominator,72.0,,,0.0,5,,,descriptive fixed-seed summary
two_stage_b1_b2,chain_fixed_five_seed_mean,aluminium,b1_to_b2,kge,mean_0_4,,,100,3,,positive_entry_gate_precision,0.35600000000000004,,,0.020591260281974,5,,,descriptive fixed-seed summary
two_stage_b1_b2,chain_fixed_five_seed_mean,aluminium,b1_to_b2,kge,mean_0_4,,,100,3,,positive_entry_gate_recall,0.49444444444444435,,,0.028598972613852785,5,,,descriptive fixed-seed summary
two_stage_b1_b2,chain_fixed_five_seed_mean,aluminium,b1_to_b2,kge,mean_0_4,,,100,3,,positive_lanes_denominator,181.0,,,0.0,5,,,descriptive fixed-seed summary
two_stage_b1_b2,chain_fixed_five_seed_mean,aluminium,b1_to_b2,kge,mean_0_4,,,100,3,,selected_positive_entries,35.6,,,2.0591260281974,5,,,descriptive fixed-seed summary
two_stage_b1_b2,chain_fixed_five_seed_mean,aluminium,b1_to_b2,kge,mean_0_4,,,100,5,,e2e_global_observed_value_capture,0.05766367022250328,,,0.06740794047103672,5,,,descriptive fixed-seed summary
two_stage_b1_b2,chain_fixed_five_seed_mean,aluminium,b1_to_b2,kge,mean_0_4,,,100,5,,e2e_macro_destination_observed_value_capture,0.11223490612238532,,,0.02469039137320951,5,,,descriptive fixed-seed summary
two_stage_b1_b2,chain_fixed_five_seed_mean,aluminium,b1_to_b2,kge,mean_0_4,,,100,5,,e2e_macro_destination_recall,0.11373456790123455,,,0.024917702906823505,5,,,descriptive fixed-seed summary
two_stage_b1_b2,chain_fixed_five_seed_mean,aluminium,b1_to_b2,kge,mean_0_4,,,100,5,,e2e_micro_destination_recall,0.10828729281767954,,,0.018021554066629933,5,,,descriptive fixed-seed summary
two_stage_b1_b2,chain_fixed_five_seed_mean,aluminium,b1_to_b2,kge,mean_0_4,,,100,5,,effective_b1_budget,100.0,,,0.0,5,,,descriptive fixed-seed summary
two_stage_b1_b2,chain_fixed_five_seed_mean,aluminium,b1_to_b2,kge,mean_0_4,,,100,5,,positive_entries_denominator,72.0,,,0.0,5,,,descriptive fixed-seed summary
two_stage_b1_b2,chain_fixed_five_seed_mean,aluminium,b1_to_b2,kge,mean_0_4,,,100,5,,positive_entry_gate_precision,0.35600000000000004,,,0.020591260281974,5,,,descriptive fixed-seed summary
two_stage_b1_b2,chain_fixed_five_seed_mean,aluminium,b1_to_b2,kge,mean_0_4,,,100,5,,positive_entry_gate_recall,0.49444444444444435,,,0.028598972613852785,5,,,descriptive fixed-seed summary
two_stage_b1_b2,chain_fixed_five_seed_mean,aluminium,b1_to_b2,kge,mean_0_4,,,100,5,,positive_lanes_denominator,181.0,,,0.0,5,,,descriptive fixed-seed summary
two_stage_b1_b2,chain_fixed_five_seed_mean,aluminium,b1_to_b2,kge,mean_0_4,,,100,5,,selected_positive_entries,35.6,,,2.0591260281974,5,,,descriptive fixed-seed summary
two_stage_b1_b2,chain_fixed_five_seed_mean,aluminium,b1_to_b2,kge,mean_0_4,,,25,1,,e2e_global_observed_value_capture,0.0038828667163893758,,,0.002361454667868369,5,,,descriptive fixed-seed summary
two_stage_b1_b2,chain_fixed_five_seed_mean,aluminium,b1_to_b2,kge,mean_0_4,,,25,1,,e2e_macro_destination_observed_value_capture,0.007488180096241309,,,0.00453530994817092,5,,,descriptive fixed-seed summary
two_stage_b1_b2,chain_fixed_five_seed_mean,aluminium,b1_to_b2,kge,mean_0_4,,,25,1,,e2e_macro_destination_recall,0.006574074074074074,,,0.003425230715803724,5,,,descriptive fixed-seed summary
two_stage_b1_b2,chain_fixed_five_seed_mean,aluminium,b1_to_b2,kge,mean_0_4,,,25,1,,e2e_micro_destination_recall,0.0143646408839779,,,0.005634275705627387,5,,,descriptive fixed-seed summary
two_stage_b1_b2,chain_fixed_five_seed_mean,aluminium,b1_to_b2,kge,mean_0_4,,,25,1,,effective_b1_budget,25.0,,,0.0,5,,,descriptive fixed-seed summary
two_stage_b1_b2,chain_fixed_five_seed_mean,aluminium,b1_to_b2,kge,mean_0_4,,,25,1,,positive_entries_denominator,72.0,,,0.0,5,,,descriptive fixed-seed summary
two_stage_b1_b2,chain_fixed_five_seed_mean,aluminium,b1_to_b2,kge,mean_0_4,,,25,1,,positive_entry_gate_precision,0.43999999999999995,,,0.03577708763999662,5,,,descriptive fixed-seed summary
two_stage_b1_b2,chain_fixed_five_seed_mean,aluminium,b1_to_b2,kge,mean_0_4,,,25,1,,positive_entry_gate_recall,0.15277777777777776,,,0.012422599874998825,5,,,descriptive fixed-seed summary
two_stage_b1_b2,chain_fixed_five_seed_mean,aluminium,b1_to_b2,kge,mean_0_4,,,25,1,,positive_lanes_denominator,181.0,,,0.0,5,,,descriptive fixed-seed summary
two_stage_b1_b2,chain_fixed_five_seed_mean,aluminium,b1_to_b2,kge,mean_0_4,,,25,1,,selected_positive_entries,11.0,,,0.8944271909999159,5,,,descriptive fixed-seed summary
two_stage_b1_b2,chain_fixed_five_seed_mean,aluminium,b1_to_b2,kge,mean_0_4,,,25,3,,e2e_global_observed_value_capture,0.007402269753488363,,,0.004547217234079711,5,,,descriptive fixed-seed summary
two_stage_b1_b2,chain_fixed_five_seed_mean,aluminium,b1_to_b2,kge,mean_0_4,,,25,3,,e2e_macro_destination_observed_value_capture,0.01709370975504687,,,0.004780288478154001,5,,,descriptive fixed-seed summary
two_stage_b1_b2,chain_fixed_five_seed_mean,aluminium,b1_to_b2,kge,mean_0_4,,,25,3,,e2e_macro_destination_recall,0.016265432098765433,,,0.005057021298245932,5,,,descriptive fixed-seed summary
two_stage_b1_b2,chain_fixed_five_seed_mean,aluminium,b1_to_b2,kge,mean_0_4,,,25,3,,e2e_micro_destination_recall,0.02541436464088398,,,0.0066298342541436465,5,,,descriptive fixed-seed summary
two_stage_b1_b2,chain_fixed_five_seed_mean,aluminium,b1_to_b2,kge,mean_0_4,,,25,3,,effective_b1_budget,25.0,,,0.0,5,,,descriptive fixed-seed summary
two_stage_b1_b2,chain_fixed_five_seed_mean,aluminium,b1_to_b2,kge,mean_0_4,,,25,3,,positive_entries_denominator,72.0,,,0.0,5,,,descriptive fixed-seed summary
two_stage_b1_b2,chain_fixed_five_seed_mean,aluminium,b1_to_b2,kge,mean_0_4,,,25,3,,positive_entry_gate_precision,0.43999999999999995,,,0.03577708763999662,5,,,descriptive fixed-seed summary
two_stage_b1_b2,chain_fixed_five_seed_mean,aluminium,b1_to_b2,kge,mean_0_4,,,25,3,,positive_entry_gate_recall,0.15277777777777776,,,0.012422599874998825,5,,,descriptive fixed-seed summary
two_stage_b1_b2,chain_fixed_five_seed_mean,aluminium,b1_to_b2,kge,mean_0_4,,,25,3,,positive_lanes_denominator,181.0,,,0.0,5,,,descriptive fixed-seed summary
two_stage_b1_b2,chain_fixed_five_seed_mean,aluminium,b1_to_b2,kge,mean_0_4,,,25,3,,selected_positive_entries,11.0,,,0.8944271909999159,5,,,descriptive fixed-seed summary
two_stage_b1_b2,chain_fixed_five_seed_mean,aluminium,b1_to_b2,kge,mean_0_4,,,25,5,,e2e_global_observed_value_capture,0.04672657369996518,,,0.0676482996159159,5,,,descriptive fixed-seed summary
two_stage_b1_b2,chain_fixed_five_seed_mean,aluminium,b1_to_b2,kge,mean_0_4,,,25,5,,e2e_macro_destination_observed_value_capture,0.028430950225370576,,,0.004181671797053747,5,,,descriptive fixed-seed summary
two_stage_b1_b2,chain_fixed_five_seed_mean,aluminium,b1_to_b2,kge,mean_0_4,,,25,5,,e2e_macro_destination_recall,0.027160493827160494,,,0.0048082814172499735,5,,,descriptive fixed-seed summary
two_stage_b1_b2,chain_fixed_five_seed_mean,aluminium,b1_to_b2,kge,mean_0_4,,,25,5,,e2e_micro_destination_recall,0.04198895027624309,,,0.008976838016172332,5,,,descriptive fixed-seed summary
two_stage_b1_b2,chain_fixed_five_seed_mean,aluminium,b1_to_b2,kge,mean_0_4,,,25,5,,effective_b1_budget,25.0,,,0.0,5,,,descriptive fixed-seed summary
two_stage_b1_b2,chain_fixed_five_seed_mean,aluminium,b1_to_b2,kge,mean_0_4,,,25,5,,positive_entries_denominator,72.0,,,0.0,5,,,descriptive fixed-seed summary
two_stage_b1_b2,chain_fixed_five_seed_mean,aluminium,b1_to_b2,kge,mean_0_4,,,25,5,,positive_entry_gate_precision,0.43999999999999995,,,0.03577708763999662,5,,,descriptive fixed-seed summary
two_stage_b1_b2,chain_fixed_five_seed_mean,aluminium,b1_to_b2,kge,mean_0_4,,,25,5,,positive_entry_gate_recall,0.15277777777777776,,,0.012422599874998825,5,,,descriptive fixed-seed summary
two_stage_b1_b2,chain_fixed_five_seed_mean,aluminium,b1_to_b2,kge,mean_0_4,,,25,5,,positive_lanes_denominator,181.0,,,0.0,5,,,descriptive fixed-seed summary
two_stage_b1_b2,chain_fixed_five_seed_mean,aluminium,b1_to_b2,kge,mean_0_4,,,25,5,,selected_positive_entries,11.0,,,0.8944271909999159,5,,,descriptive fixed-seed summary
two_stage_b1_b2,chain_fixed_five_seed_mean,aluminium,b1_to_b2,kge,mean_0_4,,,250,1,,e2e_global_observed_value_capture,0.011800400928262164,,,0.004917326721865165,5,,,descriptive fixed-seed summary
two_stage_b1_b2,chain_fixed_five_seed_mean,aluminium,b1_to_b2,kge,mean_0_4,,,250,1,,e2e_macro_destination_observed_value_capture,0.0701626788259091,,,0.02496659446155111,5,,,descriptive fixed-seed summary
two_stage_b1_b2,chain_fixed_five_seed_mean,aluminium,b1_to_b2,kge,mean_0_4,,,250,1,,e2e_macro_destination_recall,0.07169806300553426,,,0.02468889841144425,5,,,descriptive fixed-seed summary
two_stage_b1_b2,chain_fixed_five_seed_mean,aluminium,b1_to_b2,kge,mean_0_4,,,250,1,,e2e_micro_destination_recall,0.056353591160221,,,0.010127239104874784,5,,,descriptive fixed-seed summary
two_stage_b1_b2,chain_fixed_five_seed_mean,aluminium,b1_to_b2,kge,mean_0_4,,,250,1,,effective_b1_budget,250.0,,,0.0,5,,,descriptive fixed-seed summary
two_stage_b1_b2,chain_fixed_five_seed_mean,aluminium,b1_to_b2,kge,mean_0_4,,,250,1,,positive_entries_denominator,72.0,,,0.0,5,,,descriptive fixed-seed summary
two_stage_b1_b2,chain_fixed_five_seed_mean,aluminium,b1_to_b2,kge,mean_0_4,,,250,1,,positive_entry_gate_precision,0.26480000000000004,,,0.003919183588453088,5,,,descriptive fixed-seed summary
two_stage_b1_b2,chain_fixed_five_seed_mean,aluminium,b1_to_b2,kge,mean_0_4,,,250,1,,positive_entry_gate_recall,0.9194444444444445,,,0.013608276348795427,5,,,descriptive fixed-seed summary
two_stage_b1_b2,chain_fixed_five_seed_mean,aluminium,b1_to_b2,kge,mean_0_4,,,250,1,,positive_lanes_denominator,181.0,,,0.0,5,,,descriptive fixed-seed summary
two_stage_b1_b2,chain_fixed_five_seed_mean,aluminium,b1_to_b2,kge,mean_0_4,,,250,1,,selected_positive_entries,66.2,,,0.9797958971132712,5,,,descriptive fixed-seed summary
two_stage_b1_b2,chain_fixed_five_seed_mean,aluminium,b1_to_b2,kge,mean_0_4,,,250,3,,e2e_global_observed_value_capture,0.04648901716870569,,,0.018097658315949432,5,,,descriptive fixed-seed summary
two_stage_b1_b2,chain_fixed_five_seed_mean,aluminium,b1_to_b2,kge,mean_0_4,,,250,3,,e2e_macro_destination_observed_value_capture,0.17926083521999558,,,0.008628305105789415,5,,,descriptive fixed-seed summary
two_stage_b1_b2,chain_fixed_five_seed_mean,aluminium,b1_to_b2,kge,mean_0_4,,,250,3,,e2e_macro_destination_recall,0.1786957215836526,,,0.014593310652916046,5,,,descriptive fixed-seed summary
two_stage_b1_b2,chain_fixed_five_seed_mean,aluminium,b1_to_b2,kge,mean_0_4,,,250,3,,e2e_micro_destination_recall,0.13922651933701657,,,0.008119855500938711,5,,,descriptive fixed-seed summary
two_stage_b1_b2,chain_fixed_five_seed_mean,aluminium,b1_to_b2,kge,mean_0_4,,,250,3,,effective_b1_budget,250.0,,,0.0,5,,,descriptive fixed-seed summary
two_stage_b1_b2,chain_fixed_five_seed_mean,aluminium,b1_to_b2,kge,mean_0_4,,,250,3,,positive_entries_denominator,72.0,,,0.0,5,,,descriptive fixed-seed summary
two_stage_b1_b2,chain_fixed_five_seed_mean,aluminium,b1_to_b2,kge,mean_0_4,,,250,3,,positive_entry_gate_precision,0.26480000000000004,,,0.003919183588453088,5,,,descriptive fixed-seed summary
two_stage_b1_b2,chain_fixed_five_seed_mean,aluminium,b1_to_b2,kge,mean_0_4,,,250,3,,positive_entry_gate_recall,0.9194444444444445,,,0.013608276348795427,5,,,descriptive fixed-seed summary
two_stage_b1_b2,chain_fixed_five_seed_mean,aluminium,b1_to_b2,kge,mean_0_4,,,250,3,,positive_lanes_denominator,181.0,,,0.0,5,,,descriptive fixed-seed summary
two_stage_b1_b2,chain_fixed_five_seed_mean,aluminium,b1_to_b2,kge,mean_0_4,,,250,3,,selected_positive_entries,66.2,,,0.9797958971132712,5,,,descriptive fixed-seed summary
two_stage_b1_b2,chain_fixed_five_seed_mean,aluminium,b1_to_b2,kge,mean_0_4,,,250,5,,e2e_global_observed_value_capture,0.10732570227998231,,,0.06749842702306358,5,,,descriptive fixed-seed summary
two_stage_b1_b2,chain_fixed_five_seed_mean,aluminium,b1_to_b2,kge,mean_0_4,,,250,5,,e2e_macro_destination_observed_value_capture,0.2552133257609023,,,0.023553704152390397,5,,,descriptive fixed-seed summary
two_stage_b1_b2,chain_fixed_five_seed_mean,aluminium,b1_to_b2,kge,mean_0_4,,,250,5,,e2e_macro_destination_recall,0.25073648361004686,,,0.02044590964882896,5,,,descriptive fixed-seed summary
two_stage_b1_b2,chain_fixed_five_seed_mean,aluminium,b1_to_b2,kge,mean_0_4,,,250,5,,e2e_micro_destination_recall,0.20662983425414364,,,0.017679558011049725,5,,,descriptive fixed-seed summary
two_stage_b1_b2,chain_fixed_five_seed_mean,aluminium,b1_to_b2,kge,mean_0_4,,,250,5,,effective_b1_budget,250.0,,,0.0,5,,,descriptive fixed-seed summary
two_stage_b1_b2,chain_fixed_five_seed_mean,aluminium,b1_to_b2,kge,mean_0_4,,,250,5,,positive_entries_denominator,72.0,,,0.0,5,,,descriptive fixed-seed summary
two_stage_b1_b2,chain_fixed_five_seed_mean,aluminium,b1_to_b2,kge,mean_0_4,,,250,5,,positive_entry_gate_precision,0.26480000000000004,,,0.003919183588453088,5,,,descriptive fixed-seed summary
two_stage_b1_b2,chain_fixed_five_seed_mean,aluminium,b1_to_b2,kge,mean_0_4,,,250,5,,positive_entry_gate_recall,0.9194444444444445,,,0.013608276348795427,5,,,descriptive fixed-seed summary
two_stage_b1_b2,chain_fixed_five_seed_mean,aluminium,b1_to_b2,kge,mean_0_4,,,250,5,,positive_lanes_denominator,181.0,,,0.0,5,,,descriptive fixed-seed summary
two_stage_b1_b2,chain_fixed_five_seed_mean,aluminium,b1_to_b2,kge,mean_0_4,,,250,5,,selected_positive_entries,66.2,,,0.9797958971132712,5,,,descriptive fixed-seed summary
two_stage_b1_b2,chain_fixed_five_seed_mean,aluminium,b1_to_b2,kge,mean_0_4,,,50,1,,e2e_global_observed_value_capture,0.004984762031892553,,,0.0023138465663571244,5,,,descriptive fixed-seed summary
two_stage_b1_b2,chain_fixed_five_seed_mean,aluminium,b1_to_b2,kge,mean_0_4,,,50,1,,e2e_macro_destination_observed_value_capture,0.014164530079255777,,,0.011461252860844505,5,,,descriptive fixed-seed summary
two_stage_b1_b2,chain_fixed_five_seed_mean,aluminium,b1_to_b2,kge,mean_0_4,,,50,1,,e2e_macro_destination_recall,0.0141820987654321,,,0.009564465731283138,5,,,descriptive fixed-seed summary
two_stage_b1_b2,chain_fixed_five_seed_mean,aluminium,b1_to_b2,kge,mean_0_4,,,50,1,,e2e_micro_destination_recall,0.020994475138121547,,,0.00732955754774674,5,,,descriptive fixed-seed summary
two_stage_b1_b2,chain_fixed_five_seed_mean,aluminium,b1_to_b2,kge,mean_0_4,,,50,1,,effective_b1_budget,50.0,,,0.0,5,,,descriptive fixed-seed summary
two_stage_b1_b2,chain_fixed_five_seed_mean,aluminium,b1_to_b2,kge,mean_0_4,,,50,1,,positive_entries_denominator,72.0,,,0.0,5,,,descriptive fixed-seed summary
two_stage_b1_b2,chain_fixed_five_seed_mean,aluminium,b1_to_b2,kge,mean_0_4,,,50,1,,positive_entry_gate_precision,0.41200000000000003,,,0.029933259094191533,5,,,descriptive fixed-seed summary
two_stage_b1_b2,chain_fixed_five_seed_mean,aluminium,b1_to_b2,kge,mean_0_4,,,50,1,,positive_entry_gate_recall,0.28611111111111115,,,0.020786985482077462,5,,,descriptive fixed-seed summary
two_stage_b1_b2,chain_fixed_five_seed_mean,aluminium,b1_to_b2,kge,mean_0_4,,,50,1,,positive_lanes_denominator,181.0,,,0.0,5,,,descriptive fixed-seed summary
two_stage_b1_b2,chain_fixed_five_seed_mean,aluminium,b1_to_b2,kge,mean_0_4,,,50,1,,selected_positive_entries,20.6,,,1.4966629547095764,5,,,descriptive fixed-seed summary
two_stage_b1_b2,chain_fixed_five_seed_mean,aluminium,b1_to_b2,kge,mean_0_4,,,50,3,,e2e_global_observed_value_capture,0.010315019198492547,,,0.004246944991714493,5,,,descriptive fixed-seed summary
two_stage_b1_b2,chain_fixed_five_seed_mean,aluminium,b1_to_b2,kge,mean_0_4,,,50,3,,e2e_macro_destination_observed_value_capture,0.03808927001726863,,,0.008262033178763872,5,,,descriptive fixed-seed summary
two_stage_b1_b2,chain_fixed_five_seed_mean,aluminium,b1_to_b2,kge,mean_0_4,,,50,3,,e2e_macro_destination_recall,0.03981481481481482,,,0.010030151921529814,5,,,descriptive fixed-seed summary
two_stage_b1_b2,chain_fixed_five_seed_mean,aluminium,b1_to_b2,kge,mean_0_4,,,50,3,,e2e_micro_destination_recall,0.04640883977900552,,,0.011376386896118232,5,,,descriptive fixed-seed summary
two_stage_b1_b2,chain_fixed_five_seed_mean,aluminium,b1_to_b2,kge,mean_0_4,,,50,3,,effective_b1_budget,50.0,,,0.0,5,,,descriptive fixed-seed summary
two_stage_b1_b2,chain_fixed_five_seed_mean,aluminium,b1_to_b2,kge,mean_0_4,,,50,3,,positive_entries_denominator,72.0,,,0.0,5,,,descriptive fixed-seed summary
two_stage_b1_b2,chain_fixed_five_seed_mean,aluminium,b1_to_b2,kge,mean_0_4,,,50,3,,positive_entry_gate_precision,0.41200000000000003,,,0.029933259094191533,5,,,descriptive fixed-seed summary
two_stage_b1_b2,chain_fixed_five_seed_mean,aluminium,b1_to_b2,kge,mean_0_4,,,50,3,,positive_entry_gate_recall,0.28611111111111115,,,0.020786985482077462,5,,,descriptive fixed-seed summary
two_stage_b1_b2,chain_fixed_five_seed_mean,aluminium,b1_to_b2,kge,mean_0_4,,,50,3,,positive_lanes_denominator,181.0,,,0.0,5,,,descriptive fixed-seed summary
two_stage_b1_b2,chain_fixed_five_seed_mean,aluminium,b1_to_b2,kge,mean_0_4,,,50,3,,selected_positive_entries,20.6,,,1.4966629547095764,5,,,descriptive fixed-seed summary
two_stage_b1_b2,chain_fixed_five_seed_mean,aluminium,b1_to_b2,kge,mean_0_4,,,50,5,,e2e_global_observed_value_capture,0.053267175595758255,,,0.0667324168778864,5,,,descriptive fixed-seed summary
two_stage_b1_b2,chain_fixed_five_seed_mean,aluminium,b1_to_b2,kge,mean_0_4,,,50,5,,e2e_macro_destination_observed_value_capture,0.05534816398665173,,,0.015679644571802126,5,,,descriptive fixed-seed summary
two_stage_b1_b2,chain_fixed_five_seed_mean,aluminium,b1_to_b2,kge,mean_0_4,,,50,5,,e2e_macro_destination_recall,0.057206790123456794,,,0.013449107275622521,5,,,descriptive fixed-seed summary
two_stage_b1_b2,chain_fixed_five_seed_mean,aluminium,b1_to_b2,kge,mean_0_4,,,50,5,,e2e_micro_destination_recall,0.0718232044198895,,,0.015230993096232288,5,,,descriptive fixed-seed summary
two_stage_b1_b2,chain_fixed_five_seed_mean,aluminium,b1_to_b2,kge,mean_0_4,,,50,5,,effective_b1_budget,50.0,,,0.0,5,,,descriptive fixed-seed summary
two_stage_b1_b2,chain_fixed_five_seed_mean,aluminium,b1_to_b2,kge,mean_0_4,,,50,5,,positive_entries_denominator,72.0,,,0.0,5,,,descriptive fixed-seed summary
two_stage_b1_b2,chain_fixed_five_seed_mean,aluminium,b1_to_b2,kge,mean_0_4,,,50,5,,positive_entry_gate_precision,0.41200000000000003,,,0.029933259094191533,5,,,descriptive fixed-seed summary
two_stage_b1_b2,chain_fixed_five_seed_mean,aluminium,b1_to_b2,kge,mean_0_4,,,50,5,,positive_entry_gate_recall,0.28611111111111115,,,0.020786985482077462,5,,,descriptive fixed-seed summary
two_stage_b1_b2,chain_fixed_five_seed_mean,aluminium,b1_to_b2,kge,mean_0_4,,,50,5,,positive_lanes_denominator,181.0,,,0.0,5,,,descriptive fixed-seed summary
two_stage_b1_b2,chain_fixed_five_seed_mean,aluminium,b1_to_b2,kge,mean_0_4,,,50,5,,selected_positive_entries,20.6,,,1.4966629547095764,5,,,descriptive fixed-seed summary
two_stage_b1_b2,chain_fixed_five_seed_mean,aluminium,b1_to_b2,nbfnet,mean_0_4,,,100,1,,e2e_global_observed_value_capture,0.013530627400494686,,,0.008919230307895033,5,,,descriptive fixed-seed summary
two_stage_b1_b2,chain_fixed_five_seed_mean,aluminium,b1_to_b2,nbfnet,mean_0_4,,,100,1,,e2e_macro_destination_observed_value_capture,0.09680579614785421,,,0.01613389937226378,5,,,descriptive fixed-seed summary
two_stage_b1_b2,chain_fixed_five_seed_mean,aluminium,b1_to_b2,nbfnet,mean_0_4,,,100,1,,e2e_macro_destination_recall,0.10062366964665814,,,0.016887111102954964,5,,,descriptive fixed-seed summary
two_stage_b1_b2,chain_fixed_five_seed_mean,aluminium,b1_to_b2,nbfnet,mean_0_4,,,100,1,,e2e_micro_destination_recall,0.05414364640883977,,,0.011268551411254773,5,,,descriptive fixed-seed summary
two_stage_b1_b2,chain_fixed_five_seed_mean,aluminium,b1_to_b2,nbfnet,mean_0_4,,,100,1,,effective_b1_budget,100.0,,,0.0,5,,,descriptive fixed-seed summary
two_stage_b1_b2,chain_fixed_five_seed_mean,aluminium,b1_to_b2,nbfnet,mean_0_4,,,100,1,,positive_entries_denominator,72.0,,,0.0,5,,,descriptive fixed-seed summary
two_stage_b1_b2,chain_fixed_five_seed_mean,aluminium,b1_to_b2,nbfnet,mean_0_4,,,100,1,,positive_entry_gate_precision,0.28400000000000003,,,0.03929376540877699,5,,,descriptive fixed-seed summary
two_stage_b1_b2,chain_fixed_five_seed_mean,aluminium,b1_to_b2,nbfnet,mean_0_4,,,100,1,,positive_entry_gate_recall,0.3944444444444445,,,0.05457467417885695,5,,,descriptive fixed-seed summary
two_stage_b1_b2,chain_fixed_five_seed_mean,aluminium,b1_to_b2,nbfnet,mean_0_4,,,100,1,,positive_lanes_denominator,181.0,,,0.0,5,,,descriptive fixed-seed summary
two_stage_b1_b2,chain_fixed_five_seed_mean,aluminium,b1_to_b2,nbfnet,mean_0_4,,,100,1,,selected_positive_entries,28.4,,,3.9293765408777,5,,,descriptive fixed-seed summary
two_stage_b1_b2,chain_fixed_five_seed_mean,aluminium,b1_to_b2,nbfnet,mean_0_4,,,100,3,,e2e_global_observed_value_capture,0.027352382715238422,,,0.017646454156154213,5,,,descriptive fixed-seed summary
two_stage_b1_b2,chain_fixed_five_seed_mean,aluminium,b1_to_b2,nbfnet,mean_0_4,,,100,3,,e2e_macro_destination_observed_value_capture,0.17089660686665725,,,0.0233377824107807,5,,,descriptive fixed-seed summary
two_stage_b1_b2,chain_fixed_five_seed_mean,aluminium,b1_to_b2,nbfnet,mean_0_4,,,100,3,,e2e_macro_destination_recall,0.17312100893997445,,,0.02138353475298892,5,,,descriptive fixed-seed summary
two_stage_b1_b2,chain_fixed_five_seed_mean,aluminium,b1_to_b2,nbfnet,mean_0_4,,,100,3,,e2e_micro_destination_recall,0.09502762430939227,,,0.013712346570155642,5,,,descriptive fixed-seed summary
two_stage_b1_b2,chain_fixed_five_seed_mean,aluminium,b1_to_b2,nbfnet,mean_0_4,,,100,3,,effective_b1_budget,100.0,,,0.0,5,,,descriptive fixed-seed summary
two_stage_b1_b2,chain_fixed_five_seed_mean,aluminium,b1_to_b2,nbfnet,mean_0_4,,,100,3,,positive_entries_denominator,72.0,,,0.0,5,,,descriptive fixed-seed summary
two_stage_b1_b2,chain_fixed_five_seed_mean,aluminium,b1_to_b2,nbfnet,mean_0_4,,,100,3,,positive_entry_gate_precision,0.28400000000000003,,,0.03929376540877699,5,,,descriptive fixed-seed summary
two_stage_b1_b2,chain_fixed_five_seed_mean,aluminium,b1_to_b2,nbfnet,mean_0_4,,,100,3,,positive_entry_gate_recall,0.3944444444444445,,,0.05457467417885695,5,,,descriptive fixed-seed summary
two_stage_b1_b2,chain_fixed_five_seed_mean,aluminium,b1_to_b2,nbfnet,mean_0_4,,,100,3,,positive_lanes_denominator,181.0,,,0.0,5,,,descriptive fixed-seed summary
two_stage_b1_b2,chain_fixed_five_seed_mean,aluminium,b1_to_b2,nbfnet,mean_0_4,,,100,3,,selected_positive_entries,28.4,,,3.9293765408777,5,,,descriptive fixed-seed summary
two_stage_b1_b2,chain_fixed_five_seed_mean,aluminium,b1_to_b2,nbfnet,mean_0_4,,,100,5,,e2e_global_observed_value_capture,0.03623399031126612,,,0.020340352694296206,5,,,descriptive fixed-seed summary
two_stage_b1_b2,chain_fixed_five_seed_mean,aluminium,b1_to_b2,nbfnet,mean_0_4,,,100,5,,e2e_macro_destination_observed_value_capture,0.2086095013370414,,,0.03211111541372508,5,,,descriptive fixed-seed summary
two_stage_b1_b2,chain_fixed_five_seed_mean,aluminium,b1_to_b2,nbfnet,mean_0_4,,,100,5,,e2e_macro_destination_recall,0.2047355257556407,,,0.030987141247030104,5,,,descriptive fixed-seed summary
two_stage_b1_b2,chain_fixed_five_seed_mean,aluminium,b1_to_b2,nbfnet,mean_0_4,,,100,5,,e2e_micro_destination_recall,0.12486187845303869,,,0.015469613259668507,5,,,descriptive fixed-seed summary
two_stage_b1_b2,chain_fixed_five_seed_mean,aluminium,b1_to_b2,nbfnet,mean_0_4,,,100,5,,effective_b1_budget,100.0,,,0.0,5,,,descriptive fixed-seed summary
two_stage_b1_b2,chain_fixed_five_seed_mean,aluminium,b1_to_b2,nbfnet,mean_0_4,,,100,5,,positive_entries_denominator,72.0,,,0.0,5,,,descriptive fixed-seed summary
two_stage_b1_b2,chain_fixed_five_seed_mean,aluminium,b1_to_b2,nbfnet,mean_0_4,,,100,5,,positive_entry_gate_precision,0.28400000000000003,,,0.03929376540877699,5,,,descriptive fixed-seed summary
two_stage_b1_b2,chain_fixed_five_seed_mean,aluminium,b1_to_b2,nbfnet,mean_0_4,,,100,5,,positive_entry_gate_recall,0.3944444444444445,,,0.05457467417885695,5,,,descriptive fixed-seed summary
two_stage_b1_b2,chain_fixed_five_seed_mean,aluminium,b1_to_b2,nbfnet,mean_0_4,,,100,5,,positive_lanes_denominator,181.0,,,0.0,5,,,descriptive fixed-seed summary
two_stage_b1_b2,chain_fixed_five_seed_mean,aluminium,b1_to_b2,nbfnet,mean_0_4,,,100,5,,selected_positive_entries,28.4,,,3.9293765408777,5,,,descriptive fixed-seed summary
two_stage_b1_b2,chain_fixed_five_seed_mean,aluminium,b1_to_b2,nbfnet,mean_0_4,,,25,1,,e2e_global_observed_value_capture,0.0017843452776048214,,,0.0010350299912298985,5,,,descriptive fixed-seed summary
two_stage_b1_b2,chain_fixed_five_seed_mean,aluminium,b1_to_b2,nbfnet,mean_0_4,,,25,1,,e2e_macro_destination_observed_value_capture,0.036283307357867084,,,0.010766718617599163,5,,,descriptive fixed-seed summary
two_stage_b1_b2,chain_fixed_five_seed_mean,aluminium,b1_to_b2,nbfnet,mean_0_4,,,25,1,,e2e_macro_destination_recall,0.03680555555555555,,,0.00972222222222222,5,,,descriptive fixed-seed summary
two_stage_b1_b2,chain_fixed_five_seed_mean,aluminium,b1_to_b2,nbfnet,mean_0_4,,,25,1,,e2e_micro_destination_recall,0.015469613259668507,,,0.0022099447513812156,5,,,descriptive fixed-seed summary
two_stage_b1_b2,chain_fixed_five_seed_mean,aluminium,b1_to_b2,nbfnet,mean_0_4,,,25,1,,effective_b1_budget,25.0,,,0.0,5,,,descriptive fixed-seed summary
two_stage_b1_b2,chain_fixed_five_seed_mean,aluminium,b1_to_b2,nbfnet,mean_0_4,,,25,1,,positive_entries_denominator,72.0,,,0.0,5,,,descriptive fixed-seed summary
two_stage_b1_b2,chain_fixed_five_seed_mean,aluminium,b1_to_b2,nbfnet,mean_0_4,,,25,1,,positive_entry_gate_precision,0.384,,,0.054258639865002144,5,,,descriptive fixed-seed summary
two_stage_b1_b2,chain_fixed_five_seed_mean,aluminium,b1_to_b2,nbfnet,mean_0_4,,,25,1,,positive_entry_gate_recall,0.13333333333333333,,,0.018839805508681303,5,,,descriptive fixed-seed summary
two_stage_b1_b2,chain_fixed_five_seed_mean,aluminium,b1_to_b2,nbfnet,mean_0_4,,,25,1,,positive_lanes_denominator,181.0,,,0.0,5,,,descriptive fixed-seed summary
two_stage_b1_b2,chain_fixed_five_seed_mean,aluminium,b1_to_b2,nbfnet,mean_0_4,,,25,1,,selected_positive_entries,9.6,,,1.3564659966250536,5,,,descriptive fixed-seed summary
two_stage_b1_b2,chain_fixed_five_seed_mean,aluminium,b1_to_b2,nbfnet,mean_0_4,,,25,3,,e2e_global_observed_value_capture,0.0025200375533612055,,,0.0009565196168809129,5,,,descriptive fixed-seed summary
two_stage_b1_b2,chain_fixed_five_seed_mean,aluminium,b1_to_b2,nbfnet,mean_0_4,,,25,3,,e2e_macro_destination_observed_value_capture,0.06873856632066264,,,0.01417847436798256,5,,,descriptive fixed-seed summary
two_stage_b1_b2,chain_fixed_five_seed_mean,aluminium,b1_to_b2,nbfnet,mean_0_4,,,25,3,,e2e_macro_destination_recall,0.06875,,,0.012880025688188478,5,,,descriptive fixed-seed summary
two_stage_b1_b2,chain_fixed_five_seed_mean,aluminium,b1_to_b2,nbfnet,mean_0_4,,,25,3,,e2e_micro_destination_recall,0.0287292817679558,,,0.004134428051683913,5,,,descriptive fixed-seed summary
two_stage_b1_b2,chain_fixed_five_seed_mean,aluminium,b1_to_b2,nbfnet,mean_0_4,,,25,3,,effective_b1_budget,25.0,,,0.0,5,,,descriptive fixed-seed summary
two_stage_b1_b2,chain_fixed_five_seed_mean,aluminium,b1_to_b2,nbfnet,mean_0_4,,,25,3,,positive_entries_denominator,72.0,,,0.0,5,,,descriptive fixed-seed summary
two_stage_b1_b2,chain_fixed_five_seed_mean,aluminium,b1_to_b2,nbfnet,mean_0_4,,,25,3,,positive_entry_gate_precision,0.384,,,0.054258639865002144,5,,,descriptive fixed-seed summary
two_stage_b1_b2,chain_fixed_five_seed_mean,aluminium,b1_to_b2,nbfnet,mean_0_4,,,25,3,,positive_entry_gate_recall,0.13333333333333333,,,0.018839805508681303,5,,,descriptive fixed-seed summary
two_stage_b1_b2,chain_fixed_five_seed_mean,aluminium,b1_to_b2,nbfnet,mean_0_4,,,25,3,,positive_lanes_denominator,181.0,,,0.0,5,,,descriptive fixed-seed summary
two_stage_b1_b2,chain_fixed_five_seed_mean,aluminium,b1_to_b2,nbfnet,mean_0_4,,,25,3,,selected_positive_entries,9.6,,,1.3564659966250536,5,,,descriptive fixed-seed summary
two_stage_b1_b2,chain_fixed_five_seed_mean,aluminium,b1_to_b2,nbfnet,mean_0_4,,,25,5,,e2e_global_observed_value_capture,0.003743059321844197,,,0.0017860539314751807,5,,,descriptive fixed-seed summary
two_stage_b1_b2,chain_fixed_five_seed_mean,aluminium,b1_to_b2,nbfnet,mean_0_4,,,25,5,,e2e_macro_destination_observed_value_capture,0.08251594805571541,,,0.02234724051827442,5,,,descriptive fixed-seed summary
two_stage_b1_b2,chain_fixed_five_seed_mean,aluminium,b1_to_b2,nbfnet,mean_0_4,,,25,5,,e2e_macro_destination_recall,0.08055555555555556,,,0.0208795783032957,5,,,descriptive fixed-seed summary
two_stage_b1_b2,chain_fixed_five_seed_mean,aluminium,b1_to_b2,nbfnet,mean_0_4,,,25,5,,e2e_micro_destination_recall,0.03646408839779005,,,0.008268856103367826,5,,,descriptive fixed-seed summary
two_stage_b1_b2,chain_fixed_five_seed_mean,aluminium,b1_to_b2,nbfnet,mean_0_4,,,25,5,,effective_b1_budget,25.0,,,0.0,5,,,descriptive fixed-seed summary
two_stage_b1_b2,chain_fixed_five_seed_mean,aluminium,b1_to_b2,nbfnet,mean_0_4,,,25,5,,positive_entries_denominator,72.0,,,0.0,5,,,descriptive fixed-seed summary
two_stage_b1_b2,chain_fixed_five_seed_mean,aluminium,b1_to_b2,nbfnet,mean_0_4,,,25,5,,positive_entry_gate_precision,0.384,,,0.054258639865002144,5,,,descriptive fixed-seed summary
two_stage_b1_b2,chain_fixed_five_seed_mean,aluminium,b1_to_b2,nbfnet,mean_0_4,,,25,5,,positive_entry_gate_recall,0.13333333333333333,,,0.018839805508681303,5,,,descriptive fixed-seed summary
two_stage_b1_b2,chain_fixed_five_seed_mean,aluminium,b1_to_b2,nbfnet,mean_0_4,,,25,5,,positive_lanes_denominator,181.0,,,0.0,5,,,descriptive fixed-seed summary
two_stage_b1_b2,chain_fixed_five_seed_mean,aluminium,b1_to_b2,nbfnet,mean_0_4,,,25,5,,selected_positive_entries,9.6,,,1.3564659966250536,5,,,descriptive fixed-seed summary
two_stage_b1_b2,chain_fixed_five_seed_mean,aluminium,b1_to_b2,nbfnet,mean_0_4,,,250,1,,e2e_global_observed_value_capture,0.06830824028611934,,,0.06257714964004372,5,,,descriptive fixed-seed summary
two_stage_b1_b2,chain_fixed_five_seed_mean,aluminium,b1_to_b2,nbfnet,mean_0_4,,,250,1,,e2e_macro_destination_observed_value_capture,0.13486207423871618,,,0.014022817178912673,5,,,descriptive fixed-seed summary
two_stage_b1_b2,chain_fixed_five_seed_mean,aluminium,b1_to_b2,nbfnet,mean_0_4,,,250,1,,e2e_macro_destination_recall,0.13808375904640274,,,0.015550755239353013,5,,,descriptive fixed-seed summary
two_stage_b1_b2,chain_fixed_five_seed_mean,aluminium,b1_to_b2,nbfnet,mean_0_4,,,250,1,,e2e_micro_destination_recall,0.08176795580110496,,,0.010713104657273655,5,,,descriptive fixed-seed summary
two_stage_b1_b2,chain_fixed_five_seed_mean,aluminium,b1_to_b2,nbfnet,mean_0_4,,,250,1,,effective_b1_budget,250.0,,,0.0,5,,,descriptive fixed-seed summary
two_stage_b1_b2,chain_fixed_five_seed_mean,aluminium,b1_to_b2,nbfnet,mean_0_4,,,250,1,,positive_entries_denominator,72.0,,,0.0,5,,,descriptive fixed-seed summary
two_stage_b1_b2,chain_fixed_five_seed_mean,aluminium,b1_to_b2,nbfnet,mean_0_4,,,250,1,,positive_entry_gate_precision,0.22560000000000002,,,0.014221111067704944,5,,,descriptive fixed-seed summary
two_stage_b1_b2,chain_fixed_five_seed_mean,aluminium,b1_to_b2,nbfnet,mean_0_4,,,250,1,,positive_entry_gate_recall,0.7833333333333333,,,0.04937885787397549,5,,,descriptive fixed-seed summary
two_stage_b1_b2,chain_fixed_five_seed_mean,aluminium,b1_to_b2,nbfnet,mean_0_4,,,250,1,,positive_lanes_denominator,181.0,,,0.0,5,,,descriptive fixed-seed summary
two_stage_b1_b2,chain_fixed_five_seed_mean,aluminium,b1_to_b2,nbfnet,mean_0_4,,,250,1,,selected_positive_entries,56.4,,,3.555277766926235,5,,,descriptive fixed-seed summary
two_stage_b1_b2,chain_fixed_five_seed_mean,aluminium,b1_to_b2,nbfnet,mean_0_4,,,250,3,,e2e_global_observed_value_capture,0.28621024970871184,,,0.14069220134473312,5,,,descriptive fixed-seed summary
two_stage_b1_b2,chain_fixed_five_seed_mean,aluminium,b1_to_b2,nbfnet,mean_0_4,,,250,3,,e2e_macro_destination_observed_value_capture,0.2717881382727265,,,0.033339235459515344,5,,,descriptive fixed-seed summary
two_stage_b1_b2,chain_fixed_five_seed_mean,aluminium,b1_to_b2,nbfnet,mean_0_4,,,250,3,,e2e_macro_destination_recall,0.2673376968922946,,,0.02867164383722575,5,,,descriptive fixed-seed summary
two_stage_b1_b2,chain_fixed_five_seed_mean,aluminium,b1_to_b2,nbfnet,mean_0_4,,,250,3,,e2e_micro_destination_recall,0.18011049723756906,,,0.025342198765038043,5,,,descriptive fixed-seed summary
two_stage_b1_b2,chain_fixed_five_seed_mean,aluminium,b1_to_b2,nbfnet,mean_0_4,,,250,3,,effective_b1_budget,250.0,,,0.0,5,,,descriptive fixed-seed summary
two_stage_b1_b2,chain_fixed_five_seed_mean,aluminium,b1_to_b2,nbfnet,mean_0_4,,,250,3,,positive_entries_denominator,72.0,,,0.0,5,,,descriptive fixed-seed summary
two_stage_b1_b2,chain_fixed_five_seed_mean,aluminium,b1_to_b2,nbfnet,mean_0_4,,,250,3,,positive_entry_gate_precision,0.22560000000000002,,,0.014221111067704944,5,,,descriptive fixed-seed summary
two_stage_b1_b2,chain_fixed_five_seed_mean,aluminium,b1_to_b2,nbfnet,mean_0_4,,,250,3,,positive_entry_gate_recall,0.7833333333333333,,,0.04937885787397549,5,,,descriptive fixed-seed summary
two_stage_b1_b2,chain_fixed_five_seed_mean,aluminium,b1_to_b2,nbfnet,mean_0_4,,,250,3,,positive_lanes_denominator,181.0,,,0.0,5,,,descriptive fixed-seed summary
two_stage_b1_b2,chain_fixed_five_seed_mean,aluminium,b1_to_b2,nbfnet,mean_0_4,,,250,3,,selected_positive_entries,56.4,,,3.555277766926235,5,,,descriptive fixed-seed summary
two_stage_b1_b2,chain_fixed_five_seed_mean,aluminium,b1_to_b2,nbfnet,mean_0_4,,,250,5,,e2e_global_observed_value_capture,0.3914882732285798,,,0.18460745515994634,5,,,descriptive fixed-seed summary
two_stage_b1_b2,chain_fixed_five_seed_mean,aluminium,b1_to_b2,nbfnet,mean_0_4,,,250,5,,e2e_macro_destination_observed_value_capture,0.3589349818317255,,,0.047058624332675686,5,,,descriptive fixed-seed summary
two_stage_b1_b2,chain_fixed_five_seed_mean,aluminium,b1_to_b2,nbfnet,mean_0_4,,,250,5,,e2e_macro_destination_recall,0.3414245423584504,,,0.040902515632537745,5,,,descriptive fixed-seed summary
two_stage_b1_b2,chain_fixed_five_seed_mean,aluminium,b1_to_b2,nbfnet,mean_0_4,,,250,5,,e2e_micro_destination_recall,0.24640883977900555,,,0.03137031948415113,5,,,descriptive fixed-seed summary
two_stage_b1_b2,chain_fixed_five_seed_mean,aluminium,b1_to_b2,nbfnet,mean_0_4,,,250,5,,effective_b1_budget,250.0,,,0.0,5,,,descriptive fixed-seed summary
two_stage_b1_b2,chain_fixed_five_seed_mean,aluminium,b1_to_b2,nbfnet,mean_0_4,,,250,5,,positive_entries_denominator,72.0,,,0.0,5,,,descriptive fixed-seed summary
two_stage_b1_b2,chain_fixed_five_seed_mean,aluminium,b1_to_b2,nbfnet,mean_0_4,,,250,5,,positive_entry_gate_precision,0.22560000000000002,,,0.014221111067704944,5,,,descriptive fixed-seed summary
two_stage_b1_b2,chain_fixed_five_seed_mean,aluminium,b1_to_b2,nbfnet,mean_0_4,,,250,5,,positive_entry_gate_recall,0.7833333333333333,,,0.04937885787397549,5,,,descriptive fixed-seed summary
two_stage_b1_b2,chain_fixed_five_seed_mean,aluminium,b1_to_b2,nbfnet,mean_0_4,,,250,5,,positive_lanes_denominator,181.0,,,0.0,5,,,descriptive fixed-seed summary
two_stage_b1_b2,chain_fixed_five_seed_mean,aluminium,b1_to_b2,nbfnet,mean_0_4,,,250,5,,selected_positive_entries,56.4,,,3.555277766926235,5,,,descriptive fixed-seed summary
two_stage_b1_b2,chain_fixed_five_seed_mean,aluminium,b1_to_b2,nbfnet,mean_0_4,,,50,1,,e2e_global_observed_value_capture,0.003928480506792428,,,0.0011202360098377293,5,,,descriptive fixed-seed summary
two_stage_b1_b2,chain_fixed_five_seed_mean,aluminium,b1_to_b2,nbfnet,mean_0_4,,,50,1,,e2e_macro_destination_observed_value_capture,0.06588645297598,,,0.0103035666414037,5,,,descriptive fixed-seed summary
two_stage_b1_b2,chain_fixed_five_seed_mean,aluminium,b1_to_b2,nbfnet,mean_0_4,,,50,1,,e2e_macro_destination_recall,0.06666666666666667,,,0.01015884641550541,5,,,descriptive fixed-seed summary
two_stage_b1_b2,chain_fixed_five_seed_mean,aluminium,b1_to_b2,nbfnet,mean_0_4,,,50,1,,e2e_micro_destination_recall,0.030939226519337015,,,0.007494287274171567,5,,,descriptive fixed-seed summary
two_stage_b1_b2,chain_fixed_five_seed_mean,aluminium,b1_to_b2,nbfnet,mean_0_4,,,50,1,,effective_b1_budget,50.0,,,0.0,5,,,descriptive fixed-seed summary
two_stage_b1_b2,chain_fixed_five_seed_mean,aluminium,b1_to_b2,nbfnet,mean_0_4,,,50,1,,positive_entries_denominator,72.0,,,0.0,5,,,descriptive fixed-seed summary
two_stage_b1_b2,chain_fixed_five_seed_mean,aluminium,b1_to_b2,nbfnet,mean_0_4,,,50,1,,positive_entry_gate_precision,0.33599999999999997,,,0.05276362383309167,5,,,descriptive fixed-seed summary
two_stage_b1_b2,chain_fixed_five_seed_mean,aluminium,b1_to_b2,nbfnet,mean_0_4,,,50,1,,positive_entry_gate_recall,0.2333333333333333,,,0.03664140543964701,5,,,descriptive fixed-seed summary
two_stage_b1_b2,chain_fixed_five_seed_mean,aluminium,b1_to_b2,nbfnet,mean_0_4,,,50,1,,positive_lanes_denominator,181.0,,,0.0,5,,,descriptive fixed-seed summary
two_stage_b1_b2,chain_fixed_five_seed_mean,aluminium,b1_to_b2,nbfnet,mean_0_4,,,50,1,,selected_positive_entries,16.8,,,2.6381811916545836,5,,,descriptive fixed-seed summary
two_stage_b1_b2,chain_fixed_five_seed_mean,aluminium,b1_to_b2,nbfnet,mean_0_4,,,50,3,,e2e_global_observed_value_capture,0.005551029304291985,,,0.0019518693796674517,5,,,descriptive fixed-seed summary
two_stage_b1_b2,chain_fixed_five_seed_mean,aluminium,b1_to_b2,nbfnet,mean_0_4,,,50,3,,e2e_macro_destination_observed_value_capture,0.11692480307606687,,,0.02691158261206802,5,,,descriptive fixed-seed summary
two_stage_b1_b2,chain_fixed_five_seed_mean,aluminium,b1_to_b2,nbfnet,mean_0_4,,,50,3,,e2e_macro_destination_recall,0.11597222222222223,,,0.0248063487492941,5,,,descriptive fixed-seed summary
two_stage_b1_b2,chain_fixed_five_seed_mean,aluminium,b1_to_b2,nbfnet,mean_0_4,,,50,3,,e2e_micro_destination_recall,0.05303867403314917,,,0.013351432015021626,5,,,descriptive fixed-seed summary
two_stage_b1_b2,chain_fixed_five_seed_mean,aluminium,b1_to_b2,nbfnet,mean_0_4,,,50,3,,effective_b1_budget,50.0,,,0.0,5,,,descriptive fixed-seed summary
two_stage_b1_b2,chain_fixed_five_seed_mean,aluminium,b1_to_b2,nbfnet,mean_0_4,,,50,3,,positive_entries_denominator,72.0,,,0.0,5,,,descriptive fixed-seed summary
two_stage_b1_b2,chain_fixed_five_seed_mean,aluminium,b1_to_b2,nbfnet,mean_0_4,,,50,3,,positive_entry_gate_precision,0.33599999999999997,,,0.05276362383309167,5,,,descriptive fixed-seed summary
two_stage_b1_b2,chain_fixed_five_seed_mean,aluminium,b1_to_b2,nbfnet,mean_0_4,,,50,3,,positive_entry_gate_recall,0.2333333333333333,,,0.03664140543964701,5,,,descriptive fixed-seed summary
two_stage_b1_b2,chain_fixed_five_seed_mean,aluminium,b1_to_b2,nbfnet,mean_0_4,,,50,3,,positive_lanes_denominator,181.0,,,0.0,5,,,descriptive fixed-seed summary
two_stage_b1_b2,chain_fixed_five_seed_mean,aluminium,b1_to_b2,nbfnet,mean_0_4,,,50,3,,selected_positive_entries,16.8,,,2.6381811916545836,5,,,descriptive fixed-seed summary
two_stage_b1_b2,chain_fixed_five_seed_mean,aluminium,b1_to_b2,nbfnet,mean_0_4,,,50,5,,e2e_global_observed_value_capture,0.007074018790447549,,,0.0026268911270938694,5,,,descriptive fixed-seed summary
two_stage_b1_b2,chain_fixed_five_seed_mean,aluminium,b1_to_b2,nbfnet,mean_0_4,,,50,5,,e2e_macro_destination_observed_value_capture,0.13849537553023317,,,0.037852676158826704,5,,,descriptive fixed-seed summary
two_stage_b1_b2,chain_fixed_five_seed_mean,aluminium,b1_to_b2,nbfnet,mean_0_4,,,50,5,,e2e_macro_destination_recall,0.13472222222222222,,,0.035843021946010946,5,,,descriptive fixed-seed summary
two_stage_b1_b2,chain_fixed_five_seed_mean,aluminium,b1_to_b2,nbfnet,mean_0_4,,,50,5,,e2e_micro_destination_recall,0.06519337016574586,,,0.018290547356073866,5,,,descriptive fixed-seed summary
two_stage_b1_b2,chain_fixed_five_seed_mean,aluminium,b1_to_b2,nbfnet,mean_0_4,,,50,5,,effective_b1_budget,50.0,,,0.0,5,,,descriptive fixed-seed summary
two_stage_b1_b2,chain_fixed_five_seed_mean,aluminium,b1_to_b2,nbfnet,mean_0_4,,,50,5,,positive_entries_denominator,72.0,,,0.0,5,,,descriptive fixed-seed summary
two_stage_b1_b2,chain_fixed_five_seed_mean,aluminium,b1_to_b2,nbfnet,mean_0_4,,,50,5,,positive_entry_gate_precision,0.33599999999999997,,,0.05276362383309167,5,,,descriptive fixed-seed summary
two_stage_b1_b2,chain_fixed_five_seed_mean,aluminium,b1_to_b2,nbfnet,mean_0_4,,,50,5,,positive_entry_gate_recall,0.2333333333333333,,,0.03664140543964701,5,,,descriptive fixed-seed summary
two_stage_b1_b2,chain_fixed_five_seed_mean,aluminium,b1_to_b2,nbfnet,mean_0_4,,,50,5,,positive_lanes_denominator,181.0,,,0.0,5,,,descriptive fixed-seed summary
two_stage_b1_b2,chain_fixed_five_seed_mean,aluminium,b1_to_b2,nbfnet,mean_0_4,,,50,5,,selected_positive_entries,16.8,,,2.6381811916545836,5,,,descriptive fixed-seed summary
two_stage_b1_b2,chain_fixed_five_seed_mean,cocoa,b1_to_b2,kge,mean_0_4,,,100,1,,e2e_global_observed_value_capture,0.12015903234563538,,,0.08500545097189664,5,,,descriptive fixed-seed summary
two_stage_b1_b2,chain_fixed_five_seed_mean,cocoa,b1_to_b2,kge,mean_0_4,,,100,1,,e2e_macro_destination_observed_value_capture,0.13071003586882088,,,0.021690281960561303,5,,,descriptive fixed-seed summary
two_stage_b1_b2,chain_fixed_five_seed_mean,cocoa,b1_to_b2,kge,mean_0_4,,,100,1,,e2e_macro_destination_recall,0.13817460317460317,,,0.02395116598894051,5,,,descriptive fixed-seed summary
two_stage_b1_b2,chain_fixed_five_seed_mean,cocoa,b1_to_b2,kge,mean_0_4,,,100,1,,e2e_micro_destination_recall,0.11944444444444444,,,0.014163943093313293,5,,,descriptive fixed-seed summary
two_stage_b1_b2,chain_fixed_five_seed_mean,cocoa,b1_to_b2,kge,mean_0_4,,,100,1,,effective_b1_budget,100.0,,,0.0,5,,,descriptive fixed-seed summary
two_stage_b1_b2,chain_fixed_five_seed_mean,cocoa,b1_to_b2,kge,mean_0_4,,,100,1,,positive_entries_denominator,42.0,,,0.0,5,,,descriptive fixed-seed summary
two_stage_b1_b2,chain_fixed_five_seed_mean,cocoa,b1_to_b2,kge,mean_0_4,,,100,1,,positive_entry_gate_precision,0.298,,,0.014696938456699067,5,,,descriptive fixed-seed summary
two_stage_b1_b2,chain_fixed_five_seed_mean,cocoa,b1_to_b2,kge,mean_0_4,,,100,1,,positive_entry_gate_recall,0.7095238095238094,,,0.03499271061118826,5,,,descriptive fixed-seed summary
two_stage_b1_b2,chain_fixed_five_seed_mean,cocoa,b1_to_b2,kge,mean_0_4,,,100,1,,positive_lanes_denominator,72.0,,,0.0,5,,,descriptive fixed-seed summary
two_stage_b1_b2,chain_fixed_five_seed_mean,cocoa,b1_to_b2,kge,mean_0_4,,,100,1,,selected_positive_entries,29.8,,,1.4696938456699067,5,,,descriptive fixed-seed summary
two_stage_b1_b2,chain_fixed_five_seed_mean,cocoa,b1_to_b2,kge,mean_0_4,,,100,3,,e2e_global_observed_value_capture,0.22516917802805136,,,0.08557827533951551,5,,,descriptive fixed-seed summary
two_stage_b1_b2,chain_fixed_five_seed_mean,cocoa,b1_to_b2,kge,mean_0_4,,,100,3,,e2e_macro_destination_observed_value_capture,0.26285186387863557,,,0.015607120058461646,5,,,descriptive fixed-seed summary
two_stage_b1_b2,chain_fixed_five_seed_mean,cocoa,b1_to_b2,kge,mean_0_4,,,100,3,,e2e_macro_destination_recall,0.261904761904762,,,0.014432665701602745,5,,,descriptive fixed-seed summary
two_stage_b1_b2,chain_fixed_five_seed_mean,cocoa,b1_to_b2,kge,mean_0_4,,,100,3,,e2e_micro_destination_recall,0.26111111111111107,,,0.022222222222222233,5,,,descriptive fixed-seed summary
two_stage_b1_b2,chain_fixed_five_seed_mean,cocoa,b1_to_b2,kge,mean_0_4,,,100,3,,effective_b1_budget,100.0,,,0.0,5,,,descriptive fixed-seed summary
two_stage_b1_b2,chain_fixed_five_seed_mean,cocoa,b1_to_b2,kge,mean_0_4,,,100,3,,positive_entries_denominator,42.0,,,0.0,5,,,descriptive fixed-seed summary
two_stage_b1_b2,chain_fixed_five_seed_mean,cocoa,b1_to_b2,kge,mean_0_4,,,100,3,,positive_entry_gate_precision,0.298,,,0.014696938456699067,5,,,descriptive fixed-seed summary
two_stage_b1_b2,chain_fixed_five_seed_mean,cocoa,b1_to_b2,kge,mean_0_4,,,100,3,,positive_entry_gate_recall,0.7095238095238094,,,0.03499271061118826,5,,,descriptive fixed-seed summary
two_stage_b1_b2,chain_fixed_five_seed_mean,cocoa,b1_to_b2,kge,mean_0_4,,,100,3,,positive_lanes_denominator,72.0,,,0.0,5,,,descriptive fixed-seed summary
two_stage_b1_b2,chain_fixed_five_seed_mean,cocoa,b1_to_b2,kge,mean_0_4,,,100,3,,selected_positive_entries,29.8,,,1.4696938456699067,5,,,descriptive fixed-seed summary
two_stage_b1_b2,chain_fixed_five_seed_mean,cocoa,b1_to_b2,kge,mean_0_4,,,100,5,,e2e_global_observed_value_capture,0.3196999553084387,,,0.10470119559975193,5,,,descriptive fixed-seed summary
two_stage_b1_b2,chain_fixed_five_seed_mean,cocoa,b1_to_b2,kge,mean_0_4,,,100,5,,e2e_macro_destination_observed_value_capture,0.37046286326254113,,,0.04868508081728122,5,,,descriptive fixed-seed summary
two_stage_b1_b2,chain_fixed_five_seed_mean,cocoa,b1_to_b2,kge,mean_0_4,,,100,5,,e2e_macro_destination_recall,0.36190476190476184,,,0.05783149866067262,5,,,descriptive fixed-seed summary
two_stage_b1_b2,chain_fixed_five_seed_mean,cocoa,b1_to_b2,kge,mean_0_4,,,100,5,,e2e_micro_destination_recall,0.35833333333333334,,,0.035572912430182485,5,,,descriptive fixed-seed summary
two_stage_b1_b2,chain_fixed_five_seed_mean,cocoa,b1_to_b2,kge,mean_0_4,,,100,5,,effective_b1_budget,100.0,,,0.0,5,,,descriptive fixed-seed summary
two_stage_b1_b2,chain_fixed_five_seed_mean,cocoa,b1_to_b2,kge,mean_0_4,,,100,5,,positive_entries_denominator,42.0,,,0.0,5,,,descriptive fixed-seed summary
two_stage_b1_b2,chain_fixed_five_seed_mean,cocoa,b1_to_b2,kge,mean_0_4,,,100,5,,positive_entry_gate_precision,0.298,,,0.014696938456699067,5,,,descriptive fixed-seed summary
two_stage_b1_b2,chain_fixed_five_seed_mean,cocoa,b1_to_b2,kge,mean_0_4,,,100,5,,positive_entry_gate_recall,0.7095238095238094,,,0.03499271061118826,5,,,descriptive fixed-seed summary
two_stage_b1_b2,chain_fixed_five_seed_mean,cocoa,b1_to_b2,kge,mean_0_4,,,100,5,,positive_lanes_denominator,72.0,,,0.0,5,,,descriptive fixed-seed summary
two_stage_b1_b2,chain_fixed_five_seed_mean,cocoa,b1_to_b2,kge,mean_0_4,,,100,5,,selected_positive_entries,29.8,,,1.4696938456699067,5,,,descriptive fixed-seed summary
two_stage_b1_b2,chain_fixed_five_seed_mean,cocoa,b1_to_b2,kge,mean_0_4,,,25,1,,e2e_global_observed_value_capture,0.026444350516914784,,,0.007286917263177059,5,,,descriptive fixed-seed summary
two_stage_b1_b2,chain_fixed_five_seed_mean,cocoa,b1_to_b2,kge,mean_0_4,,,25,1,,e2e_macro_destination_observed_value_capture,0.0750796163784509,,,0.015048903711658864,5,,,descriptive fixed-seed summary
two_stage_b1_b2,chain_fixed_five_seed_mean,cocoa,b1_to_b2,kge,mean_0_4,,,25,1,,e2e_macro_destination_recall,0.07865079365079367,,,0.014720885148713114,5,,,descriptive fixed-seed summary
two_stage_b1_b2,chain_fixed_five_seed_mean,cocoa,b1_to_b2,kge,mean_0_4,,,25,1,,e2e_micro_destination_recall,0.061111111111111116,,,0.011111111111111112,5,,,descriptive fixed-seed summary
two_stage_b1_b2,chain_fixed_five_seed_mean,cocoa,b1_to_b2,kge,mean_0_4,,,25,1,,effective_b1_budget,25.0,,,0.0,5,,,descriptive fixed-seed summary
two_stage_b1_b2,chain_fixed_five_seed_mean,cocoa,b1_to_b2,kge,mean_0_4,,,25,1,,positive_entries_denominator,42.0,,,0.0,5,,,descriptive fixed-seed summary
two_stage_b1_b2,chain_fixed_five_seed_mean,cocoa,b1_to_b2,kge,mean_0_4,,,25,1,,positive_entry_gate_precision,0.52,,,0.04381780460041329,5,,,descriptive fixed-seed summary
two_stage_b1_b2,chain_fixed_five_seed_mean,cocoa,b1_to_b2,kge,mean_0_4,,,25,1,,positive_entry_gate_recall,0.3095238095238095,,,0.02608202654786506,5,,,descriptive fixed-seed summary
two_stage_b1_b2,chain_fixed_five_seed_mean,cocoa,b1_to_b2,kge,mean_0_4,,,25,1,,positive_lanes_denominator,72.0,,,0.0,5,,,descriptive fixed-seed summary
two_stage_b1_b2,chain_fixed_five_seed_mean,cocoa,b1_to_b2,kge,mean_0_4,,,25,1,,selected_positive_entries,13.0,,,1.0954451150103321,5,,,descriptive fixed-seed summary
two_stage_b1_b2,chain_fixed_five_seed_mean,cocoa,b1_to_b2,kge,mean_0_4,,,25,3,,e2e_global_observed_value_capture,0.08252966593388102,,,0.04290953251189354,5,,,descriptive fixed-seed summary
two_stage_b1_b2,chain_fixed_five_seed_mean,cocoa,b1_to_b2,kge,mean_0_4,,,25,3,,e2e_macro_destination_observed_value_capture,0.14681856314141692,,,0.04703349263836832,5,,,descriptive fixed-seed summary
two_stage_b1_b2,chain_fixed_five_seed_mean,cocoa,b1_to_b2,kge,mean_0_4,,,25,3,,e2e_macro_destination_recall,0.14857142857142858,,,0.042805377320360376,5,,,descriptive fixed-seed summary
two_stage_b1_b2,chain_fixed_five_seed_mean,cocoa,b1_to_b2,kge,mean_0_4,,,25,3,,e2e_micro_destination_recall,0.13611111111111113,,,0.045133546692422,5,,,descriptive fixed-seed summary
two_stage_b1_b2,chain_fixed_five_seed_mean,cocoa,b1_to_b2,kge,mean_0_4,,,25,3,,effective_b1_budget,25.0,,,0.0,5,,,descriptive fixed-seed summary
two_stage_b1_b2,chain_fixed_five_seed_mean,cocoa,b1_to_b2,kge,mean_0_4,,,25,3,,positive_entries_denominator,42.0,,,0.0,5,,,descriptive fixed-seed summary
two_stage_b1_b2,chain_fixed_five_seed_mean,cocoa,b1_to_b2,kge,mean_0_4,,,25,3,,positive_entry_gate_precision,0.52,,,0.04381780460041329,5,,,descriptive fixed-seed summary
two_stage_b1_b2,chain_fixed_five_seed_mean,cocoa,b1_to_b2,kge,mean_0_4,,,25,3,,positive_entry_gate_recall,0.3095238095238095,,,0.02608202654786506,5,,,descriptive fixed-seed summary
two_stage_b1_b2,chain_fixed_five_seed_mean,cocoa,b1_to_b2,kge,mean_0_4,,,25,3,,positive_lanes_denominator,72.0,,,0.0,5,,,descriptive fixed-seed summary
two_stage_b1_b2,chain_fixed_five_seed_mean,cocoa,b1_to_b2,kge,mean_0_4,,,25,3,,selected_positive_entries,13.0,,,1.0954451150103321,5,,,descriptive fixed-seed summary
two_stage_b1_b2,chain_fixed_five_seed_mean,cocoa,b1_to_b2,kge,mean_0_4,,,25,5,,e2e_global_observed_value_capture,0.13038819308942817,,,0.022985792979662325,5,,,descriptive fixed-seed summary
two_stage_b1_b2,chain_fixed_five_seed_mean,cocoa,b1_to_b2,kge,mean_0_4,,,25,5,,e2e_macro_destination_observed_value_capture,0.18263234802872902,,,0.04310353153143658,5,,,descriptive fixed-seed summary
two_stage_b1_b2,chain_fixed_five_seed_mean,cocoa,b1_to_b2,kge,mean_0_4,,,25,5,,e2e_macro_destination_recall,0.18047619047619046,,,0.047866026183348814,5,,,descriptive fixed-seed summary
two_stage_b1_b2,chain_fixed_five_seed_mean,cocoa,b1_to_b2,kge,mean_0_4,,,25,5,,e2e_micro_destination_recall,0.175,,,0.03788383804718293,5,,,descriptive fixed-seed summary
two_stage_b1_b2,chain_fixed_five_seed_mean,cocoa,b1_to_b2,kge,mean_0_4,,,25,5,,effective_b1_budget,25.0,,,0.0,5,,,descriptive fixed-seed summary
two_stage_b1_b2,chain_fixed_five_seed_mean,cocoa,b1_to_b2,kge,mean_0_4,,,25,5,,positive_entries_denominator,42.0,,,0.0,5,,,descriptive fixed-seed summary
two_stage_b1_b2,chain_fixed_five_seed_mean,cocoa,b1_to_b2,kge,mean_0_4,,,25,5,,positive_entry_gate_precision,0.52,,,0.04381780460041329,5,,,descriptive fixed-seed summary
two_stage_b1_b2,chain_fixed_five_seed_mean,cocoa,b1_to_b2,kge,mean_0_4,,,25,5,,positive_entry_gate_recall,0.3095238095238095,,,0.02608202654786506,5,,,descriptive fixed-seed summary
two_stage_b1_b2,chain_fixed_five_seed_mean,cocoa,b1_to_b2,kge,mean_0_4,,,25,5,,positive_lanes_denominator,72.0,,,0.0,5,,,descriptive fixed-seed summary
two_stage_b1_b2,chain_fixed_five_seed_mean,cocoa,b1_to_b2,kge,mean_0_4,,,25,5,,selected_positive_entries,13.0,,,1.0954451150103321,5,,,descriptive fixed-seed summary
two_stage_b1_b2,chain_fixed_five_seed_mean,cocoa,b1_to_b2,kge,mean_0_4,,,250,1,,e2e_global_observed_value_capture,0.24777959061473442,,,0.013819854341100146,5,,,descriptive fixed-seed summary
two_stage_b1_b2,chain_fixed_five_seed_mean,cocoa,b1_to_b2,kge,mean_0_4,,,250,1,,e2e_macro_destination_observed_value_capture,0.18738973322874863,,,0.008927957198707162,5,,,descriptive fixed-seed summary
two_stage_b1_b2,chain_fixed_five_seed_mean,cocoa,b1_to_b2,kge,mean_0_4,,,250,1,,e2e_macro_destination_recall,0.18817460317460316,,,0.0046372575104734895,5,,,descriptive fixed-seed summary
two_stage_b1_b2,chain_fixed_five_seed_mean,cocoa,b1_to_b2,kge,mean_0_4,,,250,1,,e2e_micro_destination_recall,0.15833333333333333,,,0.006804138174397707,5,,,descriptive fixed-seed summary
two_stage_b1_b2,chain_fixed_five_seed_mean,cocoa,b1_to_b2,kge,mean_0_4,,,250,1,,effective_b1_budget,250.0,,,0.0,5,,,descriptive fixed-seed summary
two_stage_b1_b2,chain_fixed_five_seed_mean,cocoa,b1_to_b2,kge,mean_0_4,,,250,1,,positive_entries_denominator,42.0,,,0.0,5,,,descriptive fixed-seed summary
two_stage_b1_b2,chain_fixed_five_seed_mean,cocoa,b1_to_b2,kge,mean_0_4,,,250,1,,positive_entry_gate_precision,0.16560000000000002,,,0.001959591794226544,5,,,descriptive fixed-seed summary
two_stage_b1_b2,chain_fixed_five_seed_mean,cocoa,b1_to_b2,kge,mean_0_4,,,250,1,,positive_entry_gate_recall,0.9857142857142858,,,0.011664236870396097,5,,,descriptive fixed-seed summary
two_stage_b1_b2,chain_fixed_five_seed_mean,cocoa,b1_to_b2,kge,mean_0_4,,,250,1,,positive_lanes_denominator,72.0,,,0.0,5,,,descriptive fixed-seed summary
two_stage_b1_b2,chain_fixed_five_seed_mean,cocoa,b1_to_b2,kge,mean_0_4,,,250,1,,selected_positive_entries,41.4,,,0.4898979485566356,5,,,descriptive fixed-seed summary
two_stage_b1_b2,chain_fixed_five_seed_mean,cocoa,b1_to_b2,kge,mean_0_4,,,250,3,,e2e_global_observed_value_capture,0.37532473729794713,,,0.04341519037245272,5,,,descriptive fixed-seed summary
two_stage_b1_b2,chain_fixed_five_seed_mean,cocoa,b1_to_b2,kge,mean_0_4,,,250,3,,e2e_macro_destination_observed_value_capture,0.36131640479257443,,,0.030560821583319513,5,,,descriptive fixed-seed summary
two_stage_b1_b2,chain_fixed_five_seed_mean,cocoa,b1_to_b2,kge,mean_0_4,,,250,3,,e2e_macro_destination_recall,0.35357142857142854,,,0.02984063660253489,5,,,descriptive fixed-seed summary
two_stage_b1_b2,chain_fixed_five_seed_mean,cocoa,b1_to_b2,kge,mean_0_4,,,250,3,,e2e_micro_destination_recall,0.33055555555555555,,,0.030932024237944566,5,,,descriptive fixed-seed summary
two_stage_b1_b2,chain_fixed_five_seed_mean,cocoa,b1_to_b2,kge,mean_0_4,,,250,3,,effective_b1_budget,250.0,,,0.0,5,,,descriptive fixed-seed summary
two_stage_b1_b2,chain_fixed_five_seed_mean,cocoa,b1_to_b2,kge,mean_0_4,,,250,3,,positive_entries_denominator,42.0,,,0.0,5,,,descriptive fixed-seed summary
two_stage_b1_b2,chain_fixed_five_seed_mean,cocoa,b1_to_b2,kge,mean_0_4,,,250,3,,positive_entry_gate_precision,0.16560000000000002,,,0.001959591794226544,5,,,descriptive fixed-seed summary
two_stage_b1_b2,chain_fixed_five_seed_mean,cocoa,b1_to_b2,kge,mean_0_4,,,250,3,,positive_entry_gate_recall,0.9857142857142858,,,0.011664236870396097,5,,,descriptive fixed-seed summary
two_stage_b1_b2,chain_fixed_five_seed_mean,cocoa,b1_to_b2,kge,mean_0_4,,,250,3,,positive_lanes_denominator,72.0,,,0.0,5,,,descriptive fixed-seed summary
two_stage_b1_b2,chain_fixed_five_seed_mean,cocoa,b1_to_b2,kge,mean_0_4,,,250,3,,selected_positive_entries,41.4,,,0.4898979485566356,5,,,descriptive fixed-seed summary
two_stage_b1_b2,chain_fixed_five_seed_mean,cocoa,b1_to_b2,kge,mean_0_4,,,250,5,,e2e_global_observed_value_capture,0.47363738372695174,,,0.02272118033678927,5,,,descriptive fixed-seed summary
two_stage_b1_b2,chain_fixed_five_seed_mean,cocoa,b1_to_b2,kge,mean_0_4,,,250,5,,e2e_macro_destination_observed_value_capture,0.4867859373269502,,,0.04143705674712265,5,,,descriptive fixed-seed summary
two_stage_b1_b2,chain_fixed_five_seed_mean,cocoa,b1_to_b2,kge,mean_0_4,,,250,5,,e2e_macro_destination_recall,0.475,,,0.05082278430373502,5,,,descriptive fixed-seed summary
two_stage_b1_b2,chain_fixed_five_seed_mean,cocoa,b1_to_b2,kge,mean_0_4,,,250,5,,e2e_micro_destination_recall,0.4444444444444445,,,0.03621779114001471,5,,,descriptive fixed-seed summary
two_stage_b1_b2,chain_fixed_five_seed_mean,cocoa,b1_to_b2,kge,mean_0_4,,,250,5,,effective_b1_budget,250.0,,,0.0,5,,,descriptive fixed-seed summary
two_stage_b1_b2,chain_fixed_five_seed_mean,cocoa,b1_to_b2,kge,mean_0_4,,,250,5,,positive_entries_denominator,42.0,,,0.0,5,,,descriptive fixed-seed summary
two_stage_b1_b2,chain_fixed_five_seed_mean,cocoa,b1_to_b2,kge,mean_0_4,,,250,5,,positive_entry_gate_precision,0.16560000000000002,,,0.001959591794226544,5,,,descriptive fixed-seed summary
two_stage_b1_b2,chain_fixed_five_seed_mean,cocoa,b1_to_b2,kge,mean_0_4,,,250,5,,positive_entry_gate_recall,0.9857142857142858,,,0.011664236870396097,5,,,descriptive fixed-seed summary
two_stage_b1_b2,chain_fixed_five_seed_mean,cocoa,b1_to_b2,kge,mean_0_4,,,250,5,,positive_lanes_denominator,72.0,,,0.0,5,,,descriptive fixed-seed summary
two_stage_b1_b2,chain_fixed_five_seed_mean,cocoa,b1_to_b2,kge,mean_0_4,,,250,5,,selected_positive_entries,41.4,,,0.4898979485566356,5,,,descriptive fixed-seed summary
two_stage_b1_b2,chain_fixed_five_seed_mean,cocoa,b1_to_b2,kge,mean_0_4,,,50,1,,e2e_global_observed_value_capture,0.04922611251142993,,,0.017437247887441186,5,,,descriptive fixed-seed summary
two_stage_b1_b2,chain_fixed_five_seed_mean,cocoa,b1_to_b2,kge,mean_0_4,,,50,1,,e2e_macro_destination_observed_value_capture,0.1031288526108248,,,0.010398791735573476,5,,,descriptive fixed-seed summary
two_stage_b1_b2,chain_fixed_five_seed_mean,cocoa,b1_to_b2,kge,mean_0_4,,,50,1,,e2e_macro_destination_recall,0.10960317460317462,,,0.012746436966023024,5,,,descriptive fixed-seed summary
two_stage_b1_b2,chain_fixed_five_seed_mean,cocoa,b1_to_b2,kge,mean_0_4,,,50,1,,e2e_micro_destination_recall,0.1,,,0.013608276348795434,5,,,descriptive fixed-seed summary
two_stage_b1_b2,chain_fixed_five_seed_mean,cocoa,b1_to_b2,kge,mean_0_4,,,50,1,,effective_b1_budget,50.0,,,0.0,5,,,descriptive fixed-seed summary
two_stage_b1_b2,chain_fixed_five_seed_mean,cocoa,b1_to_b2,kge,mean_0_4,,,50,1,,positive_entries_denominator,42.0,,,0.0,5,,,descriptive fixed-seed summary
two_stage_b1_b2,chain_fixed_five_seed_mean,cocoa,b1_to_b2,kge,mean_0_4,,,50,1,,positive_entry_gate_precision,0.42000000000000004,,,0.01788854381999831,5,,,descriptive fixed-seed summary
two_stage_b1_b2,chain_fixed_five_seed_mean,cocoa,b1_to_b2,kge,mean_0_4,,,50,1,,positive_entry_gate_recall,0.5,,,0.02129588549999802,5,,,descriptive fixed-seed summary
two_stage_b1_b2,chain_fixed_five_seed_mean,cocoa,b1_to_b2,kge,mean_0_4,,,50,1,,positive_lanes_denominator,72.0,,,0.0,5,,,descriptive fixed-seed summary
two_stage_b1_b2,chain_fixed_five_seed_mean,cocoa,b1_to_b2,kge,mean_0_4,,,50,1,,selected_positive_entries,21.0,,,0.8944271909999159,5,,,descriptive fixed-seed summary
two_stage_b1_b2,chain_fixed_five_seed_mean,cocoa,b1_to_b2,kge,mean_0_4,,,50,3,,e2e_global_observed_value_capture,0.13751703665330575,,,0.04781508108309791,5,,,descriptive fixed-seed summary
two_stage_b1_b2,chain_fixed_five_seed_mean,cocoa,b1_to_b2,kge,mean_0_4,,,50,3,,e2e_macro_destination_observed_value_capture,0.21165594969513962,,,0.03361498805555369,5,,,descriptive fixed-seed summary
two_stage_b1_b2,chain_fixed_five_seed_mean,cocoa,b1_to_b2,kge,mean_0_4,,,50,3,,e2e_macro_destination_recall,0.20880952380952383,,,0.025758095152018094,5,,,descriptive fixed-seed summary
two_stage_b1_b2,chain_fixed_five_seed_mean,cocoa,b1_to_b2,kge,mean_0_4,,,50,3,,e2e_micro_destination_recall,0.2166666666666667,,,0.03239417719358499,5,,,descriptive fixed-seed summary
two_stage_b1_b2,chain_fixed_five_seed_mean,cocoa,b1_to_b2,kge,mean_0_4,,,50,3,,effective_b1_budget,50.0,,,0.0,5,,,descriptive fixed-seed summary
two_stage_b1_b2,chain_fixed_five_seed_mean,cocoa,b1_to_b2,kge,mean_0_4,,,50,3,,positive_entries_denominator,42.0,,,0.0,5,,,descriptive fixed-seed summary
two_stage_b1_b2,chain_fixed_five_seed_mean,cocoa,b1_to_b2,kge,mean_0_4,,,50,3,,positive_entry_gate_precision,0.42000000000000004,,,0.01788854381999831,5,,,descriptive fixed-seed summary
two_stage_b1_b2,chain_fixed_five_seed_mean,cocoa,b1_to_b2,kge,mean_0_4,,,50,3,,positive_entry_gate_recall,0.5,,,0.02129588549999802,5,,,descriptive fixed-seed summary
two_stage_b1_b2,chain_fixed_five_seed_mean,cocoa,b1_to_b2,kge,mean_0_4,,,50,3,,positive_lanes_denominator,72.0,,,0.0,5,,,descriptive fixed-seed summary
two_stage_b1_b2,chain_fixed_five_seed_mean,cocoa,b1_to_b2,kge,mean_0_4,,,50,3,,selected_positive_entries,21.0,,,0.8944271909999159,5,,,descriptive fixed-seed summary
two_stage_b1_b2,chain_fixed_five_seed_mean,cocoa,b1_to_b2,kge,mean_0_4,,,50,5,,e2e_global_observed_value_capture,0.20291511036966842,,,0.04363769733549465,5,,,descriptive fixed-seed summary
two_stage_b1_b2,chain_fixed_five_seed_mean,cocoa,b1_to_b2,kge,mean_0_4,,,50,5,,e2e_macro_destination_observed_value_capture,0.27475063516257314,,,0.020874863897931372,5,,,descriptive fixed-seed summary
two_stage_b1_b2,chain_fixed_five_seed_mean,cocoa,b1_to_b2,kge,mean_0_4,,,50,5,,e2e_macro_destination_recall,0.2673809523809524,,,0.024746637540056373,5,,,descriptive fixed-seed summary
two_stage_b1_b2,chain_fixed_five_seed_mean,cocoa,b1_to_b2,kge,mean_0_4,,,50,5,,e2e_micro_destination_recall,0.2861111111111111,,,0.028598972613852764,5,,,descriptive fixed-seed summary
two_stage_b1_b2,chain_fixed_five_seed_mean,cocoa,b1_to_b2,kge,mean_0_4,,,50,5,,effective_b1_budget,50.0,,,0.0,5,,,descriptive fixed-seed summary
two_stage_b1_b2,chain_fixed_five_seed_mean,cocoa,b1_to_b2,kge,mean_0_4,,,50,5,,positive_entries_denominator,42.0,,,0.0,5,,,descriptive fixed-seed summary
two_stage_b1_b2,chain_fixed_five_seed_mean,cocoa,b1_to_b2,kge,mean_0_4,,,50,5,,positive_entry_gate_precision,0.42000000000000004,,,0.01788854381999831,5,,,descriptive fixed-seed summary
two_stage_b1_b2,chain_fixed_five_seed_mean,cocoa,b1_to_b2,kge,mean_0_4,,,50,5,,positive_entry_gate_recall,0.5,,,0.02129588549999802,5,,,descriptive fixed-seed summary
two_stage_b1_b2,chain_fixed_five_seed_mean,cocoa,b1_to_b2,kge,mean_0_4,,,50,5,,positive_lanes_denominator,72.0,,,0.0,5,,,descriptive fixed-seed summary
two_stage_b1_b2,chain_fixed_five_seed_mean,cocoa,b1_to_b2,kge,mean_0_4,,,50,5,,selected_positive_entries,21.0,,,0.8944271909999159,5,,,descriptive fixed-seed summary
two_stage_b1_b2,chain_fixed_five_seed_mean,cocoa,b1_to_b2,nbfnet,mean_0_4,,,100,1,,e2e_global_observed_value_capture,0.23668123654324646,,,0.013467330541098511,5,,,descriptive fixed-seed summary
two_stage_b1_b2,chain_fixed_five_seed_mean,cocoa,b1_to_b2,nbfnet,mean_0_4,,,100,1,,e2e_macro_destination_observed_value_capture,0.13308002216770226,,,0.020262447221556623,5,,,descriptive fixed-seed summary
two_stage_b1_b2,chain_fixed_five_seed_mean,cocoa,b1_to_b2,nbfnet,mean_0_4,,,100,1,,e2e_macro_destination_recall,0.1380952380952381,,,0.013299276232160892,5,,,descriptive fixed-seed summary
two_stage_b1_b2,chain_fixed_five_seed_mean,cocoa,b1_to_b2,nbfnet,mean_0_4,,,100,1,,e2e_micro_destination_recall,0.10277777777777779,,,0.014163943093313291,5,,,descriptive fixed-seed summary
two_stage_b1_b2,chain_fixed_five_seed_mean,cocoa,b1_to_b2,nbfnet,mean_0_4,,,100,1,,effective_b1_budget,100.0,,,0.0,5,,,descriptive fixed-seed summary
two_stage_b1_b2,chain_fixed_five_seed_mean,cocoa,b1_to_b2,nbfnet,mean_0_4,,,100,1,,positive_entries_denominator,42.0,,,0.0,5,,,descriptive fixed-seed summary
two_stage_b1_b2,chain_fixed_five_seed_mean,cocoa,b1_to_b2,nbfnet,mean_0_4,,,100,1,,positive_entry_gate_precision,0.23199999999999998,,,0.023151673805580454,5,,,descriptive fixed-seed summary
two_stage_b1_b2,chain_fixed_five_seed_mean,cocoa,b1_to_b2,nbfnet,mean_0_4,,,100,1,,positive_entry_gate_recall,0.5523809523809524,,,0.05512303287042965,5,,,descriptive fixed-seed summary
two_stage_b1_b2,chain_fixed_five_seed_mean,cocoa,b1_to_b2,nbfnet,mean_0_4,,,100,1,,positive_lanes_denominator,72.0,,,0.0,5,,,descriptive fixed-seed summary
two_stage_b1_b2,chain_fixed_five_seed_mean,cocoa,b1_to_b2,nbfnet,mean_0_4,,,100,1,,selected_positive_entries,23.2,,,2.315167380558045,5,,,descriptive fixed-seed summary
two_stage_b1_b2,chain_fixed_five_seed_mean,cocoa,b1_to_b2,nbfnet,mean_0_4,,,100,3,,e2e_global_observed_value_capture,0.29915926004810245,,,0.027541497522377126,5,,,descriptive fixed-seed summary
two_stage_b1_b2,chain_fixed_five_seed_mean,cocoa,b1_to_b2,nbfnet,mean_0_4,,,100,3,,e2e_macro_destination_observed_value_capture,0.2184326189366704,,,0.03526679168118419,5,,,descriptive fixed-seed summary
two_stage_b1_b2,chain_fixed_five_seed_mean,cocoa,b1_to_b2,nbfnet,mean_0_4,,,100,3,,e2e_macro_destination_recall,0.22904761904761903,,,0.03658928135675914,5,,,descriptive fixed-seed summary
two_stage_b1_b2,chain_fixed_five_seed_mean,cocoa,b1_to_b2,nbfnet,mean_0_4,,,100,3,,e2e_micro_destination_recall,0.21388888888888888,,,0.049378857873975494,5,,,descriptive fixed-seed summary
two_stage_b1_b2,chain_fixed_five_seed_mean,cocoa,b1_to_b2,nbfnet,mean_0_4,,,100,3,,effective_b1_budget,100.0,,,0.0,5,,,descriptive fixed-seed summary
two_stage_b1_b2,chain_fixed_five_seed_mean,cocoa,b1_to_b2,nbfnet,mean_0_4,,,100,3,,positive_entries_denominator,42.0,,,0.0,5,,,descriptive fixed-seed summary
two_stage_b1_b2,chain_fixed_five_seed_mean,cocoa,b1_to_b2,nbfnet,mean_0_4,,,100,3,,positive_entry_gate_precision,0.23199999999999998,,,0.023151673805580454,5,,,descriptive fixed-seed summary
two_stage_b1_b2,chain_fixed_five_seed_mean,cocoa,b1_to_b2,nbfnet,mean_0_4,,,100,3,,positive_entry_gate_recall,0.5523809523809524,,,0.05512303287042965,5,,,descriptive fixed-seed summary
two_stage_b1_b2,chain_fixed_five_seed_mean,cocoa,b1_to_b2,nbfnet,mean_0_4,,,100,3,,positive_lanes_denominator,72.0,,,0.0,5,,,descriptive fixed-seed summary
two_stage_b1_b2,chain_fixed_five_seed_mean,cocoa,b1_to_b2,nbfnet,mean_0_4,,,100,3,,selected_positive_entries,23.2,,,2.315167380558045,5,,,descriptive fixed-seed summary
two_stage_b1_b2,chain_fixed_five_seed_mean,cocoa,b1_to_b2,nbfnet,mean_0_4,,,100,5,,e2e_global_observed_value_capture,0.3242563901480859,,,0.030247468979908435,5,,,descriptive fixed-seed summary
two_stage_b1_b2,chain_fixed_five_seed_mean,cocoa,b1_to_b2,nbfnet,mean_0_4,,,100,5,,e2e_macro_destination_observed_value_capture,0.2743478157566886,,,0.04171166210503586,5,,,descriptive fixed-seed summary
two_stage_b1_b2,chain_fixed_five_seed_mean,cocoa,b1_to_b2,nbfnet,mean_0_4,,,100,5,,e2e_macro_destination_recall,0.28468253968253965,,,0.0464048915328531,5,,,descriptive fixed-seed summary
two_stage_b1_b2,chain_fixed_five_seed_mean,cocoa,b1_to_b2,nbfnet,mean_0_4,,,100,5,,e2e_micro_destination_recall,0.26666666666666666,,,0.06419011115717412,5,,,descriptive fixed-seed summary
two_stage_b1_b2,chain_fixed_five_seed_mean,cocoa,b1_to_b2,nbfnet,mean_0_4,,,100,5,,effective_b1_budget,100.0,,,0.0,5,,,descriptive fixed-seed summary
two_stage_b1_b2,chain_fixed_five_seed_mean,cocoa,b1_to_b2,nbfnet,mean_0_4,,,100,5,,positive_entries_denominator,42.0,,,0.0,5,,,descriptive fixed-seed summary
two_stage_b1_b2,chain_fixed_five_seed_mean,cocoa,b1_to_b2,nbfnet,mean_0_4,,,100,5,,positive_entry_gate_precision,0.23199999999999998,,,0.023151673805580454,5,,,descriptive fixed-seed summary
two_stage_b1_b2,chain_fixed_five_seed_mean,cocoa,b1_to_b2,nbfnet,mean_0_4,,,100,5,,positive_entry_gate_recall,0.5523809523809524,,,0.05512303287042965,5,,,descriptive fixed-seed summary
two_stage_b1_b2,chain_fixed_five_seed_mean,cocoa,b1_to_b2,nbfnet,mean_0_4,,,100,5,,positive_lanes_denominator,72.0,,,0.0,5,,,descriptive fixed-seed summary
two_stage_b1_b2,chain_fixed_five_seed_mean,cocoa,b1_to_b2,nbfnet,mean_0_4,,,100,5,,selected_positive_entries,23.2,,,2.315167380558045,5,,,descriptive fixed-seed summary
two_stage_b1_b2,chain_fixed_five_seed_mean,cocoa,b1_to_b2,nbfnet,mean_0_4,,,25,1,,e2e_global_observed_value_capture,0.06935031600084289,,,0.06947168697433549,5,,,descriptive fixed-seed summary
two_stage_b1_b2,chain_fixed_five_seed_mean,cocoa,b1_to_b2,nbfnet,mean_0_4,,,25,1,,e2e_macro_destination_observed_value_capture,0.05321052995377763,,,0.024166234573332765,5,,,descriptive fixed-seed summary
two_stage_b1_b2,chain_fixed_five_seed_mean,cocoa,b1_to_b2,nbfnet,mean_0_4,,,25,1,,e2e_macro_destination_recall,0.05428571428571429,,,0.021528865819918697,5,,,descriptive fixed-seed summary
two_stage_b1_b2,chain_fixed_five_seed_mean,cocoa,b1_to_b2,nbfnet,mean_0_4,,,25,1,,e2e_micro_destination_recall,0.044444444444444446,,,0.016197088596792503,5,,,descriptive fixed-seed summary
two_stage_b1_b2,chain_fixed_five_seed_mean,cocoa,b1_to_b2,nbfnet,mean_0_4,,,25,1,,effective_b1_budget,25.0,,,0.0,5,,,descriptive fixed-seed summary
two_stage_b1_b2,chain_fixed_five_seed_mean,cocoa,b1_to_b2,nbfnet,mean_0_4,,,25,1,,positive_entries_denominator,42.0,,,0.0,5,,,descriptive fixed-seed summary
two_stage_b1_b2,chain_fixed_five_seed_mean,cocoa,b1_to_b2,nbfnet,mean_0_4,,,25,1,,positive_entry_gate_precision,0.32,,,0.07589466384404112,5,,,descriptive fixed-seed summary
two_stage_b1_b2,chain_fixed_five_seed_mean,cocoa,b1_to_b2,nbfnet,mean_0_4,,,25,1,,positive_entry_gate_recall,0.19047619047619047,,,0.04517539514526256,5,,,descriptive fixed-seed summary
two_stage_b1_b2,chain_fixed_five_seed_mean,cocoa,b1_to_b2,nbfnet,mean_0_4,,,25,1,,positive_lanes_denominator,72.0,,,0.0,5,,,descriptive fixed-seed summary
two_stage_b1_b2,chain_fixed_five_seed_mean,cocoa,b1_to_b2,nbfnet,mean_0_4,,,25,1,,selected_positive_entries,8.0,,,1.8973665961010275,5,,,descriptive fixed-seed summary
two_stage_b1_b2,chain_fixed_five_seed_mean,cocoa,b1_to_b2,nbfnet,mean_0_4,,,25,3,,e2e_global_observed_value_capture,0.10201954637971,,,0.06614608461555044,5,,,descriptive fixed-seed summary
two_stage_b1_b2,chain_fixed_five_seed_mean,cocoa,b1_to_b2,nbfnet,mean_0_4,,,25,3,,e2e_macro_destination_observed_value_capture,0.10049913297639672,,,0.024419164362543475,5,,,descriptive fixed-seed summary
two_stage_b1_b2,chain_fixed_five_seed_mean,cocoa,b1_to_b2,nbfnet,mean_0_4,,,25,3,,e2e_macro_destination_recall,0.10476190476190476,,,0.024051678634762937,5,,,descriptive fixed-seed summary
two_stage_b1_b2,chain_fixed_five_seed_mean,cocoa,b1_to_b2,nbfnet,mean_0_4,,,25,3,,e2e_micro_destination_recall,0.10277777777777779,,,0.03578916312979202,5,,,descriptive fixed-seed summary
two_stage_b1_b2,chain_fixed_five_seed_mean,cocoa,b1_to_b2,nbfnet,mean_0_4,,,25,3,,effective_b1_budget,25.0,,,0.0,5,,,descriptive fixed-seed summary
two_stage_b1_b2,chain_fixed_five_seed_mean,cocoa,b1_to_b2,nbfnet,mean_0_4,,,25,3,,positive_entries_denominator,42.0,,,0.0,5,,,descriptive fixed-seed summary
two_stage_b1_b2,chain_fixed_five_seed_mean,cocoa,b1_to_b2,nbfnet,mean_0_4,,,25,3,,positive_entry_gate_precision,0.32,,,0.07589466384404112,5,,,descriptive fixed-seed summary
two_stage_b1_b2,chain_fixed_five_seed_mean,cocoa,b1_to_b2,nbfnet,mean_0_4,,,25,3,,positive_entry_gate_recall,0.19047619047619047,,,0.04517539514526256,5,,,descriptive fixed-seed summary
two_stage_b1_b2,chain_fixed_five_seed_mean,cocoa,b1_to_b2,nbfnet,mean_0_4,,,25,3,,positive_lanes_denominator,72.0,,,0.0,5,,,descriptive fixed-seed summary
two_stage_b1_b2,chain_fixed_five_seed_mean,cocoa,b1_to_b2,nbfnet,mean_0_4,,,25,3,,selected_positive_entries,8.0,,,1.8973665961010275,5,,,descriptive fixed-seed summary
two_stage_b1_b2,chain_fixed_five_seed_mean,cocoa,b1_to_b2,nbfnet,mean_0_4,,,25,5,,e2e_global_observed_value_capture,0.11349462446731866,,,0.06735560258259819,5,,,descriptive fixed-seed summary
two_stage_b1_b2,chain_fixed_five_seed_mean,cocoa,b1_to_b2,nbfnet,mean_0_4,,,25,5,,e2e_macro_destination_observed_value_capture,0.12359866066618488,,,0.01917409586969304,5,,,descriptive fixed-seed summary
two_stage_b1_b2,chain_fixed_five_seed_mean,cocoa,b1_to_b2,nbfnet,mean_0_4,,,25,5,,e2e_macro_destination_recall,0.1265079365079365,,,0.01640843025771502,5,,,descriptive fixed-seed summary
two_stage_b1_b2,chain_fixed_five_seed_mean,cocoa,b1_to_b2,nbfnet,mean_0_4,,,25,5,,e2e_micro_destination_recall,0.12222222222222223,,,0.03447131568330793,5,,,descriptive fixed-seed summary
two_stage_b1_b2,chain_fixed_five_seed_mean,cocoa,b1_to_b2,nbfnet,mean_0_4,,,25,5,,effective_b1_budget,25.0,,,0.0,5,,,descriptive fixed-seed summary
two_stage_b1_b2,chain_fixed_five_seed_mean,cocoa,b1_to_b2,nbfnet,mean_0_4,,,25,5,,positive_entries_denominator,42.0,,,0.0,5,,,descriptive fixed-seed summary
two_stage_b1_b2,chain_fixed_five_seed_mean,cocoa,b1_to_b2,nbfnet,mean_0_4,,,25,5,,positive_entry_gate_precision,0.32,,,0.07589466384404112,5,,,descriptive fixed-seed summary
two_stage_b1_b2,chain_fixed_five_seed_mean,cocoa,b1_to_b2,nbfnet,mean_0_4,,,25,5,,positive_entry_gate_recall,0.19047619047619047,,,0.04517539514526256,5,,,descriptive fixed-seed summary
two_stage_b1_b2,chain_fixed_five_seed_mean,cocoa,b1_to_b2,nbfnet,mean_0_4,,,25,5,,positive_lanes_denominator,72.0,,,0.0,5,,,descriptive fixed-seed summary
two_stage_b1_b2,chain_fixed_five_seed_mean,cocoa,b1_to_b2,nbfnet,mean_0_4,,,25,5,,selected_positive_entries,8.0,,,1.8973665961010275,5,,,descriptive fixed-seed summary
two_stage_b1_b2,chain_fixed_five_seed_mean,cocoa,b1_to_b2,nbfnet,mean_0_4,,,250,1,,e2e_global_observed_value_capture,0.2584393853957637,,,0.018235858249307905,5,,,descriptive fixed-seed summary
two_stage_b1_b2,chain_fixed_five_seed_mean,cocoa,b1_to_b2,nbfnet,mean_0_4,,,250,1,,e2e_macro_destination_observed_value_capture,0.1884138904750285,,,0.029356233228530804,5,,,descriptive fixed-seed summary
two_stage_b1_b2,chain_fixed_five_seed_mean,cocoa,b1_to_b2,nbfnet,mean_0_4,,,250,1,,e2e_macro_destination_recall,0.19373015873015875,,,0.030995492971238704,5,,,descriptive fixed-seed summary
two_stage_b1_b2,chain_fixed_five_seed_mean,cocoa,b1_to_b2,nbfnet,mean_0_4,,,250,1,,e2e_micro_destination_recall,0.1472222222222222,,,0.02721655269759086,5,,,descriptive fixed-seed summary
two_stage_b1_b2,chain_fixed_five_seed_mean,cocoa,b1_to_b2,nbfnet,mean_0_4,,,250,1,,effective_b1_budget,250.0,,,0.0,5,,,descriptive fixed-seed summary
two_stage_b1_b2,chain_fixed_five_seed_mean,cocoa,b1_to_b2,nbfnet,mean_0_4,,,250,1,,positive_entries_denominator,42.0,,,0.0,5,,,descriptive fixed-seed summary
two_stage_b1_b2,chain_fixed_five_seed_mean,cocoa,b1_to_b2,nbfnet,mean_0_4,,,250,1,,positive_entry_gate_precision,0.16160000000000002,,,0.0032000000000000028,5,,,descriptive fixed-seed summary
two_stage_b1_b2,chain_fixed_five_seed_mean,cocoa,b1_to_b2,nbfnet,mean_0_4,,,250,1,,positive_entry_gate_recall,0.9619047619047618,,,0.019047619047619032,5,,,descriptive fixed-seed summary
two_stage_b1_b2,chain_fixed_five_seed_mean,cocoa,b1_to_b2,nbfnet,mean_0_4,,,250,1,,positive_lanes_denominator,72.0,,,0.0,5,,,descriptive fixed-seed summary
two_stage_b1_b2,chain_fixed_five_seed_mean,cocoa,b1_to_b2,nbfnet,mean_0_4,,,250,1,,selected_positive_entries,40.4,,,0.7999999999999999,5,,,descriptive fixed-seed summary
two_stage_b1_b2,chain_fixed_five_seed_mean,cocoa,b1_to_b2,nbfnet,mean_0_4,,,250,3,,e2e_global_observed_value_capture,0.3537808674086837,,,0.013203177248378469,5,,,descriptive fixed-seed summary
two_stage_b1_b2,chain_fixed_five_seed_mean,cocoa,b1_to_b2,nbfnet,mean_0_4,,,250,3,,e2e_macro_destination_observed_value_capture,0.35738990009311694,,,0.022441192198888616,5,,,descriptive fixed-seed summary
two_stage_b1_b2,chain_fixed_five_seed_mean,cocoa,b1_to_b2,nbfnet,mean_0_4,,,250,3,,e2e_macro_destination_recall,0.37555555555555553,,,0.021597803234596383,5,,,descriptive fixed-seed summary
two_stage_b1_b2,chain_fixed_five_seed_mean,cocoa,b1_to_b2,nbfnet,mean_0_4,,,250,3,,e2e_micro_destination_recall,0.34444444444444444,,,0.013608276348795441,5,,,descriptive fixed-seed summary
two_stage_b1_b2,chain_fixed_five_seed_mean,cocoa,b1_to_b2,nbfnet,mean_0_4,,,250,3,,effective_b1_budget,250.0,,,0.0,5,,,descriptive fixed-seed summary
two_stage_b1_b2,chain_fixed_five_seed_mean,cocoa,b1_to_b2,nbfnet,mean_0_4,,,250,3,,positive_entries_denominator,42.0,,,0.0,5,,,descriptive fixed-seed summary
two_stage_b1_b2,chain_fixed_five_seed_mean,cocoa,b1_to_b2,nbfnet,mean_0_4,,,250,3,,positive_entry_gate_precision,0.16160000000000002,,,0.0032000000000000028,5,,,descriptive fixed-seed summary
two_stage_b1_b2,chain_fixed_five_seed_mean,cocoa,b1_to_b2,nbfnet,mean_0_4,,,250,3,,positive_entry_gate_recall,0.9619047619047618,,,0.019047619047619032,5,,,descriptive fixed-seed summary
two_stage_b1_b2,chain_fixed_five_seed_mean,cocoa,b1_to_b2,nbfnet,mean_0_4,,,250,3,,positive_lanes_denominator,72.0,,,0.0,5,,,descriptive fixed-seed summary
two_stage_b1_b2,chain_fixed_five_seed_mean,cocoa,b1_to_b2,nbfnet,mean_0_4,,,250,3,,selected_positive_entries,40.4,,,0.7999999999999999,5,,,descriptive fixed-seed summary
two_stage_b1_b2,chain_fixed_five_seed_mean,cocoa,b1_to_b2,nbfnet,mean_0_4,,,250,5,,e2e_global_observed_value_capture,0.4091219777779749,,,0.02131491616852031,5,,,descriptive fixed-seed summary
two_stage_b1_b2,chain_fixed_five_seed_mean,cocoa,b1_to_b2,nbfnet,mean_0_4,,,250,5,,e2e_macro_destination_observed_value_capture,0.4574153370717311,,,0.04475723775357741,5,,,descriptive fixed-seed summary
two_stage_b1_b2,chain_fixed_five_seed_mean,cocoa,b1_to_b2,nbfnet,mean_0_4,,,250,5,,e2e_macro_destination_recall,0.4737301587301587,,,0.04181974902381908,5,,,descriptive fixed-seed summary
two_stage_b1_b2,chain_fixed_five_seed_mean,cocoa,b1_to_b2,nbfnet,mean_0_4,,,250,5,,e2e_micro_destination_recall,0.4444444444444445,,,0.03402069087198858,5,,,descriptive fixed-seed summary
two_stage_b1_b2,chain_fixed_five_seed_mean,cocoa,b1_to_b2,nbfnet,mean_0_4,,,250,5,,effective_b1_budget,250.0,,,0.0,5,,,descriptive fixed-seed summary
two_stage_b1_b2,chain_fixed_five_seed_mean,cocoa,b1_to_b2,nbfnet,mean_0_4,,,250,5,,positive_entries_denominator,42.0,,,0.0,5,,,descriptive fixed-seed summary
two_stage_b1_b2,chain_fixed_five_seed_mean,cocoa,b1_to_b2,nbfnet,mean_0_4,,,250,5,,positive_entry_gate_precision,0.16160000000000002,,,0.0032000000000000028,5,,,descriptive fixed-seed summary
two_stage_b1_b2,chain_fixed_five_seed_mean,cocoa,b1_to_b2,nbfnet,mean_0_4,,,250,5,,positive_entry_gate_recall,0.9619047619047618,,,0.019047619047619032,5,,,descriptive fixed-seed summary
two_stage_b1_b2,chain_fixed_five_seed_mean,cocoa,b1_to_b2,nbfnet,mean_0_4,,,250,5,,positive_lanes_denominator,72.0,,,0.0,5,,,descriptive fixed-seed summary
two_stage_b1_b2,chain_fixed_five_seed_mean,cocoa,b1_to_b2,nbfnet,mean_0_4,,,250,5,,selected_positive_entries,40.4,,,0.7999999999999999,5,,,descriptive fixed-seed summary
two_stage_b1_b2,chain_fixed_five_seed_mean,cocoa,b1_to_b2,nbfnet,mean_0_4,,,50,1,,e2e_global_observed_value_capture,0.1638084511006594,,,0.07958639857256687,5,,,descriptive fixed-seed summary
two_stage_b1_b2,chain_fixed_five_seed_mean,cocoa,b1_to_b2,nbfnet,mean_0_4,,,50,1,,e2e_macro_destination_observed_value_capture,0.09176309260486862,,,0.032008510172931125,5,,,descriptive fixed-seed summary
two_stage_b1_b2,chain_fixed_five_seed_mean,cocoa,b1_to_b2,nbfnet,mean_0_4,,,50,1,,e2e_macro_destination_recall,0.09333333333333334,,,0.029292488569961334,5,,,descriptive fixed-seed summary
two_stage_b1_b2,chain_fixed_five_seed_mean,cocoa,b1_to_b2,nbfnet,mean_0_4,,,50,1,,e2e_micro_destination_recall,0.06944444444444445,,,0.02484519974999766,5,,,descriptive fixed-seed summary
two_stage_b1_b2,chain_fixed_five_seed_mean,cocoa,b1_to_b2,nbfnet,mean_0_4,,,50,1,,effective_b1_budget,50.0,,,0.0,5,,,descriptive fixed-seed summary
two_stage_b1_b2,chain_fixed_five_seed_mean,cocoa,b1_to_b2,nbfnet,mean_0_4,,,50,1,,positive_entries_denominator,42.0,,,0.0,5,,,descriptive fixed-seed summary
two_stage_b1_b2,chain_fixed_five_seed_mean,cocoa,b1_to_b2,nbfnet,mean_0_4,,,50,1,,positive_entry_gate_precision,0.28,,,0.028284271247461905,5,,,descriptive fixed-seed summary
two_stage_b1_b2,chain_fixed_five_seed_mean,cocoa,b1_to_b2,nbfnet,mean_0_4,,,50,1,,positive_entry_gate_recall,0.33333333333333337,,,0.03367175148507369,5,,,descriptive fixed-seed summary
two_stage_b1_b2,chain_fixed_five_seed_mean,cocoa,b1_to_b2,nbfnet,mean_0_4,,,50,1,,positive_lanes_denominator,72.0,,,0.0,5,,,descriptive fixed-seed summary
two_stage_b1_b2,chain_fixed_five_seed_mean,cocoa,b1_to_b2,nbfnet,mean_0_4,,,50,1,,selected_positive_entries,14.0,,,1.4142135623730951,5,,,descriptive fixed-seed summary
two_stage_b1_b2,chain_fixed_five_seed_mean,cocoa,b1_to_b2,nbfnet,mean_0_4,,,50,3,,e2e_global_observed_value_capture,0.2115492370269491,,,0.08952531539071795,5,,,descriptive fixed-seed summary
two_stage_b1_b2,chain_fixed_five_seed_mean,cocoa,b1_to_b2,nbfnet,mean_0_4,,,50,3,,e2e_macro_destination_observed_value_capture,0.15704931053194765,,,0.04368889398050152,5,,,descriptive fixed-seed summary
two_stage_b1_b2,chain_fixed_five_seed_mean,cocoa,b1_to_b2,nbfnet,mean_0_4,,,50,3,,e2e_macro_destination_recall,0.16158730158730158,,,0.04114327356246251,5,,,descriptive fixed-seed summary
two_stage_b1_b2,chain_fixed_five_seed_mean,cocoa,b1_to_b2,nbfnet,mean_0_4,,,50,3,,e2e_micro_destination_recall,0.15,,,0.045133546692422,5,,,descriptive fixed-seed summary
two_stage_b1_b2,chain_fixed_five_seed_mean,cocoa,b1_to_b2,nbfnet,mean_0_4,,,50,3,,effective_b1_budget,50.0,,,0.0,5,,,descriptive fixed-seed summary
two_stage_b1_b2,chain_fixed_five_seed_mean,cocoa,b1_to_b2,nbfnet,mean_0_4,,,50,3,,positive_entries_denominator,42.0,,,0.0,5,,,descriptive fixed-seed summary
two_stage_b1_b2,chain_fixed_five_seed_mean,cocoa,b1_to_b2,nbfnet,mean_0_4,,,50,3,,positive_entry_gate_precision,0.28,,,0.028284271247461905,5,,,descriptive fixed-seed summary
two_stage_b1_b2,chain_fixed_five_seed_mean,cocoa,b1_to_b2,nbfnet,mean_0_4,,,50,3,,positive_entry_gate_recall,0.33333333333333337,,,0.03367175148507369,5,,,descriptive fixed-seed summary
two_stage_b1_b2,chain_fixed_five_seed_mean,cocoa,b1_to_b2,nbfnet,mean_0_4,,,50,3,,positive_lanes_denominator,72.0,,,0.0,5,,,descriptive fixed-seed summary
two_stage_b1_b2,chain_fixed_five_seed_mean,cocoa,b1_to_b2,nbfnet,mean_0_4,,,50,3,,selected_positive_entries,14.0,,,1.4142135623730951,5,,,descriptive fixed-seed summary
two_stage_b1_b2,chain_fixed_five_seed_mean,cocoa,b1_to_b2,nbfnet,mean_0_4,,,50,5,,e2e_global_observed_value_capture,0.22675549358141273,,,0.08510302608480552,5,,,descriptive fixed-seed summary
two_stage_b1_b2,chain_fixed_five_seed_mean,cocoa,b1_to_b2,nbfnet,mean_0_4,,,50,5,,e2e_macro_destination_observed_value_capture,0.19474804783705568,,,0.0403447429047962,5,,,descriptive fixed-seed summary
two_stage_b1_b2,chain_fixed_five_seed_mean,cocoa,b1_to_b2,nbfnet,mean_0_4,,,50,5,,e2e_macro_destination_recall,0.19841269841269843,,,0.039443725840600546,5,,,descriptive fixed-seed summary
two_stage_b1_b2,chain_fixed_five_seed_mean,cocoa,b1_to_b2,nbfnet,mean_0_4,,,50,5,,e2e_micro_destination_recall,0.18055555555555552,,,0.04648111258522642,5,,,descriptive fixed-seed summary
two_stage_b1_b2,chain_fixed_five_seed_mean,cocoa,b1_to_b2,nbfnet,mean_0_4,,,50,5,,effective_b1_budget,50.0,,,0.0,5,,,descriptive fixed-seed summary
two_stage_b1_b2,chain_fixed_five_seed_mean,cocoa,b1_to_b2,nbfnet,mean_0_4,,,50,5,,positive_entries_denominator,42.0,,,0.0,5,,,descriptive fixed-seed summary
two_stage_b1_b2,chain_fixed_five_seed_mean,cocoa,b1_to_b2,nbfnet,mean_0_4,,,50,5,,positive_entry_gate_precision,0.28,,,0.028284271247461905,5,,,descriptive fixed-seed summary
two_stage_b1_b2,chain_fixed_five_seed_mean,cocoa,b1_to_b2,nbfnet,mean_0_4,,,50,5,,positive_entry_gate_recall,0.33333333333333337,,,0.03367175148507369,5,,,descriptive fixed-seed summary
two_stage_b1_b2,chain_fixed_five_seed_mean,cocoa,b1_to_b2,nbfnet,mean_0_4,,,50,5,,positive_lanes_denominator,72.0,,,0.0,5,,,descriptive fixed-seed summary
two_stage_b1_b2,chain_fixed_five_seed_mean,cocoa,b1_to_b2,nbfnet,mean_0_4,,,50,5,,selected_positive_entries,14.0,,,1.4142135623730951,5,,,descriptive fixed-seed summary
two_stage_b1_b2,chain_fixed_five_seed_mean,cotton,b1_to_b2,kge,mean_0_4,,,100,1,,e2e_global_observed_value_capture,0.016284096491992257,,,0.005228416183505717,5,,,descriptive fixed-seed summary
two_stage_b1_b2,chain_fixed_five_seed_mean,cotton,b1_to_b2,kge,mean_0_4,,,100,1,,e2e_macro_destination_observed_value_capture,0.09575569084896579,,,0.03480952138551919,5,,,descriptive fixed-seed summary
two_stage_b1_b2,chain_fixed_five_seed_mean,cotton,b1_to_b2,kge,mean_0_4,,,100,1,,e2e_macro_destination_recall,0.09722222222222222,,,0.03513641844631533,5,,,descriptive fixed-seed summary
two_stage_b1_b2,chain_fixed_five_seed_mean,cotton,b1_to_b2,kge,mean_0_4,,,100,1,,e2e_micro_destination_recall,0.09545454545454544,,,0.03636363636363636,5,,,descriptive fixed-seed summary
two_stage_b1_b2,chain_fixed_five_seed_mean,cotton,b1_to_b2,kge,mean_0_4,,,100,1,,effective_b1_budget,100.0,,,0.0,5,,,descriptive fixed-seed summary
two_stage_b1_b2,chain_fixed_five_seed_mean,cotton,b1_to_b2,kge,mean_0_4,,,100,1,,positive_entries_denominator,36.0,,,0.0,5,,,descriptive fixed-seed summary
two_stage_b1_b2,chain_fixed_five_seed_mean,cotton,b1_to_b2,kge,mean_0_4,,,100,1,,positive_entry_gate_precision,0.22400000000000003,,,0.016248076809271917,5,,,descriptive fixed-seed summary
two_stage_b1_b2,chain_fixed_five_seed_mean,cotton,b1_to_b2,kge,mean_0_4,,,100,1,,positive_entry_gate_recall,0.6222222222222222,,,0.04513354669242198,5,,,descriptive fixed-seed summary
two_stage_b1_b2,chain_fixed_five_seed_mean,cotton,b1_to_b2,kge,mean_0_4,,,100,1,,positive_lanes_denominator,44.0,,,0.0,5,,,descriptive fixed-seed summary
two_stage_b1_b2,chain_fixed_five_seed_mean,cotton,b1_to_b2,kge,mean_0_4,,,100,1,,selected_positive_entries,22.4,,,1.624807680927192,5,,,descriptive fixed-seed summary
two_stage_b1_b2,chain_fixed_five_seed_mean,cotton,b1_to_b2,kge,mean_0_4,,,100,3,,e2e_global_observed_value_capture,0.04536722979541142,,,0.009835168034308697,5,,,descriptive fixed-seed summary
two_stage_b1_b2,chain_fixed_five_seed_mean,cotton,b1_to_b2,kge,mean_0_4,,,100,3,,e2e_macro_destination_observed_value_capture,0.2290848360942716,,,0.03824099862995819,5,,,descriptive fixed-seed summary
two_stage_b1_b2,chain_fixed_five_seed_mean,cotton,b1_to_b2,kge,mean_0_4,,,100,3,,e2e_macro_destination_recall,0.23055555555555557,,,0.03788383804718294,5,,,descriptive fixed-seed summary
two_stage_b1_b2,chain_fixed_five_seed_mean,cotton,b1_to_b2,kge,mean_0_4,,,100,3,,e2e_micro_destination_recall,0.22272727272727275,,,0.026504326794751353,5,,,descriptive fixed-seed summary
two_stage_b1_b2,chain_fixed_five_seed_mean,cotton,b1_to_b2,kge,mean_0_4,,,100,3,,effective_b1_budget,100.0,,,0.0,5,,,descriptive fixed-seed summary
two_stage_b1_b2,chain_fixed_five_seed_mean,cotton,b1_to_b2,kge,mean_0_4,,,100,3,,positive_entries_denominator,36.0,,,0.0,5,,,descriptive fixed-seed summary
two_stage_b1_b2,chain_fixed_five_seed_mean,cotton,b1_to_b2,kge,mean_0_4,,,100,3,,positive_entry_gate_precision,0.22400000000000003,,,0.016248076809271917,5,,,descriptive fixed-seed summary
two_stage_b1_b2,chain_fixed_five_seed_mean,cotton,b1_to_b2,kge,mean_0_4,,,100,3,,positive_entry_gate_recall,0.6222222222222222,,,0.04513354669242198,5,,,descriptive fixed-seed summary
two_stage_b1_b2,chain_fixed_five_seed_mean,cotton,b1_to_b2,kge,mean_0_4,,,100,3,,positive_lanes_denominator,44.0,,,0.0,5,,,descriptive fixed-seed summary
two_stage_b1_b2,chain_fixed_five_seed_mean,cotton,b1_to_b2,kge,mean_0_4,,,100,3,,selected_positive_entries,22.4,,,1.624807680927192,5,,,descriptive fixed-seed summary
two_stage_b1_b2,chain_fixed_five_seed_mean,cotton,b1_to_b2,kge,mean_0_4,,,100,5,,e2e_global_observed_value_capture,0.06601201685924721,,,0.018531841344836486,5,,,descriptive fixed-seed summary
two_stage_b1_b2,chain_fixed_five_seed_mean,cotton,b1_to_b2,kge,mean_0_4,,,100,5,,e2e_macro_destination_observed_value_capture,0.30221646037418803,,,0.02234357405501778,5,,,descriptive fixed-seed summary
two_stage_b1_b2,chain_fixed_five_seed_mean,cotton,b1_to_b2,kge,mean_0_4,,,100,5,,e2e_macro_destination_recall,0.30462962962962964,,,0.023859442086527995,5,,,descriptive fixed-seed summary
two_stage_b1_b2,chain_fixed_five_seed_mean,cotton,b1_to_b2,kge,mean_0_4,,,100,5,,e2e_micro_destination_recall,0.29999999999999993,,,0.030151134457776355,5,,,descriptive fixed-seed summary
two_stage_b1_b2,chain_fixed_five_seed_mean,cotton,b1_to_b2,kge,mean_0_4,,,100,5,,effective_b1_budget,100.0,,,0.0,5,,,descriptive fixed-seed summary
two_stage_b1_b2,chain_fixed_five_seed_mean,cotton,b1_to_b2,kge,mean_0_4,,,100,5,,positive_entries_denominator,36.0,,,0.0,5,,,descriptive fixed-seed summary
two_stage_b1_b2,chain_fixed_five_seed_mean,cotton,b1_to_b2,kge,mean_0_4,,,100,5,,positive_entry_gate_precision,0.22400000000000003,,,0.016248076809271917,5,,,descriptive fixed-seed summary
two_stage_b1_b2,chain_fixed_five_seed_mean,cotton,b1_to_b2,kge,mean_0_4,,,100,5,,positive_entry_gate_recall,0.6222222222222222,,,0.04513354669242198,5,,,descriptive fixed-seed summary
two_stage_b1_b2,chain_fixed_five_seed_mean,cotton,b1_to_b2,kge,mean_0_4,,,100,5,,positive_lanes_denominator,44.0,,,0.0,5,,,descriptive fixed-seed summary
two_stage_b1_b2,chain_fixed_five_seed_mean,cotton,b1_to_b2,kge,mean_0_4,,,100,5,,selected_positive_entries,22.4,,,1.624807680927192,5,,,descriptive fixed-seed summary
two_stage_b1_b2,chain_fixed_five_seed_mean,cotton,b1_to_b2,kge,mean_0_4,,,25,1,,e2e_global_observed_value_capture,0.004633375568559491,,,0.0025719200707463963,5,,,descriptive fixed-seed summary
two_stage_b1_b2,chain_fixed_five_seed_mean,cotton,b1_to_b2,kge,mean_0_4,,,25,1,,e2e_macro_destination_observed_value_capture,0.02174951926220193,,,0.011140171525079363,5,,,descriptive fixed-seed summary
two_stage_b1_b2,chain_fixed_five_seed_mean,cotton,b1_to_b2,kge,mean_0_4,,,25,1,,e2e_macro_destination_recall,0.02222222222222222,,,0.01111111111111111,5,,,descriptive fixed-seed summary
two_stage_b1_b2,chain_fixed_five_seed_mean,cotton,b1_to_b2,kge,mean_0_4,,,25,1,,e2e_micro_destination_recall,0.02727272727272727,,,0.00909090909090909,5,,,descriptive fixed-seed summary
two_stage_b1_b2,chain_fixed_five_seed_mean,cotton,b1_to_b2,kge,mean_0_4,,,25,1,,effective_b1_budget,25.0,,,0.0,5,,,descriptive fixed-seed summary
two_stage_b1_b2,chain_fixed_five_seed_mean,cotton,b1_to_b2,kge,mean_0_4,,,25,1,,positive_entries_denominator,36.0,,,0.0,5,,,descriptive fixed-seed summary
two_stage_b1_b2,chain_fixed_five_seed_mean,cotton,b1_to_b2,kge,mean_0_4,,,25,1,,positive_entry_gate_precision,0.336,,,0.06974238309665078,5,,,descriptive fixed-seed summary
two_stage_b1_b2,chain_fixed_five_seed_mean,cotton,b1_to_b2,kge,mean_0_4,,,25,1,,positive_entry_gate_recall,0.2333333333333333,,,0.048432210483785265,5,,,descriptive fixed-seed summary
two_stage_b1_b2,chain_fixed_five_seed_mean,cotton,b1_to_b2,kge,mean_0_4,,,25,1,,positive_lanes_denominator,44.0,,,0.0,5,,,descriptive fixed-seed summary
two_stage_b1_b2,chain_fixed_five_seed_mean,cotton,b1_to_b2,kge,mean_0_4,,,25,1,,selected_positive_entries,8.4,,,1.7435595774162693,5,,,descriptive fixed-seed summary
two_stage_b1_b2,chain_fixed_five_seed_mean,cotton,b1_to_b2,kge,mean_0_4,,,25,3,,e2e_global_observed_value_capture,0.012937619959123023,,,0.004757781553921683,5,,,descriptive fixed-seed summary
two_stage_b1_b2,chain_fixed_five_seed_mean,cotton,b1_to_b2,kge,mean_0_4,,,25,3,,e2e_macro_destination_observed_value_capture,0.07438587021770479,,,0.027115933692074396,5,,,descriptive fixed-seed summary
two_stage_b1_b2,chain_fixed_five_seed_mean,cotton,b1_to_b2,kge,mean_0_4,,,25,3,,e2e_macro_destination_recall,0.075,,,0.02721655269759087,5,,,descriptive fixed-seed summary
two_stage_b1_b2,chain_fixed_five_seed_mean,cotton,b1_to_b2,kge,mean_0_4,,,25,3,,e2e_micro_destination_recall,0.07727272727272727,,,0.01818181818181818,5,,,descriptive fixed-seed summary
two_stage_b1_b2,chain_fixed_five_seed_mean,cotton,b1_to_b2,kge,mean_0_4,,,25,3,,effective_b1_budget,25.0,,,0.0,5,,,descriptive fixed-seed summary
two_stage_b1_b2,chain_fixed_five_seed_mean,cotton,b1_to_b2,kge,mean_0_4,,,25,3,,positive_entries_denominator,36.0,,,0.0,5,,,descriptive fixed-seed summary
two_stage_b1_b2,chain_fixed_five_seed_mean,cotton,b1_to_b2,kge,mean_0_4,,,25,3,,positive_entry_gate_precision,0.336,,,0.06974238309665078,5,,,descriptive fixed-seed summary
two_stage_b1_b2,chain_fixed_five_seed_mean,cotton,b1_to_b2,kge,mean_0_4,,,25,3,,positive_entry_gate_recall,0.2333333333333333,,,0.048432210483785265,5,,,descriptive fixed-seed summary
two_stage_b1_b2,chain_fixed_five_seed_mean,cotton,b1_to_b2,kge,mean_0_4,,,25,3,,positive_lanes_denominator,44.0,,,0.0,5,,,descriptive fixed-seed summary
two_stage_b1_b2,chain_fixed_five_seed_mean,cotton,b1_to_b2,kge,mean_0_4,,,25,3,,selected_positive_entries,8.4,,,1.7435595774162693,5,,,descriptive fixed-seed summary
two_stage_b1_b2,chain_fixed_five_seed_mean,cotton,b1_to_b2,kge,mean_0_4,,,25,5,,e2e_global_observed_value_capture,0.020711824892544525,,,0.0054080903513563285,5,,,descriptive fixed-seed summary
two_stage_b1_b2,chain_fixed_five_seed_mean,cotton,b1_to_b2,kge,mean_0_4,,,25,5,,e2e_macro_destination_observed_value_capture,0.1139854262880449,,,0.025501582334488414,5,,,descriptive fixed-seed summary
two_stage_b1_b2,chain_fixed_five_seed_mean,cotton,b1_to_b2,kge,mean_0_4,,,25,5,,e2e_macro_destination_recall,0.11388888888888889,,,0.025458753860865786,5,,,descriptive fixed-seed summary
two_stage_b1_b2,chain_fixed_five_seed_mean,cotton,b1_to_b2,kge,mean_0_4,,,25,5,,e2e_micro_destination_recall,0.1181818181818182,,,0.02650432679475136,5,,,descriptive fixed-seed summary
two_stage_b1_b2,chain_fixed_five_seed_mean,cotton,b1_to_b2,kge,mean_0_4,,,25,5,,effective_b1_budget,25.0,,,0.0,5,,,descriptive fixed-seed summary
two_stage_b1_b2,chain_fixed_five_seed_mean,cotton,b1_to_b2,kge,mean_0_4,,,25,5,,positive_entries_denominator,36.0,,,0.0,5,,,descriptive fixed-seed summary
two_stage_b1_b2,chain_fixed_five_seed_mean,cotton,b1_to_b2,kge,mean_0_4,,,25,5,,positive_entry_gate_precision,0.336,,,0.06974238309665078,5,,,descriptive fixed-seed summary
two_stage_b1_b2,chain_fixed_five_seed_mean,cotton,b1_to_b2,kge,mean_0_4,,,25,5,,positive_entry_gate_recall,0.2333333333333333,,,0.048432210483785265,5,,,descriptive fixed-seed summary
two_stage_b1_b2,chain_fixed_five_seed_mean,cotton,b1_to_b2,kge,mean_0_4,,,25,5,,positive_lanes_denominator,44.0,,,0.0,5,,,descriptive fixed-seed summary
two_stage_b1_b2,chain_fixed_five_seed_mean,cotton,b1_to_b2,kge,mean_0_4,,,25,5,,selected_positive_entries,8.4,,,1.7435595774162693,5,,,descriptive fixed-seed summary
two_stage_b1_b2,chain_fixed_five_seed_mean,cotton,b1_to_b2,kge,mean_0_4,,,250,1,,e2e_global_observed_value_capture,0.025721584770722145,,,0.007201538783462283,5,,,descriptive fixed-seed summary
two_stage_b1_b2,chain_fixed_five_seed_mean,cotton,b1_to_b2,kge,mean_0_4,,,250,1,,e2e_macro_destination_observed_value_capture,0.1457556908489658,,,0.039744555024338976,5,,,descriptive fixed-seed summary
two_stage_b1_b2,chain_fixed_five_seed_mean,cotton,b1_to_b2,kge,mean_0_4,,,250,1,,e2e_macro_destination_recall,0.14722222222222223,,,0.03986861137335368,5,,,descriptive fixed-seed summary
two_stage_b1_b2,chain_fixed_five_seed_mean,cotton,b1_to_b2,kge,mean_0_4,,,250,1,,e2e_micro_destination_recall,0.14090909090909093,,,0.044069816885603,5,,,descriptive fixed-seed summary
two_stage_b1_b2,chain_fixed_five_seed_mean,cotton,b1_to_b2,kge,mean_0_4,,,250,1,,effective_b1_budget,250.0,,,0.0,5,,,descriptive fixed-seed summary
two_stage_b1_b2,chain_fixed_five_seed_mean,cotton,b1_to_b2,kge,mean_0_4,,,250,1,,positive_entries_denominator,36.0,,,0.0,5,,,descriptive fixed-seed summary
two_stage_b1_b2,chain_fixed_five_seed_mean,cotton,b1_to_b2,kge,mean_0_4,,,250,1,,positive_entry_gate_precision,0.136,,,0.004381780460041333,5,,,descriptive fixed-seed summary
two_stage_b1_b2,chain_fixed_five_seed_mean,cotton,b1_to_b2,kge,mean_0_4,,,250,1,,positive_entry_gate_recall,0.9444444444444444,,,0.030429030972509243,5,,,descriptive fixed-seed summary
two_stage_b1_b2,chain_fixed_five_seed_mean,cotton,b1_to_b2,kge,mean_0_4,,,250,1,,positive_lanes_denominator,44.0,,,0.0,5,,,descriptive fixed-seed summary
two_stage_b1_b2,chain_fixed_five_seed_mean,cotton,b1_to_b2,kge,mean_0_4,,,250,1,,selected_positive_entries,34.0,,,1.0954451150103321,5,,,descriptive fixed-seed summary
two_stage_b1_b2,chain_fixed_five_seed_mean,cotton,b1_to_b2,kge,mean_0_4,,,250,3,,e2e_global_observed_value_capture,0.06593941880682265,,,0.016106533361808693,5,,,descriptive fixed-seed summary
two_stage_b1_b2,chain_fixed_five_seed_mean,cotton,b1_to_b2,kge,mean_0_4,,,250,3,,e2e_macro_destination_observed_value_capture,0.3340310565741567,,,0.056673274512188065,5,,,descriptive fixed-seed summary
two_stage_b1_b2,chain_fixed_five_seed_mean,cotton,b1_to_b2,kge,mean_0_4,,,250,3,,e2e_macro_destination_recall,0.3361111111111111,,,0.056519416526043906,5,,,descriptive fixed-seed summary
two_stage_b1_b2,chain_fixed_five_seed_mean,cotton,b1_to_b2,kge,mean_0_4,,,250,3,,e2e_micro_destination_recall,0.3181818181818182,,,0.049792959773196914,5,,,descriptive fixed-seed summary
two_stage_b1_b2,chain_fixed_five_seed_mean,cotton,b1_to_b2,kge,mean_0_4,,,250,3,,effective_b1_budget,250.0,,,0.0,5,,,descriptive fixed-seed summary
two_stage_b1_b2,chain_fixed_five_seed_mean,cotton,b1_to_b2,kge,mean_0_4,,,250,3,,positive_entries_denominator,36.0,,,0.0,5,,,descriptive fixed-seed summary
two_stage_b1_b2,chain_fixed_five_seed_mean,cotton,b1_to_b2,kge,mean_0_4,,,250,3,,positive_entry_gate_precision,0.136,,,0.004381780460041333,5,,,descriptive fixed-seed summary
two_stage_b1_b2,chain_fixed_five_seed_mean,cotton,b1_to_b2,kge,mean_0_4,,,250,3,,positive_entry_gate_recall,0.9444444444444444,,,0.030429030972509243,5,,,descriptive fixed-seed summary
two_stage_b1_b2,chain_fixed_five_seed_mean,cotton,b1_to_b2,kge,mean_0_4,,,250,3,,positive_lanes_denominator,44.0,,,0.0,5,,,descriptive fixed-seed summary
two_stage_b1_b2,chain_fixed_five_seed_mean,cotton,b1_to_b2,kge,mean_0_4,,,250,3,,selected_positive_entries,34.0,,,1.0954451150103321,5,,,descriptive fixed-seed summary
two_stage_b1_b2,chain_fixed_five_seed_mean,cotton,b1_to_b2,kge,mean_0_4,,,250,5,,e2e_global_observed_value_capture,0.09177525557153049,,,0.014437503501978236,5,,,descriptive fixed-seed summary
two_stage_b1_b2,chain_fixed_five_seed_mean,cotton,b1_to_b2,kge,mean_0_4,,,250,5,,e2e_macro_destination_observed_value_capture,0.4293849030762953,,,0.009387811520250266,5,,,descriptive fixed-seed summary
two_stage_b1_b2,chain_fixed_five_seed_mean,cotton,b1_to_b2,kge,mean_0_4,,,250,5,,e2e_macro_destination_recall,0.43240740740740746,,,0.009532990871284237,5,,,descriptive fixed-seed summary
two_stage_b1_b2,chain_fixed_five_seed_mean,cotton,b1_to_b2,kge,mean_0_4,,,250,5,,e2e_micro_destination_recall,0.4136363636363637,,,0.009090909090909084,5,,,descriptive fixed-seed summary
two_stage_b1_b2,chain_fixed_five_seed_mean,cotton,b1_to_b2,kge,mean_0_4,,,250,5,,effective_b1_budget,250.0,,,0.0,5,,,descriptive fixed-seed summary
two_stage_b1_b2,chain_fixed_five_seed_mean,cotton,b1_to_b2,kge,mean_0_4,,,250,5,,positive_entries_denominator,36.0,,,0.0,5,,,descriptive fixed-seed summary
two_stage_b1_b2,chain_fixed_five_seed_mean,cotton,b1_to_b2,kge,mean_0_4,,,250,5,,positive_entry_gate_precision,0.136,,,0.004381780460041333,5,,,descriptive fixed-seed summary
two_stage_b1_b2,chain_fixed_five_seed_mean,cotton,b1_to_b2,kge,mean_0_4,,,250,5,,positive_entry_gate_recall,0.9444444444444444,,,0.030429030972509243,5,,,descriptive fixed-seed summary
two_stage_b1_b2,chain_fixed_five_seed_mean,cotton,b1_to_b2,kge,mean_0_4,,,250,5,,positive_lanes_denominator,44.0,,,0.0,5,,,descriptive fixed-seed summary
two_stage_b1_b2,chain_fixed_five_seed_mean,cotton,b1_to_b2,kge,mean_0_4,,,250,5,,selected_positive_entries,34.0,,,1.0954451150103321,5,,,descriptive fixed-seed summary
two_stage_b1_b2,chain_fixed_five_seed_mean,cotton,b1_to_b2,kge,mean_0_4,,,50,1,,e2e_global_observed_value_capture,0.011171898722278167,,,0.005551505474017088,5,,,descriptive fixed-seed summary
two_stage_b1_b2,chain_fixed_five_seed_mean,cotton,b1_to_b2,kge,mean_0_4,,,50,1,,e2e_macro_destination_observed_value_capture,0.05997585587560006,,,0.03600998438086797,5,,,descriptive fixed-seed summary
two_stage_b1_b2,chain_fixed_five_seed_mean,cotton,b1_to_b2,kge,mean_0_4,,,50,1,,e2e_macro_destination_recall,0.061111111111111116,,,0.035789163129792016,5,,,descriptive fixed-seed summary
two_stage_b1_b2,chain_fixed_five_seed_mean,cotton,b1_to_b2,kge,mean_0_4,,,50,1,,e2e_micro_destination_recall,0.06363636363636364,,,0.03340213285613424,5,,,descriptive fixed-seed summary
two_stage_b1_b2,chain_fixed_five_seed_mean,cotton,b1_to_b2,kge,mean_0_4,,,50,1,,effective_b1_budget,50.0,,,0.0,5,,,descriptive fixed-seed summary
two_stage_b1_b2,chain_fixed_five_seed_mean,cotton,b1_to_b2,kge,mean_0_4,,,50,1,,positive_entries_denominator,36.0,,,0.0,5,,,descriptive fixed-seed summary
two_stage_b1_b2,chain_fixed_five_seed_mean,cotton,b1_to_b2,kge,mean_0_4,,,50,1,,positive_entry_gate_precision,0.272,,,0.00979795897113272,5,,,descriptive fixed-seed summary
two_stage_b1_b2,chain_fixed_five_seed_mean,cotton,b1_to_b2,kge,mean_0_4,,,50,1,,positive_entry_gate_recall,0.3777777777777778,,,0.013608276348795441,5,,,descriptive fixed-seed summary
two_stage_b1_b2,chain_fixed_five_seed_mean,cotton,b1_to_b2,kge,mean_0_4,,,50,1,,positive_lanes_denominator,44.0,,,0.0,5,,,descriptive fixed-seed summary
two_stage_b1_b2,chain_fixed_five_seed_mean,cotton,b1_to_b2,kge,mean_0_4,,,50,1,,selected_positive_entries,13.6,,,0.48989794855663565,5,,,descriptive fixed-seed summary
two_stage_b1_b2,chain_fixed_five_seed_mean,cotton,b1_to_b2,kge,mean_0_4,,,50,3,,e2e_global_observed_value_capture,0.021667035165614197,,,0.0028046508024399917,5,,,descriptive fixed-seed summary
two_stage_b1_b2,chain_fixed_five_seed_mean,cotton,b1_to_b2,kge,mean_0_4,,,50,3,,e2e_macro_destination_observed_value_capture,0.1243858702177048,,,0.01744157320871865,5,,,descriptive fixed-seed summary
two_stage_b1_b2,chain_fixed_five_seed_mean,cotton,b1_to_b2,kge,mean_0_4,,,50,3,,e2e_macro_destination_recall,0.125,,,0.017568209223157667,5,,,descriptive fixed-seed summary
two_stage_b1_b2,chain_fixed_five_seed_mean,cotton,b1_to_b2,kge,mean_0_4,,,50,3,,e2e_micro_destination_recall,0.12727272727272726,,,0.023177361425421747,5,,,descriptive fixed-seed summary
two_stage_b1_b2,chain_fixed_five_seed_mean,cotton,b1_to_b2,kge,mean_0_4,,,50,3,,effective_b1_budget,50.0,,,0.0,5,,,descriptive fixed-seed summary
two_stage_b1_b2,chain_fixed_five_seed_mean,cotton,b1_to_b2,kge,mean_0_4,,,50,3,,positive_entries_denominator,36.0,,,0.0,5,,,descriptive fixed-seed summary
two_stage_b1_b2,chain_fixed_five_seed_mean,cotton,b1_to_b2,kge,mean_0_4,,,50,3,,positive_entry_gate_precision,0.272,,,0.00979795897113272,5,,,descriptive fixed-seed summary
two_stage_b1_b2,chain_fixed_five_seed_mean,cotton,b1_to_b2,kge,mean_0_4,,,50,3,,positive_entry_gate_recall,0.3777777777777778,,,0.013608276348795441,5,,,descriptive fixed-seed summary
two_stage_b1_b2,chain_fixed_five_seed_mean,cotton,b1_to_b2,kge,mean_0_4,,,50,3,,positive_lanes_denominator,44.0,,,0.0,5,,,descriptive fixed-seed summary
two_stage_b1_b2,chain_fixed_five_seed_mean,cotton,b1_to_b2,kge,mean_0_4,,,50,3,,selected_positive_entries,13.6,,,0.48989794855663565,5,,,descriptive fixed-seed summary
two_stage_b1_b2,chain_fixed_five_seed_mean,cotton,b1_to_b2,kge,mean_0_4,,,50,5,,e2e_global_observed_value_capture,0.03198541124368485,,,0.008767834670692132,5,,,descriptive fixed-seed summary
two_stage_b1_b2,chain_fixed_five_seed_mean,cotton,b1_to_b2,kge,mean_0_4,,,50,5,,e2e_macro_destination_observed_value_capture,0.17509653739915598,,,0.04070688153898317,5,,,descriptive fixed-seed summary
two_stage_b1_b2,chain_fixed_five_seed_mean,cotton,b1_to_b2,kge,mean_0_4,,,50,5,,e2e_macro_destination_recall,0.175,,,0.04082482904638629,5,,,descriptive fixed-seed summary
two_stage_b1_b2,chain_fixed_five_seed_mean,cotton,b1_to_b2,kge,mean_0_4,,,50,5,,e2e_micro_destination_recall,0.17727272727272728,,,0.0463547228508435,5,,,descriptive fixed-seed summary
two_stage_b1_b2,chain_fixed_five_seed_mean,cotton,b1_to_b2,kge,mean_0_4,,,50,5,,effective_b1_budget,50.0,,,0.0,5,,,descriptive fixed-seed summary
two_stage_b1_b2,chain_fixed_five_seed_mean,cotton,b1_to_b2,kge,mean_0_4,,,50,5,,positive_entries_denominator,36.0,,,0.0,5,,,descriptive fixed-seed summary
two_stage_b1_b2,chain_fixed_five_seed_mean,cotton,b1_to_b2,kge,mean_0_4,,,50,5,,positive_entry_gate_precision,0.272,,,0.00979795897113272,5,,,descriptive fixed-seed summary
two_stage_b1_b2,chain_fixed_five_seed_mean,cotton,b1_to_b2,kge,mean_0_4,,,50,5,,positive_entry_gate_recall,0.3777777777777778,,,0.013608276348795441,5,,,descriptive fixed-seed summary
two_stage_b1_b2,chain_fixed_five_seed_mean,cotton,b1_to_b2,kge,mean_0_4,,,50,5,,positive_lanes_denominator,44.0,,,0.0,5,,,descriptive fixed-seed summary
two_stage_b1_b2,chain_fixed_five_seed_mean,cotton,b1_to_b2,kge,mean_0_4,,,50,5,,selected_positive_entries,13.6,,,0.48989794855663565,5,,,descriptive fixed-seed summary
two_stage_b1_b2,chain_fixed_five_seed_mean,cotton,b1_to_b2,nbfnet,mean_0_4,,,100,1,,e2e_global_observed_value_capture,0.03595990663859706,,,0.009317620323989655,5,,,descriptive fixed-seed summary
two_stage_b1_b2,chain_fixed_five_seed_mean,cotton,b1_to_b2,nbfnet,mean_0_4,,,100,1,,e2e_macro_destination_observed_value_capture,0.20163178119935102,,,0.04093551229208153,5,,,descriptive fixed-seed summary
two_stage_b1_b2,chain_fixed_five_seed_mean,cotton,b1_to_b2,nbfnet,mean_0_4,,,100,1,,e2e_macro_destination_recall,0.2,,,0.03986861137335367,5,,,descriptive fixed-seed summary
two_stage_b1_b2,chain_fixed_five_seed_mean,cotton,b1_to_b2,nbfnet,mean_0_4,,,100,1,,e2e_micro_destination_recall,0.19090909090909092,,,0.03962635403218795,5,,,descriptive fixed-seed summary
two_stage_b1_b2,chain_fixed_five_seed_mean,cotton,b1_to_b2,nbfnet,mean_0_4,,,100,1,,effective_b1_budget,100.0,,,0.0,5,,,descriptive fixed-seed summary
two_stage_b1_b2,chain_fixed_five_seed_mean,cotton,b1_to_b2,nbfnet,mean_0_4,,,100,1,,positive_entries_denominator,36.0,,,0.0,5,,,descriptive fixed-seed summary
two_stage_b1_b2,chain_fixed_five_seed_mean,cotton,b1_to_b2,nbfnet,mean_0_4,,,100,1,,positive_entry_gate_precision,0.22000000000000003,,,0.020976176963403034,5,,,descriptive fixed-seed summary
two_stage_b1_b2,chain_fixed_five_seed_mean,cotton,b1_to_b2,nbfnet,mean_0_4,,,100,1,,positive_entry_gate_recall,0.611111111111111,,,0.05826715823167507,5,,,descriptive fixed-seed summary
two_stage_b1_b2,chain_fixed_five_seed_mean,cotton,b1_to_b2,nbfnet,mean_0_4,,,100,1,,positive_lanes_denominator,44.0,,,0.0,5,,,descriptive fixed-seed summary
two_stage_b1_b2,chain_fixed_five_seed_mean,cotton,b1_to_b2,nbfnet,mean_0_4,,,100,1,,selected_positive_entries,22.0,,,2.0976176963403033,5,,,descriptive fixed-seed summary
two_stage_b1_b2,chain_fixed_five_seed_mean,cotton,b1_to_b2,nbfnet,mean_0_4,,,100,3,,e2e_global_observed_value_capture,0.381735745708335,,,0.3749966211992868,5,,,descriptive fixed-seed summary
two_stage_b1_b2,chain_fixed_five_seed_mean,cotton,b1_to_b2,nbfnet,mean_0_4,,,100,3,,e2e_macro_destination_observed_value_capture,0.3660208516902089,,,0.045148365334747045,5,,,descriptive fixed-seed summary
two_stage_b1_b2,chain_fixed_five_seed_mean,cotton,b1_to_b2,nbfnet,mean_0_4,,,100,3,,e2e_macro_destination_recall,0.3564814814814815,,,0.03692111488403128,5,,,descriptive fixed-seed summary
two_stage_b1_b2,chain_fixed_five_seed_mean,cotton,b1_to_b2,nbfnet,mean_0_4,,,100,3,,e2e_micro_destination_recall,0.35,,,0.04895604370122278,5,,,descriptive fixed-seed summary
two_stage_b1_b2,chain_fixed_five_seed_mean,cotton,b1_to_b2,nbfnet,mean_0_4,,,100,3,,effective_b1_budget,100.0,,,0.0,5,,,descriptive fixed-seed summary
two_stage_b1_b2,chain_fixed_five_seed_mean,cotton,b1_to_b2,nbfnet,mean_0_4,,,100,3,,positive_entries_denominator,36.0,,,0.0,5,,,descriptive fixed-seed summary
two_stage_b1_b2,chain_fixed_five_seed_mean,cotton,b1_to_b2,nbfnet,mean_0_4,,,100,3,,positive_entry_gate_precision,0.22000000000000003,,,0.020976176963403034,5,,,descriptive fixed-seed summary
two_stage_b1_b2,chain_fixed_five_seed_mean,cotton,b1_to_b2,nbfnet,mean_0_4,,,100,3,,positive_entry_gate_recall,0.611111111111111,,,0.05826715823167507,5,,,descriptive fixed-seed summary
two_stage_b1_b2,chain_fixed_five_seed_mean,cotton,b1_to_b2,nbfnet,mean_0_4,,,100,3,,positive_lanes_denominator,44.0,,,0.0,5,,,descriptive fixed-seed summary
two_stage_b1_b2,chain_fixed_five_seed_mean,cotton,b1_to_b2,nbfnet,mean_0_4,,,100,3,,selected_positive_entries,22.0,,,2.0976176963403033,5,,,descriptive fixed-seed summary
two_stage_b1_b2,chain_fixed_five_seed_mean,cotton,b1_to_b2,nbfnet,mean_0_4,,,100,5,,e2e_global_observed_value_capture,0.40729441026341784,,,0.3814816942891989,5,,,descriptive fixed-seed summary
two_stage_b1_b2,chain_fixed_five_seed_mean,cotton,b1_to_b2,nbfnet,mean_0_4,,,100,5,,e2e_macro_destination_observed_value_capture,0.41740821196473965,,,0.03357503273751872,5,,,descriptive fixed-seed summary
two_stage_b1_b2,chain_fixed_five_seed_mean,cotton,b1_to_b2,nbfnet,mean_0_4,,,100,5,,e2e_macro_destination_recall,0.41203703703703703,,,0.0319410894641858,5,,,descriptive fixed-seed summary
two_stage_b1_b2,chain_fixed_five_seed_mean,cotton,b1_to_b2,nbfnet,mean_0_4,,,100,5,,e2e_micro_destination_recall,0.41818181818181815,,,0.04679831882266819,5,,,descriptive fixed-seed summary
two_stage_b1_b2,chain_fixed_five_seed_mean,cotton,b1_to_b2,nbfnet,mean_0_4,,,100,5,,effective_b1_budget,100.0,,,0.0,5,,,descriptive fixed-seed summary
two_stage_b1_b2,chain_fixed_five_seed_mean,cotton,b1_to_b2,nbfnet,mean_0_4,,,100,5,,positive_entries_denominator,36.0,,,0.0,5,,,descriptive fixed-seed summary
two_stage_b1_b2,chain_fixed_five_seed_mean,cotton,b1_to_b2,nbfnet,mean_0_4,,,100,5,,positive_entry_gate_precision,0.22000000000000003,,,0.020976176963403034,5,,,descriptive fixed-seed summary
two_stage_b1_b2,chain_fixed_five_seed_mean,cotton,b1_to_b2,nbfnet,mean_0_4,,,100,5,,positive_entry_gate_recall,0.611111111111111,,,0.05826715823167507,5,,,descriptive fixed-seed summary
two_stage_b1_b2,chain_fixed_five_seed_mean,cotton,b1_to_b2,nbfnet,mean_0_4,,,100,5,,positive_lanes_denominator,44.0,,,0.0,5,,,descriptive fixed-seed summary
two_stage_b1_b2,chain_fixed_five_seed_mean,cotton,b1_to_b2,nbfnet,mean_0_4,,,100,5,,selected_positive_entries,22.0,,,2.0976176963403033,5,,,descriptive fixed-seed summary
two_stage_b1_b2,chain_fixed_five_seed_mean,cotton,b1_to_b2,nbfnet,mean_0_4,,,25,1,,e2e_global_observed_value_capture,0.01295023163810891,,,0.002004170546218243,5,,,descriptive fixed-seed summary
two_stage_b1_b2,chain_fixed_five_seed_mean,cotton,b1_to_b2,nbfnet,mean_0_4,,,25,1,,e2e_macro_destination_observed_value_capture,0.1024465016400324,,,0.016232478843224818,5,,,descriptive fixed-seed summary
two_stage_b1_b2,chain_fixed_five_seed_mean,cotton,b1_to_b2,nbfnet,mean_0_4,,,25,1,,e2e_macro_destination_recall,0.10277777777777777,,,0.01666666666666667,5,,,descriptive fixed-seed summary
two_stage_b1_b2,chain_fixed_five_seed_mean,cotton,b1_to_b2,nbfnet,mean_0_4,,,25,1,,e2e_micro_destination_recall,0.08636363636363635,,,0.01700753357624519,5,,,descriptive fixed-seed summary
two_stage_b1_b2,chain_fixed_five_seed_mean,cotton,b1_to_b2,nbfnet,mean_0_4,,,25,1,,effective_b1_budget,25.0,,,0.0,5,,,descriptive fixed-seed summary
two_stage_b1_b2,chain_fixed_five_seed_mean,cotton,b1_to_b2,nbfnet,mean_0_4,,,25,1,,positive_entries_denominator,36.0,,,0.0,5,,,descriptive fixed-seed summary
two_stage_b1_b2,chain_fixed_five_seed_mean,cotton,b1_to_b2,nbfnet,mean_0_4,,,25,1,,positive_entry_gate_precision,0.312,,,0.064,5,,,descriptive fixed-seed summary
two_stage_b1_b2,chain_fixed_five_seed_mean,cotton,b1_to_b2,nbfnet,mean_0_4,,,25,1,,positive_entry_gate_recall,0.21666666666666665,,,0.04444444444444445,5,,,descriptive fixed-seed summary
two_stage_b1_b2,chain_fixed_five_seed_mean,cotton,b1_to_b2,nbfnet,mean_0_4,,,25,1,,positive_lanes_denominator,44.0,,,0.0,5,,,descriptive fixed-seed summary
two_stage_b1_b2,chain_fixed_five_seed_mean,cotton,b1_to_b2,nbfnet,mean_0_4,,,25,1,,selected_positive_entries,7.8,,,1.6,5,,,descriptive fixed-seed summary
two_stage_b1_b2,chain_fixed_five_seed_mean,cotton,b1_to_b2,nbfnet,mean_0_4,,,25,3,,e2e_global_observed_value_capture,0.026021328227356498,,,0.012622827810087934,5,,,descriptive fixed-seed summary
two_stage_b1_b2,chain_fixed_five_seed_mean,cotton,b1_to_b2,nbfnet,mean_0_4,,,25,3,,e2e_macro_destination_observed_value_capture,0.15546577670931774,,,0.035548870069345304,5,,,descriptive fixed-seed summary
two_stage_b1_b2,chain_fixed_five_seed_mean,cotton,b1_to_b2,nbfnet,mean_0_4,,,25,3,,e2e_macro_destination_recall,0.15555555555555556,,,0.0355729124301825,5,,,descriptive fixed-seed summary
two_stage_b1_b2,chain_fixed_five_seed_mean,cotton,b1_to_b2,nbfnet,mean_0_4,,,25,3,,e2e_micro_destination_recall,0.1409090909090909,,,0.0391014784865574,5,,,descriptive fixed-seed summary
two_stage_b1_b2,chain_fixed_five_seed_mean,cotton,b1_to_b2,nbfnet,mean_0_4,,,25,3,,effective_b1_budget,25.0,,,0.0,5,,,descriptive fixed-seed summary
two_stage_b1_b2,chain_fixed_five_seed_mean,cotton,b1_to_b2,nbfnet,mean_0_4,,,25,3,,positive_entries_denominator,36.0,,,0.0,5,,,descriptive fixed-seed summary
two_stage_b1_b2,chain_fixed_five_seed_mean,cotton,b1_to_b2,nbfnet,mean_0_4,,,25,3,,positive_entry_gate_precision,0.312,,,0.064,5,,,descriptive fixed-seed summary
two_stage_b1_b2,chain_fixed_five_seed_mean,cotton,b1_to_b2,nbfnet,mean_0_4,,,25,3,,positive_entry_gate_recall,0.21666666666666665,,,0.04444444444444445,5,,,descriptive fixed-seed summary
two_stage_b1_b2,chain_fixed_five_seed_mean,cotton,b1_to_b2,nbfnet,mean_0_4,,,25,3,,positive_lanes_denominator,44.0,,,0.0,5,,,descriptive fixed-seed summary
two_stage_b1_b2,chain_fixed_five_seed_mean,cotton,b1_to_b2,nbfnet,mean_0_4,,,25,3,,selected_positive_entries,7.8,,,1.6,5,,,descriptive fixed-seed summary
two_stage_b1_b2,chain_fixed_five_seed_mean,cotton,b1_to_b2,nbfnet,mean_0_4,,,25,5,,e2e_global_observed_value_capture,0.02748741753309967,,,0.013375538537386586,5,,,descriptive fixed-seed summary
two_stage_b1_b2,chain_fixed_five_seed_mean,cotton,b1_to_b2,nbfnet,mean_0_4,,,25,5,,e2e_macro_destination_observed_value_capture,0.16685974146497867,,,0.042191355319346,5,,,descriptive fixed-seed summary
two_stage_b1_b2,chain_fixed_five_seed_mean,cotton,b1_to_b2,nbfnet,mean_0_4,,,25,5,,e2e_macro_destination_recall,0.16666666666666669,,,0.04212708580028639,5,,,descriptive fixed-seed summary
two_stage_b1_b2,chain_fixed_five_seed_mean,cotton,b1_to_b2,nbfnet,mean_0_4,,,25,5,,e2e_micro_destination_recall,0.15454545454545454,,,0.046354722850843494,5,,,descriptive fixed-seed summary
two_stage_b1_b2,chain_fixed_five_seed_mean,cotton,b1_to_b2,nbfnet,mean_0_4,,,25,5,,effective_b1_budget,25.0,,,0.0,5,,,descriptive fixed-seed summary
two_stage_b1_b2,chain_fixed_five_seed_mean,cotton,b1_to_b2,nbfnet,mean_0_4,,,25,5,,positive_entries_denominator,36.0,,,0.0,5,,,descriptive fixed-seed summary
two_stage_b1_b2,chain_fixed_five_seed_mean,cotton,b1_to_b2,nbfnet,mean_0_4,,,25,5,,positive_entry_gate_precision,0.312,,,0.064,5,,,descriptive fixed-seed summary
two_stage_b1_b2,chain_fixed_five_seed_mean,cotton,b1_to_b2,nbfnet,mean_0_4,,,25,5,,positive_entry_gate_recall,0.21666666666666665,,,0.04444444444444445,5,,,descriptive fixed-seed summary
two_stage_b1_b2,chain_fixed_five_seed_mean,cotton,b1_to_b2,nbfnet,mean_0_4,,,25,5,,positive_lanes_denominator,44.0,,,0.0,5,,,descriptive fixed-seed summary
two_stage_b1_b2,chain_fixed_five_seed_mean,cotton,b1_to_b2,nbfnet,mean_0_4,,,25,5,,selected_positive_entries,7.8,,,1.6,5,,,descriptive fixed-seed summary
two_stage_b1_b2,chain_fixed_five_seed_mean,cotton,b1_to_b2,nbfnet,mean_0_4,,,250,1,,e2e_global_observed_value_capture,0.2068925127984209,,,0.3086947246779378,5,,,descriptive fixed-seed summary
two_stage_b1_b2,chain_fixed_five_seed_mean,cotton,b1_to_b2,nbfnet,mean_0_4,,,250,1,,e2e_macro_destination_observed_value_capture,0.2945032155739782,,,0.04986781434647606,5,,,descriptive fixed-seed summary
two_stage_b1_b2,chain_fixed_five_seed_mean,cotton,b1_to_b2,nbfnet,mean_0_4,,,250,1,,e2e_macro_destination_recall,0.287962962962963,,,0.0462407073673473,5,,,descriptive fixed-seed summary
two_stage_b1_b2,chain_fixed_five_seed_mean,cotton,b1_to_b2,nbfnet,mean_0_4,,,250,1,,e2e_micro_destination_recall,0.2772727272727272,,,0.04165977904505309,5,,,descriptive fixed-seed summary
two_stage_b1_b2,chain_fixed_five_seed_mean,cotton,b1_to_b2,nbfnet,mean_0_4,,,250,1,,effective_b1_budget,250.0,,,0.0,5,,,descriptive fixed-seed summary
two_stage_b1_b2,chain_fixed_five_seed_mean,cotton,b1_to_b2,nbfnet,mean_0_4,,,250,1,,positive_entries_denominator,36.0,,,0.0,5,,,descriptive fixed-seed summary
two_stage_b1_b2,chain_fixed_five_seed_mean,cotton,b1_to_b2,nbfnet,mean_0_4,,,250,1,,positive_entry_gate_precision,0.1336,,,0.0032000000000000028,5,,,descriptive fixed-seed summary
two_stage_b1_b2,chain_fixed_five_seed_mean,cotton,b1_to_b2,nbfnet,mean_0_4,,,250,1,,positive_entry_gate_recall,0.9277777777777778,,,0.022222222222222233,5,,,descriptive fixed-seed summary
two_stage_b1_b2,chain_fixed_five_seed_mean,cotton,b1_to_b2,nbfnet,mean_0_4,,,250,1,,positive_lanes_denominator,44.0,,,0.0,5,,,descriptive fixed-seed summary
two_stage_b1_b2,chain_fixed_five_seed_mean,cotton,b1_to_b2,nbfnet,mean_0_4,,,250,1,,selected_positive_entries,33.4,,,0.7999999999999999,5,,,descriptive fixed-seed summary
two_stage_b1_b2,chain_fixed_five_seed_mean,cotton,b1_to_b2,nbfnet,mean_0_4,,,250,3,,e2e_global_observed_value_capture,0.730253923276027,,,0.29293397016461253,5,,,descriptive fixed-seed summary
two_stage_b1_b2,chain_fixed_five_seed_mean,cotton,b1_to_b2,nbfnet,mean_0_4,,,250,3,,e2e_macro_destination_observed_value_capture,0.5391003615623834,,,0.029691115087598224,5,,,descriptive fixed-seed summary
two_stage_b1_b2,chain_fixed_five_seed_mean,cotton,b1_to_b2,nbfnet,mean_0_4,,,250,3,,e2e_macro_destination_recall,0.5231481481481481,,,0.034891562372994,5,,,descriptive fixed-seed summary
two_stage_b1_b2,chain_fixed_five_seed_mean,cotton,b1_to_b2,nbfnet,mean_0_4,,,250,3,,e2e_micro_destination_recall,0.5227272727272727,,,0.03803000120609434,5,,,descriptive fixed-seed summary
two_stage_b1_b2,chain_fixed_five_seed_mean,cotton,b1_to_b2,nbfnet,mean_0_4,,,250,3,,effective_b1_budget,250.0,,,0.0,5,,,descriptive fixed-seed summary
two_stage_b1_b2,chain_fixed_five_seed_mean,cotton,b1_to_b2,nbfnet,mean_0_4,,,250,3,,positive_entries_denominator,36.0,,,0.0,5,,,descriptive fixed-seed summary
two_stage_b1_b2,chain_fixed_five_seed_mean,cotton,b1_to_b2,nbfnet,mean_0_4,,,250,3,,positive_entry_gate_precision,0.1336,,,0.0032000000000000028,5,,,descriptive fixed-seed summary
two_stage_b1_b2,chain_fixed_five_seed_mean,cotton,b1_to_b2,nbfnet,mean_0_4,,,250,3,,positive_entry_gate_recall,0.9277777777777778,,,0.022222222222222233,5,,,descriptive fixed-seed summary
two_stage_b1_b2,chain_fixed_five_seed_mean,cotton,b1_to_b2,nbfnet,mean_0_4,,,250,3,,positive_lanes_denominator,44.0,,,0.0,5,,,descriptive fixed-seed summary
two_stage_b1_b2,chain_fixed_five_seed_mean,cotton,b1_to_b2,nbfnet,mean_0_4,,,250,3,,selected_positive_entries,33.4,,,0.7999999999999999,5,,,descriptive fixed-seed summary
two_stage_b1_b2,chain_fixed_five_seed_mean,cotton,b1_to_b2,nbfnet,mean_0_4,,,250,5,,e2e_global_observed_value_capture,0.7643806002451181,,,0.2904083893940596,5,,,descriptive fixed-seed summary
two_stage_b1_b2,chain_fixed_five_seed_mean,cotton,b1_to_b2,nbfnet,mean_0_4,,,250,5,,e2e_macro_destination_observed_value_capture,0.6013562758174521,,,0.023574530640386268,5,,,descriptive fixed-seed summary
two_stage_b1_b2,chain_fixed_five_seed_mean,cotton,b1_to_b2,nbfnet,mean_0_4,,,250,5,,e2e_macro_destination_recall,0.5916666666666666,,,0.028297605166548397,5,,,descriptive fixed-seed summary
two_stage_b1_b2,chain_fixed_five_seed_mean,cotton,b1_to_b2,nbfnet,mean_0_4,,,250,5,,e2e_micro_destination_recall,0.6090909090909091,,,0.022268088570756146,5,,,descriptive fixed-seed summary
two_stage_b1_b2,chain_fixed_five_seed_mean,cotton,b1_to_b2,nbfnet,mean_0_4,,,250,5,,effective_b1_budget,250.0,,,0.0,5,,,descriptive fixed-seed summary
two_stage_b1_b2,chain_fixed_five_seed_mean,cotton,b1_to_b2,nbfnet,mean_0_4,,,250,5,,positive_entries_denominator,36.0,,,0.0,5,,,descriptive fixed-seed summary
two_stage_b1_b2,chain_fixed_five_seed_mean,cotton,b1_to_b2,nbfnet,mean_0_4,,,250,5,,positive_entry_gate_precision,0.1336,,,0.0032000000000000028,5,,,descriptive fixed-seed summary
two_stage_b1_b2,chain_fixed_five_seed_mean,cotton,b1_to_b2,nbfnet,mean_0_4,,,250,5,,positive_entry_gate_recall,0.9277777777777778,,,0.022222222222222233,5,,,descriptive fixed-seed summary
two_stage_b1_b2,chain_fixed_five_seed_mean,cotton,b1_to_b2,nbfnet,mean_0_4,,,250,5,,positive_lanes_denominator,44.0,,,0.0,5,,,descriptive fixed-seed summary
two_stage_b1_b2,chain_fixed_five_seed_mean,cotton,b1_to_b2,nbfnet,mean_0_4,,,250,5,,selected_positive_entries,33.4,,,0.7999999999999999,5,,,descriptive fixed-seed summary
two_stage_b1_b2,chain_fixed_five_seed_mean,cotton,b1_to_b2,nbfnet,mean_0_4,,,50,1,,e2e_global_observed_value_capture,0.024235542533316175,,,0.006229890566185492,5,,,descriptive fixed-seed summary
two_stage_b1_b2,chain_fixed_five_seed_mean,cotton,b1_to_b2,nbfnet,mean_0_4,,,50,1,,e2e_macro_destination_observed_value_capture,0.13340661352484479,,,0.019363350820745952,5,,,descriptive fixed-seed summary
two_stage_b1_b2,chain_fixed_five_seed_mean,cotton,b1_to_b2,nbfnet,mean_0_4,,,50,1,,e2e_macro_destination_recall,0.13055555555555556,,,0.01883980550868131,5,,,descriptive fixed-seed summary
two_stage_b1_b2,chain_fixed_five_seed_mean,cotton,b1_to_b2,nbfnet,mean_0_4,,,50,1,,e2e_micro_destination_recall,0.12272727272727273,,,0.023177361425421743,5,,,descriptive fixed-seed summary
two_stage_b1_b2,chain_fixed_five_seed_mean,cotton,b1_to_b2,nbfnet,mean_0_4,,,50,1,,effective_b1_budget,50.0,,,0.0,5,,,descriptive fixed-seed summary
two_stage_b1_b2,chain_fixed_five_seed_mean,cotton,b1_to_b2,nbfnet,mean_0_4,,,50,1,,positive_entries_denominator,36.0,,,0.0,5,,,descriptive fixed-seed summary
two_stage_b1_b2,chain_fixed_five_seed_mean,cotton,b1_to_b2,nbfnet,mean_0_4,,,50,1,,positive_entry_gate_precision,0.248,,,0.027129319932501072,5,,,descriptive fixed-seed summary
two_stage_b1_b2,chain_fixed_five_seed_mean,cotton,b1_to_b2,nbfnet,mean_0_4,,,50,1,,positive_entry_gate_recall,0.34444444444444444,,,0.037679611017362606,5,,,descriptive fixed-seed summary
two_stage_b1_b2,chain_fixed_five_seed_mean,cotton,b1_to_b2,nbfnet,mean_0_4,,,50,1,,positive_lanes_denominator,44.0,,,0.0,5,,,descriptive fixed-seed summary
two_stage_b1_b2,chain_fixed_five_seed_mean,cotton,b1_to_b2,nbfnet,mean_0_4,,,50,1,,selected_positive_entries,12.4,,,1.3564659966250536,5,,,descriptive fixed-seed summary
two_stage_b1_b2,chain_fixed_five_seed_mean,cotton,b1_to_b2,nbfnet,mean_0_4,,,50,3,,e2e_global_observed_value_capture,0.042415878086100554,,,0.009944096285556763,5,,,descriptive fixed-seed summary
two_stage_b1_b2,chain_fixed_five_seed_mean,cotton,b1_to_b2,nbfnet,mean_0_4,,,50,3,,e2e_macro_destination_observed_value_capture,0.21970181663961563,,,0.016898496620980037,5,,,descriptive fixed-seed summary
two_stage_b1_b2,chain_fixed_five_seed_mean,cotton,b1_to_b2,nbfnet,mean_0_4,,,50,3,,e2e_macro_destination_recall,0.2166666666666667,,,0.01666666666666666,5,,,descriptive fixed-seed summary
two_stage_b1_b2,chain_fixed_five_seed_mean,cotton,b1_to_b2,nbfnet,mean_0_4,,,50,3,,e2e_micro_destination_recall,0.20909090909090913,,,0.02650432679475136,5,,,descriptive fixed-seed summary
two_stage_b1_b2,chain_fixed_five_seed_mean,cotton,b1_to_b2,nbfnet,mean_0_4,,,50,3,,effective_b1_budget,50.0,,,0.0,5,,,descriptive fixed-seed summary
two_stage_b1_b2,chain_fixed_five_seed_mean,cotton,b1_to_b2,nbfnet,mean_0_4,,,50,3,,positive_entries_denominator,36.0,,,0.0,5,,,descriptive fixed-seed summary
two_stage_b1_b2,chain_fixed_five_seed_mean,cotton,b1_to_b2,nbfnet,mean_0_4,,,50,3,,positive_entry_gate_precision,0.248,,,0.027129319932501072,5,,,descriptive fixed-seed summary
two_stage_b1_b2,chain_fixed_five_seed_mean,cotton,b1_to_b2,nbfnet,mean_0_4,,,50,3,,positive_entry_gate_recall,0.34444444444444444,,,0.037679611017362606,5,,,descriptive fixed-seed summary
two_stage_b1_b2,chain_fixed_five_seed_mean,cotton,b1_to_b2,nbfnet,mean_0_4,,,50,3,,positive_lanes_denominator,44.0,,,0.0,5,,,descriptive fixed-seed summary
two_stage_b1_b2,chain_fixed_five_seed_mean,cotton,b1_to_b2,nbfnet,mean_0_4,,,50,3,,selected_positive_entries,12.4,,,1.3564659966250536,5,,,descriptive fixed-seed summary
two_stage_b1_b2,chain_fixed_five_seed_mean,cotton,b1_to_b2,nbfnet,mean_0_4,,,50,5,,e2e_global_observed_value_capture,0.04633503231498779,,,0.011036996309161232,5,,,descriptive fixed-seed summary
two_stage_b1_b2,chain_fixed_five_seed_mean,cotton,b1_to_b2,nbfnet,mean_0_4,,,50,5,,e2e_macro_destination_observed_value_capture,0.24243234086308973,,,0.027385730508506203,5,,,descriptive fixed-seed summary
two_stage_b1_b2,chain_fixed_five_seed_mean,cotton,b1_to_b2,nbfnet,mean_0_4,,,50,5,,e2e_macro_destination_recall,0.23888888888888887,,,0.026931554763424063,5,,,descriptive fixed-seed summary
two_stage_b1_b2,chain_fixed_five_seed_mean,cotton,b1_to_b2,nbfnet,mean_0_4,,,50,5,,e2e_micro_destination_recall,0.2363636363636364,,,0.04215281134316228,5,,,descriptive fixed-seed summary
two_stage_b1_b2,chain_fixed_five_seed_mean,cotton,b1_to_b2,nbfnet,mean_0_4,,,50,5,,effective_b1_budget,50.0,,,0.0,5,,,descriptive fixed-seed summary
two_stage_b1_b2,chain_fixed_five_seed_mean,cotton,b1_to_b2,nbfnet,mean_0_4,,,50,5,,positive_entries_denominator,36.0,,,0.0,5,,,descriptive fixed-seed summary
two_stage_b1_b2,chain_fixed_five_seed_mean,cotton,b1_to_b2,nbfnet,mean_0_4,,,50,5,,positive_entry_gate_precision,0.248,,,0.027129319932501072,5,,,descriptive fixed-seed summary
two_stage_b1_b2,chain_fixed_five_seed_mean,cotton,b1_to_b2,nbfnet,mean_0_4,,,50,5,,positive_entry_gate_recall,0.34444444444444444,,,0.037679611017362606,5,,,descriptive fixed-seed summary
two_stage_b1_b2,chain_fixed_five_seed_mean,cotton,b1_to_b2,nbfnet,mean_0_4,,,50,5,,positive_lanes_denominator,44.0,,,0.0,5,,,descriptive fixed-seed summary
two_stage_b1_b2,chain_fixed_five_seed_mean,cotton,b1_to_b2,nbfnet,mean_0_4,,,50,5,,selected_positive_entries,12.4,,,1.3564659966250536,5,,,descriptive fixed-seed summary
two_stage_b1_b2,chain_fixed_five_seed_mean,nickel,b1_to_b2,kge,mean_0_4,,,100,1,,e2e_global_observed_value_capture,0.028775108479802275,,,0.026488133616480697,5,,,descriptive fixed-seed summary
two_stage_b1_b2,chain_fixed_five_seed_mean,nickel,b1_to_b2,kge,mean_0_4,,,100,1,,e2e_macro_destination_observed_value_capture,0.06443583111445365,,,0.020329249281267968,5,,,descriptive fixed-seed summary
two_stage_b1_b2,chain_fixed_five_seed_mean,nickel,b1_to_b2,kge,mean_0_4,,,100,1,,e2e_macro_destination_recall,0.06237373737373737,,,0.019204375277339227,5,,,descriptive fixed-seed summary
two_stage_b1_b2,chain_fixed_five_seed_mean,nickel,b1_to_b2,kge,mean_0_4,,,100,1,,e2e_micro_destination_recall,0.04028776978417266,,,0.00975874817715866,5,,,descriptive fixed-seed summary
two_stage_b1_b2,chain_fixed_five_seed_mean,nickel,b1_to_b2,kge,mean_0_4,,,100,1,,effective_b1_budget,100.0,,,0.0,5,,,descriptive fixed-seed summary
two_stage_b1_b2,chain_fixed_five_seed_mean,nickel,b1_to_b2,kge,mean_0_4,,,100,1,,positive_entries_denominator,66.0,,,0.0,5,,,descriptive fixed-seed summary
two_stage_b1_b2,chain_fixed_five_seed_mean,nickel,b1_to_b2,kge,mean_0_4,,,100,1,,positive_entry_gate_precision,0.366,,,0.03199999999999999,5,,,descriptive fixed-seed summary
two_stage_b1_b2,chain_fixed_five_seed_mean,nickel,b1_to_b2,kge,mean_0_4,,,100,1,,positive_entry_gate_recall,0.5545454545454545,,,0.04848484848484849,5,,,descriptive fixed-seed summary
two_stage_b1_b2,chain_fixed_five_seed_mean,nickel,b1_to_b2,kge,mean_0_4,,,100,1,,positive_lanes_denominator,139.0,,,0.0,5,,,descriptive fixed-seed summary
two_stage_b1_b2,chain_fixed_five_seed_mean,nickel,b1_to_b2,kge,mean_0_4,,,100,1,,selected_positive_entries,36.6,,,3.1999999999999997,5,,,descriptive fixed-seed summary
two_stage_b1_b2,chain_fixed_five_seed_mean,nickel,b1_to_b2,kge,mean_0_4,,,100,3,,e2e_global_observed_value_capture,0.12107548614309753,,,0.06453161006479305,5,,,descriptive fixed-seed summary
two_stage_b1_b2,chain_fixed_five_seed_mean,nickel,b1_to_b2,kge,mean_0_4,,,100,3,,e2e_macro_destination_observed_value_capture,0.15548503082299267,,,0.02567614589458064,5,,,descriptive fixed-seed summary
two_stage_b1_b2,chain_fixed_five_seed_mean,nickel,b1_to_b2,kge,mean_0_4,,,100,3,,e2e_macro_destination_recall,0.13595959595959595,,,0.02058698859915348,5,,,descriptive fixed-seed summary
two_stage_b1_b2,chain_fixed_five_seed_mean,nickel,b1_to_b2,kge,mean_0_4,,,100,3,,e2e_micro_destination_recall,0.10359712230215827,,,0.005755395683453235,5,,,descriptive fixed-seed summary
two_stage_b1_b2,chain_fixed_five_seed_mean,nickel,b1_to_b2,kge,mean_0_4,,,100,3,,effective_b1_budget,100.0,,,0.0,5,,,descriptive fixed-seed summary
two_stage_b1_b2,chain_fixed_five_seed_mean,nickel,b1_to_b2,kge,mean_0_4,,,100,3,,positive_entries_denominator,66.0,,,0.0,5,,,descriptive fixed-seed summary
two_stage_b1_b2,chain_fixed_five_seed_mean,nickel,b1_to_b2,kge,mean_0_4,,,100,3,,positive_entry_gate_precision,0.366,,,0.03199999999999999,5,,,descriptive fixed-seed summary
two_stage_b1_b2,chain_fixed_five_seed_mean,nickel,b1_to_b2,kge,mean_0_4,,,100,3,,positive_entry_gate_recall,0.5545454545454545,,,0.04848484848484849,5,,,descriptive fixed-seed summary
two_stage_b1_b2,chain_fixed_five_seed_mean,nickel,b1_to_b2,kge,mean_0_4,,,100,3,,positive_lanes_denominator,139.0,,,0.0,5,,,descriptive fixed-seed summary
two_stage_b1_b2,chain_fixed_five_seed_mean,nickel,b1_to_b2,kge,mean_0_4,,,100,3,,selected_positive_entries,36.6,,,3.1999999999999997,5,,,descriptive fixed-seed summary
two_stage_b1_b2,chain_fixed_five_seed_mean,nickel,b1_to_b2,kge,mean_0_4,,,100,5,,e2e_global_observed_value_capture,0.1720078754562191,,,0.056269301385763915,5,,,descriptive fixed-seed summary
two_stage_b1_b2,chain_fixed_five_seed_mean,nickel,b1_to_b2,kge,mean_0_4,,,100,5,,e2e_macro_destination_observed_value_capture,0.2262503983948295,,,0.027224191743234205,5,,,descriptive fixed-seed summary
two_stage_b1_b2,chain_fixed_five_seed_mean,nickel,b1_to_b2,kge,mean_0_4,,,100,5,,e2e_macro_destination_recall,0.20527777777777775,,,0.017614681732853986,5,,,descriptive fixed-seed summary
two_stage_b1_b2,chain_fixed_five_seed_mean,nickel,b1_to_b2,kge,mean_0_4,,,100,5,,e2e_micro_destination_recall,0.15827338129496402,,,0.0064347279928051474,5,,,descriptive fixed-seed summary
two_stage_b1_b2,chain_fixed_five_seed_mean,nickel,b1_to_b2,kge,mean_0_4,,,100,5,,effective_b1_budget,100.0,,,0.0,5,,,descriptive fixed-seed summary
two_stage_b1_b2,chain_fixed_five_seed_mean,nickel,b1_to_b2,kge,mean_0_4,,,100,5,,positive_entries_denominator,66.0,,,0.0,5,,,descriptive fixed-seed summary
two_stage_b1_b2,chain_fixed_five_seed_mean,nickel,b1_to_b2,kge,mean_0_4,,,100,5,,positive_entry_gate_precision,0.366,,,0.03199999999999999,5,,,descriptive fixed-seed summary
two_stage_b1_b2,chain_fixed_five_seed_mean,nickel,b1_to_b2,kge,mean_0_4,,,100,5,,positive_entry_gate_recall,0.5545454545454545,,,0.04848484848484849,5,,,descriptive fixed-seed summary
two_stage_b1_b2,chain_fixed_five_seed_mean,nickel,b1_to_b2,kge,mean_0_4,,,100,5,,positive_lanes_denominator,139.0,,,0.0,5,,,descriptive fixed-seed summary
two_stage_b1_b2,chain_fixed_five_seed_mean,nickel,b1_to_b2,kge,mean_0_4,,,100,5,,selected_positive_entries,36.6,,,3.1999999999999997,5,,,descriptive fixed-seed summary
two_stage_b1_b2,chain_fixed_five_seed_mean,nickel,b1_to_b2,kge,mean_0_4,,,25,1,,e2e_global_observed_value_capture,0.0036643325399053654,,,0.004646179286067344,5,,,descriptive fixed-seed summary
two_stage_b1_b2,chain_fixed_five_seed_mean,nickel,b1_to_b2,kge,mean_0_4,,,25,1,,e2e_macro_destination_observed_value_capture,0.019589477812715216,,,0.009573991203061112,5,,,descriptive fixed-seed summary
two_stage_b1_b2,chain_fixed_five_seed_mean,nickel,b1_to_b2,kge,mean_0_4,,,25,1,,e2e_macro_destination_recall,0.021464646464646464,,,0.008173006228627403,5,,,descriptive fixed-seed summary
two_stage_b1_b2,chain_fixed_five_seed_mean,nickel,b1_to_b2,kge,mean_0_4,,,25,1,,e2e_micro_destination_recall,0.017266187050359712,,,0.0035244456730693214,5,,,descriptive fixed-seed summary
two_stage_b1_b2,chain_fixed_five_seed_mean,nickel,b1_to_b2,kge,mean_0_4,,,25,1,,effective_b1_budget,25.0,,,0.0,5,,,descriptive fixed-seed summary
two_stage_b1_b2,chain_fixed_five_seed_mean,nickel,b1_to_b2,kge,mean_0_4,,,25,1,,positive_entries_denominator,66.0,,,0.0,5,,,descriptive fixed-seed summary
two_stage_b1_b2,chain_fixed_five_seed_mean,nickel,b1_to_b2,kge,mean_0_4,,,25,1,,positive_entry_gate_precision,0.496,,,0.0407921561087423,5,,,descriptive fixed-seed summary
two_stage_b1_b2,chain_fixed_five_seed_mean,nickel,b1_to_b2,kge,mean_0_4,,,25,1,,positive_entry_gate_recall,0.18787878787878787,,,0.015451574283614503,5,,,descriptive fixed-seed summary
two_stage_b1_b2,chain_fixed_five_seed_mean,nickel,b1_to_b2,kge,mean_0_4,,,25,1,,positive_lanes_denominator,139.0,,,0.0,5,,,descriptive fixed-seed summary
two_stage_b1_b2,chain_fixed_five_seed_mean,nickel,b1_to_b2,kge,mean_0_4,,,25,1,,selected_positive_entries,12.4,,,1.019803902718557,5,,,descriptive fixed-seed summary
two_stage_b1_b2,chain_fixed_five_seed_mean,nickel,b1_to_b2,kge,mean_0_4,,,25,3,,e2e_global_observed_value_capture,0.03180960133176168,,,0.0203510078262744,5,,,descriptive fixed-seed summary
two_stage_b1_b2,chain_fixed_five_seed_mean,nickel,b1_to_b2,kge,mean_0_4,,,25,3,,e2e_macro_destination_observed_value_capture,0.06616884747428046,,,0.017700833333480073,5,,,descriptive fixed-seed summary
two_stage_b1_b2,chain_fixed_five_seed_mean,nickel,b1_to_b2,kge,mean_0_4,,,25,3,,e2e_macro_destination_recall,0.0563131313131313,,,0.01503744942521152,5,,,descriptive fixed-seed summary
two_stage_b1_b2,chain_fixed_five_seed_mean,nickel,b1_to_b2,kge,mean_0_4,,,25,3,,e2e_micro_destination_recall,0.04892086330935251,,,0.007048891346138644,5,,,descriptive fixed-seed summary
two_stage_b1_b2,chain_fixed_five_seed_mean,nickel,b1_to_b2,kge,mean_0_4,,,25,3,,effective_b1_budget,25.0,,,0.0,5,,,descriptive fixed-seed summary
two_stage_b1_b2,chain_fixed_five_seed_mean,nickel,b1_to_b2,kge,mean_0_4,,,25,3,,positive_entries_denominator,66.0,,,0.0,5,,,descriptive fixed-seed summary
two_stage_b1_b2,chain_fixed_five_seed_mean,nickel,b1_to_b2,kge,mean_0_4,,,25,3,,positive_entry_gate_precision,0.496,,,0.0407921561087423,5,,,descriptive fixed-seed summary
two_stage_b1_b2,chain_fixed_five_seed_mean,nickel,b1_to_b2,kge,mean_0_4,,,25,3,,positive_entry_gate_recall,0.18787878787878787,,,0.015451574283614503,5,,,descriptive fixed-seed summary
two_stage_b1_b2,chain_fixed_five_seed_mean,nickel,b1_to_b2,kge,mean_0_4,,,25,3,,positive_lanes_denominator,139.0,,,0.0,5,,,descriptive fixed-seed summary
two_stage_b1_b2,chain_fixed_five_seed_mean,nickel,b1_to_b2,kge,mean_0_4,,,25,3,,selected_positive_entries,12.4,,,1.019803902718557,5,,,descriptive fixed-seed summary
two_stage_b1_b2,chain_fixed_five_seed_mean,nickel,b1_to_b2,kge,mean_0_4,,,25,5,,e2e_global_observed_value_capture,0.04439833127218649,,,0.024232085711490936,5,,,descriptive fixed-seed summary
two_stage_b1_b2,chain_fixed_five_seed_mean,nickel,b1_to_b2,kge,mean_0_4,,,25,5,,e2e_macro_destination_observed_value_capture,0.08611823101472824,,,0.017127056117882976,5,,,descriptive fixed-seed summary
two_stage_b1_b2,chain_fixed_five_seed_mean,nickel,b1_to_b2,kge,mean_0_4,,,25,5,,e2e_macro_destination_recall,0.075,,,0.010679459825146717,5,,,descriptive fixed-seed summary
two_stage_b1_b2,chain_fixed_five_seed_mean,nickel,b1_to_b2,kge,mean_0_4,,,25,5,,e2e_micro_destination_recall,0.06762589928057554,,,0.01334333596474202,5,,,descriptive fixed-seed summary
two_stage_b1_b2,chain_fixed_five_seed_mean,nickel,b1_to_b2,kge,mean_0_4,,,25,5,,effective_b1_budget,25.0,,,0.0,5,,,descriptive fixed-seed summary
two_stage_b1_b2,chain_fixed_five_seed_mean,nickel,b1_to_b2,kge,mean_0_4,,,25,5,,positive_entries_denominator,66.0,,,0.0,5,,,descriptive fixed-seed summary
two_stage_b1_b2,chain_fixed_five_seed_mean,nickel,b1_to_b2,kge,mean_0_4,,,25,5,,positive_entry_gate_precision,0.496,,,0.0407921561087423,5,,,descriptive fixed-seed summary
two_stage_b1_b2,chain_fixed_five_seed_mean,nickel,b1_to_b2,kge,mean_0_4,,,25,5,,positive_entry_gate_recall,0.18787878787878787,,,0.015451574283614503,5,,,descriptive fixed-seed summary
two_stage_b1_b2,chain_fixed_five_seed_mean,nickel,b1_to_b2,kge,mean_0_4,,,25,5,,positive_lanes_denominator,139.0,,,0.0,5,,,descriptive fixed-seed summary
two_stage_b1_b2,chain_fixed_five_seed_mean,nickel,b1_to_b2,kge,mean_0_4,,,25,5,,selected_positive_entries,12.4,,,1.019803902718557,5,,,descriptive fixed-seed summary
two_stage_b1_b2,chain_fixed_five_seed_mean,nickel,b1_to_b2,kge,mean_0_4,,,250,1,,e2e_global_observed_value_capture,0.03144173638756261,,,0.025792749754601284,5,,,descriptive fixed-seed summary
two_stage_b1_b2,chain_fixed_five_seed_mean,nickel,b1_to_b2,kge,mean_0_4,,,250,1,,e2e_macro_destination_observed_value_capture,0.08060430536352184,,,0.028400146944567273,5,,,descriptive fixed-seed summary
two_stage_b1_b2,chain_fixed_five_seed_mean,nickel,b1_to_b2,kge,mean_0_4,,,250,1,,e2e_macro_destination_recall,0.07813131313131312,,,0.026229753124739796,5,,,descriptive fixed-seed summary
two_stage_b1_b2,chain_fixed_five_seed_mean,nickel,b1_to_b2,kge,mean_0_4,,,250,1,,e2e_micro_destination_recall,0.04892086330935252,,,0.012377446427399462,5,,,descriptive fixed-seed summary
two_stage_b1_b2,chain_fixed_five_seed_mean,nickel,b1_to_b2,kge,mean_0_4,,,250,1,,effective_b1_budget,250.0,,,0.0,5,,,descriptive fixed-seed summary
two_stage_b1_b2,chain_fixed_five_seed_mean,nickel,b1_to_b2,kge,mean_0_4,,,250,1,,positive_entries_denominator,66.0,,,0.0,5,,,descriptive fixed-seed summary
two_stage_b1_b2,chain_fixed_five_seed_mean,nickel,b1_to_b2,kge,mean_0_4,,,250,1,,positive_entry_gate_precision,0.2544,,,0.004079215610874232,5,,,descriptive fixed-seed summary
two_stage_b1_b2,chain_fixed_five_seed_mean,nickel,b1_to_b2,kge,mean_0_4,,,250,1,,positive_entry_gate_recall,0.9636363636363636,,,0.015451574283614483,5,,,descriptive fixed-seed summary
two_stage_b1_b2,chain_fixed_five_seed_mean,nickel,b1_to_b2,kge,mean_0_4,,,250,1,,positive_lanes_denominator,139.0,,,0.0,5,,,descriptive fixed-seed summary
two_stage_b1_b2,chain_fixed_five_seed_mean,nickel,b1_to_b2,kge,mean_0_4,,,250,1,,selected_positive_entries,63.6,,,1.019803902718557,5,,,descriptive fixed-seed summary
two_stage_b1_b2,chain_fixed_five_seed_mean,nickel,b1_to_b2,kge,mean_0_4,,,250,3,,e2e_global_observed_value_capture,0.14537056558150602,,,0.07135722512130041,5,,,descriptive fixed-seed summary
two_stage_b1_b2,chain_fixed_five_seed_mean,nickel,b1_to_b2,kge,mean_0_4,,,250,3,,e2e_macro_destination_observed_value_capture,0.2156126572695678,,,0.04256915617146208,5,,,descriptive fixed-seed summary
two_stage_b1_b2,chain_fixed_five_seed_mean,nickel,b1_to_b2,kge,mean_0_4,,,250,3,,e2e_macro_destination_recall,0.19296620046620044,,,0.0393087283910679,5,,,descriptive fixed-seed summary
two_stage_b1_b2,chain_fixed_five_seed_mean,nickel,b1_to_b2,kge,mean_0_4,,,250,3,,e2e_micro_destination_recall,0.13956834532374102,,,0.0154968771428331,5,,,descriptive fixed-seed summary
two_stage_b1_b2,chain_fixed_five_seed_mean,nickel,b1_to_b2,kge,mean_0_4,,,250,3,,effective_b1_budget,250.0,,,0.0,5,,,descriptive fixed-seed summary
two_stage_b1_b2,chain_fixed_five_seed_mean,nickel,b1_to_b2,kge,mean_0_4,,,250,3,,positive_entries_denominator,66.0,,,0.0,5,,,descriptive fixed-seed summary
two_stage_b1_b2,chain_fixed_five_seed_mean,nickel,b1_to_b2,kge,mean_0_4,,,250,3,,positive_entry_gate_precision,0.2544,,,0.004079215610874232,5,,,descriptive fixed-seed summary
two_stage_b1_b2,chain_fixed_five_seed_mean,nickel,b1_to_b2,kge,mean_0_4,,,250,3,,positive_entry_gate_recall,0.9636363636363636,,,0.015451574283614483,5,,,descriptive fixed-seed summary
two_stage_b1_b2,chain_fixed_five_seed_mean,nickel,b1_to_b2,kge,mean_0_4,,,250,3,,positive_lanes_denominator,139.0,,,0.0,5,,,descriptive fixed-seed summary
two_stage_b1_b2,chain_fixed_five_seed_mean,nickel,b1_to_b2,kge,mean_0_4,,,250,3,,selected_positive_entries,63.6,,,1.019803902718557,5,,,descriptive fixed-seed summary
two_stage_b1_b2,chain_fixed_five_seed_mean,nickel,b1_to_b2,kge,mean_0_4,,,250,5,,e2e_global_observed_value_capture,0.24868282812593043,,,0.10725416455180127,5,,,descriptive fixed-seed summary
two_stage_b1_b2,chain_fixed_five_seed_mean,nickel,b1_to_b2,kge,mean_0_4,,,250,5,,e2e_macro_destination_observed_value_capture,0.32513212412530323,,,0.02959331584198505,5,,,descriptive fixed-seed summary
two_stage_b1_b2,chain_fixed_five_seed_mean,nickel,b1_to_b2,kge,mean_0_4,,,250,5,,e2e_macro_destination_recall,0.298034188034188,,,0.024025296874728777,5,,,descriptive fixed-seed summary
two_stage_b1_b2,chain_fixed_five_seed_mean,nickel,b1_to_b2,kge,mean_0_4,,,250,5,,e2e_micro_destination_recall,0.22014388489208633,,,0.00975874817715866,5,,,descriptive fixed-seed summary
two_stage_b1_b2,chain_fixed_five_seed_mean,nickel,b1_to_b2,kge,mean_0_4,,,250,5,,effective_b1_budget,250.0,,,0.0,5,,,descriptive fixed-seed summary
two_stage_b1_b2,chain_fixed_five_seed_mean,nickel,b1_to_b2,kge,mean_0_4,,,250,5,,positive_entries_denominator,66.0,,,0.0,5,,,descriptive fixed-seed summary
two_stage_b1_b2,chain_fixed_five_seed_mean,nickel,b1_to_b2,kge,mean_0_4,,,250,5,,positive_entry_gate_precision,0.2544,,,0.004079215610874232,5,,,descriptive fixed-seed summary
two_stage_b1_b2,chain_fixed_five_seed_mean,nickel,b1_to_b2,kge,mean_0_4,,,250,5,,positive_entry_gate_recall,0.9636363636363636,,,0.015451574283614483,5,,,descriptive fixed-seed summary
two_stage_b1_b2,chain_fixed_five_seed_mean,nickel,b1_to_b2,kge,mean_0_4,,,250,5,,positive_lanes_denominator,139.0,,,0.0,5,,,descriptive fixed-seed summary
two_stage_b1_b2,chain_fixed_five_seed_mean,nickel,b1_to_b2,kge,mean_0_4,,,250,5,,selected_positive_entries,63.6,,,1.019803902718557,5,,,descriptive fixed-seed summary
two_stage_b1_b2,chain_fixed_five_seed_mean,nickel,b1_to_b2,kge,mean_0_4,,,50,1,,e2e_global_observed_value_capture,0.015518684021869683,,,0.020575463829886755,5,,,descriptive fixed-seed summary
two_stage_b1_b2,chain_fixed_five_seed_mean,nickel,b1_to_b2,kge,mean_0_4,,,50,1,,e2e_macro_destination_observed_value_capture,0.037371792030522155,,,0.005798339013813194,5,,,descriptive fixed-seed summary
two_stage_b1_b2,chain_fixed_five_seed_mean,nickel,b1_to_b2,kge,mean_0_4,,,50,1,,e2e_macro_destination_recall,0.037121212121212124,,,0.004251883394061296,5,,,descriptive fixed-seed summary
two_stage_b1_b2,chain_fixed_five_seed_mean,nickel,b1_to_b2,kge,mean_0_4,,,50,1,,e2e_micro_destination_recall,0.02733812949640288,,,0.005383679693199915,5,,,descriptive fixed-seed summary
two_stage_b1_b2,chain_fixed_five_seed_mean,nickel,b1_to_b2,kge,mean_0_4,,,50,1,,effective_b1_budget,50.0,,,0.0,5,,,descriptive fixed-seed summary
two_stage_b1_b2,chain_fixed_five_seed_mean,nickel,b1_to_b2,kge,mean_0_4,,,50,1,,positive_entries_denominator,66.0,,,0.0,5,,,descriptive fixed-seed summary
two_stage_b1_b2,chain_fixed_five_seed_mean,nickel,b1_to_b2,kge,mean_0_4,,,50,1,,positive_entry_gate_precision,0.42000000000000004,,,0.04732863826479693,5,,,descriptive fixed-seed summary
two_stage_b1_b2,chain_fixed_five_seed_mean,nickel,b1_to_b2,kge,mean_0_4,,,50,1,,positive_entry_gate_recall,0.31818181818181823,,,0.03585502898848253,5,,,descriptive fixed-seed summary
two_stage_b1_b2,chain_fixed_five_seed_mean,nickel,b1_to_b2,kge,mean_0_4,,,50,1,,positive_lanes_denominator,139.0,,,0.0,5,,,descriptive fixed-seed summary
two_stage_b1_b2,chain_fixed_five_seed_mean,nickel,b1_to_b2,kge,mean_0_4,,,50,1,,selected_positive_entries,21.0,,,2.3664319132398464,5,,,descriptive fixed-seed summary
two_stage_b1_b2,chain_fixed_five_seed_mean,nickel,b1_to_b2,kge,mean_0_4,,,50,3,,e2e_global_observed_value_capture,0.07852056803337833,,,0.06770129065219675,5,,,descriptive fixed-seed summary
two_stage_b1_b2,chain_fixed_five_seed_mean,nickel,b1_to_b2,kge,mean_0_4,,,50,3,,e2e_macro_destination_observed_value_capture,0.10696593329433964,,,0.018852419131282248,5,,,descriptive fixed-seed summary
two_stage_b1_b2,chain_fixed_five_seed_mean,nickel,b1_to_b2,kge,mean_0_4,,,50,3,,e2e_macro_destination_recall,0.09053030303030303,,,0.018251829292517834,5,,,descriptive fixed-seed summary
two_stage_b1_b2,chain_fixed_five_seed_mean,nickel,b1_to_b2,kge,mean_0_4,,,50,3,,e2e_micro_destination_recall,0.07338129496402877,,,0.012377446427399463,5,,,descriptive fixed-seed summary
two_stage_b1_b2,chain_fixed_five_seed_mean,nickel,b1_to_b2,kge,mean_0_4,,,50,3,,effective_b1_budget,50.0,,,0.0,5,,,descriptive fixed-seed summary
two_stage_b1_b2,chain_fixed_five_seed_mean,nickel,b1_to_b2,kge,mean_0_4,,,50,3,,positive_entries_denominator,66.0,,,0.0,5,,,descriptive fixed-seed summary
two_stage_b1_b2,chain_fixed_five_seed_mean,nickel,b1_to_b2,kge,mean_0_4,,,50,3,,positive_entry_gate_precision,0.42000000000000004,,,0.04732863826479693,5,,,descriptive fixed-seed summary
two_stage_b1_b2,chain_fixed_five_seed_mean,nickel,b1_to_b2,kge,mean_0_4,,,50,3,,positive_entry_gate_recall,0.31818181818181823,,,0.03585502898848253,5,,,descriptive fixed-seed summary
two_stage_b1_b2,chain_fixed_five_seed_mean,nickel,b1_to_b2,kge,mean_0_4,,,50,3,,positive_lanes_denominator,139.0,,,0.0,5,,,descriptive fixed-seed summary
two_stage_b1_b2,chain_fixed_five_seed_mean,nickel,b1_to_b2,kge,mean_0_4,,,50,3,,selected_positive_entries,21.0,,,2.3664319132398464,5,,,descriptive fixed-seed summary
two_stage_b1_b2,chain_fixed_five_seed_mean,nickel,b1_to_b2,kge,mean_0_4,,,50,5,,e2e_global_observed_value_capture,0.0926513169368394,,,0.07601105564107277,5,,,descriptive fixed-seed summary
two_stage_b1_b2,chain_fixed_five_seed_mean,nickel,b1_to_b2,kge,mean_0_4,,,50,5,,e2e_macro_destination_observed_value_capture,0.1428434744513945,,,0.01437043426402982,5,,,descriptive fixed-seed summary
two_stage_b1_b2,chain_fixed_five_seed_mean,nickel,b1_to_b2,kge,mean_0_4,,,50,5,,e2e_macro_destination_recall,0.1257575757575758,,,0.01019057513837427,5,,,descriptive fixed-seed summary
two_stage_b1_b2,chain_fixed_five_seed_mean,nickel,b1_to_b2,kge,mean_0_4,,,50,5,,e2e_micro_destination_recall,0.10215827338129498,,,0.015362702520908366,5,,,descriptive fixed-seed summary
two_stage_b1_b2,chain_fixed_five_seed_mean,nickel,b1_to_b2,kge,mean_0_4,,,50,5,,effective_b1_budget,50.0,,,0.0,5,,,descriptive fixed-seed summary
two_stage_b1_b2,chain_fixed_five_seed_mean,nickel,b1_to_b2,kge,mean_0_4,,,50,5,,positive_entries_denominator,66.0,,,0.0,5,,,descriptive fixed-seed summary
two_stage_b1_b2,chain_fixed_five_seed_mean,nickel,b1_to_b2,kge,mean_0_4,,,50,5,,positive_entry_gate_precision,0.42000000000000004,,,0.04732863826479693,5,,,descriptive fixed-seed summary
two_stage_b1_b2,chain_fixed_five_seed_mean,nickel,b1_to_b2,kge,mean_0_4,,,50,5,,positive_entry_gate_recall,0.31818181818181823,,,0.03585502898848253,5,,,descriptive fixed-seed summary
two_stage_b1_b2,chain_fixed_five_seed_mean,nickel,b1_to_b2,kge,mean_0_4,,,50,5,,positive_lanes_denominator,139.0,,,0.0,5,,,descriptive fixed-seed summary
two_stage_b1_b2,chain_fixed_five_seed_mean,nickel,b1_to_b2,kge,mean_0_4,,,50,5,,selected_positive_entries,21.0,,,2.3664319132398464,5,,,descriptive fixed-seed summary
two_stage_b1_b2,chain_fixed_five_seed_mean,nickel,b1_to_b2,nbfnet,mean_0_4,,,100,1,,e2e_global_observed_value_capture,0.15477366717446903,,,0.0692898813013558,5,,,descriptive fixed-seed summary
two_stage_b1_b2,chain_fixed_five_seed_mean,nickel,b1_to_b2,nbfnet,mean_0_4,,,100,1,,e2e_macro_destination_observed_value_capture,0.09275114842918737,,,0.01772374966392728,5,,,descriptive fixed-seed summary
two_stage_b1_b2,chain_fixed_five_seed_mean,nickel,b1_to_b2,nbfnet,mean_0_4,,,100,1,,e2e_macro_destination_recall,0.0736985236985237,,,0.017136610775225186,5,,,descriptive fixed-seed summary
two_stage_b1_b2,chain_fixed_five_seed_mean,nickel,b1_to_b2,nbfnet,mean_0_4,,,100,1,,e2e_micro_destination_recall,0.04892086330935252,,,0.008389858841504031,5,,,descriptive fixed-seed summary
two_stage_b1_b2,chain_fixed_five_seed_mean,nickel,b1_to_b2,nbfnet,mean_0_4,,,100,1,,effective_b1_budget,100.0,,,0.0,5,,,descriptive fixed-seed summary
two_stage_b1_b2,chain_fixed_five_seed_mean,nickel,b1_to_b2,nbfnet,mean_0_4,,,100,1,,positive_entries_denominator,66.0,,,0.0,5,,,descriptive fixed-seed summary
two_stage_b1_b2,chain_fixed_five_seed_mean,nickel,b1_to_b2,nbfnet,mean_0_4,,,100,1,,positive_entry_gate_precision,0.246,,,0.036660605559646724,5,,,descriptive fixed-seed summary
two_stage_b1_b2,chain_fixed_five_seed_mean,nickel,b1_to_b2,nbfnet,mean_0_4,,,100,1,,positive_entry_gate_recall,0.3727272727272727,,,0.05554637206007079,5,,,descriptive fixed-seed summary
two_stage_b1_b2,chain_fixed_five_seed_mean,nickel,b1_to_b2,nbfnet,mean_0_4,,,100,1,,positive_lanes_denominator,139.0,,,0.0,5,,,descriptive fixed-seed summary
two_stage_b1_b2,chain_fixed_five_seed_mean,nickel,b1_to_b2,nbfnet,mean_0_4,,,100,1,,selected_positive_entries,24.6,,,3.6660605559646724,5,,,descriptive fixed-seed summary
two_stage_b1_b2,chain_fixed_five_seed_mean,nickel,b1_to_b2,nbfnet,mean_0_4,,,100,3,,e2e_global_observed_value_capture,0.2525450285636655,,,0.11024696685185939,5,,,descriptive fixed-seed summary
two_stage_b1_b2,chain_fixed_five_seed_mean,nickel,b1_to_b2,nbfnet,mean_0_4,,,100,3,,e2e_macro_destination_observed_value_capture,0.16319884931581297,,,0.03295599661610383,5,,,descriptive fixed-seed summary
two_stage_b1_b2,chain_fixed_five_seed_mean,nickel,b1_to_b2,nbfnet,mean_0_4,,,100,3,,e2e_macro_destination_recall,0.1388111888111888,,,0.02814191267209295,5,,,descriptive fixed-seed summary
two_stage_b1_b2,chain_fixed_five_seed_mean,nickel,b1_to_b2,nbfnet,mean_0_4,,,100,3,,e2e_micro_destination_recall,0.09928057553956834,,,0.02004084644199154,5,,,descriptive fixed-seed summary
two_stage_b1_b2,chain_fixed_five_seed_mean,nickel,b1_to_b2,nbfnet,mean_0_4,,,100,3,,effective_b1_budget,100.0,,,0.0,5,,,descriptive fixed-seed summary
two_stage_b1_b2,chain_fixed_five_seed_mean,nickel,b1_to_b2,nbfnet,mean_0_4,,,100,3,,positive_entries_denominator,66.0,,,0.0,5,,,descriptive fixed-seed summary
two_stage_b1_b2,chain_fixed_five_seed_mean,nickel,b1_to_b2,nbfnet,mean_0_4,,,100,3,,positive_entry_gate_precision,0.246,,,0.036660605559646724,5,,,descriptive fixed-seed summary
two_stage_b1_b2,chain_fixed_five_seed_mean,nickel,b1_to_b2,nbfnet,mean_0_4,,,100,3,,positive_entry_gate_recall,0.3727272727272727,,,0.05554637206007079,5,,,descriptive fixed-seed summary
two_stage_b1_b2,chain_fixed_five_seed_mean,nickel,b1_to_b2,nbfnet,mean_0_4,,,100,3,,positive_lanes_denominator,139.0,,,0.0,5,,,descriptive fixed-seed summary
two_stage_b1_b2,chain_fixed_five_seed_mean,nickel,b1_to_b2,nbfnet,mean_0_4,,,100,3,,selected_positive_entries,24.6,,,3.6660605559646724,5,,,descriptive fixed-seed summary
two_stage_b1_b2,chain_fixed_five_seed_mean,nickel,b1_to_b2,nbfnet,mean_0_4,,,100,5,,e2e_global_observed_value_capture,0.369571274615484,,,0.194994716880068,5,,,descriptive fixed-seed summary
two_stage_b1_b2,chain_fixed_five_seed_mean,nickel,b1_to_b2,nbfnet,mean_0_4,,,100,5,,e2e_macro_destination_observed_value_capture,0.19182435434931686,,,0.035289093103588035,5,,,descriptive fixed-seed summary
two_stage_b1_b2,chain_fixed_five_seed_mean,nickel,b1_to_b2,nbfnet,mean_0_4,,,100,5,,e2e_macro_destination_recall,0.16546231546231543,,,0.031705392695531256,5,,,descriptive fixed-seed summary
two_stage_b1_b2,chain_fixed_five_seed_mean,nickel,b1_to_b2,nbfnet,mean_0_4,,,100,5,,e2e_micro_destination_recall,0.12661870503597122,,,0.023466915727050487,5,,,descriptive fixed-seed summary
two_stage_b1_b2,chain_fixed_five_seed_mean,nickel,b1_to_b2,nbfnet,mean_0_4,,,100,5,,effective_b1_budget,100.0,,,0.0,5,,,descriptive fixed-seed summary
two_stage_b1_b2,chain_fixed_five_seed_mean,nickel,b1_to_b2,nbfnet,mean_0_4,,,100,5,,positive_entries_denominator,66.0,,,0.0,5,,,descriptive fixed-seed summary
two_stage_b1_b2,chain_fixed_five_seed_mean,nickel,b1_to_b2,nbfnet,mean_0_4,,,100,5,,positive_entry_gate_precision,0.246,,,0.036660605559646724,5,,,descriptive fixed-seed summary
two_stage_b1_b2,chain_fixed_five_seed_mean,nickel,b1_to_b2,nbfnet,mean_0_4,,,100,5,,positive_entry_gate_recall,0.3727272727272727,,,0.05554637206007079,5,,,descriptive fixed-seed summary
two_stage_b1_b2,chain_fixed_five_seed_mean,nickel,b1_to_b2,nbfnet,mean_0_4,,,100,5,,positive_lanes_denominator,139.0,,,0.0,5,,,descriptive fixed-seed summary
two_stage_b1_b2,chain_fixed_five_seed_mean,nickel,b1_to_b2,nbfnet,mean_0_4,,,100,5,,selected_positive_entries,24.6,,,3.6660605559646724,5,,,descriptive fixed-seed summary
two_stage_b1_b2,chain_fixed_five_seed_mean,nickel,b1_to_b2,nbfnet,mean_0_4,,,25,1,,e2e_global_observed_value_capture,0.03926212588303703,,,0.03579145143966004,5,,,descriptive fixed-seed summary
two_stage_b1_b2,chain_fixed_five_seed_mean,nickel,b1_to_b2,nbfnet,mean_0_4,,,25,1,,e2e_macro_destination_observed_value_capture,0.046977481638997905,,,0.023940190761422876,5,,,descriptive fixed-seed summary
two_stage_b1_b2,chain_fixed_five_seed_mean,nickel,b1_to_b2,nbfnet,mean_0_4,,,25,1,,e2e_macro_destination_recall,0.03838383838383839,,,0.022095598842653896,5,,,descriptive fixed-seed summary
two_stage_b1_b2,chain_fixed_five_seed_mean,nickel,b1_to_b2,nbfnet,mean_0_4,,,25,1,,e2e_micro_destination_recall,0.023021582733812947,,,0.011510791366906475,5,,,descriptive fixed-seed summary
two_stage_b1_b2,chain_fixed_five_seed_mean,nickel,b1_to_b2,nbfnet,mean_0_4,,,25,1,,effective_b1_budget,25.0,,,0.0,5,,,descriptive fixed-seed summary
two_stage_b1_b2,chain_fixed_five_seed_mean,nickel,b1_to_b2,nbfnet,mean_0_4,,,25,1,,positive_entries_denominator,66.0,,,0.0,5,,,descriptive fixed-seed summary
two_stage_b1_b2,chain_fixed_five_seed_mean,nickel,b1_to_b2,nbfnet,mean_0_4,,,25,1,,positive_entry_gate_precision,0.30400000000000005,,,0.13047605144240074,5,,,descriptive fixed-seed summary
two_stage_b1_b2,chain_fixed_five_seed_mean,nickel,b1_to_b2,nbfnet,mean_0_4,,,25,1,,positive_entry_gate_recall,0.11515151515151516,,,0.04942274675848512,5,,,descriptive fixed-seed summary
two_stage_b1_b2,chain_fixed_five_seed_mean,nickel,b1_to_b2,nbfnet,mean_0_4,,,25,1,,positive_lanes_denominator,139.0,,,0.0,5,,,descriptive fixed-seed summary
two_stage_b1_b2,chain_fixed_five_seed_mean,nickel,b1_to_b2,nbfnet,mean_0_4,,,25,1,,selected_positive_entries,7.6,,,3.2619012860600183,5,,,descriptive fixed-seed summary
two_stage_b1_b2,chain_fixed_five_seed_mean,nickel,b1_to_b2,nbfnet,mean_0_4,,,25,3,,e2e_global_observed_value_capture,0.04658964560448562,,,0.03653239756992901,5,,,descriptive fixed-seed summary
two_stage_b1_b2,chain_fixed_five_seed_mean,nickel,b1_to_b2,nbfnet,mean_0_4,,,25,3,,e2e_macro_destination_observed_value_capture,0.07397628175171203,,,0.03379902577946368,5,,,descriptive fixed-seed summary
two_stage_b1_b2,chain_fixed_five_seed_mean,nickel,b1_to_b2,nbfnet,mean_0_4,,,25,3,,e2e_macro_destination_recall,0.06666666666666668,,,0.028056453358244738,5,,,descriptive fixed-seed summary
two_stage_b1_b2,chain_fixed_five_seed_mean,nickel,b1_to_b2,nbfnet,mean_0_4,,,25,3,,e2e_micro_destination_recall,0.043165467625899276,,,0.016405401799987597,5,,,descriptive fixed-seed summary
two_stage_b1_b2,chain_fixed_five_seed_mean,nickel,b1_to_b2,nbfnet,mean_0_4,,,25,3,,effective_b1_budget,25.0,,,0.0,5,,,descriptive fixed-seed summary
two_stage_b1_b2,chain_fixed_five_seed_mean,nickel,b1_to_b2,nbfnet,mean_0_4,,,25,3,,positive_entries_denominator,66.0,,,0.0,5,,,descriptive fixed-seed summary
two_stage_b1_b2,chain_fixed_five_seed_mean,nickel,b1_to_b2,nbfnet,mean_0_4,,,25,3,,positive_entry_gate_precision,0.30400000000000005,,,0.13047605144240074,5,,,descriptive fixed-seed summary
two_stage_b1_b2,chain_fixed_five_seed_mean,nickel,b1_to_b2,nbfnet,mean_0_4,,,25,3,,positive_entry_gate_recall,0.11515151515151516,,,0.04942274675848512,5,,,descriptive fixed-seed summary
two_stage_b1_b2,chain_fixed_five_seed_mean,nickel,b1_to_b2,nbfnet,mean_0_4,,,25,3,,positive_lanes_denominator,139.0,,,0.0,5,,,descriptive fixed-seed summary
two_stage_b1_b2,chain_fixed_five_seed_mean,nickel,b1_to_b2,nbfnet,mean_0_4,,,25,3,,selected_positive_entries,7.6,,,3.2619012860600183,5,,,descriptive fixed-seed summary
two_stage_b1_b2,chain_fixed_five_seed_mean,nickel,b1_to_b2,nbfnet,mean_0_4,,,25,5,,e2e_global_observed_value_capture,0.05896647162496706,,,0.031115573614674385,5,,,descriptive fixed-seed summary
two_stage_b1_b2,chain_fixed_five_seed_mean,nickel,b1_to_b2,nbfnet,mean_0_4,,,25,5,,e2e_macro_destination_observed_value_capture,0.0822409895819808,,,0.03752098294096545,5,,,descriptive fixed-seed summary
two_stage_b1_b2,chain_fixed_five_seed_mean,nickel,b1_to_b2,nbfnet,mean_0_4,,,25,5,,e2e_macro_destination_recall,0.07323232323232323,,,0.03323370480073152,5,,,descriptive fixed-seed summary
two_stage_b1_b2,chain_fixed_five_seed_mean,nickel,b1_to_b2,nbfnet,mean_0_4,,,25,5,,e2e_micro_destination_recall,0.050359712230215826,,,0.01930418397841545,5,,,descriptive fixed-seed summary
two_stage_b1_b2,chain_fixed_five_seed_mean,nickel,b1_to_b2,nbfnet,mean_0_4,,,25,5,,effective_b1_budget,25.0,,,0.0,5,,,descriptive fixed-seed summary
two_stage_b1_b2,chain_fixed_five_seed_mean,nickel,b1_to_b2,nbfnet,mean_0_4,,,25,5,,positive_entries_denominator,66.0,,,0.0,5,,,descriptive fixed-seed summary
two_stage_b1_b2,chain_fixed_five_seed_mean,nickel,b1_to_b2,nbfnet,mean_0_4,,,25,5,,positive_entry_gate_precision,0.30400000000000005,,,0.13047605144240074,5,,,descriptive fixed-seed summary
two_stage_b1_b2,chain_fixed_five_seed_mean,nickel,b1_to_b2,nbfnet,mean_0_4,,,25,5,,positive_entry_gate_recall,0.11515151515151516,,,0.04942274675848512,5,,,descriptive fixed-seed summary
two_stage_b1_b2,chain_fixed_five_seed_mean,nickel,b1_to_b2,nbfnet,mean_0_4,,,25,5,,positive_lanes_denominator,139.0,,,0.0,5,,,descriptive fixed-seed summary
two_stage_b1_b2,chain_fixed_five_seed_mean,nickel,b1_to_b2,nbfnet,mean_0_4,,,25,5,,selected_positive_entries,7.6,,,3.2619012860600183,5,,,descriptive fixed-seed summary
two_stage_b1_b2,chain_fixed_five_seed_mean,nickel,b1_to_b2,nbfnet,mean_0_4,,,250,1,,e2e_global_observed_value_capture,0.16426341671507616,,,0.07196289625941316,5,,,descriptive fixed-seed summary
two_stage_b1_b2,chain_fixed_five_seed_mean,nickel,b1_to_b2,nbfnet,mean_0_4,,,250,1,,e2e_macro_destination_observed_value_capture,0.16008528419872567,,,0.030352886002842975,5,,,descriptive fixed-seed summary
two_stage_b1_b2,chain_fixed_five_seed_mean,nickel,b1_to_b2,nbfnet,mean_0_4,,,250,1,,e2e_macro_destination_recall,0.13794677544677547,,,0.027583418146581336,5,,,descriptive fixed-seed summary
two_stage_b1_b2,chain_fixed_five_seed_mean,nickel,b1_to_b2,nbfnet,mean_0_4,,,250,1,,e2e_micro_destination_recall,0.09640287769784173,,,0.015496877142833106,5,,,descriptive fixed-seed summary
two_stage_b1_b2,chain_fixed_five_seed_mean,nickel,b1_to_b2,nbfnet,mean_0_4,,,250,1,,effective_b1_budget,250.0,,,0.0,5,,,descriptive fixed-seed summary
two_stage_b1_b2,chain_fixed_five_seed_mean,nickel,b1_to_b2,nbfnet,mean_0_4,,,250,1,,positive_entries_denominator,66.0,,,0.0,5,,,descriptive fixed-seed summary
two_stage_b1_b2,chain_fixed_five_seed_mean,nickel,b1_to_b2,nbfnet,mean_0_4,,,250,1,,positive_entry_gate_precision,0.21280000000000002,,,0.011702991070662238,5,,,descriptive fixed-seed summary
two_stage_b1_b2,chain_fixed_five_seed_mean,nickel,b1_to_b2,nbfnet,mean_0_4,,,250,1,,positive_entry_gate_recall,0.806060606060606,,,0.044329511631296344,5,,,descriptive fixed-seed summary
two_stage_b1_b2,chain_fixed_five_seed_mean,nickel,b1_to_b2,nbfnet,mean_0_4,,,250,1,,positive_lanes_denominator,139.0,,,0.0,5,,,descriptive fixed-seed summary
two_stage_b1_b2,chain_fixed_five_seed_mean,nickel,b1_to_b2,nbfnet,mean_0_4,,,250,1,,selected_positive_entries,53.2,,,2.925747767665559,5,,,descriptive fixed-seed summary
two_stage_b1_b2,chain_fixed_five_seed_mean,nickel,b1_to_b2,nbfnet,mean_0_4,,,250,3,,e2e_global_observed_value_capture,0.2785831566405741,,,0.1199189558013067,5,,,descriptive fixed-seed summary
two_stage_b1_b2,chain_fixed_five_seed_mean,nickel,b1_to_b2,nbfnet,mean_0_4,,,250,3,,e2e_macro_destination_observed_value_capture,0.31071402503563705,,,0.031434504586359366,5,,,descriptive fixed-seed summary
two_stage_b1_b2,chain_fixed_five_seed_mean,nickel,b1_to_b2,nbfnet,mean_0_4,,,250,3,,e2e_macro_destination_recall,0.27862082362082363,,,0.02342430094343373,5,,,descriptive fixed-seed summary
two_stage_b1_b2,chain_fixed_five_seed_mean,nickel,b1_to_b2,nbfnet,mean_0_4,,,250,3,,e2e_micro_destination_recall,0.20575539568345325,,,0.029346874898375744,5,,,descriptive fixed-seed summary
two_stage_b1_b2,chain_fixed_five_seed_mean,nickel,b1_to_b2,nbfnet,mean_0_4,,,250,3,,effective_b1_budget,250.0,,,0.0,5,,,descriptive fixed-seed summary
two_stage_b1_b2,chain_fixed_five_seed_mean,nickel,b1_to_b2,nbfnet,mean_0_4,,,250,3,,positive_entries_denominator,66.0,,,0.0,5,,,descriptive fixed-seed summary
two_stage_b1_b2,chain_fixed_five_seed_mean,nickel,b1_to_b2,nbfnet,mean_0_4,,,250,3,,positive_entry_gate_precision,0.21280000000000002,,,0.011702991070662238,5,,,descriptive fixed-seed summary
two_stage_b1_b2,chain_fixed_five_seed_mean,nickel,b1_to_b2,nbfnet,mean_0_4,,,250,3,,positive_entry_gate_recall,0.806060606060606,,,0.044329511631296344,5,,,descriptive fixed-seed summary
two_stage_b1_b2,chain_fixed_five_seed_mean,nickel,b1_to_b2,nbfnet,mean_0_4,,,250,3,,positive_lanes_denominator,139.0,,,0.0,5,,,descriptive fixed-seed summary
two_stage_b1_b2,chain_fixed_five_seed_mean,nickel,b1_to_b2,nbfnet,mean_0_4,,,250,3,,selected_positive_entries,53.2,,,2.925747767665559,5,,,descriptive fixed-seed summary
two_stage_b1_b2,chain_fixed_five_seed_mean,nickel,b1_to_b2,nbfnet,mean_0_4,,,250,5,,e2e_global_observed_value_capture,0.5489084322820607,,,0.1472150456833912,5,,,descriptive fixed-seed summary
two_stage_b1_b2,chain_fixed_five_seed_mean,nickel,b1_to_b2,nbfnet,mean_0_4,,,250,5,,e2e_macro_destination_observed_value_capture,0.3819321385876859,,,0.04191844613128984,5,,,descriptive fixed-seed summary
two_stage_b1_b2,chain_fixed_five_seed_mean,nickel,b1_to_b2,nbfnet,mean_0_4,,,250,5,,e2e_macro_destination_recall,0.34782051282051285,,,0.03956978091239836,5,,,descriptive fixed-seed summary
two_stage_b1_b2,chain_fixed_five_seed_mean,nickel,b1_to_b2,nbfnet,mean_0_4,,,250,5,,e2e_micro_destination_recall,0.2805755395683453,,,0.029836606263780895,5,,,descriptive fixed-seed summary
two_stage_b1_b2,chain_fixed_five_seed_mean,nickel,b1_to_b2,nbfnet,mean_0_4,,,250,5,,effective_b1_budget,250.0,,,0.0,5,,,descriptive fixed-seed summary
two_stage_b1_b2,chain_fixed_five_seed_mean,nickel,b1_to_b2,nbfnet,mean_0_4,,,250,5,,positive_entries_denominator,66.0,,,0.0,5,,,descriptive fixed-seed summary
two_stage_b1_b2,chain_fixed_five_seed_mean,nickel,b1_to_b2,nbfnet,mean_0_4,,,250,5,,positive_entry_gate_precision,0.21280000000000002,,,0.011702991070662238,5,,,descriptive fixed-seed summary
two_stage_b1_b2,chain_fixed_five_seed_mean,nickel,b1_to_b2,nbfnet,mean_0_4,,,250,5,,positive_entry_gate_recall,0.806060606060606,,,0.044329511631296344,5,,,descriptive fixed-seed summary
two_stage_b1_b2,chain_fixed_five_seed_mean,nickel,b1_to_b2,nbfnet,mean_0_4,,,250,5,,positive_lanes_denominator,139.0,,,0.0,5,,,descriptive fixed-seed summary
two_stage_b1_b2,chain_fixed_five_seed_mean,nickel,b1_to_b2,nbfnet,mean_0_4,,,250,5,,selected_positive_entries,53.2,,,2.925747767665559,5,,,descriptive fixed-seed summary
two_stage_b1_b2,chain_fixed_five_seed_mean,nickel,b1_to_b2,nbfnet,mean_0_4,,,50,1,,e2e_global_observed_value_capture,0.11023498791688746,,,0.07160053080633555,5,,,descriptive fixed-seed summary
two_stage_b1_b2,chain_fixed_five_seed_mean,nickel,b1_to_b2,nbfnet,mean_0_4,,,50,1,,e2e_macro_destination_observed_value_capture,0.06920691876113247,,,0.022580896991025348,5,,,descriptive fixed-seed summary
two_stage_b1_b2,chain_fixed_five_seed_mean,nickel,b1_to_b2,nbfnet,mean_0_4,,,50,1,,e2e_macro_destination_recall,0.05303030303030304,,,0.024062887372871912,5,,,descriptive fixed-seed summary
two_stage_b1_b2,chain_fixed_five_seed_mean,nickel,b1_to_b2,nbfnet,mean_0_4,,,50,1,,e2e_micro_destination_recall,0.03453237410071943,,,0.010573337019207962,5,,,descriptive fixed-seed summary
two_stage_b1_b2,chain_fixed_five_seed_mean,nickel,b1_to_b2,nbfnet,mean_0_4,,,50,1,,effective_b1_budget,50.0,,,0.0,5,,,descriptive fixed-seed summary
two_stage_b1_b2,chain_fixed_five_seed_mean,nickel,b1_to_b2,nbfnet,mean_0_4,,,50,1,,positive_entries_denominator,66.0,,,0.0,5,,,descriptive fixed-seed summary
two_stage_b1_b2,chain_fixed_five_seed_mean,nickel,b1_to_b2,nbfnet,mean_0_4,,,50,1,,positive_entry_gate_precision,0.256,,,0.06621178142898738,5,,,descriptive fixed-seed summary
two_stage_b1_b2,chain_fixed_five_seed_mean,nickel,b1_to_b2,nbfnet,mean_0_4,,,50,1,,positive_entry_gate_recall,0.19393939393939394,,,0.05016044047650559,5,,,descriptive fixed-seed summary
two_stage_b1_b2,chain_fixed_five_seed_mean,nickel,b1_to_b2,nbfnet,mean_0_4,,,50,1,,positive_lanes_denominator,139.0,,,0.0,5,,,descriptive fixed-seed summary
two_stage_b1_b2,chain_fixed_five_seed_mean,nickel,b1_to_b2,nbfnet,mean_0_4,,,50,1,,selected_positive_entries,12.8,,,3.3105890714493698,5,,,descriptive fixed-seed summary
two_stage_b1_b2,chain_fixed_five_seed_mean,nickel,b1_to_b2,nbfnet,mean_0_4,,,50,3,,e2e_global_observed_value_capture,0.11830174306675978,,,0.0724608825080833,5,,,descriptive fixed-seed summary
two_stage_b1_b2,chain_fixed_five_seed_mean,nickel,b1_to_b2,nbfnet,mean_0_4,,,50,3,,e2e_macro_destination_observed_value_capture,0.10242034077032178,,,0.031613791448515435,5,,,descriptive fixed-seed summary
two_stage_b1_b2,chain_fixed_five_seed_mean,nickel,b1_to_b2,nbfnet,mean_0_4,,,50,3,,e2e_macro_destination_recall,0.08838383838383837,,,0.028255759051917906,5,,,descriptive fixed-seed summary
two_stage_b1_b2,chain_fixed_five_seed_mean,nickel,b1_to_b2,nbfnet,mean_0_4,,,50,3,,e2e_micro_destination_recall,0.05899280575539569,,,0.017266187050359712,5,,,descriptive fixed-seed summary
two_stage_b1_b2,chain_fixed_five_seed_mean,nickel,b1_to_b2,nbfnet,mean_0_4,,,50,3,,effective_b1_budget,50.0,,,0.0,5,,,descriptive fixed-seed summary
two_stage_b1_b2,chain_fixed_five_seed_mean,nickel,b1_to_b2,nbfnet,mean_0_4,,,50,3,,positive_entries_denominator,66.0,,,0.0,5,,,descriptive fixed-seed summary
two_stage_b1_b2,chain_fixed_five_seed_mean,nickel,b1_to_b2,nbfnet,mean_0_4,,,50,3,,positive_entry_gate_precision,0.256,,,0.06621178142898738,5,,,descriptive fixed-seed summary
two_stage_b1_b2,chain_fixed_five_seed_mean,nickel,b1_to_b2,nbfnet,mean_0_4,,,50,3,,positive_entry_gate_recall,0.19393939393939394,,,0.05016044047650559,5,,,descriptive fixed-seed summary
two_stage_b1_b2,chain_fixed_five_seed_mean,nickel,b1_to_b2,nbfnet,mean_0_4,,,50,3,,positive_lanes_denominator,139.0,,,0.0,5,,,descriptive fixed-seed summary
two_stage_b1_b2,chain_fixed_five_seed_mean,nickel,b1_to_b2,nbfnet,mean_0_4,,,50,3,,selected_positive_entries,12.8,,,3.3105890714493698,5,,,descriptive fixed-seed summary
two_stage_b1_b2,chain_fixed_five_seed_mean,nickel,b1_to_b2,nbfnet,mean_0_4,,,50,5,,e2e_global_observed_value_capture,0.13136671750576082,,,0.060943013759492584,5,,,descriptive fixed-seed summary
two_stage_b1_b2,chain_fixed_five_seed_mean,nickel,b1_to_b2,nbfnet,mean_0_4,,,50,5,,e2e_macro_destination_observed_value_capture,0.11386936746676271,,,0.035106513137659355,5,,,descriptive fixed-seed summary
two_stage_b1_b2,chain_fixed_five_seed_mean,nickel,b1_to_b2,nbfnet,mean_0_4,,,50,5,,e2e_macro_destination_recall,0.09898989898989899,,,0.031313131313131314,5,,,descriptive fixed-seed summary
two_stage_b1_b2,chain_fixed_five_seed_mean,nickel,b1_to_b2,nbfnet,mean_0_4,,,50,5,,e2e_micro_destination_recall,0.06906474820143885,,,0.018538271549244784,5,,,descriptive fixed-seed summary
two_stage_b1_b2,chain_fixed_five_seed_mean,nickel,b1_to_b2,nbfnet,mean_0_4,,,50,5,,effective_b1_budget,50.0,,,0.0,5,,,descriptive fixed-seed summary
two_stage_b1_b2,chain_fixed_five_seed_mean,nickel,b1_to_b2,nbfnet,mean_0_4,,,50,5,,positive_entries_denominator,66.0,,,0.0,5,,,descriptive fixed-seed summary
two_stage_b1_b2,chain_fixed_five_seed_mean,nickel,b1_to_b2,nbfnet,mean_0_4,,,50,5,,positive_entry_gate_precision,0.256,,,0.06621178142898738,5,,,descriptive fixed-seed summary
two_stage_b1_b2,chain_fixed_five_seed_mean,nickel,b1_to_b2,nbfnet,mean_0_4,,,50,5,,positive_entry_gate_recall,0.19393939393939394,,,0.05016044047650559,5,,,descriptive fixed-seed summary
two_stage_b1_b2,chain_fixed_five_seed_mean,nickel,b1_to_b2,nbfnet,mean_0_4,,,50,5,,positive_lanes_denominator,139.0,,,0.0,5,,,descriptive fixed-seed summary
two_stage_b1_b2,chain_fixed_five_seed_mean,nickel,b1_to_b2,nbfnet,mean_0_4,,,50,5,,selected_positive_entries,12.8,,,3.3105890714493698,5,,,descriptive fixed-seed summary
two_stage_b1_b2,chain_fixed_five_seed_mean,oilseed-soy,b1_to_b2,kge,mean_0_4,,,100,1,,e2e_global_observed_value_capture,0.14327632997626671,,,0.07461180305347904,5,,,descriptive fixed-seed summary
two_stage_b1_b2,chain_fixed_five_seed_mean,oilseed-soy,b1_to_b2,kge,mean_0_4,,,100,1,,e2e_macro_destination_observed_value_capture,0.04396724910661109,,,0.01917424347048796,5,,,descriptive fixed-seed summary
two_stage_b1_b2,chain_fixed_five_seed_mean,oilseed-soy,b1_to_b2,kge,mean_0_4,,,100,1,,e2e_macro_destination_recall,0.04967320261437909,,,0.012466581411903578,5,,,descriptive fixed-seed summary
two_stage_b1_b2,chain_fixed_five_seed_mean,oilseed-soy,b1_to_b2,kge,mean_0_4,,,100,1,,e2e_micro_destination_recall,0.07837837837837838,,,0.01986072764418793,5,,,descriptive fixed-seed summary
two_stage_b1_b2,chain_fixed_five_seed_mean,oilseed-soy,b1_to_b2,kge,mean_0_4,,,100,1,,effective_b1_budget,86.0,,,0.0,5,,,descriptive fixed-seed summary
two_stage_b1_b2,chain_fixed_five_seed_mean,oilseed-soy,b1_to_b2,kge,mean_0_4,,,100,1,,positive_entries_denominator,34.0,,,0.0,5,,,descriptive fixed-seed summary
two_stage_b1_b2,chain_fixed_five_seed_mean,oilseed-soy,b1_to_b2,kge,mean_0_4,,,100,1,,positive_entry_gate_precision,0.3953488372093023,,,0.0,5,,,descriptive fixed-seed summary
two_stage_b1_b2,chain_fixed_five_seed_mean,oilseed-soy,b1_to_b2,kge,mean_0_4,,,100,1,,positive_entry_gate_recall,1.0,,,0.0,5,,,descriptive fixed-seed summary
two_stage_b1_b2,chain_fixed_five_seed_mean,oilseed-soy,b1_to_b2,kge,mean_0_4,,,100,1,,positive_lanes_denominator,74.0,,,0.0,5,,,descriptive fixed-seed summary
two_stage_b1_b2,chain_fixed_five_seed_mean,oilseed-soy,b1_to_b2,kge,mean_0_4,,,100,1,,selected_positive_entries,34.0,,,0.0,5,,,descriptive fixed-seed summary
two_stage_b1_b2,chain_fixed_five_seed_mean,oilseed-soy,b1_to_b2,kge,mean_0_4,,,100,3,,e2e_global_observed_value_capture,0.24239763116790627,,,0.10564072356229846,5,,,descriptive fixed-seed summary
two_stage_b1_b2,chain_fixed_five_seed_mean,oilseed-soy,b1_to_b2,kge,mean_0_4,,,100,3,,e2e_macro_destination_observed_value_capture,0.12362914661196496,,,0.025216798057195174,5,,,descriptive fixed-seed summary
two_stage_b1_b2,chain_fixed_five_seed_mean,oilseed-soy,b1_to_b2,kge,mean_0_4,,,100,3,,e2e_macro_destination_recall,0.12418300653594772,,,0.021346211610935445,5,,,descriptive fixed-seed summary
two_stage_b1_b2,chain_fixed_five_seed_mean,oilseed-soy,b1_to_b2,kge,mean_0_4,,,100,3,,e2e_micro_destination_recall,0.16756756756756758,,,0.02506383377161001,5,,,descriptive fixed-seed summary
two_stage_b1_b2,chain_fixed_five_seed_mean,oilseed-soy,b1_to_b2,kge,mean_0_4,,,100,3,,effective_b1_budget,86.0,,,0.0,5,,,descriptive fixed-seed summary
two_stage_b1_b2,chain_fixed_five_seed_mean,oilseed-soy,b1_to_b2,kge,mean_0_4,,,100,3,,positive_entries_denominator,34.0,,,0.0,5,,,descriptive fixed-seed summary
two_stage_b1_b2,chain_fixed_five_seed_mean,oilseed-soy,b1_to_b2,kge,mean_0_4,,,100,3,,positive_entry_gate_precision,0.3953488372093023,,,0.0,5,,,descriptive fixed-seed summary
two_stage_b1_b2,chain_fixed_five_seed_mean,oilseed-soy,b1_to_b2,kge,mean_0_4,,,100,3,,positive_entry_gate_recall,1.0,,,0.0,5,,,descriptive fixed-seed summary
two_stage_b1_b2,chain_fixed_five_seed_mean,oilseed-soy,b1_to_b2,kge,mean_0_4,,,100,3,,positive_lanes_denominator,74.0,,,0.0,5,,,descriptive fixed-seed summary
two_stage_b1_b2,chain_fixed_five_seed_mean,oilseed-soy,b1_to_b2,kge,mean_0_4,,,100,3,,selected_positive_entries,34.0,,,0.0,5,,,descriptive fixed-seed summary
two_stage_b1_b2,chain_fixed_five_seed_mean,oilseed-soy,b1_to_b2,kge,mean_0_4,,,100,5,,e2e_global_observed_value_capture,0.33619757497196817,,,0.10496230058325856,5,,,descriptive fixed-seed summary
two_stage_b1_b2,chain_fixed_five_seed_mean,oilseed-soy,b1_to_b2,kge,mean_0_4,,,100,5,,e2e_macro_destination_observed_value_capture,0.17429923673581935,,,0.018790776324627324,5,,,descriptive fixed-seed summary
two_stage_b1_b2,chain_fixed_five_seed_mean,oilseed-soy,b1_to_b2,kge,mean_0_4,,,100,5,,e2e_macro_destination_recall,0.17127450980392156,,,0.0225187231348245,5,,,descriptive fixed-seed summary
two_stage_b1_b2,chain_fixed_five_seed_mean,oilseed-soy,b1_to_b2,kge,mean_0_4,,,100,5,,e2e_micro_destination_recall,0.2378378378378378,,,0.027826027408072974,5,,,descriptive fixed-seed summary
two_stage_b1_b2,chain_fixed_five_seed_mean,oilseed-soy,b1_to_b2,kge,mean_0_4,,,100,5,,effective_b1_budget,86.0,,,0.0,5,,,descriptive fixed-seed summary
two_stage_b1_b2,chain_fixed_five_seed_mean,oilseed-soy,b1_to_b2,kge,mean_0_4,,,100,5,,positive_entries_denominator,34.0,,,0.0,5,,,descriptive fixed-seed summary
two_stage_b1_b2,chain_fixed_five_seed_mean,oilseed-soy,b1_to_b2,kge,mean_0_4,,,100,5,,positive_entry_gate_precision,0.3953488372093023,,,0.0,5,,,descriptive fixed-seed summary
two_stage_b1_b2,chain_fixed_five_seed_mean,oilseed-soy,b1_to_b2,kge,mean_0_4,,,100,5,,positive_entry_gate_recall,1.0,,,0.0,5,,,descriptive fixed-seed summary
two_stage_b1_b2,chain_fixed_five_seed_mean,oilseed-soy,b1_to_b2,kge,mean_0_4,,,100,5,,positive_lanes_denominator,74.0,,,0.0,5,,,descriptive fixed-seed summary
two_stage_b1_b2,chain_fixed_five_seed_mean,oilseed-soy,b1_to_b2,kge,mean_0_4,,,100,5,,selected_positive_entries,34.0,,,0.0,5,,,descriptive fixed-seed summary
two_stage_b1_b2,chain_fixed_five_seed_mean,oilseed-soy,b1_to_b2,kge,mean_0_4,,,25,1,,e2e_global_observed_value_capture,0.06338488118650482,,,0.05812567949598328,5,,,descriptive fixed-seed summary
two_stage_b1_b2,chain_fixed_five_seed_mean,oilseed-soy,b1_to_b2,kge,mean_0_4,,,25,1,,e2e_macro_destination_observed_value_capture,0.012440212860689467,,,0.009234615282898116,5,,,descriptive fixed-seed summary
two_stage_b1_b2,chain_fixed_five_seed_mean,oilseed-soy,b1_to_b2,kge,mean_0_4,,,25,1,,e2e_macro_destination_recall,0.0190359477124183,,,0.004104528329111264,5,,,descriptive fixed-seed summary
two_stage_b1_b2,chain_fixed_five_seed_mean,oilseed-soy,b1_to_b2,kge,mean_0_4,,,25,1,,e2e_micro_destination_recall,0.04054054054054054,,,0.0,5,,,descriptive fixed-seed summary
two_stage_b1_b2,chain_fixed_five_seed_mean,oilseed-soy,b1_to_b2,kge,mean_0_4,,,25,1,,effective_b1_budget,25.0,,,0.0,5,,,descriptive fixed-seed summary
two_stage_b1_b2,chain_fixed_five_seed_mean,oilseed-soy,b1_to_b2,kge,mean_0_4,,,25,1,,positive_entries_denominator,34.0,,,0.0,5,,,descriptive fixed-seed summary
two_stage_b1_b2,chain_fixed_five_seed_mean,oilseed-soy,b1_to_b2,kge,mean_0_4,,,25,1,,positive_entry_gate_precision,0.528,,,0.04664761515876242,5,,,descriptive fixed-seed summary
two_stage_b1_b2,chain_fixed_five_seed_mean,oilseed-soy,b1_to_b2,kge,mean_0_4,,,25,1,,positive_entry_gate_recall,0.38823529411764707,,,0.03429971702850175,5,,,descriptive fixed-seed summary
two_stage_b1_b2,chain_fixed_five_seed_mean,oilseed-soy,b1_to_b2,kge,mean_0_4,,,25,1,,positive_lanes_denominator,74.0,,,0.0,5,,,descriptive fixed-seed summary
two_stage_b1_b2,chain_fixed_five_seed_mean,oilseed-soy,b1_to_b2,kge,mean_0_4,,,25,1,,selected_positive_entries,13.2,,,1.1661903789690602,5,,,descriptive fixed-seed summary
two_stage_b1_b2,chain_fixed_five_seed_mean,oilseed-soy,b1_to_b2,kge,mean_0_4,,,25,3,,e2e_global_observed_value_capture,0.11761115134216002,,,0.09084063918003872,5,,,descriptive fixed-seed summary
two_stage_b1_b2,chain_fixed_five_seed_mean,oilseed-soy,b1_to_b2,kge,mean_0_4,,,25,3,,e2e_macro_destination_observed_value_capture,0.04855319221503311,,,0.01268108408086712,5,,,descriptive fixed-seed summary
two_stage_b1_b2,chain_fixed_five_seed_mean,oilseed-soy,b1_to_b2,kge,mean_0_4,,,25,3,,e2e_macro_destination_recall,0.052532679738562085,,,0.021941104432916997,5,,,descriptive fixed-seed summary
two_stage_b1_b2,chain_fixed_five_seed_mean,oilseed-soy,b1_to_b2,kge,mean_0_4,,,25,3,,e2e_micro_destination_recall,0.08378378378378379,,,0.023249527748763855,5,,,descriptive fixed-seed summary
two_stage_b1_b2,chain_fixed_five_seed_mean,oilseed-soy,b1_to_b2,kge,mean_0_4,,,25,3,,effective_b1_budget,25.0,,,0.0,5,,,descriptive fixed-seed summary
two_stage_b1_b2,chain_fixed_five_seed_mean,oilseed-soy,b1_to_b2,kge,mean_0_4,,,25,3,,positive_entries_denominator,34.0,,,0.0,5,,,descriptive fixed-seed summary
two_stage_b1_b2,chain_fixed_five_seed_mean,oilseed-soy,b1_to_b2,kge,mean_0_4,,,25,3,,positive_entry_gate_precision,0.528,,,0.04664761515876242,5,,,descriptive fixed-seed summary
two_stage_b1_b2,chain_fixed_five_seed_mean,oilseed-soy,b1_to_b2,kge,mean_0_4,,,25,3,,positive_entry_gate_recall,0.38823529411764707,,,0.03429971702850175,5,,,descriptive fixed-seed summary
two_stage_b1_b2,chain_fixed_five_seed_mean,oilseed-soy,b1_to_b2,kge,mean_0_4,,,25,3,,positive_lanes_denominator,74.0,,,0.0,5,,,descriptive fixed-seed summary
two_stage_b1_b2,chain_fixed_five_seed_mean,oilseed-soy,b1_to_b2,kge,mean_0_4,,,25,3,,selected_positive_entries,13.2,,,1.1661903789690602,5,,,descriptive fixed-seed summary
two_stage_b1_b2,chain_fixed_five_seed_mean,oilseed-soy,b1_to_b2,kge,mean_0_4,,,25,5,,e2e_global_observed_value_capture,0.1620503604490048,,,0.15417042247089466,5,,,descriptive fixed-seed summary
two_stage_b1_b2,chain_fixed_five_seed_mean,oilseed-soy,b1_to_b2,kge,mean_0_4,,,25,5,,e2e_macro_destination_observed_value_capture,0.06497260603074922,,,0.015932658323536627,5,,,descriptive fixed-seed summary
two_stage_b1_b2,chain_fixed_five_seed_mean,oilseed-soy,b1_to_b2,kge,mean_0_4,,,25,5,,e2e_macro_destination_recall,0.06906862745098039,,,0.021031868314858124,5,,,descriptive fixed-seed summary
two_stage_b1_b2,chain_fixed_five_seed_mean,oilseed-soy,b1_to_b2,kge,mean_0_4,,,25,5,,e2e_micro_destination_recall,0.11621621621621622,,,0.030337762595464394,5,,,descriptive fixed-seed summary
two_stage_b1_b2,chain_fixed_five_seed_mean,oilseed-soy,b1_to_b2,kge,mean_0_4,,,25,5,,effective_b1_budget,25.0,,,0.0,5,,,descriptive fixed-seed summary
two_stage_b1_b2,chain_fixed_five_seed_mean,oilseed-soy,b1_to_b2,kge,mean_0_4,,,25,5,,positive_entries_denominator,34.0,,,0.0,5,,,descriptive fixed-seed summary
two_stage_b1_b2,chain_fixed_five_seed_mean,oilseed-soy,b1_to_b2,kge,mean_0_4,,,25,5,,positive_entry_gate_precision,0.528,,,0.04664761515876242,5,,,descriptive fixed-seed summary
two_stage_b1_b2,chain_fixed_five_seed_mean,oilseed-soy,b1_to_b2,kge,mean_0_4,,,25,5,,positive_entry_gate_recall,0.38823529411764707,,,0.03429971702850175,5,,,descriptive fixed-seed summary
two_stage_b1_b2,chain_fixed_five_seed_mean,oilseed-soy,b1_to_b2,kge,mean_0_4,,,25,5,,positive_lanes_denominator,74.0,,,0.0,5,,,descriptive fixed-seed summary
two_stage_b1_b2,chain_fixed_five_seed_mean,oilseed-soy,b1_to_b2,kge,mean_0_4,,,25,5,,selected_positive_entries,13.2,,,1.1661903789690602,5,,,descriptive fixed-seed summary
two_stage_b1_b2,chain_fixed_five_seed_mean,oilseed-soy,b1_to_b2,kge,mean_0_4,,,250,1,,e2e_global_observed_value_capture,0.14327632997626671,,,0.07461180305347904,5,,,descriptive fixed-seed summary
two_stage_b1_b2,chain_fixed_five_seed_mean,oilseed-soy,b1_to_b2,kge,mean_0_4,,,250,1,,e2e_macro_destination_observed_value_capture,0.04396724910661109,,,0.01917424347048796,5,,,descriptive fixed-seed summary
two_stage_b1_b2,chain_fixed_five_seed_mean,oilseed-soy,b1_to_b2,kge,mean_0_4,,,250,1,,e2e_macro_destination_recall,0.04967320261437909,,,0.012466581411903578,5,,,descriptive fixed-seed summary
two_stage_b1_b2,chain_fixed_five_seed_mean,oilseed-soy,b1_to_b2,kge,mean_0_4,,,250,1,,e2e_micro_destination_recall,0.07837837837837838,,,0.01986072764418793,5,,,descriptive fixed-seed summary
two_stage_b1_b2,chain_fixed_five_seed_mean,oilseed-soy,b1_to_b2,kge,mean_0_4,,,250,1,,effective_b1_budget,86.0,,,0.0,5,,,descriptive fixed-seed summary
two_stage_b1_b2,chain_fixed_five_seed_mean,oilseed-soy,b1_to_b2,kge,mean_0_4,,,250,1,,positive_entries_denominator,34.0,,,0.0,5,,,descriptive fixed-seed summary
two_stage_b1_b2,chain_fixed_five_seed_mean,oilseed-soy,b1_to_b2,kge,mean_0_4,,,250,1,,positive_entry_gate_precision,0.3953488372093023,,,0.0,5,,,descriptive fixed-seed summary
two_stage_b1_b2,chain_fixed_five_seed_mean,oilseed-soy,b1_to_b2,kge,mean_0_4,,,250,1,,positive_entry_gate_recall,1.0,,,0.0,5,,,descriptive fixed-seed summary
two_stage_b1_b2,chain_fixed_five_seed_mean,oilseed-soy,b1_to_b2,kge,mean_0_4,,,250,1,,positive_lanes_denominator,74.0,,,0.0,5,,,descriptive fixed-seed summary
two_stage_b1_b2,chain_fixed_five_seed_mean,oilseed-soy,b1_to_b2,kge,mean_0_4,,,250,1,,selected_positive_entries,34.0,,,0.0,5,,,descriptive fixed-seed summary
two_stage_b1_b2,chain_fixed_five_seed_mean,oilseed-soy,b1_to_b2,kge,mean_0_4,,,250,3,,e2e_global_observed_value_capture,0.24239763116790627,,,0.10564072356229846,5,,,descriptive fixed-seed summary
two_stage_b1_b2,chain_fixed_five_seed_mean,oilseed-soy,b1_to_b2,kge,mean_0_4,,,250,3,,e2e_macro_destination_observed_value_capture,0.12362914661196496,,,0.025216798057195174,5,,,descriptive fixed-seed summary
two_stage_b1_b2,chain_fixed_five_seed_mean,oilseed-soy,b1_to_b2,kge,mean_0_4,,,250,3,,e2e_macro_destination_recall,0.12418300653594772,,,0.021346211610935445,5,,,descriptive fixed-seed summary
two_stage_b1_b2,chain_fixed_five_seed_mean,oilseed-soy,b1_to_b2,kge,mean_0_4,,,250,3,,e2e_micro_destination_recall,0.16756756756756758,,,0.02506383377161001,5,,,descriptive fixed-seed summary
two_stage_b1_b2,chain_fixed_five_seed_mean,oilseed-soy,b1_to_b2,kge,mean_0_4,,,250,3,,effective_b1_budget,86.0,,,0.0,5,,,descriptive fixed-seed summary
two_stage_b1_b2,chain_fixed_five_seed_mean,oilseed-soy,b1_to_b2,kge,mean_0_4,,,250,3,,positive_entries_denominator,34.0,,,0.0,5,,,descriptive fixed-seed summary
two_stage_b1_b2,chain_fixed_five_seed_mean,oilseed-soy,b1_to_b2,kge,mean_0_4,,,250,3,,positive_entry_gate_precision,0.3953488372093023,,,0.0,5,,,descriptive fixed-seed summary
two_stage_b1_b2,chain_fixed_five_seed_mean,oilseed-soy,b1_to_b2,kge,mean_0_4,,,250,3,,positive_entry_gate_recall,1.0,,,0.0,5,,,descriptive fixed-seed summary
two_stage_b1_b2,chain_fixed_five_seed_mean,oilseed-soy,b1_to_b2,kge,mean_0_4,,,250,3,,positive_lanes_denominator,74.0,,,0.0,5,,,descriptive fixed-seed summary
two_stage_b1_b2,chain_fixed_five_seed_mean,oilseed-soy,b1_to_b2,kge,mean_0_4,,,250,3,,selected_positive_entries,34.0,,,0.0,5,,,descriptive fixed-seed summary
two_stage_b1_b2,chain_fixed_five_seed_mean,oilseed-soy,b1_to_b2,kge,mean_0_4,,,250,5,,e2e_global_observed_value_capture,0.33619757497196817,,,0.10496230058325856,5,,,descriptive fixed-seed summary
two_stage_b1_b2,chain_fixed_five_seed_mean,oilseed-soy,b1_to_b2,kge,mean_0_4,,,250,5,,e2e_macro_destination_observed_value_capture,0.17429923673581935,,,0.018790776324627324,5,,,descriptive fixed-seed summary
two_stage_b1_b2,chain_fixed_five_seed_mean,oilseed-soy,b1_to_b2,kge,mean_0_4,,,250,5,,e2e_macro_destination_recall,0.17127450980392156,,,0.0225187231348245,5,,,descriptive fixed-seed summary
two_stage_b1_b2,chain_fixed_five_seed_mean,oilseed-soy,b1_to_b2,kge,mean_0_4,,,250,5,,e2e_micro_destination_recall,0.2378378378378378,,,0.027826027408072974,5,,,descriptive fixed-seed summary
two_stage_b1_b2,chain_fixed_five_seed_mean,oilseed-soy,b1_to_b2,kge,mean_0_4,,,250,5,,effective_b1_budget,86.0,,,0.0,5,,,descriptive fixed-seed summary
two_stage_b1_b2,chain_fixed_five_seed_mean,oilseed-soy,b1_to_b2,kge,mean_0_4,,,250,5,,positive_entries_denominator,34.0,,,0.0,5,,,descriptive fixed-seed summary
two_stage_b1_b2,chain_fixed_five_seed_mean,oilseed-soy,b1_to_b2,kge,mean_0_4,,,250,5,,positive_entry_gate_precision,0.3953488372093023,,,0.0,5,,,descriptive fixed-seed summary
two_stage_b1_b2,chain_fixed_five_seed_mean,oilseed-soy,b1_to_b2,kge,mean_0_4,,,250,5,,positive_entry_gate_recall,1.0,,,0.0,5,,,descriptive fixed-seed summary
two_stage_b1_b2,chain_fixed_five_seed_mean,oilseed-soy,b1_to_b2,kge,mean_0_4,,,250,5,,positive_lanes_denominator,74.0,,,0.0,5,,,descriptive fixed-seed summary
two_stage_b1_b2,chain_fixed_five_seed_mean,oilseed-soy,b1_to_b2,kge,mean_0_4,,,250,5,,selected_positive_entries,34.0,,,0.0,5,,,descriptive fixed-seed summary
two_stage_b1_b2,chain_fixed_five_seed_mean,oilseed-soy,b1_to_b2,kge,mean_0_4,,,50,1,,e2e_global_observed_value_capture,0.10696695568794182,,,0.08400302708118994,5,,,descriptive fixed-seed summary
two_stage_b1_b2,chain_fixed_five_seed_mean,oilseed-soy,b1_to_b2,kge,mean_0_4,,,50,1,,e2e_macro_destination_observed_value_capture,0.02066027151959217,,,0.010979391068180681,5,,,descriptive fixed-seed summary
two_stage_b1_b2,chain_fixed_five_seed_mean,oilseed-soy,b1_to_b2,kge,mean_0_4,,,50,1,,e2e_macro_destination_recall,0.022549019607843137,,,0.0038701697001068663,5,,,descriptive fixed-seed summary
two_stage_b1_b2,chain_fixed_five_seed_mean,oilseed-soy,b1_to_b2,kge,mean_0_4,,,50,1,,e2e_micro_destination_recall,0.05405405405405406,,,0.012086853932431297,5,,,descriptive fixed-seed summary
two_stage_b1_b2,chain_fixed_five_seed_mean,oilseed-soy,b1_to_b2,kge,mean_0_4,,,50,1,,effective_b1_budget,50.0,,,0.0,5,,,descriptive fixed-seed summary
two_stage_b1_b2,chain_fixed_five_seed_mean,oilseed-soy,b1_to_b2,kge,mean_0_4,,,50,1,,positive_entries_denominator,34.0,,,0.0,5,,,descriptive fixed-seed summary
two_stage_b1_b2,chain_fixed_five_seed_mean,oilseed-soy,b1_to_b2,kge,mean_0_4,,,50,1,,positive_entry_gate_precision,0.46399999999999997,,,0.014966629547095756,5,,,descriptive fixed-seed summary
two_stage_b1_b2,chain_fixed_five_seed_mean,oilseed-soy,b1_to_b2,kge,mean_0_4,,,50,1,,positive_entry_gate_recall,0.6823529411764706,,,0.022009749333964365,5,,,descriptive fixed-seed summary
two_stage_b1_b2,chain_fixed_five_seed_mean,oilseed-soy,b1_to_b2,kge,mean_0_4,,,50,1,,positive_lanes_denominator,74.0,,,0.0,5,,,descriptive fixed-seed summary
two_stage_b1_b2,chain_fixed_five_seed_mean,oilseed-soy,b1_to_b2,kge,mean_0_4,,,50,1,,selected_positive_entries,23.2,,,0.7483314773547882,5,,,descriptive fixed-seed summary
two_stage_b1_b2,chain_fixed_five_seed_mean,oilseed-soy,b1_to_b2,kge,mean_0_4,,,50,3,,e2e_global_observed_value_capture,0.1992085686502252,,,0.1214397629756613,5,,,descriptive fixed-seed summary
two_stage_b1_b2,chain_fixed_five_seed_mean,oilseed-soy,b1_to_b2,kge,mean_0_4,,,50,3,,e2e_macro_destination_observed_value_capture,0.07089896413557273,,,0.017277938754593453,5,,,descriptive fixed-seed summary
two_stage_b1_b2,chain_fixed_five_seed_mean,oilseed-soy,b1_to_b2,kge,mean_0_4,,,50,3,,e2e_macro_destination_recall,0.06993464052287582,,,0.026678808670424815,5,,,descriptive fixed-seed summary
two_stage_b1_b2,chain_fixed_five_seed_mean,oilseed-soy,b1_to_b2,kge,mean_0_4,,,50,3,,e2e_micro_destination_recall,0.11621621621621622,,,0.018330621576014238,5,,,descriptive fixed-seed summary
two_stage_b1_b2,chain_fixed_five_seed_mean,oilseed-soy,b1_to_b2,kge,mean_0_4,,,50,3,,effective_b1_budget,50.0,,,0.0,5,,,descriptive fixed-seed summary
two_stage_b1_b2,chain_fixed_five_seed_mean,oilseed-soy,b1_to_b2,kge,mean_0_4,,,50,3,,positive_entries_denominator,34.0,,,0.0,5,,,descriptive fixed-seed summary
two_stage_b1_b2,chain_fixed_five_seed_mean,oilseed-soy,b1_to_b2,kge,mean_0_4,,,50,3,,positive_entry_gate_precision,0.46399999999999997,,,0.014966629547095756,5,,,descriptive fixed-seed summary
two_stage_b1_b2,chain_fixed_five_seed_mean,oilseed-soy,b1_to_b2,kge,mean_0_4,,,50,3,,positive_entry_gate_recall,0.6823529411764706,,,0.022009749333964365,5,,,descriptive fixed-seed summary
two_stage_b1_b2,chain_fixed_five_seed_mean,oilseed-soy,b1_to_b2,kge,mean_0_4,,,50,3,,positive_lanes_denominator,74.0,,,0.0,5,,,descriptive fixed-seed summary
two_stage_b1_b2,chain_fixed_five_seed_mean,oilseed-soy,b1_to_b2,kge,mean_0_4,,,50,3,,selected_positive_entries,23.2,,,0.7483314773547882,5,,,descriptive fixed-seed summary
two_stage_b1_b2,chain_fixed_five_seed_mean,oilseed-soy,b1_to_b2,kge,mean_0_4,,,50,5,,e2e_global_observed_value_capture,0.29099332926533267,,,0.14370062360259908,5,,,descriptive fixed-seed summary
two_stage_b1_b2,chain_fixed_five_seed_mean,oilseed-soy,b1_to_b2,kge,mean_0_4,,,50,5,,e2e_macro_destination_observed_value_capture,0.0983116169904229,,,0.022975879856089114,5,,,descriptive fixed-seed summary
two_stage_b1_b2,chain_fixed_five_seed_mean,oilseed-soy,b1_to_b2,kge,mean_0_4,,,50,5,,e2e_macro_destination_recall,0.0957843137254902,,,0.032440159389546606,5,,,descriptive fixed-seed summary
two_stage_b1_b2,chain_fixed_five_seed_mean,oilseed-soy,b1_to_b2,kge,mean_0_4,,,50,5,,e2e_micro_destination_recall,0.17027027027027025,,,0.035855403138977296,5,,,descriptive fixed-seed summary
two_stage_b1_b2,chain_fixed_five_seed_mean,oilseed-soy,b1_to_b2,kge,mean_0_4,,,50,5,,effective_b1_budget,50.0,,,0.0,5,,,descriptive fixed-seed summary
two_stage_b1_b2,chain_fixed_five_seed_mean,oilseed-soy,b1_to_b2,kge,mean_0_4,,,50,5,,positive_entries_denominator,34.0,,,0.0,5,,,descriptive fixed-seed summary
two_stage_b1_b2,chain_fixed_five_seed_mean,oilseed-soy,b1_to_b2,kge,mean_0_4,,,50,5,,positive_entry_gate_precision,0.46399999999999997,,,0.014966629547095756,5,,,descriptive fixed-seed summary
two_stage_b1_b2,chain_fixed_five_seed_mean,oilseed-soy,b1_to_b2,kge,mean_0_4,,,50,5,,positive_entry_gate_recall,0.6823529411764706,,,0.022009749333964365,5,,,descriptive fixed-seed summary
two_stage_b1_b2,chain_fixed_five_seed_mean,oilseed-soy,b1_to_b2,kge,mean_0_4,,,50,5,,positive_lanes_denominator,74.0,,,0.0,5,,,descriptive fixed-seed summary
two_stage_b1_b2,chain_fixed_five_seed_mean,oilseed-soy,b1_to_b2,kge,mean_0_4,,,50,5,,selected_positive_entries,23.2,,,0.7483314773547882,5,,,descriptive fixed-seed summary
two_stage_b1_b2,chain_fixed_five_seed_mean,oilseed-soy,b1_to_b2,nbfnet,mean_0_4,,,100,1,,e2e_global_observed_value_capture,0.27134139349399444,,,0.06197843583674273,5,,,descriptive fixed-seed summary
two_stage_b1_b2,chain_fixed_five_seed_mean,oilseed-soy,b1_to_b2,nbfnet,mean_0_4,,,100,1,,e2e_macro_destination_observed_value_capture,0.10900582409965098,,,0.030751948356095776,5,,,descriptive fixed-seed summary
two_stage_b1_b2,chain_fixed_five_seed_mean,oilseed-soy,b1_to_b2,nbfnet,mean_0_4,,,100,1,,e2e_macro_destination_recall,0.08645424836601306,,,0.0217022376804405,5,,,descriptive fixed-seed summary
two_stage_b1_b2,chain_fixed_five_seed_mean,oilseed-soy,b1_to_b2,nbfnet,mean_0_4,,,100,1,,e2e_micro_destination_recall,0.0918918918918919,,,0.01986072764418793,5,,,descriptive fixed-seed summary
two_stage_b1_b2,chain_fixed_five_seed_mean,oilseed-soy,b1_to_b2,nbfnet,mean_0_4,,,100,1,,effective_b1_budget,86.0,,,0.0,5,,,descriptive fixed-seed summary
two_stage_b1_b2,chain_fixed_five_seed_mean,oilseed-soy,b1_to_b2,nbfnet,mean_0_4,,,100,1,,positive_entries_denominator,34.0,,,0.0,5,,,descriptive fixed-seed summary
two_stage_b1_b2,chain_fixed_five_seed_mean,oilseed-soy,b1_to_b2,nbfnet,mean_0_4,,,100,1,,positive_entry_gate_precision,0.3953488372093023,,,0.0,5,,,descriptive fixed-seed summary
two_stage_b1_b2,chain_fixed_five_seed_mean,oilseed-soy,b1_to_b2,nbfnet,mean_0_4,,,100,1,,positive_entry_gate_recall,1.0,,,0.0,5,,,descriptive fixed-seed summary
two_stage_b1_b2,chain_fixed_five_seed_mean,oilseed-soy,b1_to_b2,nbfnet,mean_0_4,,,100,1,,positive_lanes_denominator,74.0,,,0.0,5,,,descriptive fixed-seed summary
two_stage_b1_b2,chain_fixed_five_seed_mean,oilseed-soy,b1_to_b2,nbfnet,mean_0_4,,,100,1,,selected_positive_entries,34.0,,,0.0,5,,,descriptive fixed-seed summary
two_stage_b1_b2,chain_fixed_five_seed_mean,oilseed-soy,b1_to_b2,nbfnet,mean_0_4,,,100,3,,e2e_global_observed_value_capture,0.37817668460367554,,,0.03740506987332173,5,,,descriptive fixed-seed summary
two_stage_b1_b2,chain_fixed_five_seed_mean,oilseed-soy,b1_to_b2,nbfnet,mean_0_4,,,100,3,,e2e_macro_destination_observed_value_capture,0.25211147540236994,,,0.01098395147835121,5,,,descriptive fixed-seed summary
two_stage_b1_b2,chain_fixed_five_seed_mean,oilseed-soy,b1_to_b2,nbfnet,mean_0_4,,,100,3,,e2e_macro_destination_recall,0.2238562091503268,,,0.010530662283794526,5,,,descriptive fixed-seed summary
two_stage_b1_b2,chain_fixed_five_seed_mean,oilseed-soy,b1_to_b2,nbfnet,mean_0_4,,,100,3,,e2e_micro_destination_recall,0.23513513513513512,,,0.010810810810810811,5,,,descriptive fixed-seed summary
two_stage_b1_b2,chain_fixed_five_seed_mean,oilseed-soy,b1_to_b2,nbfnet,mean_0_4,,,100,3,,effective_b1_budget,86.0,,,0.0,5,,,descriptive fixed-seed summary
two_stage_b1_b2,chain_fixed_five_seed_mean,oilseed-soy,b1_to_b2,nbfnet,mean_0_4,,,100,3,,positive_entries_denominator,34.0,,,0.0,5,,,descriptive fixed-seed summary
two_stage_b1_b2,chain_fixed_five_seed_mean,oilseed-soy,b1_to_b2,nbfnet,mean_0_4,,,100,3,,positive_entry_gate_precision,0.3953488372093023,,,0.0,5,,,descriptive fixed-seed summary
two_stage_b1_b2,chain_fixed_five_seed_mean,oilseed-soy,b1_to_b2,nbfnet,mean_0_4,,,100,3,,positive_entry_gate_recall,1.0,,,0.0,5,,,descriptive fixed-seed summary
two_stage_b1_b2,chain_fixed_five_seed_mean,oilseed-soy,b1_to_b2,nbfnet,mean_0_4,,,100,3,,positive_lanes_denominator,74.0,,,0.0,5,,,descriptive fixed-seed summary
two_stage_b1_b2,chain_fixed_five_seed_mean,oilseed-soy,b1_to_b2,nbfnet,mean_0_4,,,100,3,,selected_positive_entries,34.0,,,0.0,5,,,descriptive fixed-seed summary
two_stage_b1_b2,chain_fixed_five_seed_mean,oilseed-soy,b1_to_b2,nbfnet,mean_0_4,,,100,5,,e2e_global_observed_value_capture,0.4251617588377045,,,0.04942725979908515,5,,,descriptive fixed-seed summary
two_stage_b1_b2,chain_fixed_five_seed_mean,oilseed-soy,b1_to_b2,nbfnet,mean_0_4,,,100,5,,e2e_macro_destination_observed_value_capture,0.35525321679415217,,,0.03701158095790011,5,,,descriptive fixed-seed summary
two_stage_b1_b2,chain_fixed_five_seed_mean,oilseed-soy,b1_to_b2,nbfnet,mean_0_4,,,100,5,,e2e_macro_destination_recall,0.33504901960784317,,,0.04145354311141859,5,,,descriptive fixed-seed summary
two_stage_b1_b2,chain_fixed_five_seed_mean,oilseed-soy,b1_to_b2,nbfnet,mean_0_4,,,100,5,,e2e_micro_destination_recall,0.327027027027027,,,0.017927701569488644,5,,,descriptive fixed-seed summary
two_stage_b1_b2,chain_fixed_five_seed_mean,oilseed-soy,b1_to_b2,nbfnet,mean_0_4,,,100,5,,effective_b1_budget,86.0,,,0.0,5,,,descriptive fixed-seed summary
two_stage_b1_b2,chain_fixed_five_seed_mean,oilseed-soy,b1_to_b2,nbfnet,mean_0_4,,,100,5,,positive_entries_denominator,34.0,,,0.0,5,,,descriptive fixed-seed summary
two_stage_b1_b2,chain_fixed_five_seed_mean,oilseed-soy,b1_to_b2,nbfnet,mean_0_4,,,100,5,,positive_entry_gate_precision,0.3953488372093023,,,0.0,5,,,descriptive fixed-seed summary
two_stage_b1_b2,chain_fixed_five_seed_mean,oilseed-soy,b1_to_b2,nbfnet,mean_0_4,,,100,5,,positive_entry_gate_recall,1.0,,,0.0,5,,,descriptive fixed-seed summary
two_stage_b1_b2,chain_fixed_five_seed_mean,oilseed-soy,b1_to_b2,nbfnet,mean_0_4,,,100,5,,positive_lanes_denominator,74.0,,,0.0,5,,,descriptive fixed-seed summary
two_stage_b1_b2,chain_fixed_five_seed_mean,oilseed-soy,b1_to_b2,nbfnet,mean_0_4,,,100,5,,selected_positive_entries,34.0,,,0.0,5,,,descriptive fixed-seed summary
two_stage_b1_b2,chain_fixed_five_seed_mean,oilseed-soy,b1_to_b2,nbfnet,mean_0_4,,,25,1,,e2e_global_observed_value_capture,0.15732912930174253,,,0.13313644988610987,5,,,descriptive fixed-seed summary
two_stage_b1_b2,chain_fixed_five_seed_mean,oilseed-soy,b1_to_b2,nbfnet,mean_0_4,,,25,1,,e2e_macro_destination_observed_value_capture,0.03321050453985151,,,0.01632932665114389,5,,,descriptive fixed-seed summary
two_stage_b1_b2,chain_fixed_five_seed_mean,oilseed-soy,b1_to_b2,nbfnet,mean_0_4,,,25,1,,e2e_macro_destination_recall,0.0234640522875817,,,0.01152701055427378,5,,,descriptive fixed-seed summary
two_stage_b1_b2,chain_fixed_five_seed_mean,oilseed-soy,b1_to_b2,nbfnet,mean_0_4,,,25,1,,e2e_micro_destination_recall,0.04054054054054054,,,0.012086853932431297,5,,,descriptive fixed-seed summary
two_stage_b1_b2,chain_fixed_five_seed_mean,oilseed-soy,b1_to_b2,nbfnet,mean_0_4,,,25,1,,effective_b1_budget,25.0,,,0.0,5,,,descriptive fixed-seed summary
two_stage_b1_b2,chain_fixed_five_seed_mean,oilseed-soy,b1_to_b2,nbfnet,mean_0_4,,,25,1,,positive_entries_denominator,34.0,,,0.0,5,,,descriptive fixed-seed summary
two_stage_b1_b2,chain_fixed_five_seed_mean,oilseed-soy,b1_to_b2,nbfnet,mean_0_4,,,25,1,,positive_entry_gate_precision,0.48,,,0.06693280212272605,5,,,descriptive fixed-seed summary
two_stage_b1_b2,chain_fixed_five_seed_mean,oilseed-soy,b1_to_b2,nbfnet,mean_0_4,,,25,1,,positive_entry_gate_recall,0.3529411764705882,,,0.04921529567847501,5,,,descriptive fixed-seed summary
two_stage_b1_b2,chain_fixed_five_seed_mean,oilseed-soy,b1_to_b2,nbfnet,mean_0_4,,,25,1,,positive_lanes_denominator,74.0,,,0.0,5,,,descriptive fixed-seed summary
two_stage_b1_b2,chain_fixed_five_seed_mean,oilseed-soy,b1_to_b2,nbfnet,mean_0_4,,,25,1,,selected_positive_entries,12.0,,,1.6733200530681511,5,,,descriptive fixed-seed summary
two_stage_b1_b2,chain_fixed_five_seed_mean,oilseed-soy,b1_to_b2,nbfnet,mean_0_4,,,25,3,,e2e_global_observed_value_capture,0.25392245038015415,,,0.07908603960797893,5,,,descriptive fixed-seed summary
two_stage_b1_b2,chain_fixed_five_seed_mean,oilseed-soy,b1_to_b2,nbfnet,mean_0_4,,,25,3,,e2e_macro_destination_observed_value_capture,0.09618615359048113,,,0.019605879020244153,5,,,descriptive fixed-seed summary
two_stage_b1_b2,chain_fixed_five_seed_mean,oilseed-soy,b1_to_b2,nbfnet,mean_0_4,,,25,3,,e2e_macro_destination_recall,0.08169934640522876,,,0.013956965035335044,5,,,descriptive fixed-seed summary
two_stage_b1_b2,chain_fixed_five_seed_mean,oilseed-soy,b1_to_b2,nbfnet,mean_0_4,,,25,3,,e2e_micro_destination_recall,0.11621621621621622,,,0.013781133820521041,5,,,descriptive fixed-seed summary
two_stage_b1_b2,chain_fixed_five_seed_mean,oilseed-soy,b1_to_b2,nbfnet,mean_0_4,,,25,3,,effective_b1_budget,25.0,,,0.0,5,,,descriptive fixed-seed summary
two_stage_b1_b2,chain_fixed_five_seed_mean,oilseed-soy,b1_to_b2,nbfnet,mean_0_4,,,25,3,,positive_entries_denominator,34.0,,,0.0,5,,,descriptive fixed-seed summary
two_stage_b1_b2,chain_fixed_five_seed_mean,oilseed-soy,b1_to_b2,nbfnet,mean_0_4,,,25,3,,positive_entry_gate_precision,0.48,,,0.06693280212272605,5,,,descriptive fixed-seed summary
two_stage_b1_b2,chain_fixed_five_seed_mean,oilseed-soy,b1_to_b2,nbfnet,mean_0_4,,,25,3,,positive_entry_gate_recall,0.3529411764705882,,,0.04921529567847501,5,,,descriptive fixed-seed summary
two_stage_b1_b2,chain_fixed_five_seed_mean,oilseed-soy,b1_to_b2,nbfnet,mean_0_4,,,25,3,,positive_lanes_denominator,74.0,,,0.0,5,,,descriptive fixed-seed summary
two_stage_b1_b2,chain_fixed_five_seed_mean,oilseed-soy,b1_to_b2,nbfnet,mean_0_4,,,25,3,,selected_positive_entries,12.0,,,1.6733200530681511,5,,,descriptive fixed-seed summary
two_stage_b1_b2,chain_fixed_five_seed_mean,oilseed-soy,b1_to_b2,nbfnet,mean_0_4,,,25,5,,e2e_global_observed_value_capture,0.29229119304305773,,,0.10820259285400546,5,,,descriptive fixed-seed summary
two_stage_b1_b2,chain_fixed_five_seed_mean,oilseed-soy,b1_to_b2,nbfnet,mean_0_4,,,25,5,,e2e_macro_destination_observed_value_capture,0.1317055306500922,,,0.026790715280608304,5,,,descriptive fixed-seed summary
two_stage_b1_b2,chain_fixed_five_seed_mean,oilseed-soy,b1_to_b2,nbfnet,mean_0_4,,,25,5,,e2e_macro_destination_recall,0.12091503267973858,,,0.01875600634285196,5,,,descriptive fixed-seed summary
two_stage_b1_b2,chain_fixed_five_seed_mean,oilseed-soy,b1_to_b2,nbfnet,mean_0_4,,,25,5,,e2e_micro_destination_recall,0.16216216216216217,,,0.025640089136500375,5,,,descriptive fixed-seed summary
two_stage_b1_b2,chain_fixed_five_seed_mean,oilseed-soy,b1_to_b2,nbfnet,mean_0_4,,,25,5,,effective_b1_budget,25.0,,,0.0,5,,,descriptive fixed-seed summary
two_stage_b1_b2,chain_fixed_five_seed_mean,oilseed-soy,b1_to_b2,nbfnet,mean_0_4,,,25,5,,positive_entries_denominator,34.0,,,0.0,5,,,descriptive fixed-seed summary
two_stage_b1_b2,chain_fixed_five_seed_mean,oilseed-soy,b1_to_b2,nbfnet,mean_0_4,,,25,5,,positive_entry_gate_precision,0.48,,,0.06693280212272605,5,,,descriptive fixed-seed summary
two_stage_b1_b2,chain_fixed_five_seed_mean,oilseed-soy,b1_to_b2,nbfnet,mean_0_4,,,25,5,,positive_entry_gate_recall,0.3529411764705882,,,0.04921529567847501,5,,,descriptive fixed-seed summary
two_stage_b1_b2,chain_fixed_five_seed_mean,oilseed-soy,b1_to_b2,nbfnet,mean_0_4,,,25,5,,positive_lanes_denominator,74.0,,,0.0,5,,,descriptive fixed-seed summary
two_stage_b1_b2,chain_fixed_five_seed_mean,oilseed-soy,b1_to_b2,nbfnet,mean_0_4,,,25,5,,selected_positive_entries,12.0,,,1.6733200530681511,5,,,descriptive fixed-seed summary
two_stage_b1_b2,chain_fixed_five_seed_mean,oilseed-soy,b1_to_b2,nbfnet,mean_0_4,,,250,1,,e2e_global_observed_value_capture,0.27134139349399444,,,0.06197843583674273,5,,,descriptive fixed-seed summary
two_stage_b1_b2,chain_fixed_five_seed_mean,oilseed-soy,b1_to_b2,nbfnet,mean_0_4,,,250,1,,e2e_macro_destination_observed_value_capture,0.10900582409965098,,,0.030751948356095776,5,,,descriptive fixed-seed summary
two_stage_b1_b2,chain_fixed_five_seed_mean,oilseed-soy,b1_to_b2,nbfnet,mean_0_4,,,250,1,,e2e_macro_destination_recall,0.08645424836601306,,,0.0217022376804405,5,,,descriptive fixed-seed summary
two_stage_b1_b2,chain_fixed_five_seed_mean,oilseed-soy,b1_to_b2,nbfnet,mean_0_4,,,250,1,,e2e_micro_destination_recall,0.0918918918918919,,,0.01986072764418793,5,,,descriptive fixed-seed summary
two_stage_b1_b2,chain_fixed_five_seed_mean,oilseed-soy,b1_to_b2,nbfnet,mean_0_4,,,250,1,,effective_b1_budget,86.0,,,0.0,5,,,descriptive fixed-seed summary
two_stage_b1_b2,chain_fixed_five_seed_mean,oilseed-soy,b1_to_b2,nbfnet,mean_0_4,,,250,1,,positive_entries_denominator,34.0,,,0.0,5,,,descriptive fixed-seed summary
two_stage_b1_b2,chain_fixed_five_seed_mean,oilseed-soy,b1_to_b2,nbfnet,mean_0_4,,,250,1,,positive_entry_gate_precision,0.3953488372093023,,,0.0,5,,,descriptive fixed-seed summary
two_stage_b1_b2,chain_fixed_five_seed_mean,oilseed-soy,b1_to_b2,nbfnet,mean_0_4,,,250,1,,positive_entry_gate_recall,1.0,,,0.0,5,,,descriptive fixed-seed summary
two_stage_b1_b2,chain_fixed_five_seed_mean,oilseed-soy,b1_to_b2,nbfnet,mean_0_4,,,250,1,,positive_lanes_denominator,74.0,,,0.0,5,,,descriptive fixed-seed summary
two_stage_b1_b2,chain_fixed_five_seed_mean,oilseed-soy,b1_to_b2,nbfnet,mean_0_4,,,250,1,,selected_positive_entries,34.0,,,0.0,5,,,descriptive fixed-seed summary
two_stage_b1_b2,chain_fixed_five_seed_mean,oilseed-soy,b1_to_b2,nbfnet,mean_0_4,,,250,3,,e2e_global_observed_value_capture,0.37817668460367554,,,0.03740506987332173,5,,,descriptive fixed-seed summary
two_stage_b1_b2,chain_fixed_five_seed_mean,oilseed-soy,b1_to_b2,nbfnet,mean_0_4,,,250,3,,e2e_macro_destination_observed_value_capture,0.25211147540236994,,,0.01098395147835121,5,,,descriptive fixed-seed summary
two_stage_b1_b2,chain_fixed_five_seed_mean,oilseed-soy,b1_to_b2,nbfnet,mean_0_4,,,250,3,,e2e_macro_destination_recall,0.2238562091503268,,,0.010530662283794526,5,,,descriptive fixed-seed summary
two_stage_b1_b2,chain_fixed_five_seed_mean,oilseed-soy,b1_to_b2,nbfnet,mean_0_4,,,250,3,,e2e_micro_destination_recall,0.23513513513513512,,,0.010810810810810811,5,,,descriptive fixed-seed summary
two_stage_b1_b2,chain_fixed_five_seed_mean,oilseed-soy,b1_to_b2,nbfnet,mean_0_4,,,250,3,,effective_b1_budget,86.0,,,0.0,5,,,descriptive fixed-seed summary
two_stage_b1_b2,chain_fixed_five_seed_mean,oilseed-soy,b1_to_b2,nbfnet,mean_0_4,,,250,3,,positive_entries_denominator,34.0,,,0.0,5,,,descriptive fixed-seed summary
two_stage_b1_b2,chain_fixed_five_seed_mean,oilseed-soy,b1_to_b2,nbfnet,mean_0_4,,,250,3,,positive_entry_gate_precision,0.3953488372093023,,,0.0,5,,,descriptive fixed-seed summary
two_stage_b1_b2,chain_fixed_five_seed_mean,oilseed-soy,b1_to_b2,nbfnet,mean_0_4,,,250,3,,positive_entry_gate_recall,1.0,,,0.0,5,,,descriptive fixed-seed summary
two_stage_b1_b2,chain_fixed_five_seed_mean,oilseed-soy,b1_to_b2,nbfnet,mean_0_4,,,250,3,,positive_lanes_denominator,74.0,,,0.0,5,,,descriptive fixed-seed summary
two_stage_b1_b2,chain_fixed_five_seed_mean,oilseed-soy,b1_to_b2,nbfnet,mean_0_4,,,250,3,,selected_positive_entries,34.0,,,0.0,5,,,descriptive fixed-seed summary
two_stage_b1_b2,chain_fixed_five_seed_mean,oilseed-soy,b1_to_b2,nbfnet,mean_0_4,,,250,5,,e2e_global_observed_value_capture,0.4251617588377045,,,0.04942725979908515,5,,,descriptive fixed-seed summary
two_stage_b1_b2,chain_fixed_five_seed_mean,oilseed-soy,b1_to_b2,nbfnet,mean_0_4,,,250,5,,e2e_macro_destination_observed_value_capture,0.35525321679415217,,,0.03701158095790011,5,,,descriptive fixed-seed summary
two_stage_b1_b2,chain_fixed_five_seed_mean,oilseed-soy,b1_to_b2,nbfnet,mean_0_4,,,250,5,,e2e_macro_destination_recall,0.33504901960784317,,,0.04145354311141859,5,,,descriptive fixed-seed summary
two_stage_b1_b2,chain_fixed_five_seed_mean,oilseed-soy,b1_to_b2,nbfnet,mean_0_4,,,250,5,,e2e_micro_destination_recall,0.327027027027027,,,0.017927701569488644,5,,,descriptive fixed-seed summary
two_stage_b1_b2,chain_fixed_five_seed_mean,oilseed-soy,b1_to_b2,nbfnet,mean_0_4,,,250,5,,effective_b1_budget,86.0,,,0.0,5,,,descriptive fixed-seed summary
two_stage_b1_b2,chain_fixed_five_seed_mean,oilseed-soy,b1_to_b2,nbfnet,mean_0_4,,,250,5,,positive_entries_denominator,34.0,,,0.0,5,,,descriptive fixed-seed summary
two_stage_b1_b2,chain_fixed_five_seed_mean,oilseed-soy,b1_to_b2,nbfnet,mean_0_4,,,250,5,,positive_entry_gate_precision,0.3953488372093023,,,0.0,5,,,descriptive fixed-seed summary
two_stage_b1_b2,chain_fixed_five_seed_mean,oilseed-soy,b1_to_b2,nbfnet,mean_0_4,,,250,5,,positive_entry_gate_recall,1.0,,,0.0,5,,,descriptive fixed-seed summary
two_stage_b1_b2,chain_fixed_five_seed_mean,oilseed-soy,b1_to_b2,nbfnet,mean_0_4,,,250,5,,positive_lanes_denominator,74.0,,,0.0,5,,,descriptive fixed-seed summary
two_stage_b1_b2,chain_fixed_five_seed_mean,oilseed-soy,b1_to_b2,nbfnet,mean_0_4,,,250,5,,selected_positive_entries,34.0,,,0.0,5,,,descriptive fixed-seed summary
two_stage_b1_b2,chain_fixed_five_seed_mean,oilseed-soy,b1_to_b2,nbfnet,mean_0_4,,,50,1,,e2e_global_observed_value_capture,0.23192639381726607,,,0.07353292736946196,5,,,descriptive fixed-seed summary
two_stage_b1_b2,chain_fixed_five_seed_mean,oilseed-soy,b1_to_b2,nbfnet,mean_0_4,,,50,1,,e2e_macro_destination_observed_value_capture,0.08375134522323109,,,0.03773216857259023,5,,,descriptive fixed-seed summary
two_stage_b1_b2,chain_fixed_five_seed_mean,oilseed-soy,b1_to_b2,nbfnet,mean_0_4,,,50,1,,e2e_macro_destination_recall,0.06374183006535947,,,0.027671287611147875,5,,,descriptive fixed-seed summary
two_stage_b1_b2,chain_fixed_five_seed_mean,oilseed-soy,b1_to_b2,nbfnet,mean_0_4,,,50,1,,e2e_micro_destination_recall,0.07297297297297298,,,0.021956860553070164,5,,,descriptive fixed-seed summary
two_stage_b1_b2,chain_fixed_five_seed_mean,oilseed-soy,b1_to_b2,nbfnet,mean_0_4,,,50,1,,effective_b1_budget,50.0,,,0.0,5,,,descriptive fixed-seed summary
two_stage_b1_b2,chain_fixed_five_seed_mean,oilseed-soy,b1_to_b2,nbfnet,mean_0_4,,,50,1,,positive_entries_denominator,34.0,,,0.0,5,,,descriptive fixed-seed summary
two_stage_b1_b2,chain_fixed_five_seed_mean,oilseed-soy,b1_to_b2,nbfnet,mean_0_4,,,50,1,,positive_entry_gate_precision,0.44000000000000006,,,0.028284271247461894,5,,,descriptive fixed-seed summary
two_stage_b1_b2,chain_fixed_five_seed_mean,oilseed-soy,b1_to_b2,nbfnet,mean_0_4,,,50,1,,positive_entry_gate_recall,0.6470588235294118,,,0.04159451654038516,5,,,descriptive fixed-seed summary
two_stage_b1_b2,chain_fixed_five_seed_mean,oilseed-soy,b1_to_b2,nbfnet,mean_0_4,,,50,1,,positive_lanes_denominator,74.0,,,0.0,5,,,descriptive fixed-seed summary
two_stage_b1_b2,chain_fixed_five_seed_mean,oilseed-soy,b1_to_b2,nbfnet,mean_0_4,,,50,1,,selected_positive_entries,22.0,,,1.4142135623730951,5,,,descriptive fixed-seed summary
two_stage_b1_b2,chain_fixed_five_seed_mean,oilseed-soy,b1_to_b2,nbfnet,mean_0_4,,,50,3,,e2e_global_observed_value_capture,0.33314232097729257,,,0.03429698261458706,5,,,descriptive fixed-seed summary
two_stage_b1_b2,chain_fixed_five_seed_mean,oilseed-soy,b1_to_b2,nbfnet,mean_0_4,,,50,3,,e2e_macro_destination_observed_value_capture,0.18896177868556663,,,0.023937575840721415,5,,,descriptive fixed-seed summary
two_stage_b1_b2,chain_fixed_five_seed_mean,oilseed-soy,b1_to_b2,nbfnet,mean_0_4,,,50,3,,e2e_macro_destination_recall,0.1609477124183007,,,0.029797757647202265,5,,,descriptive fixed-seed summary
two_stage_b1_b2,chain_fixed_five_seed_mean,oilseed-soy,b1_to_b2,nbfnet,mean_0_4,,,50,3,,e2e_micro_destination_recall,0.18108108108108106,,,0.020225175063642926,5,,,descriptive fixed-seed summary
two_stage_b1_b2,chain_fixed_five_seed_mean,oilseed-soy,b1_to_b2,nbfnet,mean_0_4,,,50,3,,effective_b1_budget,50.0,,,0.0,5,,,descriptive fixed-seed summary
two_stage_b1_b2,chain_fixed_five_seed_mean,oilseed-soy,b1_to_b2,nbfnet,mean_0_4,,,50,3,,positive_entries_denominator,34.0,,,0.0,5,,,descriptive fixed-seed summary
two_stage_b1_b2,chain_fixed_five_seed_mean,oilseed-soy,b1_to_b2,nbfnet,mean_0_4,,,50,3,,positive_entry_gate_precision,0.44000000000000006,,,0.028284271247461894,5,,,descriptive fixed-seed summary
two_stage_b1_b2,chain_fixed_five_seed_mean,oilseed-soy,b1_to_b2,nbfnet,mean_0_4,,,50,3,,positive_entry_gate_recall,0.6470588235294118,,,0.04159451654038516,5,,,descriptive fixed-seed summary
two_stage_b1_b2,chain_fixed_five_seed_mean,oilseed-soy,b1_to_b2,nbfnet,mean_0_4,,,50,3,,positive_lanes_denominator,74.0,,,0.0,5,,,descriptive fixed-seed summary
two_stage_b1_b2,chain_fixed_five_seed_mean,oilseed-soy,b1_to_b2,nbfnet,mean_0_4,,,50,3,,selected_positive_entries,22.0,,,1.4142135623730951,5,,,descriptive fixed-seed summary
two_stage_b1_b2,chain_fixed_five_seed_mean,oilseed-soy,b1_to_b2,nbfnet,mean_0_4,,,50,5,,e2e_global_observed_value_capture,0.37780130511670895,,,0.0563983773693507,5,,,descriptive fixed-seed summary
two_stage_b1_b2,chain_fixed_five_seed_mean,oilseed-soy,b1_to_b2,nbfnet,mean_0_4,,,50,5,,e2e_macro_destination_observed_value_capture,0.26164479869217006,,,0.02338070982574742,5,,,descriptive fixed-seed summary
two_stage_b1_b2,chain_fixed_five_seed_mean,oilseed-soy,b1_to_b2,nbfnet,mean_0_4,,,50,5,,e2e_macro_destination_recall,0.2427287581699346,,,0.02752140437456535,5,,,descriptive fixed-seed summary
two_stage_b1_b2,chain_fixed_five_seed_mean,oilseed-soy,b1_to_b2,nbfnet,mean_0_4,,,50,5,,e2e_micro_destination_recall,0.25675675675675674,,,0.017093392757666907,5,,,descriptive fixed-seed summary
two_stage_b1_b2,chain_fixed_five_seed_mean,oilseed-soy,b1_to_b2,nbfnet,mean_0_4,,,50,5,,effective_b1_budget,50.0,,,0.0,5,,,descriptive fixed-seed summary
two_stage_b1_b2,chain_fixed_five_seed_mean,oilseed-soy,b1_to_b2,nbfnet,mean_0_4,,,50,5,,positive_entries_denominator,34.0,,,0.0,5,,,descriptive fixed-seed summary
two_stage_b1_b2,chain_fixed_five_seed_mean,oilseed-soy,b1_to_b2,nbfnet,mean_0_4,,,50,5,,positive_entry_gate_precision,0.44000000000000006,,,0.028284271247461894,5,,,descriptive fixed-seed summary
two_stage_b1_b2,chain_fixed_five_seed_mean,oilseed-soy,b1_to_b2,nbfnet,mean_0_4,,,50,5,,positive_entry_gate_recall,0.6470588235294118,,,0.04159451654038516,5,,,descriptive fixed-seed summary
two_stage_b1_b2,chain_fixed_five_seed_mean,oilseed-soy,b1_to_b2,nbfnet,mean_0_4,,,50,5,,positive_lanes_denominator,74.0,,,0.0,5,,,descriptive fixed-seed summary
two_stage_b1_b2,chain_fixed_five_seed_mean,oilseed-soy,b1_to_b2,nbfnet,mean_0_4,,,50,5,,selected_positive_entries,22.0,,,1.4142135623730951,5,,,descriptive fixed-seed summary
two_stage_b1_b2,chain_fixed_five_seed_mean,sheep,b1_to_b2,kge,mean_0_4,,,100,1,,e2e_global_observed_value_capture,0.009936919265312025,,,0.008954132284271494,5,,,descriptive fixed-seed summary
two_stage_b1_b2,chain_fixed_five_seed_mean,sheep,b1_to_b2,kge,mean_0_4,,,100,1,,e2e_macro_destination_observed_value_capture,0.020469516481027468,,,0.02444437248204701,5,,,descriptive fixed-seed summary
two_stage_b1_b2,chain_fixed_five_seed_mean,sheep,b1_to_b2,kge,mean_0_4,,,100,1,,e2e_macro_destination_recall,0.021666666666666667,,,0.02430515872691929,5,,,descriptive fixed-seed summary
two_stage_b1_b2,chain_fixed_five_seed_mean,sheep,b1_to_b2,kge,mean_0_4,,,100,1,,e2e_micro_destination_recall,0.021739130434782608,,,0.01374903330507991,5,,,descriptive fixed-seed summary
two_stage_b1_b2,chain_fixed_five_seed_mean,sheep,b1_to_b2,kge,mean_0_4,,,100,1,,effective_b1_budget,100.0,,,0.0,5,,,descriptive fixed-seed summary
two_stage_b1_b2,chain_fixed_five_seed_mean,sheep,b1_to_b2,kge,mean_0_4,,,100,1,,positive_entries_denominator,20.0,,,0.0,5,,,descriptive fixed-seed summary
two_stage_b1_b2,chain_fixed_five_seed_mean,sheep,b1_to_b2,kge,mean_0_4,,,100,1,,positive_entry_gate_precision,0.18800000000000003,,,0.011661903789690602,5,,,descriptive fixed-seed summary
two_stage_b1_b2,chain_fixed_five_seed_mean,sheep,b1_to_b2,kge,mean_0_4,,,100,1,,positive_entry_gate_recall,0.9400000000000001,,,0.05830951894845301,5,,,descriptive fixed-seed summary
two_stage_b1_b2,chain_fixed_five_seed_mean,sheep,b1_to_b2,kge,mean_0_4,,,100,1,,positive_lanes_denominator,46.0,,,0.0,5,,,descriptive fixed-seed summary
two_stage_b1_b2,chain_fixed_five_seed_mean,sheep,b1_to_b2,kge,mean_0_4,,,100,1,,selected_positive_entries,18.8,,,1.16619037896906,5,,,descriptive fixed-seed summary
two_stage_b1_b2,chain_fixed_five_seed_mean,sheep,b1_to_b2,kge,mean_0_4,,,100,3,,e2e_global_observed_value_capture,0.023598103301137197,,,0.013118985101682374,5,,,descriptive fixed-seed summary
two_stage_b1_b2,chain_fixed_five_seed_mean,sheep,b1_to_b2,kge,mean_0_4,,,100,3,,e2e_macro_destination_observed_value_capture,0.0427073279117013,,,0.035062335144182666,5,,,descriptive fixed-seed summary
two_stage_b1_b2,chain_fixed_five_seed_mean,sheep,b1_to_b2,kge,mean_0_4,,,100,3,,e2e_macro_destination_recall,0.05111111111111111,,,0.03883329359400288,5,,,descriptive fixed-seed summary
two_stage_b1_b2,chain_fixed_five_seed_mean,sheep,b1_to_b2,kge,mean_0_4,,,100,3,,e2e_micro_destination_recall,0.056521739130434775,,,0.029488391230979426,5,,,descriptive fixed-seed summary
two_stage_b1_b2,chain_fixed_five_seed_mean,sheep,b1_to_b2,kge,mean_0_4,,,100,3,,effective_b1_budget,100.0,,,0.0,5,,,descriptive fixed-seed summary
two_stage_b1_b2,chain_fixed_five_seed_mean,sheep,b1_to_b2,kge,mean_0_4,,,100,3,,positive_entries_denominator,20.0,,,0.0,5,,,descriptive fixed-seed summary
two_stage_b1_b2,chain_fixed_five_seed_mean,sheep,b1_to_b2,kge,mean_0_4,,,100,3,,positive_entry_gate_precision,0.18800000000000003,,,0.011661903789690602,5,,,descriptive fixed-seed summary
two_stage_b1_b2,chain_fixed_five_seed_mean,sheep,b1_to_b2,kge,mean_0_4,,,100,3,,positive_entry_gate_recall,0.9400000000000001,,,0.05830951894845301,5,,,descriptive fixed-seed summary
two_stage_b1_b2,chain_fixed_five_seed_mean,sheep,b1_to_b2,kge,mean_0_4,,,100,3,,positive_lanes_denominator,46.0,,,0.0,5,,,descriptive fixed-seed summary
two_stage_b1_b2,chain_fixed_five_seed_mean,sheep,b1_to_b2,kge,mean_0_4,,,100,3,,selected_positive_entries,18.8,,,1.16619037896906,5,,,descriptive fixed-seed summary
two_stage_b1_b2,chain_fixed_five_seed_mean,sheep,b1_to_b2,kge,mean_0_4,,,100,5,,e2e_global_observed_value_capture,0.034675393750471614,,,0.016059848042412745,5,,,descriptive fixed-seed summary
two_stage_b1_b2,chain_fixed_five_seed_mean,sheep,b1_to_b2,kge,mean_0_4,,,100,5,,e2e_macro_destination_observed_value_capture,0.0748806838856478,,,0.04605010864863569,5,,,descriptive fixed-seed summary
two_stage_b1_b2,chain_fixed_five_seed_mean,sheep,b1_to_b2,kge,mean_0_4,,,100,5,,e2e_macro_destination_recall,0.08555555555555554,,,0.05268705653123854,5,,,descriptive fixed-seed summary
two_stage_b1_b2,chain_fixed_five_seed_mean,sheep,b1_to_b2,kge,mean_0_4,,,100,5,,e2e_micro_destination_recall,0.09130434782608696,,,0.042153737890576776,5,,,descriptive fixed-seed summary
two_stage_b1_b2,chain_fixed_five_seed_mean,sheep,b1_to_b2,kge,mean_0_4,,,100,5,,effective_b1_budget,100.0,,,0.0,5,,,descriptive fixed-seed summary
two_stage_b1_b2,chain_fixed_five_seed_mean,sheep,b1_to_b2,kge,mean_0_4,,,100,5,,positive_entries_denominator,20.0,,,0.0,5,,,descriptive fixed-seed summary
two_stage_b1_b2,chain_fixed_five_seed_mean,sheep,b1_to_b2,kge,mean_0_4,,,100,5,,positive_entry_gate_precision,0.18800000000000003,,,0.011661903789690602,5,,,descriptive fixed-seed summary
two_stage_b1_b2,chain_fixed_five_seed_mean,sheep,b1_to_b2,kge,mean_0_4,,,100,5,,positive_entry_gate_recall,0.9400000000000001,,,0.05830951894845301,5,,,descriptive fixed-seed summary
two_stage_b1_b2,chain_fixed_five_seed_mean,sheep,b1_to_b2,kge,mean_0_4,,,100,5,,positive_lanes_denominator,46.0,,,0.0,5,,,descriptive fixed-seed summary
two_stage_b1_b2,chain_fixed_five_seed_mean,sheep,b1_to_b2,kge,mean_0_4,,,100,5,,selected_positive_entries,18.8,,,1.16619037896906,5,,,descriptive fixed-seed summary
two_stage_b1_b2,chain_fixed_five_seed_mean,sheep,b1_to_b2,kge,mean_0_4,,,25,1,,e2e_global_observed_value_capture,0.0037839442662932535,,,0.007567888532586506,5,,,descriptive fixed-seed summary
two_stage_b1_b2,chain_fixed_five_seed_mean,sheep,b1_to_b2,kge,mean_0_4,,,25,1,,e2e_macro_destination_observed_value_capture,0.01,,,0.02,5,,,descriptive fixed-seed summary
two_stage_b1_b2,chain_fixed_five_seed_mean,sheep,b1_to_b2,kge,mean_0_4,,,25,1,,e2e_macro_destination_recall,0.01,,,0.02,5,,,descriptive fixed-seed summary
two_stage_b1_b2,chain_fixed_five_seed_mean,sheep,b1_to_b2,kge,mean_0_4,,,25,1,,e2e_micro_destination_recall,0.004347826086956522,,,0.008695652173913044,5,,,descriptive fixed-seed summary
two_stage_b1_b2,chain_fixed_five_seed_mean,sheep,b1_to_b2,kge,mean_0_4,,,25,1,,effective_b1_budget,25.0,,,0.0,5,,,descriptive fixed-seed summary
two_stage_b1_b2,chain_fixed_five_seed_mean,sheep,b1_to_b2,kge,mean_0_4,,,25,1,,positive_entries_denominator,20.0,,,0.0,5,,,descriptive fixed-seed summary
two_stage_b1_b2,chain_fixed_five_seed_mean,sheep,b1_to_b2,kge,mean_0_4,,,25,1,,positive_entry_gate_precision,0.32,,,0.02529822128134702,5,,,descriptive fixed-seed summary
two_stage_b1_b2,chain_fixed_five_seed_mean,sheep,b1_to_b2,kge,mean_0_4,,,25,1,,positive_entry_gate_recall,0.4,,,0.0316227766016838,5,,,descriptive fixed-seed summary
two_stage_b1_b2,chain_fixed_five_seed_mean,sheep,b1_to_b2,kge,mean_0_4,,,25,1,,positive_lanes_denominator,46.0,,,0.0,5,,,descriptive fixed-seed summary
two_stage_b1_b2,chain_fixed_five_seed_mean,sheep,b1_to_b2,kge,mean_0_4,,,25,1,,selected_positive_entries,8.0,,,0.6324555320336759,5,,,descriptive fixed-seed summary
two_stage_b1_b2,chain_fixed_five_seed_mean,sheep,b1_to_b2,kge,mean_0_4,,,25,3,,e2e_global_observed_value_capture,0.012269469677292238,,,0.00942261294754815,5,,,descriptive fixed-seed summary
two_stage_b1_b2,chain_fixed_five_seed_mean,sheep,b1_to_b2,kge,mean_0_4,,,25,3,,e2e_macro_destination_observed_value_capture,0.02877157327079811,,,0.024347823515829894,5,,,descriptive fixed-seed summary
two_stage_b1_b2,chain_fixed_five_seed_mean,sheep,b1_to_b2,kge,mean_0_4,,,25,3,,e2e_macro_destination_recall,0.030000000000000006,,,0.024494897427831782,5,,,descriptive fixed-seed summary
two_stage_b1_b2,chain_fixed_five_seed_mean,sheep,b1_to_b2,kge,mean_0_4,,,25,3,,e2e_micro_destination_recall,0.021739130434782608,,,0.01374903330507991,5,,,descriptive fixed-seed summary
two_stage_b1_b2,chain_fixed_five_seed_mean,sheep,b1_to_b2,kge,mean_0_4,,,25,3,,effective_b1_budget,25.0,,,0.0,5,,,descriptive fixed-seed summary
two_stage_b1_b2,chain_fixed_five_seed_mean,sheep,b1_to_b2,kge,mean_0_4,,,25,3,,positive_entries_denominator,20.0,,,0.0,5,,,descriptive fixed-seed summary
two_stage_b1_b2,chain_fixed_five_seed_mean,sheep,b1_to_b2,kge,mean_0_4,,,25,3,,positive_entry_gate_precision,0.32,,,0.02529822128134702,5,,,descriptive fixed-seed summary
two_stage_b1_b2,chain_fixed_five_seed_mean,sheep,b1_to_b2,kge,mean_0_4,,,25,3,,positive_entry_gate_recall,0.4,,,0.0316227766016838,5,,,descriptive fixed-seed summary
two_stage_b1_b2,chain_fixed_five_seed_mean,sheep,b1_to_b2,kge,mean_0_4,,,25,3,,positive_lanes_denominator,46.0,,,0.0,5,,,descriptive fixed-seed summary
two_stage_b1_b2,chain_fixed_five_seed_mean,sheep,b1_to_b2,kge,mean_0_4,,,25,3,,selected_positive_entries,8.0,,,0.6324555320336759,5,,,descriptive fixed-seed summary
two_stage_b1_b2,chain_fixed_five_seed_mean,sheep,b1_to_b2,kge,mean_0_4,,,25,5,,e2e_global_observed_value_capture,0.016166730438288462,,,0.011988264255815223,5,,,descriptive fixed-seed summary
two_stage_b1_b2,chain_fixed_five_seed_mean,sheep,b1_to_b2,kge,mean_0_4,,,25,5,,e2e_macro_destination_observed_value_capture,0.035680403138817665,,,0.028950350523695084,5,,,descriptive fixed-seed summary
two_stage_b1_b2,chain_fixed_five_seed_mean,sheep,b1_to_b2,kge,mean_0_4,,,25,5,,e2e_macro_destination_recall,0.04,,,0.030912061651652344,5,,,descriptive fixed-seed summary
two_stage_b1_b2,chain_fixed_five_seed_mean,sheep,b1_to_b2,kge,mean_0_4,,,25,5,,e2e_micro_destination_recall,0.034782608695652174,,,0.022169650059099065,5,,,descriptive fixed-seed summary
two_stage_b1_b2,chain_fixed_five_seed_mean,sheep,b1_to_b2,kge,mean_0_4,,,25,5,,effective_b1_budget,25.0,,,0.0,5,,,descriptive fixed-seed summary
two_stage_b1_b2,chain_fixed_five_seed_mean,sheep,b1_to_b2,kge,mean_0_4,,,25,5,,positive_entries_denominator,20.0,,,0.0,5,,,descriptive fixed-seed summary
two_stage_b1_b2,chain_fixed_five_seed_mean,sheep,b1_to_b2,kge,mean_0_4,,,25,5,,positive_entry_gate_precision,0.32,,,0.02529822128134702,5,,,descriptive fixed-seed summary
two_stage_b1_b2,chain_fixed_five_seed_mean,sheep,b1_to_b2,kge,mean_0_4,,,25,5,,positive_entry_gate_recall,0.4,,,0.0316227766016838,5,,,descriptive fixed-seed summary
two_stage_b1_b2,chain_fixed_five_seed_mean,sheep,b1_to_b2,kge,mean_0_4,,,25,5,,positive_lanes_denominator,46.0,,,0.0,5,,,descriptive fixed-seed summary
two_stage_b1_b2,chain_fixed_five_seed_mean,sheep,b1_to_b2,kge,mean_0_4,,,25,5,,selected_positive_entries,8.0,,,0.6324555320336759,5,,,descriptive fixed-seed summary
two_stage_b1_b2,chain_fixed_five_seed_mean,sheep,b1_to_b2,kge,mean_0_4,,,250,1,,e2e_global_observed_value_capture,0.009936919265312025,,,0.008954132284271494,5,,,descriptive fixed-seed summary
two_stage_b1_b2,chain_fixed_five_seed_mean,sheep,b1_to_b2,kge,mean_0_4,,,250,1,,e2e_macro_destination_observed_value_capture,0.020469516481027468,,,0.02444437248204701,5,,,descriptive fixed-seed summary
two_stage_b1_b2,chain_fixed_five_seed_mean,sheep,b1_to_b2,kge,mean_0_4,,,250,1,,e2e_macro_destination_recall,0.021666666666666667,,,0.02430515872691929,5,,,descriptive fixed-seed summary
two_stage_b1_b2,chain_fixed_five_seed_mean,sheep,b1_to_b2,kge,mean_0_4,,,250,1,,e2e_micro_destination_recall,0.021739130434782608,,,0.01374903330507991,5,,,descriptive fixed-seed summary
two_stage_b1_b2,chain_fixed_five_seed_mean,sheep,b1_to_b2,kge,mean_0_4,,,250,1,,effective_b1_budget,134.0,,,0.0,5,,,descriptive fixed-seed summary
two_stage_b1_b2,chain_fixed_five_seed_mean,sheep,b1_to_b2,kge,mean_0_4,,,250,1,,positive_entries_denominator,20.0,,,0.0,5,,,descriptive fixed-seed summary
two_stage_b1_b2,chain_fixed_five_seed_mean,sheep,b1_to_b2,kge,mean_0_4,,,250,1,,positive_entry_gate_precision,0.14925373134328357,,,0.0,5,,,descriptive fixed-seed summary
two_stage_b1_b2,chain_fixed_five_seed_mean,sheep,b1_to_b2,kge,mean_0_4,,,250,1,,positive_entry_gate_recall,1.0,,,0.0,5,,,descriptive fixed-seed summary
two_stage_b1_b2,chain_fixed_five_seed_mean,sheep,b1_to_b2,kge,mean_0_4,,,250,1,,positive_lanes_denominator,46.0,,,0.0,5,,,descriptive fixed-seed summary
two_stage_b1_b2,chain_fixed_five_seed_mean,sheep,b1_to_b2,kge,mean_0_4,,,250,1,,selected_positive_entries,20.0,,,0.0,5,,,descriptive fixed-seed summary
two_stage_b1_b2,chain_fixed_five_seed_mean,sheep,b1_to_b2,kge,mean_0_4,,,250,3,,e2e_global_observed_value_capture,0.023598103301137197,,,0.013118985101682374,5,,,descriptive fixed-seed summary
two_stage_b1_b2,chain_fixed_five_seed_mean,sheep,b1_to_b2,kge,mean_0_4,,,250,3,,e2e_macro_destination_observed_value_capture,0.0427073279117013,,,0.035062335144182666,5,,,descriptive fixed-seed summary
two_stage_b1_b2,chain_fixed_five_seed_mean,sheep,b1_to_b2,kge,mean_0_4,,,250,3,,e2e_macro_destination_recall,0.05111111111111111,,,0.03883329359400288,5,,,descriptive fixed-seed summary
two_stage_b1_b2,chain_fixed_five_seed_mean,sheep,b1_to_b2,kge,mean_0_4,,,250,3,,e2e_micro_destination_recall,0.056521739130434775,,,0.029488391230979426,5,,,descriptive fixed-seed summary
two_stage_b1_b2,chain_fixed_five_seed_mean,sheep,b1_to_b2,kge,mean_0_4,,,250,3,,effective_b1_budget,134.0,,,0.0,5,,,descriptive fixed-seed summary
two_stage_b1_b2,chain_fixed_five_seed_mean,sheep,b1_to_b2,kge,mean_0_4,,,250,3,,positive_entries_denominator,20.0,,,0.0,5,,,descriptive fixed-seed summary
two_stage_b1_b2,chain_fixed_five_seed_mean,sheep,b1_to_b2,kge,mean_0_4,,,250,3,,positive_entry_gate_precision,0.14925373134328357,,,0.0,5,,,descriptive fixed-seed summary
two_stage_b1_b2,chain_fixed_five_seed_mean,sheep,b1_to_b2,kge,mean_0_4,,,250,3,,positive_entry_gate_recall,1.0,,,0.0,5,,,descriptive fixed-seed summary
two_stage_b1_b2,chain_fixed_five_seed_mean,sheep,b1_to_b2,kge,mean_0_4,,,250,3,,positive_lanes_denominator,46.0,,,0.0,5,,,descriptive fixed-seed summary
two_stage_b1_b2,chain_fixed_five_seed_mean,sheep,b1_to_b2,kge,mean_0_4,,,250,3,,selected_positive_entries,20.0,,,0.0,5,,,descriptive fixed-seed summary
two_stage_b1_b2,chain_fixed_five_seed_mean,sheep,b1_to_b2,kge,mean_0_4,,,250,5,,e2e_global_observed_value_capture,0.07086144412711518,,,0.06987015474260495,5,,,descriptive fixed-seed summary
two_stage_b1_b2,chain_fixed_five_seed_mean,sheep,b1_to_b2,kge,mean_0_4,,,250,5,,e2e_macro_destination_observed_value_capture,0.09460710183660608,,,0.04971464810058689,5,,,descriptive fixed-seed summary
two_stage_b1_b2,chain_fixed_five_seed_mean,sheep,b1_to_b2,kge,mean_0_4,,,250,5,,e2e_macro_destination_recall,0.10055555555555555,,,0.04942259192507605,5,,,descriptive fixed-seed summary
two_stage_b1_b2,chain_fixed_five_seed_mean,sheep,b1_to_b2,kge,mean_0_4,,,250,5,,e2e_micro_destination_recall,0.1,,,0.035321906107112874,5,,,descriptive fixed-seed summary
two_stage_b1_b2,chain_fixed_five_seed_mean,sheep,b1_to_b2,kge,mean_0_4,,,250,5,,effective_b1_budget,134.0,,,0.0,5,,,descriptive fixed-seed summary
two_stage_b1_b2,chain_fixed_five_seed_mean,sheep,b1_to_b2,kge,mean_0_4,,,250,5,,positive_entries_denominator,20.0,,,0.0,5,,,descriptive fixed-seed summary
two_stage_b1_b2,chain_fixed_five_seed_mean,sheep,b1_to_b2,kge,mean_0_4,,,250,5,,positive_entry_gate_precision,0.14925373134328357,,,0.0,5,,,descriptive fixed-seed summary
two_stage_b1_b2,chain_fixed_five_seed_mean,sheep,b1_to_b2,kge,mean_0_4,,,250,5,,positive_entry_gate_recall,1.0,,,0.0,5,,,descriptive fixed-seed summary
two_stage_b1_b2,chain_fixed_five_seed_mean,sheep,b1_to_b2,kge,mean_0_4,,,250,5,,positive_lanes_denominator,46.0,,,0.0,5,,,descriptive fixed-seed summary
two_stage_b1_b2,chain_fixed_five_seed_mean,sheep,b1_to_b2,kge,mean_0_4,,,250,5,,selected_positive_entries,20.0,,,0.0,5,,,descriptive fixed-seed summary
two_stage_b1_b2,chain_fixed_five_seed_mean,sheep,b1_to_b2,kge,mean_0_4,,,50,1,,e2e_global_observed_value_capture,0.005367681920866381,,,0.010735363841732763,5,,,descriptive fixed-seed summary
two_stage_b1_b2,chain_fixed_five_seed_mean,sheep,b1_to_b2,kge,mean_0_4,,,50,1,,e2e_macro_destination_observed_value_capture,0.010161602620438144,,,0.020323205240876288,5,,,descriptive fixed-seed summary
two_stage_b1_b2,chain_fixed_five_seed_mean,sheep,b1_to_b2,kge,mean_0_4,,,50,1,,e2e_macro_destination_recall,0.010555555555555556,,,0.021111111111111112,5,,,descriptive fixed-seed summary
two_stage_b1_b2,chain_fixed_five_seed_mean,sheep,b1_to_b2,kge,mean_0_4,,,50,1,,e2e_micro_destination_recall,0.008695652173913044,,,0.017391304347826087,5,,,descriptive fixed-seed summary
two_stage_b1_b2,chain_fixed_five_seed_mean,sheep,b1_to_b2,kge,mean_0_4,,,50,1,,effective_b1_budget,50.0,,,0.0,5,,,descriptive fixed-seed summary
two_stage_b1_b2,chain_fixed_five_seed_mean,sheep,b1_to_b2,kge,mean_0_4,,,50,1,,positive_entries_denominator,20.0,,,0.0,5,,,descriptive fixed-seed summary
two_stage_b1_b2,chain_fixed_five_seed_mean,sheep,b1_to_b2,kge,mean_0_4,,,50,1,,positive_entry_gate_precision,0.248,,,0.020396078054371148,5,,,descriptive fixed-seed summary
two_stage_b1_b2,chain_fixed_five_seed_mean,sheep,b1_to_b2,kge,mean_0_4,,,50,1,,positive_entry_gate_recall,0.62,,,0.05099019513592783,5,,,descriptive fixed-seed summary
two_stage_b1_b2,chain_fixed_five_seed_mean,sheep,b1_to_b2,kge,mean_0_4,,,50,1,,positive_lanes_denominator,46.0,,,0.0,5,,,descriptive fixed-seed summary
two_stage_b1_b2,chain_fixed_five_seed_mean,sheep,b1_to_b2,kge,mean_0_4,,,50,1,,selected_positive_entries,12.4,,,1.019803902718557,5,,,descriptive fixed-seed summary
two_stage_b1_b2,chain_fixed_five_seed_mean,sheep,b1_to_b2,kge,mean_0_4,,,50,3,,e2e_global_observed_value_capture,0.01685428014901492,,,0.013211590863190216,5,,,descriptive fixed-seed summary
two_stage_b1_b2,chain_fixed_five_seed_mean,sheep,b1_to_b2,kge,mean_0_4,,,50,3,,e2e_macro_destination_observed_value_capture,0.032003344888320136,,,0.021895638364573294,5,,,descriptive fixed-seed summary
two_stage_b1_b2,chain_fixed_five_seed_mean,sheep,b1_to_b2,kge,mean_0_4,,,50,3,,e2e_macro_destination_recall,0.034444444444444444,,,0.02287917809108222,5,,,descriptive fixed-seed summary
two_stage_b1_b2,chain_fixed_five_seed_mean,sheep,b1_to_b2,kge,mean_0_4,,,50,3,,e2e_micro_destination_recall,0.034782608695652174,,,0.02608695652173913,5,,,descriptive fixed-seed summary
two_stage_b1_b2,chain_fixed_five_seed_mean,sheep,b1_to_b2,kge,mean_0_4,,,50,3,,effective_b1_budget,50.0,,,0.0,5,,,descriptive fixed-seed summary
two_stage_b1_b2,chain_fixed_five_seed_mean,sheep,b1_to_b2,kge,mean_0_4,,,50,3,,positive_entries_denominator,20.0,,,0.0,5,,,descriptive fixed-seed summary
two_stage_b1_b2,chain_fixed_five_seed_mean,sheep,b1_to_b2,kge,mean_0_4,,,50,3,,positive_entry_gate_precision,0.248,,,0.020396078054371148,5,,,descriptive fixed-seed summary
two_stage_b1_b2,chain_fixed_five_seed_mean,sheep,b1_to_b2,kge,mean_0_4,,,50,3,,positive_entry_gate_recall,0.62,,,0.05099019513592783,5,,,descriptive fixed-seed summary
two_stage_b1_b2,chain_fixed_five_seed_mean,sheep,b1_to_b2,kge,mean_0_4,,,50,3,,positive_lanes_denominator,46.0,,,0.0,5,,,descriptive fixed-seed summary
two_stage_b1_b2,chain_fixed_five_seed_mean,sheep,b1_to_b2,kge,mean_0_4,,,50,3,,selected_positive_entries,12.4,,,1.019803902718557,5,,,descriptive fixed-seed summary
two_stage_b1_b2,chain_fixed_five_seed_mean,sheep,b1_to_b2,kge,mean_0_4,,,50,5,,e2e_global_observed_value_capture,0.02075154091001114,,,0.015129402538178356,5,,,descriptive fixed-seed summary
two_stage_b1_b2,chain_fixed_five_seed_mean,sheep,b1_to_b2,kge,mean_0_4,,,50,5,,e2e_macro_destination_observed_value_capture,0.03891217475633969,,,0.026195512689367362,5,,,descriptive fixed-seed summary
two_stage_b1_b2,chain_fixed_five_seed_mean,sheep,b1_to_b2,kge,mean_0_4,,,50,5,,e2e_macro_destination_recall,0.04444444444444444,,,0.028760398012321744,5,,,descriptive fixed-seed summary
two_stage_b1_b2,chain_fixed_five_seed_mean,sheep,b1_to_b2,kge,mean_0_4,,,50,5,,e2e_micro_destination_recall,0.04782608695652174,,,0.031949866210215366,5,,,descriptive fixed-seed summary
two_stage_b1_b2,chain_fixed_five_seed_mean,sheep,b1_to_b2,kge,mean_0_4,,,50,5,,effective_b1_budget,50.0,,,0.0,5,,,descriptive fixed-seed summary
two_stage_b1_b2,chain_fixed_five_seed_mean,sheep,b1_to_b2,kge,mean_0_4,,,50,5,,positive_entries_denominator,20.0,,,0.0,5,,,descriptive fixed-seed summary
two_stage_b1_b2,chain_fixed_five_seed_mean,sheep,b1_to_b2,kge,mean_0_4,,,50,5,,positive_entry_gate_precision,0.248,,,0.020396078054371148,5,,,descriptive fixed-seed summary
two_stage_b1_b2,chain_fixed_five_seed_mean,sheep,b1_to_b2,kge,mean_0_4,,,50,5,,positive_entry_gate_recall,0.62,,,0.05099019513592783,5,,,descriptive fixed-seed summary
two_stage_b1_b2,chain_fixed_five_seed_mean,sheep,b1_to_b2,kge,mean_0_4,,,50,5,,positive_lanes_denominator,46.0,,,0.0,5,,,descriptive fixed-seed summary
two_stage_b1_b2,chain_fixed_five_seed_mean,sheep,b1_to_b2,kge,mean_0_4,,,50,5,,selected_positive_entries,12.4,,,1.019803902718557,5,,,descriptive fixed-seed summary
two_stage_b1_b2,chain_fixed_five_seed_mean,sheep,b1_to_b2,nbfnet,mean_0_4,,,100,1,,e2e_global_observed_value_capture,0.25075728074182785,,,0.03989766014659326,5,,,descriptive fixed-seed summary
two_stage_b1_b2,chain_fixed_five_seed_mean,sheep,b1_to_b2,nbfnet,mean_0_4,,,100,1,,e2e_macro_destination_observed_value_capture,0.20736609330330666,,,0.05402879700868681,5,,,descriptive fixed-seed summary
two_stage_b1_b2,chain_fixed_five_seed_mean,sheep,b1_to_b2,nbfnet,mean_0_4,,,100,1,,e2e_macro_destination_recall,0.19166666666666665,,,0.054772255750516606,5,,,descriptive fixed-seed summary
two_stage_b1_b2,chain_fixed_five_seed_mean,sheep,b1_to_b2,nbfnet,mean_0_4,,,100,1,,e2e_micro_destination_recall,0.1173913043478261,,,0.029488391230979426,5,,,descriptive fixed-seed summary
two_stage_b1_b2,chain_fixed_five_seed_mean,sheep,b1_to_b2,nbfnet,mean_0_4,,,100,1,,effective_b1_budget,100.0,,,0.0,5,,,descriptive fixed-seed summary
two_stage_b1_b2,chain_fixed_five_seed_mean,sheep,b1_to_b2,nbfnet,mean_0_4,,,100,1,,positive_entries_denominator,20.0,,,0.0,5,,,descriptive fixed-seed summary
two_stage_b1_b2,chain_fixed_five_seed_mean,sheep,b1_to_b2,nbfnet,mean_0_4,,,100,1,,positive_entry_gate_precision,0.152,,,0.007483314773547881,5,,,descriptive fixed-seed summary
two_stage_b1_b2,chain_fixed_five_seed_mean,sheep,b1_to_b2,nbfnet,mean_0_4,,,100,1,,positive_entry_gate_recall,0.76,,,0.03741657386773945,5,,,descriptive fixed-seed summary
two_stage_b1_b2,chain_fixed_five_seed_mean,sheep,b1_to_b2,nbfnet,mean_0_4,,,100,1,,positive_lanes_denominator,46.0,,,0.0,5,,,descriptive fixed-seed summary
two_stage_b1_b2,chain_fixed_five_seed_mean,sheep,b1_to_b2,nbfnet,mean_0_4,,,100,1,,selected_positive_entries,15.2,,,0.7483314773547882,5,,,descriptive fixed-seed summary
two_stage_b1_b2,chain_fixed_five_seed_mean,sheep,b1_to_b2,nbfnet,mean_0_4,,,100,3,,e2e_global_observed_value_capture,0.3235442270718152,,,0.057553843278563666,5,,,descriptive fixed-seed summary
two_stage_b1_b2,chain_fixed_five_seed_mean,sheep,b1_to_b2,nbfnet,mean_0_4,,,100,3,,e2e_macro_destination_observed_value_capture,0.3499046376794997,,,0.030164390020043556,5,,,descriptive fixed-seed summary
two_stage_b1_b2,chain_fixed_five_seed_mean,sheep,b1_to_b2,nbfnet,mean_0_4,,,100,3,,e2e_macro_destination_recall,0.3283333333333333,,,0.029627314724385286,5,,,descriptive fixed-seed summary
two_stage_b1_b2,chain_fixed_five_seed_mean,sheep,b1_to_b2,nbfnet,mean_0_4,,,100,3,,e2e_micro_destination_recall,0.21304347826086958,,,0.016268075594669307,5,,,descriptive fixed-seed summary
two_stage_b1_b2,chain_fixed_five_seed_mean,sheep,b1_to_b2,nbfnet,mean_0_4,,,100,3,,effective_b1_budget,100.0,,,0.0,5,,,descriptive fixed-seed summary
two_stage_b1_b2,chain_fixed_five_seed_mean,sheep,b1_to_b2,nbfnet,mean_0_4,,,100,3,,positive_entries_denominator,20.0,,,0.0,5,,,descriptive fixed-seed summary
two_stage_b1_b2,chain_fixed_five_seed_mean,sheep,b1_to_b2,nbfnet,mean_0_4,,,100,3,,positive_entry_gate_precision,0.152,,,0.007483314773547881,5,,,descriptive fixed-seed summary
two_stage_b1_b2,chain_fixed_five_seed_mean,sheep,b1_to_b2,nbfnet,mean_0_4,,,100,3,,positive_entry_gate_recall,0.76,,,0.03741657386773945,5,,,descriptive fixed-seed summary
two_stage_b1_b2,chain_fixed_five_seed_mean,sheep,b1_to_b2,nbfnet,mean_0_4,,,100,3,,positive_lanes_denominator,46.0,,,0.0,5,,,descriptive fixed-seed summary
two_stage_b1_b2,chain_fixed_five_seed_mean,sheep,b1_to_b2,nbfnet,mean_0_4,,,100,3,,selected_positive_entries,15.2,,,0.7483314773547882,5,,,descriptive fixed-seed summary
two_stage_b1_b2,chain_fixed_five_seed_mean,sheep,b1_to_b2,nbfnet,mean_0_4,,,100,5,,e2e_global_observed_value_capture,0.3491243681211325,,,0.06107597214634464,5,,,descriptive fixed-seed summary
two_stage_b1_b2,chain_fixed_five_seed_mean,sheep,b1_to_b2,nbfnet,mean_0_4,,,100,5,,e2e_macro_destination_observed_value_capture,0.3973033652511104,,,0.06664864347975719,5,,,descriptive fixed-seed summary
two_stage_b1_b2,chain_fixed_five_seed_mean,sheep,b1_to_b2,nbfnet,mean_0_4,,,100,5,,e2e_macro_destination_recall,0.3794444444444444,,,0.07011014262405571,5,,,descriptive fixed-seed summary
two_stage_b1_b2,chain_fixed_five_seed_mean,sheep,b1_to_b2,nbfnet,mean_0_4,,,100,5,,e2e_micro_destination_recall,0.24782608695652178,,,0.037903469074266734,5,,,descriptive fixed-seed summary
two_stage_b1_b2,chain_fixed_five_seed_mean,sheep,b1_to_b2,nbfnet,mean_0_4,,,100,5,,effective_b1_budget,100.0,,,0.0,5,,,descriptive fixed-seed summary
two_stage_b1_b2,chain_fixed_five_seed_mean,sheep,b1_to_b2,nbfnet,mean_0_4,,,100,5,,positive_entries_denominator,20.0,,,0.0,5,,,descriptive fixed-seed summary
two_stage_b1_b2,chain_fixed_five_seed_mean,sheep,b1_to_b2,nbfnet,mean_0_4,,,100,5,,positive_entry_gate_precision,0.152,,,0.007483314773547881,5,,,descriptive fixed-seed summary
two_stage_b1_b2,chain_fixed_five_seed_mean,sheep,b1_to_b2,nbfnet,mean_0_4,,,100,5,,positive_entry_gate_recall,0.76,,,0.03741657386773945,5,,,descriptive fixed-seed summary
two_stage_b1_b2,chain_fixed_five_seed_mean,sheep,b1_to_b2,nbfnet,mean_0_4,,,100,5,,positive_lanes_denominator,46.0,,,0.0,5,,,descriptive fixed-seed summary
two_stage_b1_b2,chain_fixed_five_seed_mean,sheep,b1_to_b2,nbfnet,mean_0_4,,,100,5,,selected_positive_entries,15.2,,,0.7483314773547882,5,,,descriptive fixed-seed summary
two_stage_b1_b2,chain_fixed_five_seed_mean,sheep,b1_to_b2,nbfnet,mean_0_4,,,25,1,,e2e_global_observed_value_capture,0.08033184867976538,,,0.0886984239940299,5,,,descriptive fixed-seed summary
two_stage_b1_b2,chain_fixed_five_seed_mean,sheep,b1_to_b2,nbfnet,mean_0_4,,,25,1,,e2e_macro_destination_observed_value_capture,0.04543029406854685,,,0.03874475314206069,5,,,descriptive fixed-seed summary
two_stage_b1_b2,chain_fixed_five_seed_mean,sheep,b1_to_b2,nbfnet,mean_0_4,,,25,1,,e2e_macro_destination_recall,0.039999999999999994,,,0.031358146203711294,5,,,descriptive fixed-seed summary
two_stage_b1_b2,chain_fixed_five_seed_mean,sheep,b1_to_b2,nbfnet,mean_0_4,,,25,1,,e2e_micro_destination_recall,0.030434782608695653,,,0.02216965005909906,5,,,descriptive fixed-seed summary
two_stage_b1_b2,chain_fixed_five_seed_mean,sheep,b1_to_b2,nbfnet,mean_0_4,,,25,1,,effective_b1_budget,25.0,,,0.0,5,,,descriptive fixed-seed summary
two_stage_b1_b2,chain_fixed_five_seed_mean,sheep,b1_to_b2,nbfnet,mean_0_4,,,25,1,,positive_entries_denominator,20.0,,,0.0,5,,,descriptive fixed-seed summary
two_stage_b1_b2,chain_fixed_five_seed_mean,sheep,b1_to_b2,nbfnet,mean_0_4,,,25,1,,positive_entry_gate_precision,0.12,,,0.025298221281347035,5,,,descriptive fixed-seed summary
two_stage_b1_b2,chain_fixed_five_seed_mean,sheep,b1_to_b2,nbfnet,mean_0_4,,,25,1,,positive_entry_gate_recall,0.15000000000000002,,,0.0316227766016838,5,,,descriptive fixed-seed summary
two_stage_b1_b2,chain_fixed_five_seed_mean,sheep,b1_to_b2,nbfnet,mean_0_4,,,25,1,,positive_lanes_denominator,46.0,,,0.0,5,,,descriptive fixed-seed summary
two_stage_b1_b2,chain_fixed_five_seed_mean,sheep,b1_to_b2,nbfnet,mean_0_4,,,25,1,,selected_positive_entries,3.0,,,0.6324555320336759,5,,,descriptive fixed-seed summary
two_stage_b1_b2,chain_fixed_five_seed_mean,sheep,b1_to_b2,nbfnet,mean_0_4,,,25,3,,e2e_global_observed_value_capture,0.09336382744067447,,,0.08858577827921775,5,,,descriptive fixed-seed summary
two_stage_b1_b2,chain_fixed_five_seed_mean,sheep,b1_to_b2,nbfnet,mean_0_4,,,25,3,,e2e_macro_destination_observed_value_capture,0.08766266357955446,,,0.04783673320818479,5,,,descriptive fixed-seed summary
two_stage_b1_b2,chain_fixed_five_seed_mean,sheep,b1_to_b2,nbfnet,mean_0_4,,,25,3,,e2e_macro_destination_recall,0.08,,,0.04672615256292062,5,,,descriptive fixed-seed summary
two_stage_b1_b2,chain_fixed_five_seed_mean,sheep,b1_to_b2,nbfnet,mean_0_4,,,25,3,,e2e_micro_destination_recall,0.056521739130434775,,,0.03253615118933862,5,,,descriptive fixed-seed summary
two_stage_b1_b2,chain_fixed_five_seed_mean,sheep,b1_to_b2,nbfnet,mean_0_4,,,25,3,,effective_b1_budget,25.0,,,0.0,5,,,descriptive fixed-seed summary
two_stage_b1_b2,chain_fixed_five_seed_mean,sheep,b1_to_b2,nbfnet,mean_0_4,,,25,3,,positive_entries_denominator,20.0,,,0.0,5,,,descriptive fixed-seed summary
two_stage_b1_b2,chain_fixed_five_seed_mean,sheep,b1_to_b2,nbfnet,mean_0_4,,,25,3,,positive_entry_gate_precision,0.12,,,0.025298221281347035,5,,,descriptive fixed-seed summary
two_stage_b1_b2,chain_fixed_five_seed_mean,sheep,b1_to_b2,nbfnet,mean_0_4,,,25,3,,positive_entry_gate_recall,0.15000000000000002,,,0.0316227766016838,5,,,descriptive fixed-seed summary
two_stage_b1_b2,chain_fixed_five_seed_mean,sheep,b1_to_b2,nbfnet,mean_0_4,,,25,3,,positive_lanes_denominator,46.0,,,0.0,5,,,descriptive fixed-seed summary
two_stage_b1_b2,chain_fixed_five_seed_mean,sheep,b1_to_b2,nbfnet,mean_0_4,,,25,3,,selected_positive_entries,3.0,,,0.6324555320336759,5,,,descriptive fixed-seed summary
two_stage_b1_b2,chain_fixed_five_seed_mean,sheep,b1_to_b2,nbfnet,mean_0_4,,,25,5,,e2e_global_observed_value_capture,0.09336382744067447,,,0.08858577827921775,5,,,descriptive fixed-seed summary
two_stage_b1_b2,chain_fixed_five_seed_mean,sheep,b1_to_b2,nbfnet,mean_0_4,,,25,5,,e2e_macro_destination_observed_value_capture,0.08766266357955446,,,0.04783673320818479,5,,,descriptive fixed-seed summary
two_stage_b1_b2,chain_fixed_five_seed_mean,sheep,b1_to_b2,nbfnet,mean_0_4,,,25,5,,e2e_macro_destination_recall,0.08,,,0.04672615256292062,5,,,descriptive fixed-seed summary
two_stage_b1_b2,chain_fixed_five_seed_mean,sheep,b1_to_b2,nbfnet,mean_0_4,,,25,5,,e2e_micro_destination_recall,0.056521739130434775,,,0.03253615118933862,5,,,descriptive fixed-seed summary
two_stage_b1_b2,chain_fixed_five_seed_mean,sheep,b1_to_b2,nbfnet,mean_0_4,,,25,5,,effective_b1_budget,25.0,,,0.0,5,,,descriptive fixed-seed summary
two_stage_b1_b2,chain_fixed_five_seed_mean,sheep,b1_to_b2,nbfnet,mean_0_4,,,25,5,,positive_entries_denominator,20.0,,,0.0,5,,,descriptive fixed-seed summary
two_stage_b1_b2,chain_fixed_five_seed_mean,sheep,b1_to_b2,nbfnet,mean_0_4,,,25,5,,positive_entry_gate_precision,0.12,,,0.025298221281347035,5,,,descriptive fixed-seed summary
two_stage_b1_b2,chain_fixed_five_seed_mean,sheep,b1_to_b2,nbfnet,mean_0_4,,,25,5,,positive_entry_gate_recall,0.15000000000000002,,,0.0316227766016838,5,,,descriptive fixed-seed summary
two_stage_b1_b2,chain_fixed_five_seed_mean,sheep,b1_to_b2,nbfnet,mean_0_4,,,25,5,,positive_lanes_denominator,46.0,,,0.0,5,,,descriptive fixed-seed summary
two_stage_b1_b2,chain_fixed_five_seed_mean,sheep,b1_to_b2,nbfnet,mean_0_4,,,25,5,,selected_positive_entries,3.0,,,0.6324555320336759,5,,,descriptive fixed-seed summary
two_stage_b1_b2,chain_fixed_five_seed_mean,sheep,b1_to_b2,nbfnet,mean_0_4,,,250,1,,e2e_global_observed_value_capture,0.26043218870024687,,,0.03838187307911244,5,,,descriptive fixed-seed summary
two_stage_b1_b2,chain_fixed_five_seed_mean,sheep,b1_to_b2,nbfnet,mean_0_4,,,250,1,,e2e_macro_destination_observed_value_capture,0.2603862203744952,,,0.025896521199898447,5,,,descriptive fixed-seed summary
two_stage_b1_b2,chain_fixed_five_seed_mean,sheep,b1_to_b2,nbfnet,mean_0_4,,,250,1,,e2e_macro_destination_recall,0.24555555555555553,,,0.02696591355447021,5,,,descriptive fixed-seed summary
two_stage_b1_b2,chain_fixed_five_seed_mean,sheep,b1_to_b2,nbfnet,mean_0_4,,,250,1,,e2e_micro_destination_recall,0.14782608695652172,,,0.021299910806810242,5,,,descriptive fixed-seed summary
two_stage_b1_b2,chain_fixed_five_seed_mean,sheep,b1_to_b2,nbfnet,mean_0_4,,,250,1,,effective_b1_budget,134.0,,,0.0,5,,,descriptive fixed-seed summary
two_stage_b1_b2,chain_fixed_five_seed_mean,sheep,b1_to_b2,nbfnet,mean_0_4,,,250,1,,positive_entries_denominator,20.0,,,0.0,5,,,descriptive fixed-seed summary
two_stage_b1_b2,chain_fixed_five_seed_mean,sheep,b1_to_b2,nbfnet,mean_0_4,,,250,1,,positive_entry_gate_precision,0.14925373134328357,,,0.0,5,,,descriptive fixed-seed summary
two_stage_b1_b2,chain_fixed_five_seed_mean,sheep,b1_to_b2,nbfnet,mean_0_4,,,250,1,,positive_entry_gate_recall,1.0,,,0.0,5,,,descriptive fixed-seed summary
two_stage_b1_b2,chain_fixed_five_seed_mean,sheep,b1_to_b2,nbfnet,mean_0_4,,,250,1,,positive_lanes_denominator,46.0,,,0.0,5,,,descriptive fixed-seed summary
two_stage_b1_b2,chain_fixed_five_seed_mean,sheep,b1_to_b2,nbfnet,mean_0_4,,,250,1,,selected_positive_entries,20.0,,,0.0,5,,,descriptive fixed-seed summary
two_stage_b1_b2,chain_fixed_five_seed_mean,sheep,b1_to_b2,nbfnet,mean_0_4,,,250,3,,e2e_global_observed_value_capture,0.3386011553408334,,,0.055630063591578426,5,,,descriptive fixed-seed summary
two_stage_b1_b2,chain_fixed_five_seed_mean,sheep,b1_to_b2,nbfnet,mean_0_4,,,250,3,,e2e_macro_destination_observed_value_capture,0.43838098472440523,,,0.05301753797310011,5,,,descriptive fixed-seed summary
two_stage_b1_b2,chain_fixed_five_seed_mean,sheep,b1_to_b2,nbfnet,mean_0_4,,,250,3,,e2e_macro_destination_recall,0.4188888888888888,,,0.0557053536004672,5,,,descriptive fixed-seed summary
two_stage_b1_b2,chain_fixed_five_seed_mean,sheep,b1_to_b2,nbfnet,mean_0_4,,,250,3,,e2e_micro_destination_recall,0.2652173913043478,,,0.031949866210215366,5,,,descriptive fixed-seed summary
two_stage_b1_b2,chain_fixed_five_seed_mean,sheep,b1_to_b2,nbfnet,mean_0_4,,,250,3,,effective_b1_budget,134.0,,,0.0,5,,,descriptive fixed-seed summary
two_stage_b1_b2,chain_fixed_five_seed_mean,sheep,b1_to_b2,nbfnet,mean_0_4,,,250,3,,positive_entries_denominator,20.0,,,0.0,5,,,descriptive fixed-seed summary
two_stage_b1_b2,chain_fixed_five_seed_mean,sheep,b1_to_b2,nbfnet,mean_0_4,,,250,3,,positive_entry_gate_precision,0.14925373134328357,,,0.0,5,,,descriptive fixed-seed summary
two_stage_b1_b2,chain_fixed_five_seed_mean,sheep,b1_to_b2,nbfnet,mean_0_4,,,250,3,,positive_entry_gate_recall,1.0,,,0.0,5,,,descriptive fixed-seed summary
two_stage_b1_b2,chain_fixed_five_seed_mean,sheep,b1_to_b2,nbfnet,mean_0_4,,,250,3,,positive_lanes_denominator,46.0,,,0.0,5,,,descriptive fixed-seed summary
two_stage_b1_b2,chain_fixed_five_seed_mean,sheep,b1_to_b2,nbfnet,mean_0_4,,,250,3,,selected_positive_entries,20.0,,,0.0,5,,,descriptive fixed-seed summary
two_stage_b1_b2,chain_fixed_five_seed_mean,sheep,b1_to_b2,nbfnet,mean_0_4,,,250,5,,e2e_global_observed_value_capture,0.4043304468204947,,,0.0522834385761608,5,,,descriptive fixed-seed summary
two_stage_b1_b2,chain_fixed_five_seed_mean,sheep,b1_to_b2,nbfnet,mean_0_4,,,250,5,,e2e_macro_destination_observed_value_capture,0.5269694850972548,,,0.0707439300803833,5,,,descriptive fixed-seed summary
two_stage_b1_b2,chain_fixed_five_seed_mean,sheep,b1_to_b2,nbfnet,mean_0_4,,,250,5,,e2e_macro_destination_recall,0.5099999999999999,,,0.07167743243858316,5,,,descriptive fixed-seed summary
two_stage_b1_b2,chain_fixed_five_seed_mean,sheep,b1_to_b2,nbfnet,mean_0_4,,,250,5,,e2e_micro_destination_recall,0.3217391304347826,,,0.044339300118198116,5,,,descriptive fixed-seed summary
two_stage_b1_b2,chain_fixed_five_seed_mean,sheep,b1_to_b2,nbfnet,mean_0_4,,,250,5,,effective_b1_budget,134.0,,,0.0,5,,,descriptive fixed-seed summary
two_stage_b1_b2,chain_fixed_five_seed_mean,sheep,b1_to_b2,nbfnet,mean_0_4,,,250,5,,positive_entries_denominator,20.0,,,0.0,5,,,descriptive fixed-seed summary
two_stage_b1_b2,chain_fixed_five_seed_mean,sheep,b1_to_b2,nbfnet,mean_0_4,,,250,5,,positive_entry_gate_precision,0.14925373134328357,,,0.0,5,,,descriptive fixed-seed summary
two_stage_b1_b2,chain_fixed_five_seed_mean,sheep,b1_to_b2,nbfnet,mean_0_4,,,250,5,,positive_entry_gate_recall,1.0,,,0.0,5,,,descriptive fixed-seed summary
two_stage_b1_b2,chain_fixed_five_seed_mean,sheep,b1_to_b2,nbfnet,mean_0_4,,,250,5,,positive_lanes_denominator,46.0,,,0.0,5,,,descriptive fixed-seed summary
two_stage_b1_b2,chain_fixed_five_seed_mean,sheep,b1_to_b2,nbfnet,mean_0_4,,,250,5,,selected_positive_entries,20.0,,,0.0,5,,,descriptive fixed-seed summary
two_stage_b1_b2,chain_fixed_five_seed_mean,sheep,b1_to_b2,nbfnet,mean_0_4,,,50,1,,e2e_global_observed_value_capture,0.1415231262406315,,,0.10082370023180168,5,,,descriptive fixed-seed summary
two_stage_b1_b2,chain_fixed_five_seed_mean,sheep,b1_to_b2,nbfnet,mean_0_4,,,50,1,,e2e_macro_destination_observed_value_capture,0.12592077134584664,,,0.06183024666151817,5,,,descriptive fixed-seed summary
two_stage_b1_b2,chain_fixed_five_seed_mean,sheep,b1_to_b2,nbfnet,mean_0_4,,,50,1,,e2e_macro_destination_recall,0.11833333333333332,,,0.05307227776030219,5,,,descriptive fixed-seed summary
two_stage_b1_b2,chain_fixed_five_seed_mean,sheep,b1_to_b2,nbfnet,mean_0_4,,,50,1,,e2e_micro_destination_recall,0.07826086956521738,,,0.03253615118933862,5,,,descriptive fixed-seed summary
two_stage_b1_b2,chain_fixed_five_seed_mean,sheep,b1_to_b2,nbfnet,mean_0_4,,,50,1,,effective_b1_budget,50.0,,,0.0,5,,,descriptive fixed-seed summary
two_stage_b1_b2,chain_fixed_five_seed_mean,sheep,b1_to_b2,nbfnet,mean_0_4,,,50,1,,positive_entries_denominator,20.0,,,0.0,5,,,descriptive fixed-seed summary
two_stage_b1_b2,chain_fixed_five_seed_mean,sheep,b1_to_b2,nbfnet,mean_0_4,,,50,1,,positive_entry_gate_precision,0.14800000000000002,,,0.03249615361854384,5,,,descriptive fixed-seed summary
two_stage_b1_b2,chain_fixed_five_seed_mean,sheep,b1_to_b2,nbfnet,mean_0_4,,,50,1,,positive_entry_gate_recall,0.37,,,0.08124038404635961,5,,,descriptive fixed-seed summary
two_stage_b1_b2,chain_fixed_five_seed_mean,sheep,b1_to_b2,nbfnet,mean_0_4,,,50,1,,positive_lanes_denominator,46.0,,,0.0,5,,,descriptive fixed-seed summary
two_stage_b1_b2,chain_fixed_five_seed_mean,sheep,b1_to_b2,nbfnet,mean_0_4,,,50,1,,selected_positive_entries,7.4,,,1.624807680927192,5,,,descriptive fixed-seed summary
two_stage_b1_b2,chain_fixed_five_seed_mean,sheep,b1_to_b2,nbfnet,mean_0_4,,,50,3,,e2e_global_observed_value_capture,0.15955067252526994,,,0.09926152456956425,5,,,descriptive fixed-seed summary
two_stage_b1_b2,chain_fixed_five_seed_mean,sheep,b1_to_b2,nbfnet,mean_0_4,,,50,3,,e2e_macro_destination_observed_value_capture,0.1853094113379589,,,0.04090724522437768,5,,,descriptive fixed-seed summary
two_stage_b1_b2,chain_fixed_five_seed_mean,sheep,b1_to_b2,nbfnet,mean_0_4,,,50,3,,e2e_macro_destination_recall,0.17388888888888887,,,0.03284832333132107,5,,,descriptive fixed-seed summary
two_stage_b1_b2,chain_fixed_five_seed_mean,sheep,b1_to_b2,nbfnet,mean_0_4,,,50,3,,e2e_micro_destination_recall,0.1173913043478261,,,0.02948839123097943,5,,,descriptive fixed-seed summary
two_stage_b1_b2,chain_fixed_five_seed_mean,sheep,b1_to_b2,nbfnet,mean_0_4,,,50,3,,effective_b1_budget,50.0,,,0.0,5,,,descriptive fixed-seed summary
two_stage_b1_b2,chain_fixed_five_seed_mean,sheep,b1_to_b2,nbfnet,mean_0_4,,,50,3,,positive_entries_denominator,20.0,,,0.0,5,,,descriptive fixed-seed summary
two_stage_b1_b2,chain_fixed_five_seed_mean,sheep,b1_to_b2,nbfnet,mean_0_4,,,50,3,,positive_entry_gate_precision,0.14800000000000002,,,0.03249615361854384,5,,,descriptive fixed-seed summary
two_stage_b1_b2,chain_fixed_five_seed_mean,sheep,b1_to_b2,nbfnet,mean_0_4,,,50,3,,positive_entry_gate_recall,0.37,,,0.08124038404635961,5,,,descriptive fixed-seed summary
two_stage_b1_b2,chain_fixed_five_seed_mean,sheep,b1_to_b2,nbfnet,mean_0_4,,,50,3,,positive_lanes_denominator,46.0,,,0.0,5,,,descriptive fixed-seed summary
two_stage_b1_b2,chain_fixed_five_seed_mean,sheep,b1_to_b2,nbfnet,mean_0_4,,,50,3,,selected_positive_entries,7.4,,,1.624807680927192,5,,,descriptive fixed-seed summary
two_stage_b1_b2,chain_fixed_five_seed_mean,sheep,b1_to_b2,nbfnet,mean_0_4,,,50,5,,e2e_global_observed_value_capture,0.17451804836704649,,,0.1139256616405153,5,,,descriptive fixed-seed summary
two_stage_b1_b2,chain_fixed_five_seed_mean,sheep,b1_to_b2,nbfnet,mean_0_4,,,50,5,,e2e_macro_destination_observed_value_capture,0.19962371791507177,,,0.05499699885873679,5,,,descriptive fixed-seed summary
two_stage_b1_b2,chain_fixed_five_seed_mean,sheep,b1_to_b2,nbfnet,mean_0_4,,,50,5,,e2e_macro_destination_recall,0.18944444444444444,,,0.048983494322571375,5,,,descriptive fixed-seed summary
two_stage_b1_b2,chain_fixed_five_seed_mean,sheep,b1_to_b2,nbfnet,mean_0_4,,,50,5,,e2e_micro_destination_recall,0.13043478260869565,,,0.038888138739126776,5,,,descriptive fixed-seed summary
two_stage_b1_b2,chain_fixed_five_seed_mean,sheep,b1_to_b2,nbfnet,mean_0_4,,,50,5,,effective_b1_budget,50.0,,,0.0,5,,,descriptive fixed-seed summary
two_stage_b1_b2,chain_fixed_five_seed_mean,sheep,b1_to_b2,nbfnet,mean_0_4,,,50,5,,positive_entries_denominator,20.0,,,0.0,5,,,descriptive fixed-seed summary
two_stage_b1_b2,chain_fixed_five_seed_mean,sheep,b1_to_b2,nbfnet,mean_0_4,,,50,5,,positive_entry_gate_precision,0.14800000000000002,,,0.03249615361854384,5,,,descriptive fixed-seed summary
two_stage_b1_b2,chain_fixed_five_seed_mean,sheep,b1_to_b2,nbfnet,mean_0_4,,,50,5,,positive_entry_gate_recall,0.37,,,0.08124038404635961,5,,,descriptive fixed-seed summary
two_stage_b1_b2,chain_fixed_five_seed_mean,sheep,b1_to_b2,nbfnet,mean_0_4,,,50,5,,positive_lanes_denominator,46.0,,,0.0,5,,,descriptive fixed-seed summary
two_stage_b1_b2,chain_fixed_five_seed_mean,sheep,b1_to_b2,nbfnet,mean_0_4,,,50,5,,selected_positive_entries,7.4,,,1.624807680927192,5,,,descriptive fixed-seed summary
two_stage_b1_b2,fixed_six_chain_fixed_five_seed_mean,fixed_six,b1_to_b2,kge,mean_0_4,,,100,1,,e2e_global_observed_value_capture,0.05393470635187032,,,,6,,,unweighted six-chain descriptive mean; not population inference
two_stage_b1_b2,fixed_six_chain_fixed_five_seed_mean,fixed_six,b1_to_b2,kge,mean_0_4,,,100,1,,e2e_macro_destination_observed_value_capture,0.06258357154926643,,,,6,,,unweighted six-chain descriptive mean; not population inference
two_stage_b1_b2,fixed_six_chain_fixed_five_seed_mean,fixed_six,b1_to_b2,kge,mean_0_4,,,100,1,,e2e_macro_destination_recall,0.06496233538308702,,,,6,,,unweighted six-chain descriptive mean; not population inference
two_stage_b1_b2,fixed_six_chain_fixed_five_seed_mean,fixed_six,b1_to_b2,kge,mean_0_4,,,100,1,,e2e_micro_destination_recall,0.06326894346025282,,,,6,,,unweighted six-chain descriptive mean; not population inference
two_stage_b1_b2,fixed_six_chain_fixed_five_seed_mean,fixed_six,b1_to_b2,kge,mean_0_4,,,100,1,,effective_b1_budget,97.66666666666667,,,,6,,,unweighted six-chain descriptive mean; not population inference
two_stage_b1_b2,fixed_six_chain_fixed_five_seed_mean,fixed_six,b1_to_b2,kge,mean_0_4,,,100,1,,positive_entries_denominator,45.0,,,,6,,,unweighted six-chain descriptive mean; not population inference
two_stage_b1_b2,fixed_six_chain_fixed_five_seed_mean,fixed_six,b1_to_b2,kge,mean_0_4,,,100,1,,positive_entry_gate_precision,0.30455813953488375,,,,6,,,unweighted six-chain descriptive mean; not population inference
two_stage_b1_b2,fixed_six_chain_fixed_five_seed_mean,fixed_six,b1_to_b2,kge,mean_0_4,,,100,1,,positive_entry_gate_recall,0.7201226551226552,,,,6,,,unweighted six-chain descriptive mean; not population inference
two_stage_b1_b2,fixed_six_chain_fixed_five_seed_mean,fixed_six,b1_to_b2,kge,mean_0_4,,,100,1,,positive_lanes_denominator,92.66666666666667,,,,6,,,unweighted six-chain descriptive mean; not population inference
two_stage_b1_b2,fixed_six_chain_fixed_five_seed_mean,fixed_six,b1_to_b2,kge,mean_0_4,,,100,1,,selected_positive_entries,29.533333333333335,,,,6,,,unweighted six-chain descriptive mean; not population inference
two_stage_b1_b2,fixed_six_chain_fixed_five_seed_mean,fixed_six,b1_to_b2,kge,mean_0_4,,,100,3,,e2e_global_observed_value_capture,0.11174587820992293,,,,6,,,unweighted six-chain descriptive mean; not population inference
two_stage_b1_b2,fixed_six_chain_fixed_five_seed_mean,fixed_six,b1_to_b2,kge,mean_0_4,,,100,3,,e2e_macro_destination_observed_value_capture,0.14755180634911527,,,,6,,,unweighted six-chain descriptive mean; not population inference
two_stage_b1_b2,fixed_six_chain_fixed_five_seed_mean,fixed_six,b1_to_b2,kge,mean_0_4,,,100,3,,e2e_macro_destination_recall,0.14622857307906328,,,,6,,,unweighted six-chain descriptive mean; not population inference
two_stage_b1_b2,fixed_six_chain_fixed_five_seed_mean,fixed_six,b1_to_b2,kge,mean_0_4,,,100,3,,e2e_micro_destination_recall,0.146672183355227,,,,6,,,unweighted six-chain descriptive mean; not population inference
two_stage_b1_b2,fixed_six_chain_fixed_five_seed_mean,fixed_six,b1_to_b2,kge,mean_0_4,,,100,3,,effective_b1_budget,97.66666666666667,,,,6,,,unweighted six-chain descriptive mean; not population inference
two_stage_b1_b2,fixed_six_chain_fixed_five_seed_mean,fixed_six,b1_to_b2,kge,mean_0_4,,,100,3,,positive_entries_denominator,45.0,,,,6,,,unweighted six-chain descriptive mean; not population inference
two_stage_b1_b2,fixed_six_chain_fixed_five_seed_mean,fixed_six,b1_to_b2,kge,mean_0_4,,,100,3,,positive_entry_gate_precision,0.30455813953488375,,,,6,,,unweighted six-chain descriptive mean; not population inference
two_stage_b1_b2,fixed_six_chain_fixed_five_seed_mean,fixed_six,b1_to_b2,kge,mean_0_4,,,100,3,,positive_entry_gate_recall,0.7201226551226552,,,,6,,,unweighted six-chain descriptive mean; not population inference
two_stage_b1_b2,fixed_six_chain_fixed_five_seed_mean,fixed_six,b1_to_b2,kge,mean_0_4,,,100,3,,positive_lanes_denominator,92.66666666666667,,,,6,,,unweighted six-chain descriptive mean; not population inference
two_stage_b1_b2,fixed_six_chain_fixed_five_seed_mean,fixed_six,b1_to_b2,kge,mean_0_4,,,100,3,,selected_positive_entries,29.533333333333335,,,,6,,,unweighted six-chain descriptive mean; not population inference
two_stage_b1_b2,fixed_six_chain_fixed_five_seed_mean,fixed_six,b1_to_b2,kge,mean_0_4,,,100,5,,e2e_global_observed_value_capture,0.16437608109480803,,,,6,,,unweighted six-chain descriptive mean; not population inference
two_stage_b1_b2,fixed_six_chain_fixed_five_seed_mean,fixed_six,b1_to_b2,kge,mean_0_4,,,100,5,,e2e_macro_destination_observed_value_capture,0.21005742479590184,,,,6,,,unweighted six-chain descriptive mean; not population inference
two_stage_b1_b2,fixed_six_chain_fixed_five_seed_mean,fixed_six,b1_to_b2,kge,mean_0_4,,,100,5,,e2e_macro_destination_recall,0.2070628004288135,,,,6,,,unweighted six-chain descriptive mean; not population inference
two_stage_b1_b2,fixed_six_chain_fixed_five_seed_mean,fixed_six,b1_to_b2,kge,mean_0_4,,,100,5,,e2e_micro_destination_recall,0.2090060321849836,,,,6,,,unweighted six-chain descriptive mean; not population inference
two_stage_b1_b2,fixed_six_chain_fixed_five_seed_mean,fixed_six,b1_to_b2,kge,mean_0_4,,,100,5,,effective_b1_budget,97.66666666666667,,,,6,,,unweighted six-chain descriptive mean; not population inference
two_stage_b1_b2,fixed_six_chain_fixed_five_seed_mean,fixed_six,b1_to_b2,kge,mean_0_4,,,100,5,,positive_entries_denominator,45.0,,,,6,,,unweighted six-chain descriptive mean; not population inference
two_stage_b1_b2,fixed_six_chain_fixed_five_seed_mean,fixed_six,b1_to_b2,kge,mean_0_4,,,100,5,,positive_entry_gate_precision,0.30455813953488375,,,,6,,,unweighted six-chain descriptive mean; not population inference
two_stage_b1_b2,fixed_six_chain_fixed_five_seed_mean,fixed_six,b1_to_b2,kge,mean_0_4,,,100,5,,positive_entry_gate_recall,0.7201226551226552,,,,6,,,unweighted six-chain descriptive mean; not population inference
two_stage_b1_b2,fixed_six_chain_fixed_five_seed_mean,fixed_six,b1_to_b2,kge,mean_0_4,,,100,5,,positive_lanes_denominator,92.66666666666667,,,,6,,,unweighted six-chain descriptive mean; not population inference
two_stage_b1_b2,fixed_six_chain_fixed_five_seed_mean,fixed_six,b1_to_b2,kge,mean_0_4,,,100,5,,selected_positive_entries,29.533333333333335,,,,6,,,unweighted six-chain descriptive mean; not population inference
two_stage_b1_b2,fixed_six_chain_fixed_five_seed_mean,fixed_six,b1_to_b2,kge,mean_0_4,,,25,1,,e2e_global_observed_value_capture,0.01763229179909451,,,,6,,,unweighted six-chain descriptive mean; not population inference
two_stage_b1_b2,fixed_six_chain_fixed_five_seed_mean,fixed_six,b1_to_b2,kge,mean_0_4,,,25,1,,e2e_macro_destination_observed_value_capture,0.024391167735049804,,,,6,,,unweighted six-chain descriptive mean; not population inference
two_stage_b1_b2,fixed_six_chain_fixed_five_seed_mean,fixed_six,b1_to_b2,kge,mean_0_4,,,25,1,,e2e_macro_destination_recall,0.026324614020692454,,,,6,,,unweighted six-chain descriptive mean; not population inference
two_stage_b1_b2,fixed_six_chain_fixed_five_seed_mean,fixed_six,b1_to_b2,kge,mean_0_4,,,25,1,,e2e_micro_destination_recall,0.027483838824278847,,,,6,,,unweighted six-chain descriptive mean; not population inference
two_stage_b1_b2,fixed_six_chain_fixed_five_seed_mean,fixed_six,b1_to_b2,kge,mean_0_4,,,25,1,,effective_b1_budget,25.0,,,,6,,,unweighted six-chain descriptive mean; not population inference
two_stage_b1_b2,fixed_six_chain_fixed_five_seed_mean,fixed_six,b1_to_b2,kge,mean_0_4,,,25,1,,positive_entries_denominator,45.0,,,,6,,,unweighted six-chain descriptive mean; not population inference
two_stage_b1_b2,fixed_six_chain_fixed_five_seed_mean,fixed_six,b1_to_b2,kge,mean_0_4,,,25,1,,positive_entry_gate_precision,0.44,,,,6,,,unweighted six-chain descriptive mean; not population inference
two_stage_b1_b2,fixed_six_chain_fixed_five_seed_mean,fixed_six,b1_to_b2,kge,mean_0_4,,,25,1,,positive_entry_gate_recall,0.27862483377189257,,,,6,,,unweighted six-chain descriptive mean; not population inference
two_stage_b1_b2,fixed_six_chain_fixed_five_seed_mean,fixed_six,b1_to_b2,kge,mean_0_4,,,25,1,,positive_lanes_denominator,92.66666666666667,,,,6,,,unweighted six-chain descriptive mean; not population inference
two_stage_b1_b2,fixed_six_chain_fixed_five_seed_mean,fixed_six,b1_to_b2,kge,mean_0_4,,,25,1,,selected_positive_entries,11.0,,,,6,,,unweighted six-chain descriptive mean; not population inference
two_stage_b1_b2,fixed_six_chain_fixed_five_seed_mean,fixed_six,b1_to_b2,kge,mean_0_4,,,25,3,,e2e_global_observed_value_capture,0.04409329633295106,,,,6,,,unweighted six-chain descriptive mean; not population inference
two_stage_b1_b2,fixed_six_chain_fixed_five_seed_mean,fixed_six,b1_to_b2,kge,mean_0_4,,,25,3,,e2e_macro_destination_observed_value_capture,0.06363195934571338,,,,6,,,unweighted six-chain descriptive mean; not population inference
two_stage_b1_b2,fixed_six_chain_fixed_five_seed_mean,fixed_six,b1_to_b2,kge,mean_0_4,,,25,3,,e2e_macro_destination_recall,0.06311377862031457,,,,6,,,unweighted six-chain descriptive mean; not population inference
two_stage_b1_b2,fixed_six_chain_fixed_five_seed_mean,fixed_six,b1_to_b2,kge,mean_0_4,,,25,3,,e2e_micro_destination_recall,0.06554033009210687,,,,6,,,unweighted six-chain descriptive mean; not population inference
two_stage_b1_b2,fixed_six_chain_fixed_five_seed_mean,fixed_six,b1_to_b2,kge,mean_0_4,,,25,3,,effective_b1_budget,25.0,,,,6,,,unweighted six-chain descriptive mean; not population inference
two_stage_b1_b2,fixed_six_chain_fixed_five_seed_mean,fixed_six,b1_to_b2,kge,mean_0_4,,,25,3,,positive_entries_denominator,45.0,,,,6,,,unweighted six-chain descriptive mean; not population inference
two_stage_b1_b2,fixed_six_chain_fixed_five_seed_mean,fixed_six,b1_to_b2,kge,mean_0_4,,,25,3,,positive_entry_gate_precision,0.44,,,,6,,,unweighted six-chain descriptive mean; not population inference
two_stage_b1_b2,fixed_six_chain_fixed_five_seed_mean,fixed_six,b1_to_b2,kge,mean_0_4,,,25,3,,positive_entry_gate_recall,0.27862483377189257,,,,6,,,unweighted six-chain descriptive mean; not population inference
two_stage_b1_b2,fixed_six_chain_fixed_five_seed_mean,fixed_six,b1_to_b2,kge,mean_0_4,,,25,3,,positive_lanes_denominator,92.66666666666667,,,,6,,,unweighted six-chain descriptive mean; not population inference
two_stage_b1_b2,fixed_six_chain_fixed_five_seed_mean,fixed_six,b1_to_b2,kge,mean_0_4,,,25,3,,selected_positive_entries,11.0,,,,6,,,unweighted six-chain descriptive mean; not population inference
two_stage_b1_b2,fixed_six_chain_fixed_five_seed_mean,fixed_six,b1_to_b2,kge,mean_0_4,,,25,5,,e2e_global_observed_value_capture,0.0700736689735696,,,,6,,,unweighted six-chain descriptive mean; not population inference
two_stage_b1_b2,fixed_six_chain_fixed_five_seed_mean,fixed_six,b1_to_b2,kge,mean_0_4,,,25,5,,e2e_macro_destination_observed_value_capture,0.08530332745440661,,,,6,,,unweighted six-chain descriptive mean; not population inference
two_stage_b1_b2,fixed_six_chain_fixed_five_seed_mean,fixed_six,b1_to_b2,kge,mean_0_4,,,25,5,,e2e_macro_destination_recall,0.08426570010720337,,,,6,,,unweighted six-chain descriptive mean; not population inference
two_stage_b1_b2,fixed_six_chain_fixed_five_seed_mean,fixed_six,b1_to_b2,kge,mean_0_4,,,25,5,,e2e_micro_destination_recall,0.0922992487750842,,,,6,,,unweighted six-chain descriptive mean; not population inference
two_stage_b1_b2,fixed_six_chain_fixed_five_seed_mean,fixed_six,b1_to_b2,kge,mean_0_4,,,25,5,,effective_b1_budget,25.0,,,,6,,,unweighted six-chain descriptive mean; not population inference
two_stage_b1_b2,fixed_six_chain_fixed_five_seed_mean,fixed_six,b1_to_b2,kge,mean_0_4,,,25,5,,positive_entries_denominator,45.0,,,,6,,,unweighted six-chain descriptive mean; not population inference
two_stage_b1_b2,fixed_six_chain_fixed_five_seed_mean,fixed_six,b1_to_b2,kge,mean_0_4,,,25,5,,positive_entry_gate_precision,0.44,,,,6,,,unweighted six-chain descriptive mean; not population inference
two_stage_b1_b2,fixed_six_chain_fixed_five_seed_mean,fixed_six,b1_to_b2,kge,mean_0_4,,,25,5,,positive_entry_gate_recall,0.27862483377189257,,,,6,,,unweighted six-chain descriptive mean; not population inference
two_stage_b1_b2,fixed_six_chain_fixed_five_seed_mean,fixed_six,b1_to_b2,kge,mean_0_4,,,25,5,,positive_lanes_denominator,92.66666666666667,,,,6,,,unweighted six-chain descriptive mean; not population inference
two_stage_b1_b2,fixed_six_chain_fixed_five_seed_mean,fixed_six,b1_to_b2,kge,mean_0_4,,,25,5,,selected_positive_entries,11.0,,,,6,,,unweighted six-chain descriptive mean; not population inference
two_stage_b1_b2,fixed_six_chain_fixed_five_seed_mean,fixed_six,b1_to_b2,kge,mean_0_4,,,250,1,,e2e_global_observed_value_capture,0.07832609365714335,,,,6,,,unweighted six-chain descriptive mean; not population inference
two_stage_b1_b2,fixed_six_chain_fixed_five_seed_mean,fixed_six,b1_to_b2,kge,mean_0_4,,,250,1,,e2e_macro_destination_observed_value_capture,0.09139152897579732,,,,6,,,unweighted six-chain descriptive mean; not population inference
two_stage_b1_b2,fixed_six_chain_fixed_five_seed_mean,fixed_six,b1_to_b2,kge,mean_0_4,,,250,1,,e2e_macro_destination_recall,0.09276101180245307,,,,6,,,unweighted six-chain descriptive mean; not population inference
two_stage_b1_b2,fixed_six_chain_fixed_five_seed_mean,fixed_six,b1_to_b2,kge,mean_0_4,,,250,1,,e2e_micro_destination_recall,0.08410573125419313,,,,6,,,unweighted six-chain descriptive mean; not population inference
two_stage_b1_b2,fixed_six_chain_fixed_five_seed_mean,fixed_six,b1_to_b2,kge,mean_0_4,,,250,1,,effective_b1_budget,203.33333333333334,,,,6,,,unweighted six-chain descriptive mean; not population inference
two_stage_b1_b2,fixed_six_chain_fixed_five_seed_mean,fixed_six,b1_to_b2,kge,mean_0_4,,,250,1,,positive_entries_denominator,45.0,,,,6,,,unweighted six-chain descriptive mean; not population inference
two_stage_b1_b2,fixed_six_chain_fixed_five_seed_mean,fixed_six,b1_to_b2,kge,mean_0_4,,,250,1,,positive_entry_gate_precision,0.22756709475876433,,,,6,,,unweighted six-chain descriptive mean; not population inference
two_stage_b1_b2,fixed_six_chain_fixed_five_seed_mean,fixed_six,b1_to_b2,kge,mean_0_4,,,250,1,,positive_entry_gate_recall,0.9688732563732564,,,,6,,,unweighted six-chain descriptive mean; not population inference
two_stage_b1_b2,fixed_six_chain_fixed_five_seed_mean,fixed_six,b1_to_b2,kge,mean_0_4,,,250,1,,positive_lanes_denominator,92.66666666666667,,,,6,,,unweighted six-chain descriptive mean; not population inference
two_stage_b1_b2,fixed_six_chain_fixed_five_seed_mean,fixed_six,b1_to_b2,kge,mean_0_4,,,250,1,,selected_positive_entries,43.199999999999996,,,,6,,,unweighted six-chain descriptive mean; not population inference
two_stage_b1_b2,fixed_six_chain_fixed_five_seed_mean,fixed_six,b1_to_b2,kge,mean_0_4,,,250,3,,e2e_global_observed_value_capture,0.14985324555400417,,,,6,,,unweighted six-chain descriptive mean; not population inference
two_stage_b1_b2,fixed_six_chain_fixed_five_seed_mean,fixed_six,b1_to_b2,kge,mean_0_4,,,250,3,,e2e_macro_destination_observed_value_capture,0.20942623806332683,,,,6,,,unweighted six-chain descriptive mean; not population inference
two_stage_b1_b2,fixed_six_chain_fixed_five_seed_mean,fixed_six,b1_to_b2,kge,mean_0_4,,,250,3,,e2e_macro_destination_recall,0.20610642989657524,,,,6,,,unweighted six-chain descriptive mean; not population inference
two_stage_b1_b2,fixed_six_chain_fixed_five_seed_mean,fixed_six,b1_to_b2,kge,mean_0_4,,,250,3,,e2e_micro_destination_recall,0.19193692418268893,,,,6,,,unweighted six-chain descriptive mean; not population inference
two_stage_b1_b2,fixed_six_chain_fixed_five_seed_mean,fixed_six,b1_to_b2,kge,mean_0_4,,,250,3,,effective_b1_budget,203.33333333333334,,,,6,,,unweighted six-chain descriptive mean; not population inference
two_stage_b1_b2,fixed_six_chain_fixed_five_seed_mean,fixed_six,b1_to_b2,kge,mean_0_4,,,250,3,,positive_entries_denominator,45.0,,,,6,,,unweighted six-chain descriptive mean; not population inference
two_stage_b1_b2,fixed_six_chain_fixed_five_seed_mean,fixed_six,b1_to_b2,kge,mean_0_4,,,250,3,,positive_entry_gate_precision,0.22756709475876433,,,,6,,,unweighted six-chain descriptive mean; not population inference
two_stage_b1_b2,fixed_six_chain_fixed_five_seed_mean,fixed_six,b1_to_b2,kge,mean_0_4,,,250,3,,positive_entry_gate_recall,0.9688732563732564,,,,6,,,unweighted six-chain descriptive mean; not population inference
two_stage_b1_b2,fixed_six_chain_fixed_five_seed_mean,fixed_six,b1_to_b2,kge,mean_0_4,,,250,3,,positive_lanes_denominator,92.66666666666667,,,,6,,,unweighted six-chain descriptive mean; not population inference
two_stage_b1_b2,fixed_six_chain_fixed_five_seed_mean,fixed_six,b1_to_b2,kge,mean_0_4,,,250,3,,selected_positive_entries,43.199999999999996,,,,6,,,unweighted six-chain descriptive mean; not population inference
two_stage_b1_b2,fixed_six_chain_fixed_five_seed_mean,fixed_six,b1_to_b2,kge,mean_0_4,,,250,5,,e2e_global_observed_value_capture,0.22141336480057972,,,,6,,,unweighted six-chain descriptive mean; not population inference
two_stage_b1_b2,fixed_six_chain_fixed_five_seed_mean,fixed_six,b1_to_b2,kge,mean_0_4,,,250,5,,e2e_macro_destination_observed_value_capture,0.29423710481031273,,,,6,,,unweighted six-chain descriptive mean; not population inference
two_stage_b1_b2,fixed_six_chain_fixed_five_seed_mean,fixed_six,b1_to_b2,kge,mean_0_4,,,250,5,,e2e_macro_destination_recall,0.2880013574018533,,,,6,,,unweighted six-chain descriptive mean; not population inference
two_stage_b1_b2,fixed_six_chain_fixed_five_seed_mean,fixed_six,b1_to_b2,kge,mean_0_4,,,250,5,,e2e_micro_destination_recall,0.27044872751081267,,,,6,,,unweighted six-chain descriptive mean; not population inference
two_stage_b1_b2,fixed_six_chain_fixed_five_seed_mean,fixed_six,b1_to_b2,kge,mean_0_4,,,250,5,,effective_b1_budget,203.33333333333334,,,,6,,,unweighted six-chain descriptive mean; not population inference
two_stage_b1_b2,fixed_six_chain_fixed_five_seed_mean,fixed_six,b1_to_b2,kge,mean_0_4,,,250,5,,positive_entries_denominator,45.0,,,,6,,,unweighted six-chain descriptive mean; not population inference
two_stage_b1_b2,fixed_six_chain_fixed_five_seed_mean,fixed_six,b1_to_b2,kge,mean_0_4,,,250,5,,positive_entry_gate_precision,0.22756709475876433,,,,6,,,unweighted six-chain descriptive mean; not population inference
two_stage_b1_b2,fixed_six_chain_fixed_five_seed_mean,fixed_six,b1_to_b2,kge,mean_0_4,,,250,5,,positive_entry_gate_recall,0.9688732563732564,,,,6,,,unweighted six-chain descriptive mean; not population inference
two_stage_b1_b2,fixed_six_chain_fixed_five_seed_mean,fixed_six,b1_to_b2,kge,mean_0_4,,,250,5,,positive_lanes_denominator,92.66666666666667,,,,6,,,unweighted six-chain descriptive mean; not population inference
two_stage_b1_b2,fixed_six_chain_fixed_five_seed_mean,fixed_six,b1_to_b2,kge,mean_0_4,,,250,5,,selected_positive_entries,43.199999999999996,,,,6,,,unweighted six-chain descriptive mean; not population inference
two_stage_b1_b2,fixed_six_chain_fixed_five_seed_mean,fixed_six,b1_to_b2,kge,mean_0_4,,,50,1,,e2e_global_observed_value_capture,0.03220601581604642,,,,6,,,unweighted six-chain descriptive mean; not population inference
two_stage_b1_b2,fixed_six_chain_fixed_five_seed_mean,fixed_six,b1_to_b2,kge,mean_0_4,,,50,1,,e2e_macro_destination_observed_value_capture,0.040910484122705516,,,,6,,,unweighted six-chain descriptive mean; not population inference
two_stage_b1_b2,fixed_six_chain_fixed_five_seed_mean,fixed_six,b1_to_b2,kge,mean_0_4,,,50,1,,e2e_macro_destination_recall,0.042520361960721446,,,,6,,,unweighted six-chain descriptive mean; not population inference
two_stage_b1_b2,fixed_six_chain_fixed_five_seed_mean,fixed_six,b1_to_b2,kge,mean_0_4,,,50,1,,e2e_micro_destination_recall,0.045786445749809196,,,,6,,,unweighted six-chain descriptive mean; not population inference
two_stage_b1_b2,fixed_six_chain_fixed_five_seed_mean,fixed_six,b1_to_b2,kge,mean_0_4,,,50,1,,effective_b1_budget,50.0,,,,6,,,unweighted six-chain descriptive mean; not population inference
two_stage_b1_b2,fixed_six_chain_fixed_five_seed_mean,fixed_six,b1_to_b2,kge,mean_0_4,,,50,1,,positive_entries_denominator,45.0,,,,6,,,unweighted six-chain descriptive mean; not population inference
two_stage_b1_b2,fixed_six_chain_fixed_five_seed_mean,fixed_six,b1_to_b2,kge,mean_0_4,,,50,1,,positive_entry_gate_precision,0.37266666666666665,,,,6,,,unweighted six-chain descriptive mean; not population inference
two_stage_b1_b2,fixed_six_chain_fixed_five_seed_mean,fixed_six,b1_to_b2,kge,mean_0_4,,,50,1,,positive_entry_gate_recall,0.4640706080411963,,,,6,,,unweighted six-chain descriptive mean; not population inference
two_stage_b1_b2,fixed_six_chain_fixed_five_seed_mean,fixed_six,b1_to_b2,kge,mean_0_4,,,50,1,,positive_lanes_denominator,92.66666666666667,,,,6,,,unweighted six-chain descriptive mean; not population inference
two_stage_b1_b2,fixed_six_chain_fixed_five_seed_mean,fixed_six,b1_to_b2,kge,mean_0_4,,,50,1,,selected_positive_entries,18.633333333333336,,,,6,,,unweighted six-chain descriptive mean; not population inference
two_stage_b1_b2,fixed_six_chain_fixed_five_seed_mean,fixed_six,b1_to_b2,kge,mean_0_4,,,50,3,,e2e_global_observed_value_capture,0.07734708464167182,,,,6,,,unweighted six-chain descriptive mean; not population inference
two_stage_b1_b2,fixed_six_chain_fixed_five_seed_mean,fixed_six,b1_to_b2,kge,mean_0_4,,,50,3,,e2e_macro_destination_observed_value_capture,0.09733322204139093,,,,6,,,unweighted six-chain descriptive mean; not population inference
two_stage_b1_b2,fixed_six_chain_fixed_five_seed_mean,fixed_six,b1_to_b2,kge,mean_0_4,,,50,3,,e2e_macro_destination_recall,0.09475562110366031,,,,6,,,unweighted six-chain descriptive mean; not population inference
two_stage_b1_b2,fixed_six_chain_fixed_five_seed_mean,fixed_six,b1_to_b2,kge,mean_0_4,,,50,3,,e2e_micro_destination_recall,0.10245472559904945,,,,6,,,unweighted six-chain descriptive mean; not population inference
two_stage_b1_b2,fixed_six_chain_fixed_five_seed_mean,fixed_six,b1_to_b2,kge,mean_0_4,,,50,3,,effective_b1_budget,50.0,,,,6,,,unweighted six-chain descriptive mean; not population inference
two_stage_b1_b2,fixed_six_chain_fixed_five_seed_mean,fixed_six,b1_to_b2,kge,mean_0_4,,,50,3,,positive_entries_denominator,45.0,,,,6,,,unweighted six-chain descriptive mean; not population inference
two_stage_b1_b2,fixed_six_chain_fixed_five_seed_mean,fixed_six,b1_to_b2,kge,mean_0_4,,,50,3,,positive_entry_gate_precision,0.37266666666666665,,,,6,,,unweighted six-chain descriptive mean; not population inference
two_stage_b1_b2,fixed_six_chain_fixed_five_seed_mean,fixed_six,b1_to_b2,kge,mean_0_4,,,50,3,,positive_entry_gate_recall,0.4640706080411963,,,,6,,,unweighted six-chain descriptive mean; not population inference
two_stage_b1_b2,fixed_six_chain_fixed_five_seed_mean,fixed_six,b1_to_b2,kge,mean_0_4,,,50,3,,positive_lanes_denominator,92.66666666666667,,,,6,,,unweighted six-chain descriptive mean; not population inference
two_stage_b1_b2,fixed_six_chain_fixed_five_seed_mean,fixed_six,b1_to_b2,kge,mean_0_4,,,50,3,,selected_positive_entries,18.633333333333336,,,,6,,,unweighted six-chain descriptive mean; not population inference
two_stage_b1_b2,fixed_six_chain_fixed_five_seed_mean,fixed_six,b1_to_b2,kge,mean_0_4,,,50,5,,e2e_global_observed_value_capture,0.11542731405354915,,,,6,,,unweighted six-chain descriptive mean; not population inference
two_stage_b1_b2,fixed_six_chain_fixed_five_seed_mean,fixed_six,b1_to_b2,kge,mean_0_4,,,50,5,,e2e_macro_destination_observed_value_capture,0.1308771004577563,,,,6,,,unweighted six-chain descriptive mean; not population inference
two_stage_b1_b2,fixed_six_chain_fixed_five_seed_mean,fixed_six,b1_to_b2,kge,mean_0_4,,,50,5,,e2e_macro_destination_recall,0.12759567940531993,,,,6,,,unweighted six-chain descriptive mean; not population inference
two_stage_b1_b2,fixed_six_chain_fixed_five_seed_mean,fixed_six,b1_to_b2,kge,mean_0_4,,,50,5,,e2e_micro_destination_recall,0.1425769455686358,,,,6,,,unweighted six-chain descriptive mean; not population inference
two_stage_b1_b2,fixed_six_chain_fixed_five_seed_mean,fixed_six,b1_to_b2,kge,mean_0_4,,,50,5,,effective_b1_budget,50.0,,,,6,,,unweighted six-chain descriptive mean; not population inference
two_stage_b1_b2,fixed_six_chain_fixed_five_seed_mean,fixed_six,b1_to_b2,kge,mean_0_4,,,50,5,,positive_entries_denominator,45.0,,,,6,,,unweighted six-chain descriptive mean; not population inference
two_stage_b1_b2,fixed_six_chain_fixed_five_seed_mean,fixed_six,b1_to_b2,kge,mean_0_4,,,50,5,,positive_entry_gate_precision,0.37266666666666665,,,,6,,,unweighted six-chain descriptive mean; not population inference
two_stage_b1_b2,fixed_six_chain_fixed_five_seed_mean,fixed_six,b1_to_b2,kge,mean_0_4,,,50,5,,positive_entry_gate_recall,0.4640706080411963,,,,6,,,unweighted six-chain descriptive mean; not population inference
two_stage_b1_b2,fixed_six_chain_fixed_five_seed_mean,fixed_six,b1_to_b2,kge,mean_0_4,,,50,5,,positive_lanes_denominator,92.66666666666667,,,,6,,,unweighted six-chain descriptive mean; not population inference
two_stage_b1_b2,fixed_six_chain_fixed_five_seed_mean,fixed_six,b1_to_b2,kge,mean_0_4,,,50,5,,selected_positive_entries,18.633333333333336,,,,6,,,unweighted six-chain descriptive mean; not population inference
two_stage_b1_b2,fixed_six_chain_fixed_five_seed_mean,fixed_six,b1_to_b2,nbfnet,mean_0_4,,,100,1,,e2e_global_observed_value_capture,0.1605073519987716,,,,6,,,unweighted six-chain descriptive mean; not population inference
two_stage_b1_b2,fixed_six_chain_fixed_five_seed_mean,fixed_six,b1_to_b2,nbfnet,mean_0_4,,,100,1,,e2e_macro_destination_observed_value_capture,0.1401067775578421,,,,6,,,unweighted six-chain descriptive mean; not population inference
two_stage_b1_b2,fixed_six_chain_fixed_five_seed_mean,fixed_six,b1_to_b2,nbfnet,mean_0_4,,,100,1,,e2e_macro_destination_recall,0.13175639107884995,,,,6,,,unweighted six-chain descriptive mean; not population inference
two_stage_b1_b2,fixed_six_chain_fixed_five_seed_mean,fixed_six,b1_to_b2,nbfnet,mean_0_4,,,100,1,,e2e_micro_destination_recall,0.10100576244079651,,,,6,,,unweighted six-chain descriptive mean; not population inference
two_stage_b1_b2,fixed_six_chain_fixed_five_seed_mean,fixed_six,b1_to_b2,nbfnet,mean_0_4,,,100,1,,effective_b1_budget,97.66666666666667,,,,6,,,unweighted six-chain descriptive mean; not population inference
two_stage_b1_b2,fixed_six_chain_fixed_five_seed_mean,fixed_six,b1_to_b2,nbfnet,mean_0_4,,,100,1,,positive_entries_denominator,45.0,,,,6,,,unweighted six-chain descriptive mean; not population inference
two_stage_b1_b2,fixed_six_chain_fixed_five_seed_mean,fixed_six,b1_to_b2,nbfnet,mean_0_4,,,100,1,,positive_entry_gate_precision,0.25489147286821706,,,,6,,,unweighted six-chain descriptive mean; not population inference
two_stage_b1_b2,fixed_six_chain_fixed_five_seed_mean,fixed_six,b1_to_b2,nbfnet,mean_0_4,,,100,1,,positive_entry_gate_recall,0.61511063011063,,,,6,,,unweighted six-chain descriptive mean; not population inference
two_stage_b1_b2,fixed_six_chain_fixed_five_seed_mean,fixed_six,b1_to_b2,nbfnet,mean_0_4,,,100,1,,positive_lanes_denominator,92.66666666666667,,,,6,,,unweighted six-chain descriptive mean; not population inference
two_stage_b1_b2,fixed_six_chain_fixed_five_seed_mean,fixed_six,b1_to_b2,nbfnet,mean_0_4,,,100,1,,selected_positive_entries,24.566666666666663,,,,6,,,unweighted six-chain descriptive mean; not population inference
two_stage_b1_b2,fixed_six_chain_fixed_five_seed_mean,fixed_six,b1_to_b2,nbfnet,mean_0_4,,,100,3,,e2e_global_observed_value_capture,0.2770855547851387,,,,6,,,unweighted six-chain descriptive mean; not population inference
two_stage_b1_b2,fixed_six_chain_fixed_five_seed_mean,fixed_six,b1_to_b2,nbfnet,mean_0_4,,,100,3,,e2e_macro_destination_observed_value_capture,0.2534275066485365,,,,6,,,unweighted six-chain descriptive mean; not population inference
two_stage_b1_b2,fixed_six_chain_fixed_five_seed_mean,fixed_six,b1_to_b2,nbfnet,mean_0_4,,,100,3,,e2e_macro_destination_recall,0.24160847346065398,,,,6,,,unweighted six-chain descriptive mean; not population inference
two_stage_b1_b2,fixed_six_chain_fixed_five_seed_mean,fixed_six,b1_to_b2,nbfnet,mean_0_4,,,100,3,,e2e_micro_destination_recall,0.20106261702230907,,,,6,,,unweighted six-chain descriptive mean; not population inference
two_stage_b1_b2,fixed_six_chain_fixed_five_seed_mean,fixed_six,b1_to_b2,nbfnet,mean_0_4,,,100,3,,effective_b1_budget,97.66666666666667,,,,6,,,unweighted six-chain descriptive mean; not population inference
two_stage_b1_b2,fixed_six_chain_fixed_five_seed_mean,fixed_six,b1_to_b2,nbfnet,mean_0_4,,,100,3,,positive_entries_denominator,45.0,,,,6,,,unweighted six-chain descriptive mean; not population inference
two_stage_b1_b2,fixed_six_chain_fixed_five_seed_mean,fixed_six,b1_to_b2,nbfnet,mean_0_4,,,100,3,,positive_entry_gate_precision,0.25489147286821706,,,,6,,,unweighted six-chain descriptive mean; not population inference
two_stage_b1_b2,fixed_six_chain_fixed_five_seed_mean,fixed_six,b1_to_b2,nbfnet,mean_0_4,,,100,3,,positive_entry_gate_recall,0.61511063011063,,,,6,,,unweighted six-chain descriptive mean; not population inference
two_stage_b1_b2,fixed_six_chain_fixed_five_seed_mean,fixed_six,b1_to_b2,nbfnet,mean_0_4,,,100,3,,positive_lanes_denominator,92.66666666666667,,,,6,,,unweighted six-chain descriptive mean; not population inference
two_stage_b1_b2,fixed_six_chain_fixed_five_seed_mean,fixed_six,b1_to_b2,nbfnet,mean_0_4,,,100,3,,selected_positive_entries,24.566666666666663,,,,6,,,unweighted six-chain descriptive mean; not population inference
two_stage_b1_b2,fixed_six_chain_fixed_five_seed_mean,fixed_six,b1_to_b2,nbfnet,mean_0_4,,,100,5,,e2e_global_observed_value_capture,0.3186070320495152,,,,6,,,unweighted six-chain descriptive mean; not population inference
two_stage_b1_b2,fixed_six_chain_fixed_five_seed_mean,fixed_six,b1_to_b2,nbfnet,mean_0_4,,,100,5,,e2e_macro_destination_observed_value_capture,0.30745774424217487,,,,6,,,unweighted six-chain descriptive mean; not population inference
two_stage_b1_b2,fixed_six_chain_fixed_five_seed_mean,fixed_six,b1_to_b2,nbfnet,mean_0_4,,,100,5,,e2e_macro_destination_recall,0.29690181366497004,,,,6,,,unweighted six-chain descriptive mean; not population inference
two_stage_b1_b2,fixed_six_chain_fixed_five_seed_mean,fixed_six,b1_to_b2,nbfnet,mean_0_4,,,100,5,,e2e_micro_destination_recall,0.25186369705350725,,,,6,,,unweighted six-chain descriptive mean; not population inference
two_stage_b1_b2,fixed_six_chain_fixed_five_seed_mean,fixed_six,b1_to_b2,nbfnet,mean_0_4,,,100,5,,effective_b1_budget,97.66666666666667,,,,6,,,unweighted six-chain descriptive mean; not population inference
two_stage_b1_b2,fixed_six_chain_fixed_five_seed_mean,fixed_six,b1_to_b2,nbfnet,mean_0_4,,,100,5,,positive_entries_denominator,45.0,,,,6,,,unweighted six-chain descriptive mean; not population inference
two_stage_b1_b2,fixed_six_chain_fixed_five_seed_mean,fixed_six,b1_to_b2,nbfnet,mean_0_4,,,100,5,,positive_entry_gate_precision,0.25489147286821706,,,,6,,,unweighted six-chain descriptive mean; not population inference
two_stage_b1_b2,fixed_six_chain_fixed_five_seed_mean,fixed_six,b1_to_b2,nbfnet,mean_0_4,,,100,5,,positive_entry_gate_recall,0.61511063011063,,,,6,,,unweighted six-chain descriptive mean; not population inference
two_stage_b1_b2,fixed_six_chain_fixed_five_seed_mean,fixed_six,b1_to_b2,nbfnet,mean_0_4,,,100,5,,positive_lanes_denominator,92.66666666666667,,,,6,,,unweighted six-chain descriptive mean; not population inference
two_stage_b1_b2,fixed_six_chain_fixed_five_seed_mean,fixed_six,b1_to_b2,nbfnet,mean_0_4,,,100,5,,selected_positive_entries,24.566666666666663,,,,6,,,unweighted six-chain descriptive mean; not population inference
two_stage_b1_b2,fixed_six_chain_fixed_five_seed_mean,fixed_six,b1_to_b2,nbfnet,mean_0_4,,,25,1,,e2e_global_observed_value_capture,0.060167999463516926,,,,6,,,unweighted six-chain descriptive mean; not population inference
two_stage_b1_b2,fixed_six_chain_fixed_five_seed_mean,fixed_six,b1_to_b2,nbfnet,mean_0_4,,,25,1,,e2e_macro_destination_observed_value_capture,0.052926436533178904,,,,6,,,unweighted six-chain descriptive mean; not population inference
two_stage_b1_b2,fixed_six_chain_fixed_five_seed_mean,fixed_six,b1_to_b2,nbfnet,mean_0_4,,,25,1,,e2e_macro_destination_recall,0.04928615638174461,,,,6,,,unweighted six-chain descriptive mean; not population inference
two_stage_b1_b2,fixed_six_chain_fixed_five_seed_mean,fixed_six,b1_to_b2,nbfnet,mean_0_4,,,25,1,,e2e_micro_destination_recall,0.04004576665846641,,,,6,,,unweighted six-chain descriptive mean; not population inference
two_stage_b1_b2,fixed_six_chain_fixed_five_seed_mean,fixed_six,b1_to_b2,nbfnet,mean_0_4,,,25,1,,effective_b1_budget,25.0,,,,6,,,unweighted six-chain descriptive mean; not population inference
two_stage_b1_b2,fixed_six_chain_fixed_five_seed_mean,fixed_six,b1_to_b2,nbfnet,mean_0_4,,,25,1,,positive_entries_denominator,45.0,,,,6,,,unweighted six-chain descriptive mean; not population inference
two_stage_b1_b2,fixed_six_chain_fixed_five_seed_mean,fixed_six,b1_to_b2,nbfnet,mean_0_4,,,25,1,,positive_entry_gate_precision,0.32,,,,6,,,unweighted six-chain descriptive mean; not population inference
two_stage_b1_b2,fixed_six_chain_fixed_five_seed_mean,fixed_six,b1_to_b2,nbfnet,mean_0_4,,,25,1,,positive_entry_gate_recall,0.19309481368304895,,,,6,,,unweighted six-chain descriptive mean; not population inference
two_stage_b1_b2,fixed_six_chain_fixed_five_seed_mean,fixed_six,b1_to_b2,nbfnet,mean_0_4,,,25,1,,positive_lanes_denominator,92.66666666666667,,,,6,,,unweighted six-chain descriptive mean; not population inference
two_stage_b1_b2,fixed_six_chain_fixed_five_seed_mean,fixed_six,b1_to_b2,nbfnet,mean_0_4,,,25,1,,selected_positive_entries,8.0,,,,6,,,unweighted six-chain descriptive mean; not population inference
two_stage_b1_b2,fixed_six_chain_fixed_five_seed_mean,fixed_six,b1_to_b2,nbfnet,mean_0_4,,,25,3,,e2e_global_observed_value_capture,0.08740613926429032,,,,6,,,unweighted six-chain descriptive mean; not population inference
two_stage_b1_b2,fixed_six_chain_fixed_five_seed_mean,fixed_six,b1_to_b2,nbfnet,mean_0_4,,,25,3,,e2e_macro_destination_observed_value_capture,0.0970880958213541,,,,6,,,unweighted six-chain descriptive mean; not population inference
two_stage_b1_b2,fixed_six_chain_fixed_five_seed_mean,fixed_six,b1_to_b2,nbfnet,mean_0_4,,,25,3,,e2e_macro_destination_recall,0.09290557889822597,,,,6,,,unweighted six-chain descriptive mean; not population inference
two_stage_b1_b2,fixed_six_chain_fixed_five_seed_mean,fixed_six,b1_to_b2,nbfnet,mean_0_4,,,25,3,,e2e_micro_destination_recall,0.08138659557122913,,,,6,,,unweighted six-chain descriptive mean; not population inference
two_stage_b1_b2,fixed_six_chain_fixed_five_seed_mean,fixed_six,b1_to_b2,nbfnet,mean_0_4,,,25,3,,effective_b1_budget,25.0,,,,6,,,unweighted six-chain descriptive mean; not population inference
two_stage_b1_b2,fixed_six_chain_fixed_five_seed_mean,fixed_six,b1_to_b2,nbfnet,mean_0_4,,,25,3,,positive_entries_denominator,45.0,,,,6,,,unweighted six-chain descriptive mean; not population inference
two_stage_b1_b2,fixed_six_chain_fixed_five_seed_mean,fixed_six,b1_to_b2,nbfnet,mean_0_4,,,25,3,,positive_entry_gate_precision,0.32,,,,6,,,unweighted six-chain descriptive mean; not population inference
two_stage_b1_b2,fixed_six_chain_fixed_five_seed_mean,fixed_six,b1_to_b2,nbfnet,mean_0_4,,,25,3,,positive_entry_gate_recall,0.19309481368304895,,,,6,,,unweighted six-chain descriptive mean; not population inference
two_stage_b1_b2,fixed_six_chain_fixed_five_seed_mean,fixed_six,b1_to_b2,nbfnet,mean_0_4,,,25,3,,positive_lanes_denominator,92.66666666666667,,,,6,,,unweighted six-chain descriptive mean; not population inference
two_stage_b1_b2,fixed_six_chain_fixed_five_seed_mean,fixed_six,b1_to_b2,nbfnet,mean_0_4,,,25,3,,selected_positive_entries,8.0,,,,6,,,unweighted six-chain descriptive mean; not population inference
two_stage_b1_b2,fixed_six_chain_fixed_five_seed_mean,fixed_six,b1_to_b2,nbfnet,mean_0_4,,,25,5,,e2e_global_observed_value_capture,0.09822443223849363,,,,6,,,unweighted six-chain descriptive mean; not population inference
two_stage_b1_b2,fixed_six_chain_fixed_five_seed_mean,fixed_six,b1_to_b2,nbfnet,mean_0_4,,,25,5,,e2e_macro_destination_observed_value_capture,0.11243058899975106,,,,6,,,unweighted six-chain descriptive mean; not population inference
two_stage_b1_b2,fixed_six_chain_fixed_five_seed_mean,fixed_six,b1_to_b2,nbfnet,mean_0_4,,,25,5,,e2e_macro_destination_recall,0.10797958577370342,,,,6,,,unweighted six-chain descriptive mean; not population inference
two_stage_b1_b2,fixed_six_chain_fixed_five_seed_mean,fixed_six,b1_to_b2,nbfnet,mean_0_4,,,25,5,,e2e_micro_destination_recall,0.0970458964480466,,,,6,,,unweighted six-chain descriptive mean; not population inference
two_stage_b1_b2,fixed_six_chain_fixed_five_seed_mean,fixed_six,b1_to_b2,nbfnet,mean_0_4,,,25,5,,effective_b1_budget,25.0,,,,6,,,unweighted six-chain descriptive mean; not population inference
two_stage_b1_b2,fixed_six_chain_fixed_five_seed_mean,fixed_six,b1_to_b2,nbfnet,mean_0_4,,,25,5,,positive_entries_denominator,45.0,,,,6,,,unweighted six-chain descriptive mean; not population inference
two_stage_b1_b2,fixed_six_chain_fixed_five_seed_mean,fixed_six,b1_to_b2,nbfnet,mean_0_4,,,25,5,,positive_entry_gate_precision,0.32,,,,6,,,unweighted six-chain descriptive mean; not population inference
two_stage_b1_b2,fixed_six_chain_fixed_five_seed_mean,fixed_six,b1_to_b2,nbfnet,mean_0_4,,,25,5,,positive_entry_gate_recall,0.19309481368304895,,,,6,,,unweighted six-chain descriptive mean; not population inference
two_stage_b1_b2,fixed_six_chain_fixed_five_seed_mean,fixed_six,b1_to_b2,nbfnet,mean_0_4,,,25,5,,positive_lanes_denominator,92.66666666666667,,,,6,,,unweighted six-chain descriptive mean; not population inference
two_stage_b1_b2,fixed_six_chain_fixed_five_seed_mean,fixed_six,b1_to_b2,nbfnet,mean_0_4,,,25,5,,selected_positive_entries,8.0,,,,6,,,unweighted six-chain descriptive mean; not population inference
two_stage_b1_b2,fixed_six_chain_fixed_five_seed_mean,fixed_six,b1_to_b2,nbfnet,mean_0_4,,,250,1,,e2e_global_observed_value_capture,0.20494618956493693,,,,6,,,unweighted six-chain descriptive mean; not population inference
two_stage_b1_b2,fixed_six_chain_fixed_five_seed_mean,fixed_six,b1_to_b2,nbfnet,mean_0_4,,,250,1,,e2e_macro_destination_observed_value_capture,0.1912094181600991,,,,6,,,unweighted six-chain descriptive mean; not population inference
two_stage_b1_b2,fixed_six_chain_fixed_five_seed_mean,fixed_six,b1_to_b2,nbfnet,mean_0_4,,,250,1,,e2e_macro_destination_recall,0.1816222433513114,,,,6,,,unweighted six-chain descriptive mean; not population inference
two_stage_b1_b2,fixed_six_chain_fixed_five_seed_mean,fixed_six,b1_to_b2,nbfnet,mean_0_4,,,250,1,,e2e_micro_destination_recall,0.14039729364038497,,,,6,,,unweighted six-chain descriptive mean; not population inference
two_stage_b1_b2,fixed_six_chain_fixed_five_seed_mean,fixed_six,b1_to_b2,nbfnet,mean_0_4,,,250,1,,effective_b1_budget,203.33333333333334,,,,6,,,unweighted six-chain descriptive mean; not population inference
two_stage_b1_b2,fixed_six_chain_fixed_five_seed_mean,fixed_six,b1_to_b2,nbfnet,mean_0_4,,,250,1,,positive_entries_denominator,45.0,,,,6,,,unweighted six-chain descriptive mean; not population inference
two_stage_b1_b2,fixed_six_chain_fixed_five_seed_mean,fixed_six,b1_to_b2,nbfnet,mean_0_4,,,250,1,,positive_entry_gate_precision,0.21303376142543098,,,,6,,,unweighted six-chain descriptive mean; not population inference
two_stage_b1_b2,fixed_six_chain_fixed_five_seed_mean,fixed_six,b1_to_b2,nbfnet,mean_0_4,,,250,1,,positive_entry_gate_recall,0.9131794131794132,,,,6,,,unweighted six-chain descriptive mean; not population inference
two_stage_b1_b2,fixed_six_chain_fixed_five_seed_mean,fixed_six,b1_to_b2,nbfnet,mean_0_4,,,250,1,,positive_lanes_denominator,92.66666666666667,,,,6,,,unweighted six-chain descriptive mean; not population inference
two_stage_b1_b2,fixed_six_chain_fixed_five_seed_mean,fixed_six,b1_to_b2,nbfnet,mean_0_4,,,250,1,,selected_positive_entries,39.56666666666666,,,,6,,,unweighted six-chain descriptive mean; not population inference
two_stage_b1_b2,fixed_six_chain_fixed_five_seed_mean,fixed_six,b1_to_b2,nbfnet,mean_0_4,,,250,3,,e2e_global_observed_value_capture,0.3942676728297509,,,,6,,,unweighted six-chain descriptive mean; not population inference
two_stage_b1_b2,fixed_six_chain_fixed_five_seed_mean,fixed_six,b1_to_b2,nbfnet,mean_0_4,,,250,3,,e2e_macro_destination_observed_value_capture,0.3615808141817732,,,,6,,,unweighted six-chain descriptive mean; not population inference
two_stage_b1_b2,fixed_six_chain_fixed_five_seed_mean,fixed_six,b1_to_b2,nbfnet,mean_0_4,,,250,3,,e2e_macro_destination_recall,0.3479012203760063,,,,6,,,unweighted six-chain descriptive mean; not population inference
two_stage_b1_b2,fixed_six_chain_fixed_five_seed_mean,fixed_six,b1_to_b2,nbfnet,mean_0_4,,,250,3,,e2e_micro_destination_recall,0.2922316894220371,,,,6,,,unweighted six-chain descriptive mean; not population inference
two_stage_b1_b2,fixed_six_chain_fixed_five_seed_mean,fixed_six,b1_to_b2,nbfnet,mean_0_4,,,250,3,,effective_b1_budget,203.33333333333334,,,,6,,,unweighted six-chain descriptive mean; not population inference
two_stage_b1_b2,fixed_six_chain_fixed_five_seed_mean,fixed_six,b1_to_b2,nbfnet,mean_0_4,,,250,3,,positive_entries_denominator,45.0,,,,6,,,unweighted six-chain descriptive mean; not population inference
two_stage_b1_b2,fixed_six_chain_fixed_five_seed_mean,fixed_six,b1_to_b2,nbfnet,mean_0_4,,,250,3,,positive_entry_gate_precision,0.21303376142543098,,,,6,,,unweighted six-chain descriptive mean; not population inference
two_stage_b1_b2,fixed_six_chain_fixed_five_seed_mean,fixed_six,b1_to_b2,nbfnet,mean_0_4,,,250,3,,positive_entry_gate_recall,0.9131794131794132,,,,6,,,unweighted six-chain descriptive mean; not population inference
two_stage_b1_b2,fixed_six_chain_fixed_five_seed_mean,fixed_six,b1_to_b2,nbfnet,mean_0_4,,,250,3,,positive_lanes_denominator,92.66666666666667,,,,6,,,unweighted six-chain descriptive mean; not population inference
two_stage_b1_b2,fixed_six_chain_fixed_five_seed_mean,fixed_six,b1_to_b2,nbfnet,mean_0_4,,,250,3,,selected_positive_entries,39.56666666666666,,,,6,,,unweighted six-chain descriptive mean; not population inference
two_stage_b1_b2,fixed_six_chain_fixed_five_seed_mean,fixed_six,b1_to_b2,nbfnet,mean_0_4,,,250,5,,e2e_global_observed_value_capture,0.4905652481986554,,,,6,,,unweighted six-chain descriptive mean; not population inference
two_stage_b1_b2,fixed_six_chain_fixed_five_seed_mean,fixed_six,b1_to_b2,nbfnet,mean_0_4,,,250,5,,e2e_macro_destination_observed_value_capture,0.446976905866667,,,,6,,,unweighted six-chain descriptive mean; not population inference
two_stage_b1_b2,fixed_six_chain_fixed_five_seed_mean,fixed_six,b1_to_b2,nbfnet,mean_0_4,,,250,5,,e2e_macro_destination_recall,0.4332818166972719,,,,6,,,unweighted six-chain descriptive mean; not population inference
two_stage_b1_b2,fixed_six_chain_fixed_five_seed_mean,fixed_six,b1_to_b2,nbfnet,mean_0_4,,,250,5,,e2e_micro_destination_recall,0.3715476483907523,,,,6,,,unweighted six-chain descriptive mean; not population inference
two_stage_b1_b2,fixed_six_chain_fixed_five_seed_mean,fixed_six,b1_to_b2,nbfnet,mean_0_4,,,250,5,,effective_b1_budget,203.33333333333334,,,,6,,,unweighted six-chain descriptive mean; not population inference
two_stage_b1_b2,fixed_six_chain_fixed_five_seed_mean,fixed_six,b1_to_b2,nbfnet,mean_0_4,,,250,5,,positive_entries_denominator,45.0,,,,6,,,unweighted six-chain descriptive mean; not population inference
two_stage_b1_b2,fixed_six_chain_fixed_five_seed_mean,fixed_six,b1_to_b2,nbfnet,mean_0_4,,,250,5,,positive_entry_gate_precision,0.21303376142543098,,,,6,,,unweighted six-chain descriptive mean; not population inference
two_stage_b1_b2,fixed_six_chain_fixed_five_seed_mean,fixed_six,b1_to_b2,nbfnet,mean_0_4,,,250,5,,positive_entry_gate_recall,0.9131794131794132,,,,6,,,unweighted six-chain descriptive mean; not population inference
two_stage_b1_b2,fixed_six_chain_fixed_five_seed_mean,fixed_six,b1_to_b2,nbfnet,mean_0_4,,,250,5,,positive_lanes_denominator,92.66666666666667,,,,6,,,unweighted six-chain descriptive mean; not population inference
two_stage_b1_b2,fixed_six_chain_fixed_five_seed_mean,fixed_six,b1_to_b2,nbfnet,mean_0_4,,,250,5,,selected_positive_entries,39.56666666666666,,,,6,,,unweighted six-chain descriptive mean; not population inference
two_stage_b1_b2,fixed_six_chain_fixed_five_seed_mean,fixed_six,b1_to_b2,nbfnet,mean_0_4,,,50,1,,e2e_global_observed_value_capture,0.11260949701925886,,,,6,,,unweighted six-chain descriptive mean; not population inference
two_stage_b1_b2,fixed_six_chain_fixed_five_seed_mean,fixed_six,b1_to_b2,nbfnet,mean_0_4,,,50,1,,e2e_macro_destination_observed_value_capture,0.09498919907265059,,,,6,,,unweighted six-chain descriptive mean; not population inference
two_stage_b1_b2,fixed_six_chain_fixed_five_seed_mean,fixed_six,b1_to_b2,nbfnet,mean_0_4,,,50,1,,e2e_macro_destination_recall,0.08761017033075856,,,,6,,,unweighted six-chain descriptive mean; not population inference
two_stage_b1_b2,fixed_six_chain_fixed_five_seed_mean,fixed_six,b1_to_b2,nbfnet,mean_0_4,,,50,1,,e2e_micro_destination_recall,0.06814619338832734,,,,6,,,unweighted six-chain descriptive mean; not population inference
two_stage_b1_b2,fixed_six_chain_fixed_five_seed_mean,fixed_six,b1_to_b2,nbfnet,mean_0_4,,,50,1,,effective_b1_budget,50.0,,,,6,,,unweighted six-chain descriptive mean; not population inference
two_stage_b1_b2,fixed_six_chain_fixed_five_seed_mean,fixed_six,b1_to_b2,nbfnet,mean_0_4,,,50,1,,positive_entries_denominator,45.0,,,,6,,,unweighted six-chain descriptive mean; not population inference
two_stage_b1_b2,fixed_six_chain_fixed_five_seed_mean,fixed_six,b1_to_b2,nbfnet,mean_0_4,,,50,1,,positive_entry_gate_precision,0.2846666666666667,,,,6,,,unweighted six-chain descriptive mean; not population inference
two_stage_b1_b2,fixed_six_chain_fixed_five_seed_mean,fixed_six,b1_to_b2,nbfnet,mean_0_4,,,50,1,,positive_entry_gate_recall,0.3536848880966528,,,,6,,,unweighted six-chain descriptive mean; not population inference
two_stage_b1_b2,fixed_six_chain_fixed_five_seed_mean,fixed_six,b1_to_b2,nbfnet,mean_0_4,,,50,1,,positive_lanes_denominator,92.66666666666667,,,,6,,,unweighted six-chain descriptive mean; not population inference
two_stage_b1_b2,fixed_six_chain_fixed_five_seed_mean,fixed_six,b1_to_b2,nbfnet,mean_0_4,,,50,1,,selected_positive_entries,14.233333333333334,,,,6,,,unweighted six-chain descriptive mean; not population inference
two_stage_b1_b2,fixed_six_chain_fixed_five_seed_mean,fixed_six,b1_to_b2,nbfnet,mean_0_4,,,50,3,,e2e_global_observed_value_capture,0.14508514683111065,,,,6,,,unweighted six-chain descriptive mean; not population inference
two_stage_b1_b2,fixed_six_chain_fixed_five_seed_mean,fixed_six,b1_to_b2,nbfnet,mean_0_4,,,50,3,,e2e_macro_destination_observed_value_capture,0.16172791017357957,,,,6,,,unweighted six-chain descriptive mean; not population inference
two_stage_b1_b2,fixed_six_chain_fixed_five_seed_mean,fixed_six,b1_to_b2,nbfnet,mean_0_4,,,50,3,,e2e_macro_destination_recall,0.15290777169453643,,,,6,,,unweighted six-chain descriptive mean; not population inference
two_stage_b1_b2,fixed_six_chain_fixed_five_seed_mean,fixed_six,b1_to_b2,nbfnet,mean_0_4,,,50,3,,e2e_micro_destination_recall,0.12826579571806018,,,,6,,,unweighted six-chain descriptive mean; not population inference
two_stage_b1_b2,fixed_six_chain_fixed_five_seed_mean,fixed_six,b1_to_b2,nbfnet,mean_0_4,,,50,3,,effective_b1_budget,50.0,,,,6,,,unweighted six-chain descriptive mean; not population inference
two_stage_b1_b2,fixed_six_chain_fixed_five_seed_mean,fixed_six,b1_to_b2,nbfnet,mean_0_4,,,50,3,,positive_entries_denominator,45.0,,,,6,,,unweighted six-chain descriptive mean; not population inference
two_stage_b1_b2,fixed_six_chain_fixed_five_seed_mean,fixed_six,b1_to_b2,nbfnet,mean_0_4,,,50,3,,positive_entry_gate_precision,0.2846666666666667,,,,6,,,unweighted six-chain descriptive mean; not population inference
two_stage_b1_b2,fixed_six_chain_fixed_five_seed_mean,fixed_six,b1_to_b2,nbfnet,mean_0_4,,,50,3,,positive_entry_gate_recall,0.3536848880966528,,,,6,,,unweighted six-chain descriptive mean; not population inference
two_stage_b1_b2,fixed_six_chain_fixed_five_seed_mean,fixed_six,b1_to_b2,nbfnet,mean_0_4,,,50,3,,positive_lanes_denominator,92.66666666666667,,,,6,,,unweighted six-chain descriptive mean; not population inference
two_stage_b1_b2,fixed_six_chain_fixed_five_seed_mean,fixed_six,b1_to_b2,nbfnet,mean_0_4,,,50,3,,selected_positive_entries,14.233333333333334,,,,6,,,unweighted six-chain descriptive mean; not population inference
two_stage_b1_b2,fixed_six_chain_fixed_five_seed_mean,fixed_six,b1_to_b2,nbfnet,mean_0_4,,,50,5,,e2e_global_observed_value_capture,0.16064176927939408,,,,6,,,unweighted six-chain descriptive mean; not population inference
two_stage_b1_b2,fixed_six_chain_fixed_five_seed_mean,fixed_six,b1_to_b2,nbfnet,mean_0_4,,,50,5,,e2e_macro_destination_observed_value_capture,0.1918022747173972,,,,6,,,unweighted six-chain descriptive mean; not population inference
two_stage_b1_b2,fixed_six_chain_fixed_five_seed_mean,fixed_six,b1_to_b2,nbfnet,mean_0_4,,,50,5,,e2e_macro_destination_recall,0.1838644851880146,,,,6,,,unweighted six-chain descriptive mean; not population inference
two_stage_b1_b2,fixed_six_chain_fixed_five_seed_mean,fixed_six,b1_to_b2,nbfnet,mean_0_4,,,50,5,,e2e_micro_destination_recall,0.15639480827530486,,,,6,,,unweighted six-chain descriptive mean; not population inference
two_stage_b1_b2,fixed_six_chain_fixed_five_seed_mean,fixed_six,b1_to_b2,nbfnet,mean_0_4,,,50,5,,effective_b1_budget,50.0,,,,6,,,unweighted six-chain descriptive mean; not population inference
two_stage_b1_b2,fixed_six_chain_fixed_five_seed_mean,fixed_six,b1_to_b2,nbfnet,mean_0_4,,,50,5,,positive_entries_denominator,45.0,,,,6,,,unweighted six-chain descriptive mean; not population inference
two_stage_b1_b2,fixed_six_chain_fixed_five_seed_mean,fixed_six,b1_to_b2,nbfnet,mean_0_4,,,50,5,,positive_entry_gate_precision,0.2846666666666667,,,,6,,,unweighted six-chain descriptive mean; not population inference
two_stage_b1_b2,fixed_six_chain_fixed_five_seed_mean,fixed_six,b1_to_b2,nbfnet,mean_0_4,,,50,5,,positive_entry_gate_recall,0.3536848880966528,,,,6,,,unweighted six-chain descriptive mean; not population inference
two_stage_b1_b2,fixed_six_chain_fixed_five_seed_mean,fixed_six,b1_to_b2,nbfnet,mean_0_4,,,50,5,,positive_lanes_denominator,92.66666666666667,,,,6,,,unweighted six-chain descriptive mean; not population inference
two_stage_b1_b2,fixed_six_chain_fixed_five_seed_mean,fixed_six,b1_to_b2,nbfnet,mean_0_4,,,50,5,,selected_positive_entries,14.233333333333334,,,,6,,,unweighted six-chain descriptive mean; not population inference
eligibility_threshold_cohort_geometry,not_computed,,,,,,,,,,status,,,,,,,,not_computed_from_fixed_scores: The committed candidate tables materialize eligibility only at 100 kUSD. Exact 50/250 kUSD geometry requires a full zero-inclusive early-window rebuild from raw BACI; outcome-only relabeling would not be an alternate cohort and is prohibited here.
